ARM GAS  C:\Users\kerry\AppData\Local\Temp\cc8NnWKL.s 			page 1


   1              		.cpu cortex-m4
   2              		.arch armv7e-m
   3              		.fpu fpv4-sp-d16
   4              		.eabi_attribute 27, 1
   5              		.eabi_attribute 28, 1
   6              		.eabi_attribute 20, 1
   7              		.eabi_attribute 21, 1
   8              		.eabi_attribute 23, 3
   9              		.eabi_attribute 24, 1
  10              		.eabi_attribute 25, 1
  11              		.eabi_attribute 26, 1
  12              		.eabi_attribute 30, 1
  13              		.eabi_attribute 34, 1
  14              		.eabi_attribute 18, 4
  15              		.file	"main.c"
  16              		.text
  17              	.Ltext0:
  18              		.cfi_sections	.debug_frame
  19              		.file 1 "Core/Src/main.c"
  20              		.section	.text.MX_GPIO_Init,"ax",%progbits
  21              		.align	1
  22              		.syntax unified
  23              		.thumb
  24              		.thumb_func
  26              	MX_GPIO_Init:
  27              	.LFB393:
   1:Core/Src/main.c **** /* USER CODE BEGIN Header */
   2:Core/Src/main.c **** /**
   3:Core/Src/main.c ****   ******************************************************************************
   4:Core/Src/main.c ****   * @file           : main.c
   5:Core/Src/main.c ****   * @brief          : Main program body
   6:Core/Src/main.c ****   ******************************************************************************
   7:Core/Src/main.c ****   * @attention
   8:Core/Src/main.c ****   *
   9:Core/Src/main.c ****   * Copyright (c) 2026 STMicroelectronics.
  10:Core/Src/main.c ****   * All rights reserved.
  11:Core/Src/main.c ****   *
  12:Core/Src/main.c ****   * This software is licensed under terms that can be found in the LICENSE file
  13:Core/Src/main.c ****   * in the root directory of this software component.
  14:Core/Src/main.c ****   * If no LICENSE file comes with this software, it is provided AS-IS.
  15:Core/Src/main.c ****   *
  16:Core/Src/main.c ****   ******************************************************************************
  17:Core/Src/main.c ****   */
  18:Core/Src/main.c **** /* USER CODE END Header */
  19:Core/Src/main.c **** /* Includes ------------------------------------------------------------------*/
  20:Core/Src/main.c **** #include "main.h"
  21:Core/Src/main.c **** #include "cmsis_os.h"
  22:Core/Src/main.c **** 
  23:Core/Src/main.c **** /* Private includes ----------------------------------------------------------*/
  24:Core/Src/main.c **** /* USER CODE BEGIN Includes */
  25:Core/Src/main.c **** #include "can.h"
  26:Core/Src/main.c **** 
  27:Core/Src/main.c **** /* USER CODE END Includes */
  28:Core/Src/main.c **** 
  29:Core/Src/main.c **** /* Private typedef -----------------------------------------------------------*/
  30:Core/Src/main.c **** typedef StaticTask_t osStaticThreadDef_t;
  31:Core/Src/main.c **** /* USER CODE BEGIN PTD */
ARM GAS  C:\Users\kerry\AppData\Local\Temp\cc8NnWKL.s 			page 2


  32:Core/Src/main.c **** 
  33:Core/Src/main.c **** /* USER CODE END PTD */
  34:Core/Src/main.c **** 
  35:Core/Src/main.c **** /* Private define ------------------------------------------------------------*/
  36:Core/Src/main.c **** /* USER CODE BEGIN PD */
  37:Core/Src/main.c **** 
  38:Core/Src/main.c **** /* USER CODE END PD */
  39:Core/Src/main.c **** 
  40:Core/Src/main.c **** /* Private macro -------------------------------------------------------------*/
  41:Core/Src/main.c **** /* USER CODE BEGIN PM */
  42:Core/Src/main.c **** 
  43:Core/Src/main.c **** /* USER CODE END PM */
  44:Core/Src/main.c **** 
  45:Core/Src/main.c **** /* Private variables ---------------------------------------------------------*/
  46:Core/Src/main.c **** ADC_HandleTypeDef hadc1;
  47:Core/Src/main.c **** 
  48:Core/Src/main.c **** CAN_HandleTypeDef hcan1;
  49:Core/Src/main.c **** 
  50:Core/Src/main.c **** CRC_HandleTypeDef hcrc;
  51:Core/Src/main.c **** 
  52:Core/Src/main.c **** /* Definitions for defaultTask */
  53:Core/Src/main.c **** osThreadId_t defaultTaskHandle;
  54:Core/Src/main.c **** const osThreadAttr_t defaultTask_attributes = {
  55:Core/Src/main.c ****   .name = "defaultTask",
  56:Core/Src/main.c ****   .stack_size = 128 * 4,
  57:Core/Src/main.c ****   .priority = (osPriority_t) osPriorityNormal,
  58:Core/Src/main.c **** };
  59:Core/Src/main.c **** /* Definitions for LED_Blink */
  60:Core/Src/main.c **** osThreadId_t LED_BlinkHandle;
  61:Core/Src/main.c **** uint32_t LED_BlinkBuffer[ 128 ];
  62:Core/Src/main.c **** osStaticThreadDef_t LED_BlinkControlBlock;
  63:Core/Src/main.c **** const osThreadAttr_t LED_Blink_attributes = {
  64:Core/Src/main.c ****   .name = "LED_Blink",
  65:Core/Src/main.c ****   .cb_mem = &LED_BlinkControlBlock,
  66:Core/Src/main.c ****   .cb_size = sizeof(LED_BlinkControlBlock),
  67:Core/Src/main.c ****   .stack_mem = &LED_BlinkBuffer[0],
  68:Core/Src/main.c ****   .stack_size = sizeof(LED_BlinkBuffer),
  69:Core/Src/main.c ****   .priority = (osPriority_t) osPriorityNormal,
  70:Core/Src/main.c **** };
  71:Core/Src/main.c **** /* Definitions for can_messages */
  72:Core/Src/main.c **** osThreadId_t can_messagesHandle;
  73:Core/Src/main.c **** uint32_t can_messagesBuffer[ 128 ];
  74:Core/Src/main.c **** osStaticThreadDef_t can_messagesControlBlock;
  75:Core/Src/main.c **** const osThreadAttr_t can_messages_attributes = {
  76:Core/Src/main.c ****   .name = "can_messages",
  77:Core/Src/main.c ****   .cb_mem = &can_messagesControlBlock,
  78:Core/Src/main.c ****   .cb_size = sizeof(can_messagesControlBlock),
  79:Core/Src/main.c ****   .stack_mem = &can_messagesBuffer[0],
  80:Core/Src/main.c ****   .stack_size = sizeof(can_messagesBuffer),
  81:Core/Src/main.c ****   .priority = (osPriority_t) osPriorityNormal,
  82:Core/Src/main.c **** };
  83:Core/Src/main.c **** /* USER CODE BEGIN PV */
  84:Core/Src/main.c **** 
  85:Core/Src/main.c **** /* USER CODE END PV */
  86:Core/Src/main.c **** 
  87:Core/Src/main.c **** /* Private function prototypes -----------------------------------------------*/
  88:Core/Src/main.c **** void SystemClock_Config(void);
ARM GAS  C:\Users\kerry\AppData\Local\Temp\cc8NnWKL.s 			page 3


  89:Core/Src/main.c **** static void MX_GPIO_Init(void);
  90:Core/Src/main.c **** static void MX_CAN1_Init(void);
  91:Core/Src/main.c **** static void MX_CRC_Init(void);
  92:Core/Src/main.c **** static void MX_ADC1_Init(void);
  93:Core/Src/main.c **** void StartDefaultTask(void *argument);
  94:Core/Src/main.c **** void LED_BlinkTask(void *argument);
  95:Core/Src/main.c **** void can_messages_task(void *argument);
  96:Core/Src/main.c **** 
  97:Core/Src/main.c **** /* USER CODE BEGIN PFP */
  98:Core/Src/main.c **** static void MX_CAN1_Filter_Init(void);
  99:Core/Src/main.c **** 
 100:Core/Src/main.c **** /* USER CODE END PFP */
 101:Core/Src/main.c **** 
 102:Core/Src/main.c **** /* Private user code ---------------------------------------------------------*/
 103:Core/Src/main.c **** /* USER CODE BEGIN 0 */
 104:Core/Src/main.c **** 
 105:Core/Src/main.c **** /* USER CODE END 0 */
 106:Core/Src/main.c **** 
 107:Core/Src/main.c **** /**
 108:Core/Src/main.c ****   * @brief  The application entry point.
 109:Core/Src/main.c ****   * @retval int
 110:Core/Src/main.c ****   */
 111:Core/Src/main.c **** int main(void)
 112:Core/Src/main.c **** {
 113:Core/Src/main.c **** 
 114:Core/Src/main.c ****   /* USER CODE BEGIN 1 */
 115:Core/Src/main.c **** 
 116:Core/Src/main.c ****   /* USER CODE END 1 */
 117:Core/Src/main.c **** 
 118:Core/Src/main.c ****   /* MCU Configuration--------------------------------------------------------*/
 119:Core/Src/main.c **** 
 120:Core/Src/main.c ****   /* Reset of all peripherals, Initializes the Flash interface and the Systick. */
 121:Core/Src/main.c ****   HAL_Init();
 122:Core/Src/main.c **** 
 123:Core/Src/main.c ****   /* USER CODE BEGIN Init */
 124:Core/Src/main.c **** 
 125:Core/Src/main.c ****   /* USER CODE END Init */
 126:Core/Src/main.c **** 
 127:Core/Src/main.c ****   /* Configure the system clock */
 128:Core/Src/main.c ****   SystemClock_Config();
 129:Core/Src/main.c **** 
 130:Core/Src/main.c ****   /* USER CODE BEGIN SysInit */
 131:Core/Src/main.c **** 
 132:Core/Src/main.c ****   /* USER CODE END SysInit */
 133:Core/Src/main.c **** 
 134:Core/Src/main.c ****   /* Initialize all configured peripherals */
 135:Core/Src/main.c ****   MX_GPIO_Init();
 136:Core/Src/main.c ****   MX_CAN1_Init();
 137:Core/Src/main.c ****   MX_CRC_Init();
 138:Core/Src/main.c ****   MX_ADC1_Init();
 139:Core/Src/main.c ****   /* USER CODE BEGIN 2 */
 140:Core/Src/main.c ****   MX_CAN1_Filter_Init();
 141:Core/Src/main.c **** 
 142:Core/Src/main.c ****   if (HAL_CAN_Start(&hcan1) != HAL_OK)
 143:Core/Src/main.c ****   {
 144:Core/Src/main.c ****     Error_Handler();
 145:Core/Src/main.c ****   }
ARM GAS  C:\Users\kerry\AppData\Local\Temp\cc8NnWKL.s 			page 4


 146:Core/Src/main.c **** 
 147:Core/Src/main.c ****   if (HAL_CAN_ActivateNotification(&hcan1, CAN_IT_RX_FIFO0_MSG_PENDING) != HAL_OK)
 148:Core/Src/main.c ****   {
 149:Core/Src/main.c ****     Error_Handler();
 150:Core/Src/main.c ****   }
 151:Core/Src/main.c **** 
 152:Core/Src/main.c ****   /* USER CODE END 2 */
 153:Core/Src/main.c **** 
 154:Core/Src/main.c ****   /* Init scheduler */
 155:Core/Src/main.c ****   osKernelInitialize();
 156:Core/Src/main.c **** 
 157:Core/Src/main.c ****   /* USER CODE BEGIN RTOS_MUTEX */
 158:Core/Src/main.c ****   /* add mutexes, ... */
 159:Core/Src/main.c ****   if (CAN_Init() != HAL_OK)
 160:Core/Src/main.c ****   {
 161:Core/Src/main.c ****     Error_Handler();
 162:Core/Src/main.c ****   }
 163:Core/Src/main.c **** 
 164:Core/Src/main.c ****   HAL_ADCEx_Calibration_Start(&hadc1, ADC_SINGLE_ENDED);
 165:Core/Src/main.c ****   /* USER CODE END RTOS_MUTEX */
 166:Core/Src/main.c **** 
 167:Core/Src/main.c ****   /* USER CODE BEGIN RTOS_SEMAPHORES */
 168:Core/Src/main.c ****   /* add semaphores, ... */
 169:Core/Src/main.c ****   /* USER CODE END RTOS_SEMAPHORES */
 170:Core/Src/main.c **** 
 171:Core/Src/main.c ****   /* USER CODE BEGIN RTOS_TIMERS */
 172:Core/Src/main.c ****   /* start timers, add new ones, ... */
 173:Core/Src/main.c ****   /* USER CODE END RTOS_TIMERS */
 174:Core/Src/main.c **** 
 175:Core/Src/main.c ****   /* USER CODE BEGIN RTOS_QUEUES */
 176:Core/Src/main.c ****   /* add queues, ... */
 177:Core/Src/main.c ****   /* USER CODE END RTOS_QUEUES */
 178:Core/Src/main.c **** 
 179:Core/Src/main.c ****   /* Create the thread(s) */
 180:Core/Src/main.c ****   /* creation of defaultTask */
 181:Core/Src/main.c ****   defaultTaskHandle = osThreadNew(StartDefaultTask, NULL, &defaultTask_attributes);
 182:Core/Src/main.c **** 
 183:Core/Src/main.c ****   /* creation of LED_Blink */
 184:Core/Src/main.c ****   LED_BlinkHandle = osThreadNew(LED_BlinkTask, NULL, &LED_Blink_attributes);
 185:Core/Src/main.c **** 
 186:Core/Src/main.c ****   /* creation of can_messages */
 187:Core/Src/main.c ****   can_messagesHandle = osThreadNew(can_messages_task, NULL, &can_messages_attributes);
 188:Core/Src/main.c **** 
 189:Core/Src/main.c ****   /* USER CODE BEGIN RTOS_THREADS */
 190:Core/Src/main.c ****   /* add threads, ... */
 191:Core/Src/main.c ****   /* USER CODE END RTOS_THREADS */
 192:Core/Src/main.c **** 
 193:Core/Src/main.c ****   /* USER CODE BEGIN RTOS_EVENTS */
 194:Core/Src/main.c ****   /* add events, ... */
 195:Core/Src/main.c ****   /* USER CODE END RTOS_EVENTS */
 196:Core/Src/main.c **** 
 197:Core/Src/main.c ****   /* Start scheduler */
 198:Core/Src/main.c ****   osKernelStart();
 199:Core/Src/main.c **** 
 200:Core/Src/main.c ****   /* We should never get here as control is now taken by the scheduler */
 201:Core/Src/main.c **** 
 202:Core/Src/main.c ****   /* Infinite loop */
ARM GAS  C:\Users\kerry\AppData\Local\Temp\cc8NnWKL.s 			page 5


 203:Core/Src/main.c ****   /* USER CODE BEGIN WHILE */
 204:Core/Src/main.c ****   while (1)
 205:Core/Src/main.c ****   {
 206:Core/Src/main.c ****     /* USER CODE END WHILE */
 207:Core/Src/main.c **** 
 208:Core/Src/main.c ****     /* USER CODE BEGIN 3 */
 209:Core/Src/main.c ****   }
 210:Core/Src/main.c ****   /* USER CODE END 3 */
 211:Core/Src/main.c **** }
 212:Core/Src/main.c **** 
 213:Core/Src/main.c **** /**
 214:Core/Src/main.c ****   * @brief System Clock Configuration
 215:Core/Src/main.c ****   * @retval None
 216:Core/Src/main.c ****   */
 217:Core/Src/main.c **** void SystemClock_Config(void)
 218:Core/Src/main.c **** {
 219:Core/Src/main.c ****   RCC_OscInitTypeDef RCC_OscInitStruct = {0};
 220:Core/Src/main.c ****   RCC_ClkInitTypeDef RCC_ClkInitStruct = {0};
 221:Core/Src/main.c **** 
 222:Core/Src/main.c ****   /** Configure the main internal regulator output voltage
 223:Core/Src/main.c ****   */
 224:Core/Src/main.c ****   if (HAL_PWREx_ControlVoltageScaling(PWR_REGULATOR_VOLTAGE_SCALE1) != HAL_OK)
 225:Core/Src/main.c ****   {
 226:Core/Src/main.c ****     Error_Handler();
 227:Core/Src/main.c ****   }
 228:Core/Src/main.c **** 
 229:Core/Src/main.c ****   /** Initializes the RCC Oscillators according to the specified parameters
 230:Core/Src/main.c ****   * in the RCC_OscInitTypeDef structure.
 231:Core/Src/main.c ****   */
 232:Core/Src/main.c ****   RCC_OscInitStruct.OscillatorType = RCC_OSCILLATORTYPE_HSI;
 233:Core/Src/main.c ****   RCC_OscInitStruct.HSIState = RCC_HSI_ON;
 234:Core/Src/main.c ****   RCC_OscInitStruct.HSICalibrationValue = RCC_HSICALIBRATION_DEFAULT;
 235:Core/Src/main.c ****   RCC_OscInitStruct.PLL.PLLState = RCC_PLL_ON;
 236:Core/Src/main.c ****   RCC_OscInitStruct.PLL.PLLSource = RCC_PLLSOURCE_HSI;
 237:Core/Src/main.c ****   RCC_OscInitStruct.PLL.PLLM = 2;
 238:Core/Src/main.c ****   RCC_OscInitStruct.PLL.PLLN = 20;
 239:Core/Src/main.c ****   RCC_OscInitStruct.PLL.PLLP = RCC_PLLP_DIV7;
 240:Core/Src/main.c ****   RCC_OscInitStruct.PLL.PLLQ = RCC_PLLQ_DIV2;
 241:Core/Src/main.c ****   RCC_OscInitStruct.PLL.PLLR = RCC_PLLR_DIV2;
 242:Core/Src/main.c ****   if (HAL_RCC_OscConfig(&RCC_OscInitStruct) != HAL_OK)
 243:Core/Src/main.c ****   {
 244:Core/Src/main.c ****     Error_Handler();
 245:Core/Src/main.c ****   }
 246:Core/Src/main.c **** 
 247:Core/Src/main.c ****   /** Initializes the CPU, AHB and APB buses clocks
 248:Core/Src/main.c ****   */
 249:Core/Src/main.c ****   RCC_ClkInitStruct.ClockType = RCC_CLOCKTYPE_HCLK|RCC_CLOCKTYPE_SYSCLK
 250:Core/Src/main.c ****                               |RCC_CLOCKTYPE_PCLK1|RCC_CLOCKTYPE_PCLK2;
 251:Core/Src/main.c ****   RCC_ClkInitStruct.SYSCLKSource = RCC_SYSCLKSOURCE_PLLCLK;
 252:Core/Src/main.c ****   RCC_ClkInitStruct.AHBCLKDivider = RCC_SYSCLK_DIV1;
 253:Core/Src/main.c ****   RCC_ClkInitStruct.APB1CLKDivider = RCC_HCLK_DIV1;
 254:Core/Src/main.c ****   RCC_ClkInitStruct.APB2CLKDivider = RCC_HCLK_DIV1;
 255:Core/Src/main.c **** 
 256:Core/Src/main.c ****   if (HAL_RCC_ClockConfig(&RCC_ClkInitStruct, FLASH_LATENCY_4) != HAL_OK)
 257:Core/Src/main.c ****   {
 258:Core/Src/main.c ****     Error_Handler();
 259:Core/Src/main.c ****   }
ARM GAS  C:\Users\kerry\AppData\Local\Temp\cc8NnWKL.s 			page 6


 260:Core/Src/main.c **** }
 261:Core/Src/main.c **** 
 262:Core/Src/main.c **** /**
 263:Core/Src/main.c ****   * @brief ADC1 Initialization Function
 264:Core/Src/main.c ****   * @param None
 265:Core/Src/main.c ****   * @retval None
 266:Core/Src/main.c ****   */
 267:Core/Src/main.c **** static void MX_ADC1_Init(void)
 268:Core/Src/main.c **** {
 269:Core/Src/main.c **** 
 270:Core/Src/main.c ****   /* USER CODE BEGIN ADC1_Init 0 */
 271:Core/Src/main.c **** 
 272:Core/Src/main.c ****   /* USER CODE END ADC1_Init 0 */
 273:Core/Src/main.c **** 
 274:Core/Src/main.c ****   ADC_ChannelConfTypeDef sConfig = {0};
 275:Core/Src/main.c **** 
 276:Core/Src/main.c ****   /* USER CODE BEGIN ADC1_Init 1 */
 277:Core/Src/main.c **** 
 278:Core/Src/main.c ****   /* USER CODE END ADC1_Init 1 */
 279:Core/Src/main.c **** 
 280:Core/Src/main.c ****   /** Common config
 281:Core/Src/main.c ****   */
 282:Core/Src/main.c ****   hadc1.Instance = ADC1;
 283:Core/Src/main.c ****   hadc1.Init.ClockPrescaler = ADC_CLOCK_ASYNC_DIV1;
 284:Core/Src/main.c ****   hadc1.Init.Resolution = ADC_RESOLUTION_12B;
 285:Core/Src/main.c ****   hadc1.Init.DataAlign = ADC_DATAALIGN_RIGHT;
 286:Core/Src/main.c ****   hadc1.Init.ScanConvMode = ADC_SCAN_DISABLE;
 287:Core/Src/main.c ****   hadc1.Init.EOCSelection = ADC_EOC_SINGLE_CONV;
 288:Core/Src/main.c ****   hadc1.Init.LowPowerAutoWait = DISABLE;
 289:Core/Src/main.c ****   hadc1.Init.ContinuousConvMode = DISABLE;
 290:Core/Src/main.c ****   hadc1.Init.NbrOfConversion = 1;
 291:Core/Src/main.c ****   hadc1.Init.DiscontinuousConvMode = DISABLE;
 292:Core/Src/main.c ****   hadc1.Init.ExternalTrigConv = ADC_SOFTWARE_START;
 293:Core/Src/main.c ****   hadc1.Init.ExternalTrigConvEdge = ADC_EXTERNALTRIGCONVEDGE_NONE;
 294:Core/Src/main.c ****   hadc1.Init.DMAContinuousRequests = DISABLE;
 295:Core/Src/main.c ****   hadc1.Init.Overrun = ADC_OVR_DATA_PRESERVED;
 296:Core/Src/main.c ****   hadc1.Init.OversamplingMode = DISABLE;
 297:Core/Src/main.c ****   if (HAL_ADC_Init(&hadc1) != HAL_OK)
 298:Core/Src/main.c ****   {
 299:Core/Src/main.c ****     Error_Handler();
 300:Core/Src/main.c ****   }
 301:Core/Src/main.c **** 
 302:Core/Src/main.c ****   /** Configure Regular Channel
 303:Core/Src/main.c ****   */
 304:Core/Src/main.c ****   sConfig.Channel = ADC_CHANNEL_5;
 305:Core/Src/main.c ****   sConfig.Rank = ADC_REGULAR_RANK_1;
 306:Core/Src/main.c ****   sConfig.SamplingTime = ADC_SAMPLETIME_2CYCLES_5;
 307:Core/Src/main.c ****   sConfig.SingleDiff = ADC_SINGLE_ENDED;
 308:Core/Src/main.c ****   sConfig.OffsetNumber = ADC_OFFSET_NONE;
 309:Core/Src/main.c ****   sConfig.Offset = 0;
 310:Core/Src/main.c ****   if (HAL_ADC_ConfigChannel(&hadc1, &sConfig) != HAL_OK)
 311:Core/Src/main.c ****   {
 312:Core/Src/main.c ****     Error_Handler();
 313:Core/Src/main.c ****   }
 314:Core/Src/main.c ****   /* USER CODE BEGIN ADC1_Init 2 */
 315:Core/Src/main.c **** 
 316:Core/Src/main.c ****   /* USER CODE END ADC1_Init 2 */
ARM GAS  C:\Users\kerry\AppData\Local\Temp\cc8NnWKL.s 			page 7


 317:Core/Src/main.c **** 
 318:Core/Src/main.c **** }
 319:Core/Src/main.c **** 
 320:Core/Src/main.c **** /**
 321:Core/Src/main.c ****   * @brief CAN1 Initialization Function
 322:Core/Src/main.c ****   * @param None
 323:Core/Src/main.c ****   * @retval None
 324:Core/Src/main.c ****   */
 325:Core/Src/main.c **** static void MX_CAN1_Init(void)
 326:Core/Src/main.c **** {
 327:Core/Src/main.c **** 
 328:Core/Src/main.c ****   /* USER CODE BEGIN CAN1_Init 0 */
 329:Core/Src/main.c **** 
 330:Core/Src/main.c ****   /* USER CODE END CAN1_Init 0 */
 331:Core/Src/main.c **** 
 332:Core/Src/main.c ****   /* USER CODE BEGIN CAN1_Init 1 */
 333:Core/Src/main.c **** 
 334:Core/Src/main.c ****   /* USER CODE END CAN1_Init 1 */
 335:Core/Src/main.c ****   hcan1.Instance = CAN1;
 336:Core/Src/main.c ****   hcan1.Init.Prescaler = 10;
 337:Core/Src/main.c ****   hcan1.Init.Mode = CAN_MODE_NORMAL;
 338:Core/Src/main.c ****   hcan1.Init.SyncJumpWidth = CAN_SJW_1TQ;
 339:Core/Src/main.c ****   hcan1.Init.TimeSeg1 = CAN_BS1_13TQ;
 340:Core/Src/main.c ****   hcan1.Init.TimeSeg2 = CAN_BS2_2TQ;
 341:Core/Src/main.c ****   hcan1.Init.TimeTriggeredMode = DISABLE;
 342:Core/Src/main.c ****   hcan1.Init.AutoBusOff = DISABLE;
 343:Core/Src/main.c ****   hcan1.Init.AutoWakeUp = DISABLE;
 344:Core/Src/main.c ****   hcan1.Init.AutoRetransmission = DISABLE;
 345:Core/Src/main.c ****   hcan1.Init.ReceiveFifoLocked = DISABLE;
 346:Core/Src/main.c ****   hcan1.Init.TransmitFifoPriority = DISABLE;
 347:Core/Src/main.c ****   if (HAL_CAN_Init(&hcan1) != HAL_OK)
 348:Core/Src/main.c ****   {
 349:Core/Src/main.c ****     Error_Handler();
 350:Core/Src/main.c ****   }
 351:Core/Src/main.c ****   /* USER CODE BEGIN CAN1_Init 2 */
 352:Core/Src/main.c **** 
 353:Core/Src/main.c ****   /* USER CODE END CAN1_Init 2 */
 354:Core/Src/main.c **** 
 355:Core/Src/main.c **** }
 356:Core/Src/main.c **** 
 357:Core/Src/main.c **** /**
 358:Core/Src/main.c ****   * @brief CRC Initialization Function
 359:Core/Src/main.c ****   * @param None
 360:Core/Src/main.c ****   * @retval None
 361:Core/Src/main.c ****   */
 362:Core/Src/main.c **** static void MX_CRC_Init(void)
 363:Core/Src/main.c **** {
 364:Core/Src/main.c **** 
 365:Core/Src/main.c ****   /* USER CODE BEGIN CRC_Init 0 */
 366:Core/Src/main.c **** 
 367:Core/Src/main.c ****   /* USER CODE END CRC_Init 0 */
 368:Core/Src/main.c **** 
 369:Core/Src/main.c ****   /* USER CODE BEGIN CRC_Init 1 */
 370:Core/Src/main.c **** 
 371:Core/Src/main.c ****   /* USER CODE END CRC_Init 1 */
 372:Core/Src/main.c ****   hcrc.Instance = CRC;
 373:Core/Src/main.c ****   hcrc.Init.DefaultPolynomialUse = DEFAULT_POLYNOMIAL_ENABLE;
ARM GAS  C:\Users\kerry\AppData\Local\Temp\cc8NnWKL.s 			page 8


 374:Core/Src/main.c ****   hcrc.Init.DefaultInitValueUse = DEFAULT_INIT_VALUE_ENABLE;
 375:Core/Src/main.c ****   hcrc.Init.InputDataInversionMode = CRC_INPUTDATA_INVERSION_NONE;
 376:Core/Src/main.c ****   hcrc.Init.OutputDataInversionMode = CRC_OUTPUTDATA_INVERSION_DISABLE;
 377:Core/Src/main.c ****   hcrc.InputDataFormat = CRC_INPUTDATA_FORMAT_BYTES;
 378:Core/Src/main.c ****   if (HAL_CRC_Init(&hcrc) != HAL_OK)
 379:Core/Src/main.c ****   {
 380:Core/Src/main.c ****     Error_Handler();
 381:Core/Src/main.c ****   }
 382:Core/Src/main.c ****   /* USER CODE BEGIN CRC_Init 2 */
 383:Core/Src/main.c **** 
 384:Core/Src/main.c ****   /* USER CODE END CRC_Init 2 */
 385:Core/Src/main.c **** 
 386:Core/Src/main.c **** }
 387:Core/Src/main.c **** 
 388:Core/Src/main.c **** /**
 389:Core/Src/main.c ****   * @brief GPIO Initialization Function
 390:Core/Src/main.c ****   * @param None
 391:Core/Src/main.c ****   * @retval None
 392:Core/Src/main.c ****   */
 393:Core/Src/main.c **** static void MX_GPIO_Init(void)
 394:Core/Src/main.c **** {
  28              		.loc 1 394 1 view -0
  29              		.cfi_startproc
  30              		@ args = 0, pretend = 0, frame = 32
  31              		@ frame_needed = 0, uses_anonymous_args = 0
  32 0000 2DE9F041 		push	{r4, r5, r6, r7, r8, lr}
  33              	.LCFI0:
  34              		.cfi_def_cfa_offset 24
  35              		.cfi_offset 4, -24
  36              		.cfi_offset 5, -20
  37              		.cfi_offset 6, -16
  38              		.cfi_offset 7, -12
  39              		.cfi_offset 8, -8
  40              		.cfi_offset 14, -4
  41 0004 88B0     		sub	sp, sp, #32
  42              	.LCFI1:
  43              		.cfi_def_cfa_offset 56
 395:Core/Src/main.c ****   GPIO_InitTypeDef GPIO_InitStruct = {0};
  44              		.loc 1 395 3 view .LVU1
  45              		.loc 1 395 20 is_stmt 0 view .LVU2
  46 0006 03AD     		add	r5, sp, #12
  47 0008 0024     		movs	r4, #0
  48 000a 0394     		str	r4, [sp, #12]
  49 000c 0494     		str	r4, [sp, #16]
  50 000e 0594     		str	r4, [sp, #20]
  51 0010 0694     		str	r4, [sp, #24]
  52 0012 0794     		str	r4, [sp, #28]
 396:Core/Src/main.c ****   /* USER CODE BEGIN MX_GPIO_Init_1 */
 397:Core/Src/main.c **** 
 398:Core/Src/main.c ****   /* USER CODE END MX_GPIO_Init_1 */
 399:Core/Src/main.c **** 
 400:Core/Src/main.c ****   /* GPIO Ports Clock Enable */
 401:Core/Src/main.c ****   __HAL_RCC_GPIOA_CLK_ENABLE();
  53              		.loc 1 401 3 is_stmt 1 view .LVU3
  54              	.LBB4:
  55              		.loc 1 401 3 view .LVU4
  56              		.loc 1 401 3 view .LVU5
ARM GAS  C:\Users\kerry\AppData\Local\Temp\cc8NnWKL.s 			page 9


  57 0014 2B4B     		ldr	r3, .L3
  58 0016 DA6C     		ldr	r2, [r3, #76]
  59 0018 42F00102 		orr	r2, r2, #1
  60 001c DA64     		str	r2, [r3, #76]
  61              		.loc 1 401 3 view .LVU6
  62 001e DA6C     		ldr	r2, [r3, #76]
  63 0020 02F00102 		and	r2, r2, #1
  64 0024 0192     		str	r2, [sp, #4]
  65              		.loc 1 401 3 view .LVU7
  66 0026 019A     		ldr	r2, [sp, #4]
  67              	.LBE4:
  68              		.loc 1 401 3 view .LVU8
 402:Core/Src/main.c ****   __HAL_RCC_GPIOB_CLK_ENABLE();
  69              		.loc 1 402 3 view .LVU9
  70              	.LBB5:
  71              		.loc 1 402 3 view .LVU10
  72              		.loc 1 402 3 view .LVU11
  73 0028 DA6C     		ldr	r2, [r3, #76]
  74 002a 42F00202 		orr	r2, r2, #2
  75 002e DA64     		str	r2, [r3, #76]
  76              		.loc 1 402 3 view .LVU12
  77 0030 DB6C     		ldr	r3, [r3, #76]
  78 0032 03F00203 		and	r3, r3, #2
  79 0036 0293     		str	r3, [sp, #8]
  80              		.loc 1 402 3 view .LVU13
  81 0038 029B     		ldr	r3, [sp, #8]
  82              	.LBE5:
  83              		.loc 1 402 3 view .LVU14
 403:Core/Src/main.c **** 
 404:Core/Src/main.c ****   /*Configure GPIO pin Output Level */
 405:Core/Src/main.c ****   HAL_GPIO_WritePin(GPIOA, RAD_Ctrl_Pin|FANS_Ctrl_Pin, GPIO_PIN_RESET);
  84              		.loc 1 405 3 view .LVU15
  85 003a 2246     		mov	r2, r4
  86 003c 4FF49061 		mov	r1, #1152
  87 0040 4FF09040 		mov	r0, #1207959552
  88 0044 FFF7FEFF 		bl	HAL_GPIO_WritePin
  89              	.LVL0:
 406:Core/Src/main.c **** 
 407:Core/Src/main.c ****   /*Configure GPIO pin Output Level */
 408:Core/Src/main.c ****   HAL_GPIO_WritePin(GPIOB, LD3_Pin|PUMP_Ctrl_Pin|DRS_Ctrl_Pin, GPIO_PIN_RESET);
  90              		.loc 1 408 3 view .LVU16
  91 0048 1F4F     		ldr	r7, .L3+4
  92 004a 2246     		mov	r2, r4
  93 004c 3821     		movs	r1, #56
  94 004e 3846     		mov	r0, r7
  95 0050 FFF7FEFF 		bl	HAL_GPIO_WritePin
  96              	.LVL1:
 409:Core/Src/main.c **** 
 410:Core/Src/main.c ****   /*Configure GPIO pins : SDC_3_Pin SDC_1_Pin BSPD_Pin IMD_Pin */
 411:Core/Src/main.c ****   GPIO_InitStruct.Pin = SDC_3_Pin|SDC_1_Pin|BSPD_Pin|IMD_Pin;
  97              		.loc 1 411 3 view .LVU17
  98              		.loc 1 411 23 is_stmt 0 view .LVU18
  99 0054 4FF44C73 		mov	r3, #816
 100 0058 0393     		str	r3, [sp, #12]
 412:Core/Src/main.c ****   GPIO_InitStruct.Mode = GPIO_MODE_INPUT;
 101              		.loc 1 412 3 is_stmt 1 view .LVU19
 102              		.loc 1 412 24 is_stmt 0 view .LVU20
ARM GAS  C:\Users\kerry\AppData\Local\Temp\cc8NnWKL.s 			page 10


 103 005a 0494     		str	r4, [sp, #16]
 413:Core/Src/main.c ****   GPIO_InitStruct.Pull = GPIO_PULLUP;
 104              		.loc 1 413 3 is_stmt 1 view .LVU21
 105              		.loc 1 413 24 is_stmt 0 view .LVU22
 106 005c 0126     		movs	r6, #1
 107 005e 0596     		str	r6, [sp, #20]
 414:Core/Src/main.c ****   HAL_GPIO_Init(GPIOA, &GPIO_InitStruct);
 108              		.loc 1 414 3 is_stmt 1 view .LVU23
 109 0060 2946     		mov	r1, r5
 110 0062 4FF09040 		mov	r0, #1207959552
 111 0066 FFF7FEFF 		bl	HAL_GPIO_Init
 112              	.LVL2:
 415:Core/Src/main.c **** 
 416:Core/Src/main.c ****   /*Configure GPIO pins : RAD_Ctrl_Pin FANS_Ctrl_Pin */
 417:Core/Src/main.c ****   GPIO_InitStruct.Pin = RAD_Ctrl_Pin|FANS_Ctrl_Pin;
 113              		.loc 1 417 3 view .LVU24
 114              		.loc 1 417 23 is_stmt 0 view .LVU25
 115 006a 4FF49063 		mov	r3, #1152
 116 006e 0393     		str	r3, [sp, #12]
 418:Core/Src/main.c ****   GPIO_InitStruct.Mode = GPIO_MODE_OUTPUT_PP;
 117              		.loc 1 418 3 is_stmt 1 view .LVU26
 118              		.loc 1 418 24 is_stmt 0 view .LVU27
 119 0070 0496     		str	r6, [sp, #16]
 419:Core/Src/main.c ****   GPIO_InitStruct.Pull = GPIO_PULLDOWN;
 120              		.loc 1 419 3 is_stmt 1 view .LVU28
 121              		.loc 1 419 24 is_stmt 0 view .LVU29
 122 0072 4FF00208 		mov	r8, #2
 123 0076 CDF81480 		str	r8, [sp, #20]
 420:Core/Src/main.c ****   GPIO_InitStruct.Speed = GPIO_SPEED_FREQ_LOW;
 124              		.loc 1 420 3 is_stmt 1 view .LVU30
 125              		.loc 1 420 25 is_stmt 0 view .LVU31
 126 007a 0694     		str	r4, [sp, #24]
 421:Core/Src/main.c ****   HAL_GPIO_Init(GPIOA, &GPIO_InitStruct);
 127              		.loc 1 421 3 is_stmt 1 view .LVU32
 128 007c 2946     		mov	r1, r5
 129 007e 4FF09040 		mov	r0, #1207959552
 130 0082 FFF7FEFF 		bl	HAL_GPIO_Init
 131              	.LVL3:
 422:Core/Src/main.c **** 
 423:Core/Src/main.c ****   /*Configure GPIO pins : SDC_2_Pin BMS_Pin */
 424:Core/Src/main.c ****   GPIO_InitStruct.Pin = SDC_2_Pin|BMS_Pin;
 132              		.loc 1 424 3 view .LVU33
 133              		.loc 1 424 23 is_stmt 0 view .LVU34
 134 0086 0323     		movs	r3, #3
 135 0088 0393     		str	r3, [sp, #12]
 425:Core/Src/main.c ****   GPIO_InitStruct.Mode = GPIO_MODE_INPUT;
 136              		.loc 1 425 3 is_stmt 1 view .LVU35
 137              		.loc 1 425 24 is_stmt 0 view .LVU36
 138 008a 0494     		str	r4, [sp, #16]
 426:Core/Src/main.c ****   GPIO_InitStruct.Pull = GPIO_PULLUP;
 139              		.loc 1 426 3 is_stmt 1 view .LVU37
 140              		.loc 1 426 24 is_stmt 0 view .LVU38
 141 008c 0596     		str	r6, [sp, #20]
 427:Core/Src/main.c ****   HAL_GPIO_Init(GPIOB, &GPIO_InitStruct);
 142              		.loc 1 427 3 is_stmt 1 view .LVU39
 143 008e 2946     		mov	r1, r5
 144 0090 3846     		mov	r0, r7
ARM GAS  C:\Users\kerry\AppData\Local\Temp\cc8NnWKL.s 			page 11


 145 0092 FFF7FEFF 		bl	HAL_GPIO_Init
 146              	.LVL4:
 428:Core/Src/main.c **** 
 429:Core/Src/main.c ****   /*Configure GPIO pin : LD3_Pin */
 430:Core/Src/main.c ****   GPIO_InitStruct.Pin = LD3_Pin;
 147              		.loc 1 430 3 view .LVU40
 148              		.loc 1 430 23 is_stmt 0 view .LVU41
 149 0096 0823     		movs	r3, #8
 150 0098 0393     		str	r3, [sp, #12]
 431:Core/Src/main.c ****   GPIO_InitStruct.Mode = GPIO_MODE_OUTPUT_PP;
 151              		.loc 1 431 3 is_stmt 1 view .LVU42
 152              		.loc 1 431 24 is_stmt 0 view .LVU43
 153 009a 0496     		str	r6, [sp, #16]
 432:Core/Src/main.c ****   GPIO_InitStruct.Pull = GPIO_NOPULL;
 154              		.loc 1 432 3 is_stmt 1 view .LVU44
 155              		.loc 1 432 24 is_stmt 0 view .LVU45
 156 009c 0594     		str	r4, [sp, #20]
 433:Core/Src/main.c ****   GPIO_InitStruct.Speed = GPIO_SPEED_FREQ_LOW;
 157              		.loc 1 433 3 is_stmt 1 view .LVU46
 158              		.loc 1 433 25 is_stmt 0 view .LVU47
 159 009e 0694     		str	r4, [sp, #24]
 434:Core/Src/main.c ****   HAL_GPIO_Init(LD3_GPIO_Port, &GPIO_InitStruct);
 160              		.loc 1 434 3 is_stmt 1 view .LVU48
 161 00a0 2946     		mov	r1, r5
 162 00a2 3846     		mov	r0, r7
 163 00a4 FFF7FEFF 		bl	HAL_GPIO_Init
 164              	.LVL5:
 435:Core/Src/main.c **** 
 436:Core/Src/main.c ****   /*Configure GPIO pins : PUMP_Ctrl_Pin DRS_Ctrl_Pin */
 437:Core/Src/main.c ****   GPIO_InitStruct.Pin = PUMP_Ctrl_Pin|DRS_Ctrl_Pin;
 165              		.loc 1 437 3 view .LVU49
 166              		.loc 1 437 23 is_stmt 0 view .LVU50
 167 00a8 3023     		movs	r3, #48
 168 00aa 0393     		str	r3, [sp, #12]
 438:Core/Src/main.c ****   GPIO_InitStruct.Mode = GPIO_MODE_OUTPUT_PP;
 169              		.loc 1 438 3 is_stmt 1 view .LVU51
 170              		.loc 1 438 24 is_stmt 0 view .LVU52
 171 00ac 0496     		str	r6, [sp, #16]
 439:Core/Src/main.c ****   GPIO_InitStruct.Pull = GPIO_PULLDOWN;
 172              		.loc 1 439 3 is_stmt 1 view .LVU53
 173              		.loc 1 439 24 is_stmt 0 view .LVU54
 174 00ae CDF81480 		str	r8, [sp, #20]
 440:Core/Src/main.c ****   GPIO_InitStruct.Speed = GPIO_SPEED_FREQ_LOW;
 175              		.loc 1 440 3 is_stmt 1 view .LVU55
 176              		.loc 1 440 25 is_stmt 0 view .LVU56
 177 00b2 0694     		str	r4, [sp, #24]
 441:Core/Src/main.c ****   HAL_GPIO_Init(GPIOB, &GPIO_InitStruct);
 178              		.loc 1 441 3 is_stmt 1 view .LVU57
 179 00b4 2946     		mov	r1, r5
 180 00b6 3846     		mov	r0, r7
 181 00b8 FFF7FEFF 		bl	HAL_GPIO_Init
 182              	.LVL6:
 442:Core/Src/main.c **** 
 443:Core/Src/main.c ****   /* USER CODE BEGIN MX_GPIO_Init_2 */
 444:Core/Src/main.c **** 
 445:Core/Src/main.c ****   /* USER CODE END MX_GPIO_Init_2 */
 446:Core/Src/main.c **** }
ARM GAS  C:\Users\kerry\AppData\Local\Temp\cc8NnWKL.s 			page 12


 183              		.loc 1 446 1 is_stmt 0 view .LVU58
 184 00bc 08B0     		add	sp, sp, #32
 185              	.LCFI2:
 186              		.cfi_def_cfa_offset 24
 187              		@ sp needed
 188 00be BDE8F081 		pop	{r4, r5, r6, r7, r8, pc}
 189              	.L4:
 190 00c2 00BF     		.align	2
 191              	.L3:
 192 00c4 00100240 		.word	1073876992
 193 00c8 00040048 		.word	1207960576
 194              		.cfi_endproc
 195              	.LFE393:
 197              		.section	.text.StartDefaultTask,"ax",%progbits
 198              		.align	1
 199              		.global	StartDefaultTask
 200              		.syntax unified
 201              		.thumb
 202              		.thumb_func
 204              	StartDefaultTask:
 205              	.LFB395:
 447:Core/Src/main.c **** 
 448:Core/Src/main.c **** /* USER CODE BEGIN 4 */
 449:Core/Src/main.c **** static void MX_CAN1_Filter_Init(void)
 450:Core/Src/main.c **** {
 451:Core/Src/main.c ****   CAN_FilterTypeDef canFilterConfig = {0};
 452:Core/Src/main.c **** 
 453:Core/Src/main.c ****   canFilterConfig.FilterBank = 0;
 454:Core/Src/main.c ****   canFilterConfig.FilterMode = CAN_FILTERMODE_IDMASK;
 455:Core/Src/main.c ****   canFilterConfig.FilterScale = CAN_FILTERSCALE_32BIT;
 456:Core/Src/main.c ****   canFilterConfig.FilterIdHigh = 0x0000;
 457:Core/Src/main.c ****   canFilterConfig.FilterIdLow = 0x0000;
 458:Core/Src/main.c ****   canFilterConfig.FilterMaskIdHigh = 0x0000;
 459:Core/Src/main.c ****   canFilterConfig.FilterMaskIdLow = 0x0000;
 460:Core/Src/main.c ****   canFilterConfig.FilterFIFOAssignment = CAN_FILTER_FIFO0;
 461:Core/Src/main.c ****   canFilterConfig.FilterActivation = ENABLE;
 462:Core/Src/main.c ****   canFilterConfig.SlaveStartFilterBank = 14;
 463:Core/Src/main.c **** 
 464:Core/Src/main.c ****   if (HAL_CAN_ConfigFilter(&hcan1, &canFilterConfig) != HAL_OK)
 465:Core/Src/main.c ****   {
 466:Core/Src/main.c ****     Error_Handler();
 467:Core/Src/main.c ****   }
 468:Core/Src/main.c **** }
 469:Core/Src/main.c **** 
 470:Core/Src/main.c **** 
 471:Core/Src/main.c **** /* USER CODE END 4 */
 472:Core/Src/main.c **** 
 473:Core/Src/main.c **** /* USER CODE BEGIN Header_StartDefaultTask */
 474:Core/Src/main.c **** /**
 475:Core/Src/main.c ****   * @brief  Function implementing the defaultTask thread.
 476:Core/Src/main.c ****   * @param  argument: Not used
 477:Core/Src/main.c ****   * @retval None
 478:Core/Src/main.c ****   */
 479:Core/Src/main.c **** /* USER CODE END Header_StartDefaultTask */
 480:Core/Src/main.c **** void StartDefaultTask(void *argument)
 481:Core/Src/main.c **** {
 206              		.loc 1 481 1 is_stmt 1 view -0
ARM GAS  C:\Users\kerry\AppData\Local\Temp\cc8NnWKL.s 			page 13


 207              		.cfi_startproc
 208              		@ Volatile: function does not return.
 209              		@ args = 0, pretend = 0, frame = 0
 210              		@ frame_needed = 0, uses_anonymous_args = 0
 211              	.LVL7:
 212              		.loc 1 481 1 is_stmt 0 view .LVU60
 213 0000 08B5     		push	{r3, lr}
 214              	.LCFI3:
 215              		.cfi_def_cfa_offset 8
 216              		.cfi_offset 3, -8
 217              		.cfi_offset 14, -4
 218              	.LVL8:
 219              	.L6:
 482:Core/Src/main.c ****   /* USER CODE BEGIN 5 */
 483:Core/Src/main.c ****   (void)argument;
 220              		.loc 1 483 3 is_stmt 1 view .LVU61
 484:Core/Src/main.c **** 
 485:Core/Src/main.c ****   for(;;)
 221              		.loc 1 485 3 view .LVU62
 486:Core/Src/main.c ****   {
 487:Core/Src/main.c ****     osDelay(1);
 222              		.loc 1 487 5 discriminator 1 view .LVU63
 223 0002 0120     		movs	r0, #1
 224 0004 FFF7FEFF 		bl	osDelay
 225              	.LVL9:
 485:Core/Src/main.c ****   {
 226              		.loc 1 485 3 view .LVU64
 227 0008 FBE7     		b	.L6
 228              		.cfi_endproc
 229              	.LFE395:
 231              		.section	.text.LED_BlinkTask,"ax",%progbits
 232              		.align	1
 233              		.global	LED_BlinkTask
 234              		.syntax unified
 235              		.thumb
 236              		.thumb_func
 238              	LED_BlinkTask:
 239              	.LFB396:
 488:Core/Src/main.c ****   }
 489:Core/Src/main.c ****   /* USER CODE END 5 */
 490:Core/Src/main.c **** }
 491:Core/Src/main.c **** 
 492:Core/Src/main.c **** /* USER CODE BEGIN Header_LED_BlinkTask */
 493:Core/Src/main.c **** /**
 494:Core/Src/main.c **** * @brief Function implementing the LED_Blink thread.
 495:Core/Src/main.c **** * @param argument: Not used
 496:Core/Src/main.c **** * @retval None
 497:Core/Src/main.c **** */
 498:Core/Src/main.c **** /* USER CODE END Header_LED_BlinkTask */
 499:Core/Src/main.c **** void LED_BlinkTask(void *argument)
 500:Core/Src/main.c **** {
 240              		.loc 1 500 1 view -0
 241              		.cfi_startproc
 242              		@ Volatile: function does not return.
 243              		@ args = 0, pretend = 0, frame = 0
 244              		@ frame_needed = 0, uses_anonymous_args = 0
 245              	.LVL10:
ARM GAS  C:\Users\kerry\AppData\Local\Temp\cc8NnWKL.s 			page 14


 246              		.loc 1 500 1 is_stmt 0 view .LVU66
 247 0000 08B5     		push	{r3, lr}
 248              	.LCFI4:
 249              		.cfi_def_cfa_offset 8
 250              		.cfi_offset 3, -8
 251              		.cfi_offset 14, -4
 252              	.LVL11:
 253              	.L9:
 501:Core/Src/main.c ****   /* USER CODE BEGIN LED_BlinkTask */
 502:Core/Src/main.c ****   /* Infinite loop */
 503:Core/Src/main.c ****   for(;;)
 254              		.loc 1 503 3 is_stmt 1 view .LVU67
 504:Core/Src/main.c ****   {
 505:Core/Src/main.c **** 
 506:Core/Src/main.c **** 
 507:Core/Src/main.c ****     HAL_GPIO_TogglePin(LD3_GPIO_Port, LD3_Pin);
 255              		.loc 1 507 5 view .LVU68
 256 0002 0821     		movs	r1, #8
 257 0004 0348     		ldr	r0, .L11
 258 0006 FFF7FEFF 		bl	HAL_GPIO_TogglePin
 259              	.LVL12:
 508:Core/Src/main.c **** 
 509:Core/Src/main.c ****     osDelay(500);
 260              		.loc 1 509 5 discriminator 1 view .LVU69
 261 000a 4FF4FA70 		mov	r0, #500
 262 000e FFF7FEFF 		bl	osDelay
 263              	.LVL13:
 503:Core/Src/main.c ****   {
 264              		.loc 1 503 3 view .LVU70
 265 0012 F6E7     		b	.L9
 266              	.L12:
 267              		.align	2
 268              	.L11:
 269 0014 00040048 		.word	1207960576
 270              		.cfi_endproc
 271              	.LFE396:
 273              		.section	.text.can_messages_task,"ax",%progbits
 274              		.align	1
 275              		.global	can_messages_task
 276              		.syntax unified
 277              		.thumb
 278              		.thumb_func
 280              	can_messages_task:
 281              	.LVL14:
 282              	.LFB397:
 510:Core/Src/main.c **** 
 511:Core/Src/main.c **** 
 512:Core/Src/main.c ****   }
 513:Core/Src/main.c ****   /* USER CODE END LED_BlinkTask */
 514:Core/Src/main.c **** }
 515:Core/Src/main.c **** 
 516:Core/Src/main.c **** /* USER CODE BEGIN Header_can_messages_task */
 517:Core/Src/main.c **** /**
 518:Core/Src/main.c **** * @brief Function implementing the can_messages thread.
 519:Core/Src/main.c **** * @param argument: Not used
 520:Core/Src/main.c **** * @retval None
 521:Core/Src/main.c **** */
ARM GAS  C:\Users\kerry\AppData\Local\Temp\cc8NnWKL.s 			page 15


 522:Core/Src/main.c **** /* USER CODE END Header_can_messages_task */
 523:Core/Src/main.c **** void can_messages_task(void *argument)
 524:Core/Src/main.c **** {
 283              		.loc 1 524 1 view -0
 284              		.cfi_startproc
 285              		@ args = 0, pretend = 0, frame = 0
 286              		@ frame_needed = 0, uses_anonymous_args = 0
 287              		.loc 1 524 1 is_stmt 0 view .LVU72
 288 0000 08B5     		push	{r3, lr}
 289              	.LCFI5:
 290              		.cfi_def_cfa_offset 8
 291              		.cfi_offset 3, -8
 292              		.cfi_offset 14, -4
 525:Core/Src/main.c ****   /* USER CODE BEGIN can_messages_task */
 526:Core/Src/main.c ****   CAN_Task(argument);
 293              		.loc 1 526 3 is_stmt 1 view .LVU73
 294 0002 FFF7FEFF 		bl	CAN_Task
 295              	.LVL15:
 527:Core/Src/main.c **** 
 528:Core/Src/main.c **** 
 529:Core/Src/main.c ****   /* USER CODE END can_messages_task */
 530:Core/Src/main.c **** }
 296              		.loc 1 530 1 is_stmt 0 view .LVU74
 297 0006 08BD     		pop	{r3, pc}
 298              		.cfi_endproc
 299              	.LFE397:
 301              		.section	.text.HAL_TIM_PeriodElapsedCallback,"ax",%progbits
 302              		.align	1
 303              		.global	HAL_TIM_PeriodElapsedCallback
 304              		.syntax unified
 305              		.thumb
 306              		.thumb_func
 308              	HAL_TIM_PeriodElapsedCallback:
 309              	.LVL16:
 310              	.LFB398:
 531:Core/Src/main.c **** 
 532:Core/Src/main.c **** /**
 533:Core/Src/main.c ****   * @brief  Period elapsed callback in non blocking mode
 534:Core/Src/main.c ****   * @note   This function is called  when TIM6 interrupt took place, inside
 535:Core/Src/main.c ****   * HAL_TIM_IRQHandler(). It makes a direct call to HAL_IncTick() to increment
 536:Core/Src/main.c ****   * a global variable "uwTick" used as application time base.
 537:Core/Src/main.c ****   * @param  htim : TIM handle
 538:Core/Src/main.c ****   * @retval None
 539:Core/Src/main.c ****   */
 540:Core/Src/main.c **** void HAL_TIM_PeriodElapsedCallback(TIM_HandleTypeDef *htim)
 541:Core/Src/main.c **** {
 311              		.loc 1 541 1 is_stmt 1 view -0
 312              		.cfi_startproc
 313              		@ args = 0, pretend = 0, frame = 0
 314              		@ frame_needed = 0, uses_anonymous_args = 0
 315              		.loc 1 541 1 is_stmt 0 view .LVU76
 316 0000 08B5     		push	{r3, lr}
 317              	.LCFI6:
 318              		.cfi_def_cfa_offset 8
 319              		.cfi_offset 3, -8
 320              		.cfi_offset 14, -4
 542:Core/Src/main.c ****   /* USER CODE BEGIN Callback 0 */
ARM GAS  C:\Users\kerry\AppData\Local\Temp\cc8NnWKL.s 			page 16


 543:Core/Src/main.c **** 
 544:Core/Src/main.c ****   /* USER CODE END Callback 0 */
 545:Core/Src/main.c ****   if (htim->Instance == TIM6)
 321              		.loc 1 545 3 is_stmt 1 view .LVU77
 322              		.loc 1 545 11 is_stmt 0 view .LVU78
 323 0002 0268     		ldr	r2, [r0]
 324              		.loc 1 545 6 view .LVU79
 325 0004 034B     		ldr	r3, .L19
 326 0006 9A42     		cmp	r2, r3
 327 0008 00D0     		beq	.L18
 328              	.LVL17:
 329              	.L15:
 546:Core/Src/main.c ****   {
 547:Core/Src/main.c ****     HAL_IncTick();
 548:Core/Src/main.c ****   }
 549:Core/Src/main.c ****   /* USER CODE BEGIN Callback 1 */
 550:Core/Src/main.c **** 
 551:Core/Src/main.c ****   /* USER CODE END Callback 1 */
 552:Core/Src/main.c **** }
 330              		.loc 1 552 1 view .LVU80
 331 000a 08BD     		pop	{r3, pc}
 332              	.LVL18:
 333              	.L18:
 547:Core/Src/main.c ****   }
 334              		.loc 1 547 5 is_stmt 1 view .LVU81
 335 000c FFF7FEFF 		bl	HAL_IncTick
 336              	.LVL19:
 337              		.loc 1 552 1 is_stmt 0 view .LVU82
 338 0010 FBE7     		b	.L15
 339              	.L20:
 340 0012 00BF     		.align	2
 341              	.L19:
 342 0014 00100040 		.word	1073745920
 343              		.cfi_endproc
 344              	.LFE398:
 346              		.section	.text.Error_Handler,"ax",%progbits
 347              		.align	1
 348              		.global	Error_Handler
 349              		.syntax unified
 350              		.thumb
 351              		.thumb_func
 353              	Error_Handler:
 354              	.LFB399:
 553:Core/Src/main.c **** 
 554:Core/Src/main.c **** /**
 555:Core/Src/main.c ****   * @brief  This function is executed in case of error occurrence.
 556:Core/Src/main.c ****   * @retval None
 557:Core/Src/main.c ****   */
 558:Core/Src/main.c **** void Error_Handler(void)
 559:Core/Src/main.c **** {
 355              		.loc 1 559 1 is_stmt 1 view -0
 356              		.cfi_startproc
 357              		@ Volatile: function does not return.
 358              		@ args = 0, pretend = 0, frame = 0
 359              		@ frame_needed = 0, uses_anonymous_args = 0
 360 0000 08B5     		push	{r3, lr}
 361              	.LCFI7:
ARM GAS  C:\Users\kerry\AppData\Local\Temp\cc8NnWKL.s 			page 17


 362              		.cfi_def_cfa_offset 8
 363              		.cfi_offset 3, -8
 364              		.cfi_offset 14, -4
 560:Core/Src/main.c ****   /* USER CODE BEGIN Error_Handler_Debug */
 561:Core/Src/main.c ****   /* User can add his own implementation to report the HAL error return state */
 562:Core/Src/main.c ****   osKernelLock();
 365              		.loc 1 562 3 view .LVU84
 366 0002 FFF7FEFF 		bl	osKernelLock
 367              	.LVL20:
 563:Core/Src/main.c ****   HAL_GPIO_WritePin(LD3_GPIO_Port, LD3_Pin, GPIO_PIN_RESET);
 368              		.loc 1 563 3 view .LVU85
 369 0006 0022     		movs	r2, #0
 370 0008 0821     		movs	r1, #8
 371 000a 0248     		ldr	r0, .L24
 372 000c FFF7FEFF 		bl	HAL_GPIO_WritePin
 373              	.LVL21:
 564:Core/Src/main.c ****   __disable_irq();
 374              		.loc 1 564 3 view .LVU86
 375              	.LBB6:
 376              	.LBI6:
 377              		.file 2 "Drivers/CMSIS/Include/cmsis_gcc.h"
   1:Drivers/CMSIS/Include/cmsis_gcc.h **** /**************************************************************************//**
   2:Drivers/CMSIS/Include/cmsis_gcc.h ****  * @file     cmsis_gcc.h
   3:Drivers/CMSIS/Include/cmsis_gcc.h ****  * @brief    CMSIS compiler GCC header file
   4:Drivers/CMSIS/Include/cmsis_gcc.h ****  * @version  V5.2.0
   5:Drivers/CMSIS/Include/cmsis_gcc.h ****  * @date     08. May 2019
   6:Drivers/CMSIS/Include/cmsis_gcc.h ****  ******************************************************************************/
   7:Drivers/CMSIS/Include/cmsis_gcc.h **** /*
   8:Drivers/CMSIS/Include/cmsis_gcc.h ****  * Copyright (c) 2009-2019 Arm Limited. All rights reserved.
   9:Drivers/CMSIS/Include/cmsis_gcc.h ****  *
  10:Drivers/CMSIS/Include/cmsis_gcc.h ****  * SPDX-License-Identifier: Apache-2.0
  11:Drivers/CMSIS/Include/cmsis_gcc.h ****  *
  12:Drivers/CMSIS/Include/cmsis_gcc.h ****  * Licensed under the Apache License, Version 2.0 (the License); you may
  13:Drivers/CMSIS/Include/cmsis_gcc.h ****  * not use this file except in compliance with the License.
  14:Drivers/CMSIS/Include/cmsis_gcc.h ****  * You may obtain a copy of the License at
  15:Drivers/CMSIS/Include/cmsis_gcc.h ****  *
  16:Drivers/CMSIS/Include/cmsis_gcc.h ****  * www.apache.org/licenses/LICENSE-2.0
  17:Drivers/CMSIS/Include/cmsis_gcc.h ****  *
  18:Drivers/CMSIS/Include/cmsis_gcc.h ****  * Unless required by applicable law or agreed to in writing, software
  19:Drivers/CMSIS/Include/cmsis_gcc.h ****  * distributed under the License is distributed on an AS IS BASIS, WITHOUT
  20:Drivers/CMSIS/Include/cmsis_gcc.h ****  * WARRANTIES OR CONDITIONS OF ANY KIND, either express or implied.
  21:Drivers/CMSIS/Include/cmsis_gcc.h ****  * See the License for the specific language governing permissions and
  22:Drivers/CMSIS/Include/cmsis_gcc.h ****  * limitations under the License.
  23:Drivers/CMSIS/Include/cmsis_gcc.h ****  */
  24:Drivers/CMSIS/Include/cmsis_gcc.h **** 
  25:Drivers/CMSIS/Include/cmsis_gcc.h **** #ifndef __CMSIS_GCC_H
  26:Drivers/CMSIS/Include/cmsis_gcc.h **** #define __CMSIS_GCC_H
  27:Drivers/CMSIS/Include/cmsis_gcc.h **** 
  28:Drivers/CMSIS/Include/cmsis_gcc.h **** /* ignore some GCC warnings */
  29:Drivers/CMSIS/Include/cmsis_gcc.h **** #pragma GCC diagnostic push
  30:Drivers/CMSIS/Include/cmsis_gcc.h **** #pragma GCC diagnostic ignored "-Wsign-conversion"
  31:Drivers/CMSIS/Include/cmsis_gcc.h **** #pragma GCC diagnostic ignored "-Wconversion"
  32:Drivers/CMSIS/Include/cmsis_gcc.h **** #pragma GCC diagnostic ignored "-Wunused-parameter"
  33:Drivers/CMSIS/Include/cmsis_gcc.h **** 
  34:Drivers/CMSIS/Include/cmsis_gcc.h **** /* Fallback for __has_builtin */
  35:Drivers/CMSIS/Include/cmsis_gcc.h **** #ifndef __has_builtin
  36:Drivers/CMSIS/Include/cmsis_gcc.h ****   #define __has_builtin(x) (0)
ARM GAS  C:\Users\kerry\AppData\Local\Temp\cc8NnWKL.s 			page 18


  37:Drivers/CMSIS/Include/cmsis_gcc.h **** #endif
  38:Drivers/CMSIS/Include/cmsis_gcc.h **** 
  39:Drivers/CMSIS/Include/cmsis_gcc.h **** /* CMSIS compiler specific defines */
  40:Drivers/CMSIS/Include/cmsis_gcc.h **** #ifndef   __ASM
  41:Drivers/CMSIS/Include/cmsis_gcc.h ****   #define __ASM                                  __asm
  42:Drivers/CMSIS/Include/cmsis_gcc.h **** #endif
  43:Drivers/CMSIS/Include/cmsis_gcc.h **** #ifndef   __INLINE
  44:Drivers/CMSIS/Include/cmsis_gcc.h ****   #define __INLINE                               inline
  45:Drivers/CMSIS/Include/cmsis_gcc.h **** #endif
  46:Drivers/CMSIS/Include/cmsis_gcc.h **** #ifndef   __STATIC_INLINE
  47:Drivers/CMSIS/Include/cmsis_gcc.h ****   #define __STATIC_INLINE                        static inline
  48:Drivers/CMSIS/Include/cmsis_gcc.h **** #endif
  49:Drivers/CMSIS/Include/cmsis_gcc.h **** #ifndef   __STATIC_FORCEINLINE                 
  50:Drivers/CMSIS/Include/cmsis_gcc.h ****   #define __STATIC_FORCEINLINE                   __attribute__((always_inline)) static inline
  51:Drivers/CMSIS/Include/cmsis_gcc.h **** #endif                                           
  52:Drivers/CMSIS/Include/cmsis_gcc.h **** #ifndef   __NO_RETURN
  53:Drivers/CMSIS/Include/cmsis_gcc.h ****   #define __NO_RETURN                            __attribute__((__noreturn__))
  54:Drivers/CMSIS/Include/cmsis_gcc.h **** #endif
  55:Drivers/CMSIS/Include/cmsis_gcc.h **** #ifndef   __USED
  56:Drivers/CMSIS/Include/cmsis_gcc.h ****   #define __USED                                 __attribute__((used))
  57:Drivers/CMSIS/Include/cmsis_gcc.h **** #endif
  58:Drivers/CMSIS/Include/cmsis_gcc.h **** #ifndef   __WEAK
  59:Drivers/CMSIS/Include/cmsis_gcc.h ****   #define __WEAK                                 __attribute__((weak))
  60:Drivers/CMSIS/Include/cmsis_gcc.h **** #endif
  61:Drivers/CMSIS/Include/cmsis_gcc.h **** #ifndef   __PACKED
  62:Drivers/CMSIS/Include/cmsis_gcc.h ****   #define __PACKED                               __attribute__((packed, aligned(1)))
  63:Drivers/CMSIS/Include/cmsis_gcc.h **** #endif
  64:Drivers/CMSIS/Include/cmsis_gcc.h **** #ifndef   __PACKED_STRUCT
  65:Drivers/CMSIS/Include/cmsis_gcc.h ****   #define __PACKED_STRUCT                        struct __attribute__((packed, aligned(1)))
  66:Drivers/CMSIS/Include/cmsis_gcc.h **** #endif
  67:Drivers/CMSIS/Include/cmsis_gcc.h **** #ifndef   __PACKED_UNION
  68:Drivers/CMSIS/Include/cmsis_gcc.h ****   #define __PACKED_UNION                         union __attribute__((packed, aligned(1)))
  69:Drivers/CMSIS/Include/cmsis_gcc.h **** #endif
  70:Drivers/CMSIS/Include/cmsis_gcc.h **** #ifndef   __UNALIGNED_UINT32        /* deprecated */
  71:Drivers/CMSIS/Include/cmsis_gcc.h ****   #pragma GCC diagnostic push
  72:Drivers/CMSIS/Include/cmsis_gcc.h ****   #pragma GCC diagnostic ignored "-Wpacked"
  73:Drivers/CMSIS/Include/cmsis_gcc.h ****   #pragma GCC diagnostic ignored "-Wattributes"
  74:Drivers/CMSIS/Include/cmsis_gcc.h ****   struct __attribute__((packed)) T_UINT32 { uint32_t v; };
  75:Drivers/CMSIS/Include/cmsis_gcc.h ****   #pragma GCC diagnostic pop
  76:Drivers/CMSIS/Include/cmsis_gcc.h ****   #define __UNALIGNED_UINT32(x)                  (((struct T_UINT32 *)(x))->v)
  77:Drivers/CMSIS/Include/cmsis_gcc.h **** #endif
  78:Drivers/CMSIS/Include/cmsis_gcc.h **** #ifndef   __UNALIGNED_UINT16_WRITE
  79:Drivers/CMSIS/Include/cmsis_gcc.h ****   #pragma GCC diagnostic push
  80:Drivers/CMSIS/Include/cmsis_gcc.h ****   #pragma GCC diagnostic ignored "-Wpacked"
  81:Drivers/CMSIS/Include/cmsis_gcc.h ****   #pragma GCC diagnostic ignored "-Wattributes"
  82:Drivers/CMSIS/Include/cmsis_gcc.h ****   __PACKED_STRUCT T_UINT16_WRITE { uint16_t v; };
  83:Drivers/CMSIS/Include/cmsis_gcc.h ****   #pragma GCC diagnostic pop
  84:Drivers/CMSIS/Include/cmsis_gcc.h ****   #define __UNALIGNED_UINT16_WRITE(addr, val)    (void)((((struct T_UINT16_WRITE *)(void *)(addr))-
  85:Drivers/CMSIS/Include/cmsis_gcc.h **** #endif
  86:Drivers/CMSIS/Include/cmsis_gcc.h **** #ifndef   __UNALIGNED_UINT16_READ
  87:Drivers/CMSIS/Include/cmsis_gcc.h ****   #pragma GCC diagnostic push
  88:Drivers/CMSIS/Include/cmsis_gcc.h ****   #pragma GCC diagnostic ignored "-Wpacked"
  89:Drivers/CMSIS/Include/cmsis_gcc.h ****   #pragma GCC diagnostic ignored "-Wattributes"
  90:Drivers/CMSIS/Include/cmsis_gcc.h ****   __PACKED_STRUCT T_UINT16_READ { uint16_t v; };
  91:Drivers/CMSIS/Include/cmsis_gcc.h ****   #pragma GCC diagnostic pop
  92:Drivers/CMSIS/Include/cmsis_gcc.h ****   #define __UNALIGNED_UINT16_READ(addr)          (((const struct T_UINT16_READ *)(const void *)(add
  93:Drivers/CMSIS/Include/cmsis_gcc.h **** #endif
ARM GAS  C:\Users\kerry\AppData\Local\Temp\cc8NnWKL.s 			page 19


  94:Drivers/CMSIS/Include/cmsis_gcc.h **** #ifndef   __UNALIGNED_UINT32_WRITE
  95:Drivers/CMSIS/Include/cmsis_gcc.h ****   #pragma GCC diagnostic push
  96:Drivers/CMSIS/Include/cmsis_gcc.h ****   #pragma GCC diagnostic ignored "-Wpacked"
  97:Drivers/CMSIS/Include/cmsis_gcc.h ****   #pragma GCC diagnostic ignored "-Wattributes"
  98:Drivers/CMSIS/Include/cmsis_gcc.h ****   __PACKED_STRUCT T_UINT32_WRITE { uint32_t v; };
  99:Drivers/CMSIS/Include/cmsis_gcc.h ****   #pragma GCC diagnostic pop
 100:Drivers/CMSIS/Include/cmsis_gcc.h ****   #define __UNALIGNED_UINT32_WRITE(addr, val)    (void)((((struct T_UINT32_WRITE *)(void *)(addr))-
 101:Drivers/CMSIS/Include/cmsis_gcc.h **** #endif
 102:Drivers/CMSIS/Include/cmsis_gcc.h **** #ifndef   __UNALIGNED_UINT32_READ
 103:Drivers/CMSIS/Include/cmsis_gcc.h ****   #pragma GCC diagnostic push
 104:Drivers/CMSIS/Include/cmsis_gcc.h ****   #pragma GCC diagnostic ignored "-Wpacked"
 105:Drivers/CMSIS/Include/cmsis_gcc.h ****   #pragma GCC diagnostic ignored "-Wattributes"
 106:Drivers/CMSIS/Include/cmsis_gcc.h ****   __PACKED_STRUCT T_UINT32_READ { uint32_t v; };
 107:Drivers/CMSIS/Include/cmsis_gcc.h ****   #pragma GCC diagnostic pop
 108:Drivers/CMSIS/Include/cmsis_gcc.h ****   #define __UNALIGNED_UINT32_READ(addr)          (((const struct T_UINT32_READ *)(const void *)(add
 109:Drivers/CMSIS/Include/cmsis_gcc.h **** #endif
 110:Drivers/CMSIS/Include/cmsis_gcc.h **** #ifndef   __ALIGNED
 111:Drivers/CMSIS/Include/cmsis_gcc.h ****   #define __ALIGNED(x)                           __attribute__((aligned(x)))
 112:Drivers/CMSIS/Include/cmsis_gcc.h **** #endif
 113:Drivers/CMSIS/Include/cmsis_gcc.h **** #ifndef   __RESTRICT
 114:Drivers/CMSIS/Include/cmsis_gcc.h ****   #define __RESTRICT                             __restrict
 115:Drivers/CMSIS/Include/cmsis_gcc.h **** #endif
 116:Drivers/CMSIS/Include/cmsis_gcc.h **** #ifndef   __COMPILER_BARRIER
 117:Drivers/CMSIS/Include/cmsis_gcc.h ****   #define __COMPILER_BARRIER()                   __ASM volatile("":::"memory")
 118:Drivers/CMSIS/Include/cmsis_gcc.h **** #endif
 119:Drivers/CMSIS/Include/cmsis_gcc.h **** 
 120:Drivers/CMSIS/Include/cmsis_gcc.h **** /* #########################  Startup and Lowlevel Init  ######################## */
 121:Drivers/CMSIS/Include/cmsis_gcc.h **** 
 122:Drivers/CMSIS/Include/cmsis_gcc.h **** #ifndef __PROGRAM_START
 123:Drivers/CMSIS/Include/cmsis_gcc.h **** 
 124:Drivers/CMSIS/Include/cmsis_gcc.h **** /**
 125:Drivers/CMSIS/Include/cmsis_gcc.h ****   \brief   Initializes data and bss sections
 126:Drivers/CMSIS/Include/cmsis_gcc.h ****   \details This default implementations initialized all data and additional bss
 127:Drivers/CMSIS/Include/cmsis_gcc.h ****            sections relying on .copy.table and .zero.table specified properly
 128:Drivers/CMSIS/Include/cmsis_gcc.h ****            in the used linker script.
 129:Drivers/CMSIS/Include/cmsis_gcc.h ****   
 130:Drivers/CMSIS/Include/cmsis_gcc.h ****  */
 131:Drivers/CMSIS/Include/cmsis_gcc.h **** __STATIC_FORCEINLINE __NO_RETURN void __cmsis_start(void)
 132:Drivers/CMSIS/Include/cmsis_gcc.h **** {
 133:Drivers/CMSIS/Include/cmsis_gcc.h ****   extern void _start(void) __NO_RETURN;
 134:Drivers/CMSIS/Include/cmsis_gcc.h ****   
 135:Drivers/CMSIS/Include/cmsis_gcc.h ****   typedef struct {
 136:Drivers/CMSIS/Include/cmsis_gcc.h ****     uint32_t const* src;
 137:Drivers/CMSIS/Include/cmsis_gcc.h ****     uint32_t* dest;
 138:Drivers/CMSIS/Include/cmsis_gcc.h ****     uint32_t  wlen;
 139:Drivers/CMSIS/Include/cmsis_gcc.h ****   } __copy_table_t;
 140:Drivers/CMSIS/Include/cmsis_gcc.h ****   
 141:Drivers/CMSIS/Include/cmsis_gcc.h ****   typedef struct {
 142:Drivers/CMSIS/Include/cmsis_gcc.h ****     uint32_t* dest;
 143:Drivers/CMSIS/Include/cmsis_gcc.h ****     uint32_t  wlen;
 144:Drivers/CMSIS/Include/cmsis_gcc.h ****   } __zero_table_t;
 145:Drivers/CMSIS/Include/cmsis_gcc.h ****   
 146:Drivers/CMSIS/Include/cmsis_gcc.h ****   extern const __copy_table_t __copy_table_start__;
 147:Drivers/CMSIS/Include/cmsis_gcc.h ****   extern const __copy_table_t __copy_table_end__;
 148:Drivers/CMSIS/Include/cmsis_gcc.h ****   extern const __zero_table_t __zero_table_start__;
 149:Drivers/CMSIS/Include/cmsis_gcc.h ****   extern const __zero_table_t __zero_table_end__;
 150:Drivers/CMSIS/Include/cmsis_gcc.h **** 
ARM GAS  C:\Users\kerry\AppData\Local\Temp\cc8NnWKL.s 			page 20


 151:Drivers/CMSIS/Include/cmsis_gcc.h ****   for (__copy_table_t const* pTable = &__copy_table_start__; pTable < &__copy_table_end__; ++pTable
 152:Drivers/CMSIS/Include/cmsis_gcc.h ****     for(uint32_t i=0u; i<pTable->wlen; ++i) {
 153:Drivers/CMSIS/Include/cmsis_gcc.h ****       pTable->dest[i] = pTable->src[i];
 154:Drivers/CMSIS/Include/cmsis_gcc.h ****     }
 155:Drivers/CMSIS/Include/cmsis_gcc.h ****   }
 156:Drivers/CMSIS/Include/cmsis_gcc.h ****  
 157:Drivers/CMSIS/Include/cmsis_gcc.h ****   for (__zero_table_t const* pTable = &__zero_table_start__; pTable < &__zero_table_end__; ++pTable
 158:Drivers/CMSIS/Include/cmsis_gcc.h ****     for(uint32_t i=0u; i<pTable->wlen; ++i) {
 159:Drivers/CMSIS/Include/cmsis_gcc.h ****       pTable->dest[i] = 0u;
 160:Drivers/CMSIS/Include/cmsis_gcc.h ****     }
 161:Drivers/CMSIS/Include/cmsis_gcc.h ****   }
 162:Drivers/CMSIS/Include/cmsis_gcc.h ****  
 163:Drivers/CMSIS/Include/cmsis_gcc.h ****   _start();
 164:Drivers/CMSIS/Include/cmsis_gcc.h **** }
 165:Drivers/CMSIS/Include/cmsis_gcc.h ****   
 166:Drivers/CMSIS/Include/cmsis_gcc.h **** #define __PROGRAM_START           __cmsis_start
 167:Drivers/CMSIS/Include/cmsis_gcc.h **** #endif
 168:Drivers/CMSIS/Include/cmsis_gcc.h **** 
 169:Drivers/CMSIS/Include/cmsis_gcc.h **** #ifndef __INITIAL_SP
 170:Drivers/CMSIS/Include/cmsis_gcc.h **** #define __INITIAL_SP              __StackTop
 171:Drivers/CMSIS/Include/cmsis_gcc.h **** #endif
 172:Drivers/CMSIS/Include/cmsis_gcc.h **** 
 173:Drivers/CMSIS/Include/cmsis_gcc.h **** #ifndef __STACK_LIMIT
 174:Drivers/CMSIS/Include/cmsis_gcc.h **** #define __STACK_LIMIT             __StackLimit
 175:Drivers/CMSIS/Include/cmsis_gcc.h **** #endif
 176:Drivers/CMSIS/Include/cmsis_gcc.h **** 
 177:Drivers/CMSIS/Include/cmsis_gcc.h **** #ifndef __VECTOR_TABLE
 178:Drivers/CMSIS/Include/cmsis_gcc.h **** #define __VECTOR_TABLE            __Vectors
 179:Drivers/CMSIS/Include/cmsis_gcc.h **** #endif
 180:Drivers/CMSIS/Include/cmsis_gcc.h **** 
 181:Drivers/CMSIS/Include/cmsis_gcc.h **** #ifndef __VECTOR_TABLE_ATTRIBUTE
 182:Drivers/CMSIS/Include/cmsis_gcc.h **** #define __VECTOR_TABLE_ATTRIBUTE  __attribute((used, section(".vectors")))
 183:Drivers/CMSIS/Include/cmsis_gcc.h **** #endif
 184:Drivers/CMSIS/Include/cmsis_gcc.h **** 
 185:Drivers/CMSIS/Include/cmsis_gcc.h **** /* ###########################  Core Function Access  ########################### */
 186:Drivers/CMSIS/Include/cmsis_gcc.h **** /** \ingroup  CMSIS_Core_FunctionInterface
 187:Drivers/CMSIS/Include/cmsis_gcc.h ****     \defgroup CMSIS_Core_RegAccFunctions CMSIS Core Register Access Functions
 188:Drivers/CMSIS/Include/cmsis_gcc.h ****   @{
 189:Drivers/CMSIS/Include/cmsis_gcc.h ****  */
 190:Drivers/CMSIS/Include/cmsis_gcc.h **** 
 191:Drivers/CMSIS/Include/cmsis_gcc.h **** /**
 192:Drivers/CMSIS/Include/cmsis_gcc.h ****   \brief   Enable IRQ Interrupts
 193:Drivers/CMSIS/Include/cmsis_gcc.h ****   \details Enables IRQ interrupts by clearing the I-bit in the CPSR.
 194:Drivers/CMSIS/Include/cmsis_gcc.h ****            Can only be executed in Privileged modes.
 195:Drivers/CMSIS/Include/cmsis_gcc.h ****  */
 196:Drivers/CMSIS/Include/cmsis_gcc.h **** __STATIC_FORCEINLINE void __enable_irq(void)
 197:Drivers/CMSIS/Include/cmsis_gcc.h **** {
 198:Drivers/CMSIS/Include/cmsis_gcc.h ****   __ASM volatile ("cpsie i" : : : "memory");
 199:Drivers/CMSIS/Include/cmsis_gcc.h **** }
 200:Drivers/CMSIS/Include/cmsis_gcc.h **** 
 201:Drivers/CMSIS/Include/cmsis_gcc.h **** 
 202:Drivers/CMSIS/Include/cmsis_gcc.h **** /**
 203:Drivers/CMSIS/Include/cmsis_gcc.h ****   \brief   Disable IRQ Interrupts
 204:Drivers/CMSIS/Include/cmsis_gcc.h ****   \details Disables IRQ interrupts by setting the I-bit in the CPSR.
 205:Drivers/CMSIS/Include/cmsis_gcc.h ****            Can only be executed in Privileged modes.
 206:Drivers/CMSIS/Include/cmsis_gcc.h ****  */
 207:Drivers/CMSIS/Include/cmsis_gcc.h **** __STATIC_FORCEINLINE void __disable_irq(void)
ARM GAS  C:\Users\kerry\AppData\Local\Temp\cc8NnWKL.s 			page 21


 378              		.loc 2 207 27 view .LVU87
 379              	.LBB7:
 208:Drivers/CMSIS/Include/cmsis_gcc.h **** {
 209:Drivers/CMSIS/Include/cmsis_gcc.h ****   __ASM volatile ("cpsid i" : : : "memory");
 380              		.loc 2 209 3 view .LVU88
 381              		.syntax unified
 382              	@ 209 "Drivers/CMSIS/Include/cmsis_gcc.h" 1
 383 0010 72B6     		cpsid i
 384              	@ 0 "" 2
 385              		.thumb
 386              		.syntax unified
 387              	.L22:
 388              	.LBE7:
 389              	.LBE6:
 565:Core/Src/main.c ****   while (1)
 390              		.loc 1 565 3 view .LVU89
 566:Core/Src/main.c ****   {
 567:Core/Src/main.c ****   }
 391              		.loc 1 567 3 view .LVU90
 565:Core/Src/main.c ****   while (1)
 392              		.loc 1 565 9 view .LVU91
 393 0012 FEE7     		b	.L22
 394              	.L25:
 395              		.align	2
 396              	.L24:
 397 0014 00040048 		.word	1207960576
 398              		.cfi_endproc
 399              	.LFE399:
 401              		.section	.text.MX_CAN1_Init,"ax",%progbits
 402              		.align	1
 403              		.syntax unified
 404              		.thumb
 405              		.thumb_func
 407              	MX_CAN1_Init:
 408              	.LFB391:
 326:Core/Src/main.c **** 
 409              		.loc 1 326 1 view -0
 410              		.cfi_startproc
 411              		@ args = 0, pretend = 0, frame = 0
 412              		@ frame_needed = 0, uses_anonymous_args = 0
 413 0000 08B5     		push	{r3, lr}
 414              	.LCFI8:
 415              		.cfi_def_cfa_offset 8
 416              		.cfi_offset 3, -8
 417              		.cfi_offset 14, -4
 335:Core/Src/main.c ****   hcan1.Init.Prescaler = 10;
 418              		.loc 1 335 3 view .LVU93
 335:Core/Src/main.c ****   hcan1.Init.Prescaler = 10;
 419              		.loc 1 335 18 is_stmt 0 view .LVU94
 420 0002 0D48     		ldr	r0, .L30
 421 0004 0D4B     		ldr	r3, .L30+4
 422 0006 0360     		str	r3, [r0]
 336:Core/Src/main.c ****   hcan1.Init.Mode = CAN_MODE_NORMAL;
 423              		.loc 1 336 3 is_stmt 1 view .LVU95
 336:Core/Src/main.c ****   hcan1.Init.Mode = CAN_MODE_NORMAL;
 424              		.loc 1 336 24 is_stmt 0 view .LVU96
 425 0008 0A23     		movs	r3, #10
ARM GAS  C:\Users\kerry\AppData\Local\Temp\cc8NnWKL.s 			page 22


 426 000a 4360     		str	r3, [r0, #4]
 337:Core/Src/main.c ****   hcan1.Init.SyncJumpWidth = CAN_SJW_1TQ;
 427              		.loc 1 337 3 is_stmt 1 view .LVU97
 337:Core/Src/main.c ****   hcan1.Init.SyncJumpWidth = CAN_SJW_1TQ;
 428              		.loc 1 337 19 is_stmt 0 view .LVU98
 429 000c 0023     		movs	r3, #0
 430 000e 8360     		str	r3, [r0, #8]
 338:Core/Src/main.c ****   hcan1.Init.TimeSeg1 = CAN_BS1_13TQ;
 431              		.loc 1 338 3 is_stmt 1 view .LVU99
 338:Core/Src/main.c ****   hcan1.Init.TimeSeg1 = CAN_BS1_13TQ;
 432              		.loc 1 338 28 is_stmt 0 view .LVU100
 433 0010 C360     		str	r3, [r0, #12]
 339:Core/Src/main.c ****   hcan1.Init.TimeSeg2 = CAN_BS2_2TQ;
 434              		.loc 1 339 3 is_stmt 1 view .LVU101
 339:Core/Src/main.c ****   hcan1.Init.TimeSeg2 = CAN_BS2_2TQ;
 435              		.loc 1 339 23 is_stmt 0 view .LVU102
 436 0012 4FF44022 		mov	r2, #786432
 437 0016 0261     		str	r2, [r0, #16]
 340:Core/Src/main.c ****   hcan1.Init.TimeTriggeredMode = DISABLE;
 438              		.loc 1 340 3 is_stmt 1 view .LVU103
 340:Core/Src/main.c ****   hcan1.Init.TimeTriggeredMode = DISABLE;
 439              		.loc 1 340 23 is_stmt 0 view .LVU104
 440 0018 4FF48012 		mov	r2, #1048576
 441 001c 4261     		str	r2, [r0, #20]
 341:Core/Src/main.c ****   hcan1.Init.AutoBusOff = DISABLE;
 442              		.loc 1 341 3 is_stmt 1 view .LVU105
 341:Core/Src/main.c ****   hcan1.Init.AutoBusOff = DISABLE;
 443              		.loc 1 341 32 is_stmt 0 view .LVU106
 444 001e 0376     		strb	r3, [r0, #24]
 342:Core/Src/main.c ****   hcan1.Init.AutoWakeUp = DISABLE;
 445              		.loc 1 342 3 is_stmt 1 view .LVU107
 342:Core/Src/main.c ****   hcan1.Init.AutoWakeUp = DISABLE;
 446              		.loc 1 342 25 is_stmt 0 view .LVU108
 447 0020 4376     		strb	r3, [r0, #25]
 343:Core/Src/main.c ****   hcan1.Init.AutoRetransmission = DISABLE;
 448              		.loc 1 343 3 is_stmt 1 view .LVU109
 343:Core/Src/main.c ****   hcan1.Init.AutoRetransmission = DISABLE;
 449              		.loc 1 343 25 is_stmt 0 view .LVU110
 450 0022 8376     		strb	r3, [r0, #26]
 344:Core/Src/main.c ****   hcan1.Init.ReceiveFifoLocked = DISABLE;
 451              		.loc 1 344 3 is_stmt 1 view .LVU111
 344:Core/Src/main.c ****   hcan1.Init.ReceiveFifoLocked = DISABLE;
 452              		.loc 1 344 33 is_stmt 0 view .LVU112
 453 0024 C376     		strb	r3, [r0, #27]
 345:Core/Src/main.c ****   hcan1.Init.TransmitFifoPriority = DISABLE;
 454              		.loc 1 345 3 is_stmt 1 view .LVU113
 345:Core/Src/main.c ****   hcan1.Init.TransmitFifoPriority = DISABLE;
 455              		.loc 1 345 32 is_stmt 0 view .LVU114
 456 0026 0377     		strb	r3, [r0, #28]
 346:Core/Src/main.c ****   if (HAL_CAN_Init(&hcan1) != HAL_OK)
 457              		.loc 1 346 3 is_stmt 1 view .LVU115
 346:Core/Src/main.c ****   if (HAL_CAN_Init(&hcan1) != HAL_OK)
 458              		.loc 1 346 35 is_stmt 0 view .LVU116
 459 0028 4377     		strb	r3, [r0, #29]
 347:Core/Src/main.c ****   {
 460              		.loc 1 347 3 is_stmt 1 view .LVU117
 347:Core/Src/main.c ****   {
ARM GAS  C:\Users\kerry\AppData\Local\Temp\cc8NnWKL.s 			page 23


 461              		.loc 1 347 7 is_stmt 0 view .LVU118
 462 002a FFF7FEFF 		bl	HAL_CAN_Init
 463              	.LVL22:
 347:Core/Src/main.c ****   {
 464              		.loc 1 347 6 discriminator 1 view .LVU119
 465 002e 00B9     		cbnz	r0, .L29
 355:Core/Src/main.c **** 
 466              		.loc 1 355 1 view .LVU120
 467 0030 08BD     		pop	{r3, pc}
 468              	.L29:
 349:Core/Src/main.c ****   }
 469              		.loc 1 349 5 is_stmt 1 view .LVU121
 470 0032 FFF7FEFF 		bl	Error_Handler
 471              	.LVL23:
 472              	.L31:
 473 0036 00BF     		.align	2
 474              	.L30:
 475 0038 00000000 		.word	hcan1
 476 003c 00640040 		.word	1073767424
 477              		.cfi_endproc
 478              	.LFE391:
 480              		.section	.text.MX_CRC_Init,"ax",%progbits
 481              		.align	1
 482              		.syntax unified
 483              		.thumb
 484              		.thumb_func
 486              	MX_CRC_Init:
 487              	.LFB392:
 363:Core/Src/main.c **** 
 488              		.loc 1 363 1 view -0
 489              		.cfi_startproc
 490              		@ args = 0, pretend = 0, frame = 0
 491              		@ frame_needed = 0, uses_anonymous_args = 0
 492 0000 08B5     		push	{r3, lr}
 493              	.LCFI9:
 494              		.cfi_def_cfa_offset 8
 495              		.cfi_offset 3, -8
 496              		.cfi_offset 14, -4
 372:Core/Src/main.c ****   hcrc.Init.DefaultPolynomialUse = DEFAULT_POLYNOMIAL_ENABLE;
 497              		.loc 1 372 3 view .LVU123
 372:Core/Src/main.c ****   hcrc.Init.DefaultPolynomialUse = DEFAULT_POLYNOMIAL_ENABLE;
 498              		.loc 1 372 17 is_stmt 0 view .LVU124
 499 0002 0848     		ldr	r0, .L36
 500 0004 084B     		ldr	r3, .L36+4
 501 0006 0360     		str	r3, [r0]
 373:Core/Src/main.c ****   hcrc.Init.DefaultInitValueUse = DEFAULT_INIT_VALUE_ENABLE;
 502              		.loc 1 373 3 is_stmt 1 view .LVU125
 373:Core/Src/main.c ****   hcrc.Init.DefaultInitValueUse = DEFAULT_INIT_VALUE_ENABLE;
 503              		.loc 1 373 34 is_stmt 0 view .LVU126
 504 0008 0023     		movs	r3, #0
 505 000a 0371     		strb	r3, [r0, #4]
 374:Core/Src/main.c ****   hcrc.Init.InputDataInversionMode = CRC_INPUTDATA_INVERSION_NONE;
 506              		.loc 1 374 3 is_stmt 1 view .LVU127
 374:Core/Src/main.c ****   hcrc.Init.InputDataInversionMode = CRC_INPUTDATA_INVERSION_NONE;
 507              		.loc 1 374 33 is_stmt 0 view .LVU128
 508 000c 4371     		strb	r3, [r0, #5]
 375:Core/Src/main.c ****   hcrc.Init.OutputDataInversionMode = CRC_OUTPUTDATA_INVERSION_DISABLE;
ARM GAS  C:\Users\kerry\AppData\Local\Temp\cc8NnWKL.s 			page 24


 509              		.loc 1 375 3 is_stmt 1 view .LVU129
 375:Core/Src/main.c ****   hcrc.Init.OutputDataInversionMode = CRC_OUTPUTDATA_INVERSION_DISABLE;
 510              		.loc 1 375 36 is_stmt 0 view .LVU130
 511 000e 4361     		str	r3, [r0, #20]
 376:Core/Src/main.c ****   hcrc.InputDataFormat = CRC_INPUTDATA_FORMAT_BYTES;
 512              		.loc 1 376 3 is_stmt 1 view .LVU131
 376:Core/Src/main.c ****   hcrc.InputDataFormat = CRC_INPUTDATA_FORMAT_BYTES;
 513              		.loc 1 376 37 is_stmt 0 view .LVU132
 514 0010 8361     		str	r3, [r0, #24]
 377:Core/Src/main.c ****   if (HAL_CRC_Init(&hcrc) != HAL_OK)
 515              		.loc 1 377 3 is_stmt 1 view .LVU133
 377:Core/Src/main.c ****   if (HAL_CRC_Init(&hcrc) != HAL_OK)
 516              		.loc 1 377 24 is_stmt 0 view .LVU134
 517 0012 0123     		movs	r3, #1
 518 0014 0362     		str	r3, [r0, #32]
 378:Core/Src/main.c ****   {
 519              		.loc 1 378 3 is_stmt 1 view .LVU135
 378:Core/Src/main.c ****   {
 520              		.loc 1 378 7 is_stmt 0 view .LVU136
 521 0016 FFF7FEFF 		bl	HAL_CRC_Init
 522              	.LVL24:
 378:Core/Src/main.c ****   {
 523              		.loc 1 378 6 discriminator 1 view .LVU137
 524 001a 00B9     		cbnz	r0, .L35
 386:Core/Src/main.c **** 
 525              		.loc 1 386 1 view .LVU138
 526 001c 08BD     		pop	{r3, pc}
 527              	.L35:
 380:Core/Src/main.c ****   }
 528              		.loc 1 380 5 is_stmt 1 view .LVU139
 529 001e FFF7FEFF 		bl	Error_Handler
 530              	.LVL25:
 531              	.L37:
 532 0022 00BF     		.align	2
 533              	.L36:
 534 0024 00000000 		.word	hcrc
 535 0028 00300240 		.word	1073885184
 536              		.cfi_endproc
 537              	.LFE392:
 539              		.section	.text.MX_ADC1_Init,"ax",%progbits
 540              		.align	1
 541              		.syntax unified
 542              		.thumb
 543              		.thumb_func
 545              	MX_ADC1_Init:
 546              	.LFB390:
 268:Core/Src/main.c **** 
 547              		.loc 1 268 1 view -0
 548              		.cfi_startproc
 549              		@ args = 0, pretend = 0, frame = 24
 550              		@ frame_needed = 0, uses_anonymous_args = 0
 551 0000 00B5     		push	{lr}
 552              	.LCFI10:
 553              		.cfi_def_cfa_offset 4
 554              		.cfi_offset 14, -4
 555 0002 87B0     		sub	sp, sp, #28
 556              	.LCFI11:
ARM GAS  C:\Users\kerry\AppData\Local\Temp\cc8NnWKL.s 			page 25


 557              		.cfi_def_cfa_offset 32
 274:Core/Src/main.c **** 
 558              		.loc 1 274 3 view .LVU141
 274:Core/Src/main.c **** 
 559              		.loc 1 274 26 is_stmt 0 view .LVU142
 560 0004 0023     		movs	r3, #0
 561 0006 0093     		str	r3, [sp]
 562 0008 0193     		str	r3, [sp, #4]
 563 000a 0293     		str	r3, [sp, #8]
 564 000c 0393     		str	r3, [sp, #12]
 565 000e 0493     		str	r3, [sp, #16]
 566 0010 0593     		str	r3, [sp, #20]
 282:Core/Src/main.c ****   hadc1.Init.ClockPrescaler = ADC_CLOCK_ASYNC_DIV1;
 567              		.loc 1 282 3 is_stmt 1 view .LVU143
 282:Core/Src/main.c ****   hadc1.Init.ClockPrescaler = ADC_CLOCK_ASYNC_DIV1;
 568              		.loc 1 282 18 is_stmt 0 view .LVU144
 569 0012 1848     		ldr	r0, .L44
 570 0014 184A     		ldr	r2, .L44+4
 571 0016 0260     		str	r2, [r0]
 283:Core/Src/main.c ****   hadc1.Init.Resolution = ADC_RESOLUTION_12B;
 572              		.loc 1 283 3 is_stmt 1 view .LVU145
 283:Core/Src/main.c ****   hadc1.Init.Resolution = ADC_RESOLUTION_12B;
 573              		.loc 1 283 29 is_stmt 0 view .LVU146
 574 0018 4360     		str	r3, [r0, #4]
 284:Core/Src/main.c ****   hadc1.Init.DataAlign = ADC_DATAALIGN_RIGHT;
 575              		.loc 1 284 3 is_stmt 1 view .LVU147
 284:Core/Src/main.c ****   hadc1.Init.DataAlign = ADC_DATAALIGN_RIGHT;
 576              		.loc 1 284 25 is_stmt 0 view .LVU148
 577 001a 8360     		str	r3, [r0, #8]
 285:Core/Src/main.c ****   hadc1.Init.ScanConvMode = ADC_SCAN_DISABLE;
 578              		.loc 1 285 3 is_stmt 1 view .LVU149
 285:Core/Src/main.c ****   hadc1.Init.ScanConvMode = ADC_SCAN_DISABLE;
 579              		.loc 1 285 24 is_stmt 0 view .LVU150
 580 001c C360     		str	r3, [r0, #12]
 286:Core/Src/main.c ****   hadc1.Init.EOCSelection = ADC_EOC_SINGLE_CONV;
 581              		.loc 1 286 3 is_stmt 1 view .LVU151
 286:Core/Src/main.c ****   hadc1.Init.EOCSelection = ADC_EOC_SINGLE_CONV;
 582              		.loc 1 286 27 is_stmt 0 view .LVU152
 583 001e 0361     		str	r3, [r0, #16]
 287:Core/Src/main.c ****   hadc1.Init.LowPowerAutoWait = DISABLE;
 584              		.loc 1 287 3 is_stmt 1 view .LVU153
 287:Core/Src/main.c ****   hadc1.Init.LowPowerAutoWait = DISABLE;
 585              		.loc 1 287 27 is_stmt 0 view .LVU154
 586 0020 0422     		movs	r2, #4
 587 0022 4261     		str	r2, [r0, #20]
 288:Core/Src/main.c ****   hadc1.Init.ContinuousConvMode = DISABLE;
 588              		.loc 1 288 3 is_stmt 1 view .LVU155
 288:Core/Src/main.c ****   hadc1.Init.ContinuousConvMode = DISABLE;
 589              		.loc 1 288 31 is_stmt 0 view .LVU156
 590 0024 0376     		strb	r3, [r0, #24]
 289:Core/Src/main.c ****   hadc1.Init.NbrOfConversion = 1;
 591              		.loc 1 289 3 is_stmt 1 view .LVU157
 289:Core/Src/main.c ****   hadc1.Init.NbrOfConversion = 1;
 592              		.loc 1 289 33 is_stmt 0 view .LVU158
 593 0026 4376     		strb	r3, [r0, #25]
 290:Core/Src/main.c ****   hadc1.Init.DiscontinuousConvMode = DISABLE;
 594              		.loc 1 290 3 is_stmt 1 view .LVU159
ARM GAS  C:\Users\kerry\AppData\Local\Temp\cc8NnWKL.s 			page 26


 290:Core/Src/main.c ****   hadc1.Init.DiscontinuousConvMode = DISABLE;
 595              		.loc 1 290 30 is_stmt 0 view .LVU160
 596 0028 0122     		movs	r2, #1
 597 002a C261     		str	r2, [r0, #28]
 291:Core/Src/main.c ****   hadc1.Init.ExternalTrigConv = ADC_SOFTWARE_START;
 598              		.loc 1 291 3 is_stmt 1 view .LVU161
 291:Core/Src/main.c ****   hadc1.Init.ExternalTrigConv = ADC_SOFTWARE_START;
 599              		.loc 1 291 36 is_stmt 0 view .LVU162
 600 002c 80F82030 		strb	r3, [r0, #32]
 292:Core/Src/main.c ****   hadc1.Init.ExternalTrigConvEdge = ADC_EXTERNALTRIGCONVEDGE_NONE;
 601              		.loc 1 292 3 is_stmt 1 view .LVU163
 292:Core/Src/main.c ****   hadc1.Init.ExternalTrigConvEdge = ADC_EXTERNALTRIGCONVEDGE_NONE;
 602              		.loc 1 292 31 is_stmt 0 view .LVU164
 603 0030 8362     		str	r3, [r0, #40]
 293:Core/Src/main.c ****   hadc1.Init.DMAContinuousRequests = DISABLE;
 604              		.loc 1 293 3 is_stmt 1 view .LVU165
 293:Core/Src/main.c ****   hadc1.Init.DMAContinuousRequests = DISABLE;
 605              		.loc 1 293 35 is_stmt 0 view .LVU166
 606 0032 C362     		str	r3, [r0, #44]
 294:Core/Src/main.c ****   hadc1.Init.Overrun = ADC_OVR_DATA_PRESERVED;
 607              		.loc 1 294 3 is_stmt 1 view .LVU167
 294:Core/Src/main.c ****   hadc1.Init.Overrun = ADC_OVR_DATA_PRESERVED;
 608              		.loc 1 294 36 is_stmt 0 view .LVU168
 609 0034 80F83030 		strb	r3, [r0, #48]
 295:Core/Src/main.c ****   hadc1.Init.OversamplingMode = DISABLE;
 610              		.loc 1 295 3 is_stmt 1 view .LVU169
 295:Core/Src/main.c ****   hadc1.Init.OversamplingMode = DISABLE;
 611              		.loc 1 295 22 is_stmt 0 view .LVU170
 612 0038 4363     		str	r3, [r0, #52]
 296:Core/Src/main.c ****   if (HAL_ADC_Init(&hadc1) != HAL_OK)
 613              		.loc 1 296 3 is_stmt 1 view .LVU171
 296:Core/Src/main.c ****   if (HAL_ADC_Init(&hadc1) != HAL_OK)
 614              		.loc 1 296 31 is_stmt 0 view .LVU172
 615 003a 80F83830 		strb	r3, [r0, #56]
 297:Core/Src/main.c ****   {
 616              		.loc 1 297 3 is_stmt 1 view .LVU173
 297:Core/Src/main.c ****   {
 617              		.loc 1 297 7 is_stmt 0 view .LVU174
 618 003e FFF7FEFF 		bl	HAL_ADC_Init
 619              	.LVL26:
 297:Core/Src/main.c ****   {
 620              		.loc 1 297 6 discriminator 1 view .LVU175
 621 0042 90B9     		cbnz	r0, .L42
 304:Core/Src/main.c ****   sConfig.Rank = ADC_REGULAR_RANK_1;
 622              		.loc 1 304 3 is_stmt 1 view .LVU176
 304:Core/Src/main.c ****   sConfig.Rank = ADC_REGULAR_RANK_1;
 623              		.loc 1 304 19 is_stmt 0 view .LVU177
 624 0044 0D4B     		ldr	r3, .L44+8
 625 0046 0093     		str	r3, [sp]
 305:Core/Src/main.c ****   sConfig.SamplingTime = ADC_SAMPLETIME_2CYCLES_5;
 626              		.loc 1 305 3 is_stmt 1 view .LVU178
 305:Core/Src/main.c ****   sConfig.SamplingTime = ADC_SAMPLETIME_2CYCLES_5;
 627              		.loc 1 305 16 is_stmt 0 view .LVU179
 628 0048 0623     		movs	r3, #6
 629 004a 0193     		str	r3, [sp, #4]
 306:Core/Src/main.c ****   sConfig.SingleDiff = ADC_SINGLE_ENDED;
 630              		.loc 1 306 3 is_stmt 1 view .LVU180
ARM GAS  C:\Users\kerry\AppData\Local\Temp\cc8NnWKL.s 			page 27


 306:Core/Src/main.c ****   sConfig.SingleDiff = ADC_SINGLE_ENDED;
 631              		.loc 1 306 24 is_stmt 0 view .LVU181
 632 004c 0023     		movs	r3, #0
 633 004e 0293     		str	r3, [sp, #8]
 307:Core/Src/main.c ****   sConfig.OffsetNumber = ADC_OFFSET_NONE;
 634              		.loc 1 307 3 is_stmt 1 view .LVU182
 307:Core/Src/main.c ****   sConfig.OffsetNumber = ADC_OFFSET_NONE;
 635              		.loc 1 307 22 is_stmt 0 view .LVU183
 636 0050 7F22     		movs	r2, #127
 637 0052 0392     		str	r2, [sp, #12]
 308:Core/Src/main.c ****   sConfig.Offset = 0;
 638              		.loc 1 308 3 is_stmt 1 view .LVU184
 308:Core/Src/main.c ****   sConfig.Offset = 0;
 639              		.loc 1 308 24 is_stmt 0 view .LVU185
 640 0054 0422     		movs	r2, #4
 641 0056 0492     		str	r2, [sp, #16]
 309:Core/Src/main.c ****   if (HAL_ADC_ConfigChannel(&hadc1, &sConfig) != HAL_OK)
 642              		.loc 1 309 3 is_stmt 1 view .LVU186
 309:Core/Src/main.c ****   if (HAL_ADC_ConfigChannel(&hadc1, &sConfig) != HAL_OK)
 643              		.loc 1 309 18 is_stmt 0 view .LVU187
 644 0058 0593     		str	r3, [sp, #20]
 310:Core/Src/main.c ****   {
 645              		.loc 1 310 3 is_stmt 1 view .LVU188
 310:Core/Src/main.c ****   {
 646              		.loc 1 310 7 is_stmt 0 view .LVU189
 647 005a 6946     		mov	r1, sp
 648 005c 0548     		ldr	r0, .L44
 649 005e FFF7FEFF 		bl	HAL_ADC_ConfigChannel
 650              	.LVL27:
 310:Core/Src/main.c ****   {
 651              		.loc 1 310 6 discriminator 1 view .LVU190
 652 0062 20B9     		cbnz	r0, .L43
 318:Core/Src/main.c **** 
 653              		.loc 1 318 1 view .LVU191
 654 0064 07B0     		add	sp, sp, #28
 655              	.LCFI12:
 656              		.cfi_remember_state
 657              		.cfi_def_cfa_offset 4
 658              		@ sp needed
 659 0066 5DF804FB 		ldr	pc, [sp], #4
 660              	.L42:
 661              	.LCFI13:
 662              		.cfi_restore_state
 299:Core/Src/main.c ****   }
 663              		.loc 1 299 5 is_stmt 1 view .LVU192
 664 006a FFF7FEFF 		bl	Error_Handler
 665              	.LVL28:
 666              	.L43:
 312:Core/Src/main.c ****   }
 667              		.loc 1 312 5 view .LVU193
 668 006e FFF7FEFF 		bl	Error_Handler
 669              	.LVL29:
 670              	.L45:
 671 0072 00BF     		.align	2
 672              	.L44:
 673 0074 00000000 		.word	hadc1
 674 0078 00000450 		.word	1342439424
ARM GAS  C:\Users\kerry\AppData\Local\Temp\cc8NnWKL.s 			page 28


 675 007c 2000F014 		.word	351272992
 676              		.cfi_endproc
 677              	.LFE390:
 679              		.section	.text.MX_CAN1_Filter_Init,"ax",%progbits
 680              		.align	1
 681              		.syntax unified
 682              		.thumb
 683              		.thumb_func
 685              	MX_CAN1_Filter_Init:
 686              	.LFB394:
 450:Core/Src/main.c ****   CAN_FilterTypeDef canFilterConfig = {0};
 687              		.loc 1 450 1 view -0
 688              		.cfi_startproc
 689              		@ args = 0, pretend = 0, frame = 40
 690              		@ frame_needed = 0, uses_anonymous_args = 0
 691 0000 10B5     		push	{r4, lr}
 692              	.LCFI14:
 693              		.cfi_def_cfa_offset 8
 694              		.cfi_offset 4, -8
 695              		.cfi_offset 14, -4
 696 0002 8AB0     		sub	sp, sp, #40
 697              	.LCFI15:
 698              		.cfi_def_cfa_offset 48
 451:Core/Src/main.c **** 
 699              		.loc 1 451 3 view .LVU195
 451:Core/Src/main.c **** 
 700              		.loc 1 451 21 is_stmt 0 view .LVU196
 701 0004 2822     		movs	r2, #40
 702 0006 0021     		movs	r1, #0
 703 0008 6846     		mov	r0, sp
 704 000a FFF7FEFF 		bl	memset
 705              	.LVL30:
 453:Core/Src/main.c ****   canFilterConfig.FilterMode = CAN_FILTERMODE_IDMASK;
 706              		.loc 1 453 3 is_stmt 1 view .LVU197
 454:Core/Src/main.c ****   canFilterConfig.FilterScale = CAN_FILTERSCALE_32BIT;
 707              		.loc 1 454 3 view .LVU198
 455:Core/Src/main.c ****   canFilterConfig.FilterIdHigh = 0x0000;
 708              		.loc 1 455 3 view .LVU199
 455:Core/Src/main.c ****   canFilterConfig.FilterIdHigh = 0x0000;
 709              		.loc 1 455 31 is_stmt 0 view .LVU200
 710 000e 0123     		movs	r3, #1
 711 0010 0793     		str	r3, [sp, #28]
 456:Core/Src/main.c ****   canFilterConfig.FilterIdLow = 0x0000;
 712              		.loc 1 456 3 is_stmt 1 view .LVU201
 457:Core/Src/main.c ****   canFilterConfig.FilterMaskIdHigh = 0x0000;
 713              		.loc 1 457 3 view .LVU202
 458:Core/Src/main.c ****   canFilterConfig.FilterMaskIdLow = 0x0000;
 714              		.loc 1 458 3 view .LVU203
 459:Core/Src/main.c ****   canFilterConfig.FilterFIFOAssignment = CAN_FILTER_FIFO0;
 715              		.loc 1 459 3 view .LVU204
 460:Core/Src/main.c ****   canFilterConfig.FilterActivation = ENABLE;
 716              		.loc 1 460 3 view .LVU205
 461:Core/Src/main.c ****   canFilterConfig.SlaveStartFilterBank = 14;
 717              		.loc 1 461 3 view .LVU206
 461:Core/Src/main.c ****   canFilterConfig.SlaveStartFilterBank = 14;
 718              		.loc 1 461 36 is_stmt 0 view .LVU207
 719 0012 0893     		str	r3, [sp, #32]
ARM GAS  C:\Users\kerry\AppData\Local\Temp\cc8NnWKL.s 			page 29


 462:Core/Src/main.c **** 
 720              		.loc 1 462 3 is_stmt 1 view .LVU208
 462:Core/Src/main.c **** 
 721              		.loc 1 462 40 is_stmt 0 view .LVU209
 722 0014 0E23     		movs	r3, #14
 723 0016 0993     		str	r3, [sp, #36]
 464:Core/Src/main.c ****   {
 724              		.loc 1 464 3 is_stmt 1 view .LVU210
 464:Core/Src/main.c ****   {
 725              		.loc 1 464 7 is_stmt 0 view .LVU211
 726 0018 6946     		mov	r1, sp
 727 001a 0448     		ldr	r0, .L50
 728 001c FFF7FEFF 		bl	HAL_CAN_ConfigFilter
 729              	.LVL31:
 464:Core/Src/main.c ****   {
 730              		.loc 1 464 6 discriminator 1 view .LVU212
 731 0020 08B9     		cbnz	r0, .L49
 468:Core/Src/main.c **** 
 732              		.loc 1 468 1 view .LVU213
 733 0022 0AB0     		add	sp, sp, #40
 734              	.LCFI16:
 735              		.cfi_remember_state
 736              		.cfi_def_cfa_offset 8
 737              		@ sp needed
 738 0024 10BD     		pop	{r4, pc}
 739              	.L49:
 740              	.LCFI17:
 741              		.cfi_restore_state
 466:Core/Src/main.c ****   }
 742              		.loc 1 466 5 is_stmt 1 view .LVU214
 743 0026 FFF7FEFF 		bl	Error_Handler
 744              	.LVL32:
 745              	.L51:
 746 002a 00BF     		.align	2
 747              	.L50:
 748 002c 00000000 		.word	hcan1
 749              		.cfi_endproc
 750              	.LFE394:
 752              		.section	.text.SystemClock_Config,"ax",%progbits
 753              		.align	1
 754              		.global	SystemClock_Config
 755              		.syntax unified
 756              		.thumb
 757              		.thumb_func
 759              	SystemClock_Config:
 760              	.LFB389:
 218:Core/Src/main.c ****   RCC_OscInitTypeDef RCC_OscInitStruct = {0};
 761              		.loc 1 218 1 view -0
 762              		.cfi_startproc
 763              		@ args = 0, pretend = 0, frame = 88
 764              		@ frame_needed = 0, uses_anonymous_args = 0
 765 0000 00B5     		push	{lr}
 766              	.LCFI18:
 767              		.cfi_def_cfa_offset 4
 768              		.cfi_offset 14, -4
 769 0002 97B0     		sub	sp, sp, #92
 770              	.LCFI19:
ARM GAS  C:\Users\kerry\AppData\Local\Temp\cc8NnWKL.s 			page 30


 771              		.cfi_def_cfa_offset 96
 219:Core/Src/main.c ****   RCC_ClkInitTypeDef RCC_ClkInitStruct = {0};
 772              		.loc 1 219 3 view .LVU216
 219:Core/Src/main.c ****   RCC_ClkInitTypeDef RCC_ClkInitStruct = {0};
 773              		.loc 1 219 22 is_stmt 0 view .LVU217
 774 0004 4422     		movs	r2, #68
 775 0006 0021     		movs	r1, #0
 776 0008 05A8     		add	r0, sp, #20
 777 000a FFF7FEFF 		bl	memset
 778              	.LVL33:
 220:Core/Src/main.c **** 
 779              		.loc 1 220 3 is_stmt 1 view .LVU218
 220:Core/Src/main.c **** 
 780              		.loc 1 220 22 is_stmt 0 view .LVU219
 781 000e 0023     		movs	r3, #0
 782 0010 0093     		str	r3, [sp]
 783 0012 0193     		str	r3, [sp, #4]
 784 0014 0293     		str	r3, [sp, #8]
 785 0016 0393     		str	r3, [sp, #12]
 786 0018 0493     		str	r3, [sp, #16]
 224:Core/Src/main.c ****   {
 787              		.loc 1 224 3 is_stmt 1 view .LVU220
 224:Core/Src/main.c ****   {
 788              		.loc 1 224 7 is_stmt 0 view .LVU221
 789 001a 4FF40070 		mov	r0, #512
 790 001e FFF7FEFF 		bl	HAL_PWREx_ControlVoltageScaling
 791              	.LVL34:
 224:Core/Src/main.c ****   {
 792              		.loc 1 224 6 discriminator 1 view .LVU222
 793 0022 18BB     		cbnz	r0, .L57
 232:Core/Src/main.c ****   RCC_OscInitStruct.HSIState = RCC_HSI_ON;
 794              		.loc 1 232 3 is_stmt 1 view .LVU223
 232:Core/Src/main.c ****   RCC_OscInitStruct.HSIState = RCC_HSI_ON;
 795              		.loc 1 232 36 is_stmt 0 view .LVU224
 796 0024 0223     		movs	r3, #2
 797 0026 0593     		str	r3, [sp, #20]
 233:Core/Src/main.c ****   RCC_OscInitStruct.HSICalibrationValue = RCC_HSICALIBRATION_DEFAULT;
 798              		.loc 1 233 3 is_stmt 1 view .LVU225
 233:Core/Src/main.c ****   RCC_OscInitStruct.HSICalibrationValue = RCC_HSICALIBRATION_DEFAULT;
 799              		.loc 1 233 30 is_stmt 0 view .LVU226
 800 0028 4FF48072 		mov	r2, #256
 801 002c 0892     		str	r2, [sp, #32]
 234:Core/Src/main.c ****   RCC_OscInitStruct.PLL.PLLState = RCC_PLL_ON;
 802              		.loc 1 234 3 is_stmt 1 view .LVU227
 234:Core/Src/main.c ****   RCC_OscInitStruct.PLL.PLLState = RCC_PLL_ON;
 803              		.loc 1 234 41 is_stmt 0 view .LVU228
 804 002e 1022     		movs	r2, #16
 805 0030 0992     		str	r2, [sp, #36]
 235:Core/Src/main.c ****   RCC_OscInitStruct.PLL.PLLSource = RCC_PLLSOURCE_HSI;
 806              		.loc 1 235 3 is_stmt 1 view .LVU229
 235:Core/Src/main.c ****   RCC_OscInitStruct.PLL.PLLSource = RCC_PLLSOURCE_HSI;
 807              		.loc 1 235 34 is_stmt 0 view .LVU230
 808 0032 0F93     		str	r3, [sp, #60]
 236:Core/Src/main.c ****   RCC_OscInitStruct.PLL.PLLM = 2;
 809              		.loc 1 236 3 is_stmt 1 view .LVU231
 236:Core/Src/main.c ****   RCC_OscInitStruct.PLL.PLLM = 2;
 810              		.loc 1 236 35 is_stmt 0 view .LVU232
ARM GAS  C:\Users\kerry\AppData\Local\Temp\cc8NnWKL.s 			page 31


 811 0034 1093     		str	r3, [sp, #64]
 237:Core/Src/main.c ****   RCC_OscInitStruct.PLL.PLLN = 20;
 812              		.loc 1 237 3 is_stmt 1 view .LVU233
 237:Core/Src/main.c ****   RCC_OscInitStruct.PLL.PLLN = 20;
 813              		.loc 1 237 30 is_stmt 0 view .LVU234
 814 0036 1193     		str	r3, [sp, #68]
 238:Core/Src/main.c ****   RCC_OscInitStruct.PLL.PLLP = RCC_PLLP_DIV7;
 815              		.loc 1 238 3 is_stmt 1 view .LVU235
 238:Core/Src/main.c ****   RCC_OscInitStruct.PLL.PLLP = RCC_PLLP_DIV7;
 816              		.loc 1 238 30 is_stmt 0 view .LVU236
 817 0038 1422     		movs	r2, #20
 818 003a 1292     		str	r2, [sp, #72]
 239:Core/Src/main.c ****   RCC_OscInitStruct.PLL.PLLQ = RCC_PLLQ_DIV2;
 819              		.loc 1 239 3 is_stmt 1 view .LVU237
 239:Core/Src/main.c ****   RCC_OscInitStruct.PLL.PLLQ = RCC_PLLQ_DIV2;
 820              		.loc 1 239 30 is_stmt 0 view .LVU238
 821 003c 0722     		movs	r2, #7
 822 003e 1392     		str	r2, [sp, #76]
 240:Core/Src/main.c ****   RCC_OscInitStruct.PLL.PLLR = RCC_PLLR_DIV2;
 823              		.loc 1 240 3 is_stmt 1 view .LVU239
 240:Core/Src/main.c ****   RCC_OscInitStruct.PLL.PLLR = RCC_PLLR_DIV2;
 824              		.loc 1 240 30 is_stmt 0 view .LVU240
 825 0040 1493     		str	r3, [sp, #80]
 241:Core/Src/main.c ****   if (HAL_RCC_OscConfig(&RCC_OscInitStruct) != HAL_OK)
 826              		.loc 1 241 3 is_stmt 1 view .LVU241
 241:Core/Src/main.c ****   if (HAL_RCC_OscConfig(&RCC_OscInitStruct) != HAL_OK)
 827              		.loc 1 241 30 is_stmt 0 view .LVU242
 828 0042 1593     		str	r3, [sp, #84]
 242:Core/Src/main.c ****   {
 829              		.loc 1 242 3 is_stmt 1 view .LVU243
 242:Core/Src/main.c ****   {
 830              		.loc 1 242 7 is_stmt 0 view .LVU244
 831 0044 05A8     		add	r0, sp, #20
 832 0046 FFF7FEFF 		bl	HAL_RCC_OscConfig
 833              	.LVL35:
 242:Core/Src/main.c ****   {
 834              		.loc 1 242 6 discriminator 1 view .LVU245
 835 004a 88B9     		cbnz	r0, .L58
 249:Core/Src/main.c ****                               |RCC_CLOCKTYPE_PCLK1|RCC_CLOCKTYPE_PCLK2;
 836              		.loc 1 249 3 is_stmt 1 view .LVU246
 249:Core/Src/main.c ****                               |RCC_CLOCKTYPE_PCLK1|RCC_CLOCKTYPE_PCLK2;
 837              		.loc 1 249 31 is_stmt 0 view .LVU247
 838 004c 0F23     		movs	r3, #15
 839 004e 0093     		str	r3, [sp]
 251:Core/Src/main.c ****   RCC_ClkInitStruct.AHBCLKDivider = RCC_SYSCLK_DIV1;
 840              		.loc 1 251 3 is_stmt 1 view .LVU248
 251:Core/Src/main.c ****   RCC_ClkInitStruct.AHBCLKDivider = RCC_SYSCLK_DIV1;
 841              		.loc 1 251 34 is_stmt 0 view .LVU249
 842 0050 0323     		movs	r3, #3
 843 0052 0193     		str	r3, [sp, #4]
 252:Core/Src/main.c ****   RCC_ClkInitStruct.APB1CLKDivider = RCC_HCLK_DIV1;
 844              		.loc 1 252 3 is_stmt 1 view .LVU250
 252:Core/Src/main.c ****   RCC_ClkInitStruct.APB1CLKDivider = RCC_HCLK_DIV1;
 845              		.loc 1 252 35 is_stmt 0 view .LVU251
 846 0054 0023     		movs	r3, #0
 847 0056 0293     		str	r3, [sp, #8]
 253:Core/Src/main.c ****   RCC_ClkInitStruct.APB2CLKDivider = RCC_HCLK_DIV1;
ARM GAS  C:\Users\kerry\AppData\Local\Temp\cc8NnWKL.s 			page 32


 848              		.loc 1 253 3 is_stmt 1 view .LVU252
 253:Core/Src/main.c ****   RCC_ClkInitStruct.APB2CLKDivider = RCC_HCLK_DIV1;
 849              		.loc 1 253 36 is_stmt 0 view .LVU253
 850 0058 0393     		str	r3, [sp, #12]
 254:Core/Src/main.c **** 
 851              		.loc 1 254 3 is_stmt 1 view .LVU254
 254:Core/Src/main.c **** 
 852              		.loc 1 254 36 is_stmt 0 view .LVU255
 853 005a 0493     		str	r3, [sp, #16]
 256:Core/Src/main.c ****   {
 854              		.loc 1 256 3 is_stmt 1 view .LVU256
 256:Core/Src/main.c ****   {
 855              		.loc 1 256 7 is_stmt 0 view .LVU257
 856 005c 0421     		movs	r1, #4
 857 005e 6846     		mov	r0, sp
 858 0060 FFF7FEFF 		bl	HAL_RCC_ClockConfig
 859              	.LVL36:
 256:Core/Src/main.c ****   {
 860              		.loc 1 256 6 discriminator 1 view .LVU258
 861 0064 30B9     		cbnz	r0, .L59
 260:Core/Src/main.c **** 
 862              		.loc 1 260 1 view .LVU259
 863 0066 17B0     		add	sp, sp, #92
 864              	.LCFI20:
 865              		.cfi_remember_state
 866              		.cfi_def_cfa_offset 4
 867              		@ sp needed
 868 0068 5DF804FB 		ldr	pc, [sp], #4
 869              	.L57:
 870              	.LCFI21:
 871              		.cfi_restore_state
 226:Core/Src/main.c ****   }
 872              		.loc 1 226 5 is_stmt 1 view .LVU260
 873 006c FFF7FEFF 		bl	Error_Handler
 874              	.LVL37:
 875              	.L58:
 244:Core/Src/main.c ****   }
 876              		.loc 1 244 5 view .LVU261
 877 0070 FFF7FEFF 		bl	Error_Handler
 878              	.LVL38:
 879              	.L59:
 258:Core/Src/main.c ****   }
 880              		.loc 1 258 5 view .LVU262
 881 0074 FFF7FEFF 		bl	Error_Handler
 882              	.LVL39:
 883              		.cfi_endproc
 884              	.LFE389:
 886              		.section	.text.main,"ax",%progbits
 887              		.align	1
 888              		.global	main
 889              		.syntax unified
 890              		.thumb
 891              		.thumb_func
 893              	main:
 894              	.LFB388:
 112:Core/Src/main.c **** 
 895              		.loc 1 112 1 view -0
ARM GAS  C:\Users\kerry\AppData\Local\Temp\cc8NnWKL.s 			page 33


 896              		.cfi_startproc
 897              		@ Volatile: function does not return.
 898              		@ args = 0, pretend = 0, frame = 0
 899              		@ frame_needed = 0, uses_anonymous_args = 0
 900 0000 08B5     		push	{r3, lr}
 901              	.LCFI22:
 902              		.cfi_def_cfa_offset 8
 903              		.cfi_offset 3, -8
 904              		.cfi_offset 14, -4
 121:Core/Src/main.c **** 
 905              		.loc 1 121 3 view .LVU264
 906 0002 FFF7FEFF 		bl	HAL_Init
 907              	.LVL40:
 128:Core/Src/main.c **** 
 908              		.loc 1 128 3 view .LVU265
 909 0006 FFF7FEFF 		bl	SystemClock_Config
 910              	.LVL41:
 135:Core/Src/main.c ****   MX_CAN1_Init();
 911              		.loc 1 135 3 view .LVU266
 912 000a FFF7FEFF 		bl	MX_GPIO_Init
 913              	.LVL42:
 136:Core/Src/main.c ****   MX_CRC_Init();
 914              		.loc 1 136 3 view .LVU267
 915 000e FFF7FEFF 		bl	MX_CAN1_Init
 916              	.LVL43:
 137:Core/Src/main.c ****   MX_ADC1_Init();
 917              		.loc 1 137 3 view .LVU268
 918 0012 FFF7FEFF 		bl	MX_CRC_Init
 919              	.LVL44:
 138:Core/Src/main.c ****   /* USER CODE BEGIN 2 */
 920              		.loc 1 138 3 view .LVU269
 921 0016 FFF7FEFF 		bl	MX_ADC1_Init
 922              	.LVL45:
 140:Core/Src/main.c **** 
 923              		.loc 1 140 3 view .LVU270
 924 001a FFF7FEFF 		bl	MX_CAN1_Filter_Init
 925              	.LVL46:
 142:Core/Src/main.c ****   {
 926              		.loc 1 142 3 view .LVU271
 142:Core/Src/main.c ****   {
 927              		.loc 1 142 7 is_stmt 0 view .LVU272
 928 001e 1848     		ldr	r0, .L66
 929 0020 FFF7FEFF 		bl	HAL_CAN_Start
 930              	.LVL47:
 142:Core/Src/main.c ****   {
 931              		.loc 1 142 6 discriminator 1 view .LVU273
 932 0024 08B1     		cbz	r0, .L61
 144:Core/Src/main.c ****   }
 933              		.loc 1 144 5 is_stmt 1 view .LVU274
 934 0026 FFF7FEFF 		bl	Error_Handler
 935              	.LVL48:
 936              	.L61:
 147:Core/Src/main.c ****   {
 937              		.loc 1 147 3 view .LVU275
 147:Core/Src/main.c ****   {
 938              		.loc 1 147 7 is_stmt 0 view .LVU276
 939 002a 0221     		movs	r1, #2
ARM GAS  C:\Users\kerry\AppData\Local\Temp\cc8NnWKL.s 			page 34


 940 002c 1448     		ldr	r0, .L66
 941 002e FFF7FEFF 		bl	HAL_CAN_ActivateNotification
 942              	.LVL49:
 147:Core/Src/main.c ****   {
 943              		.loc 1 147 6 discriminator 1 view .LVU277
 944 0032 08B1     		cbz	r0, .L62
 149:Core/Src/main.c ****   }
 945              		.loc 1 149 5 is_stmt 1 view .LVU278
 946 0034 FFF7FEFF 		bl	Error_Handler
 947              	.LVL50:
 948              	.L62:
 155:Core/Src/main.c **** 
 949              		.loc 1 155 3 view .LVU279
 950 0038 FFF7FEFF 		bl	osKernelInitialize
 951              	.LVL51:
 159:Core/Src/main.c ****   {
 952              		.loc 1 159 3 view .LVU280
 159:Core/Src/main.c ****   {
 953              		.loc 1 159 7 is_stmt 0 view .LVU281
 954 003c FFF7FEFF 		bl	CAN_Init
 955              	.LVL52:
 159:Core/Src/main.c ****   {
 956              		.loc 1 159 6 discriminator 1 view .LVU282
 957 0040 08B1     		cbz	r0, .L63
 161:Core/Src/main.c ****   }
 958              		.loc 1 161 5 is_stmt 1 view .LVU283
 959 0042 FFF7FEFF 		bl	Error_Handler
 960              	.LVL53:
 961              	.L63:
 164:Core/Src/main.c ****   /* USER CODE END RTOS_MUTEX */
 962              		.loc 1 164 3 view .LVU284
 963 0046 7F21     		movs	r1, #127
 964 0048 0E48     		ldr	r0, .L66+4
 965 004a FFF7FEFF 		bl	HAL_ADCEx_Calibration_Start
 966              	.LVL54:
 181:Core/Src/main.c **** 
 967              		.loc 1 181 3 view .LVU285
 181:Core/Src/main.c **** 
 968              		.loc 1 181 23 is_stmt 0 view .LVU286
 969 004e 0E4A     		ldr	r2, .L66+8
 970 0050 0021     		movs	r1, #0
 971 0052 0E48     		ldr	r0, .L66+12
 972 0054 FFF7FEFF 		bl	osThreadNew
 973              	.LVL55:
 181:Core/Src/main.c **** 
 974              		.loc 1 181 21 discriminator 1 view .LVU287
 975 0058 0D4B     		ldr	r3, .L66+16
 976 005a 1860     		str	r0, [r3]
 184:Core/Src/main.c **** 
 977              		.loc 1 184 3 is_stmt 1 view .LVU288
 184:Core/Src/main.c **** 
 978              		.loc 1 184 21 is_stmt 0 view .LVU289
 979 005c 0D4A     		ldr	r2, .L66+20
 980 005e 0021     		movs	r1, #0
 981 0060 0D48     		ldr	r0, .L66+24
 982 0062 FFF7FEFF 		bl	osThreadNew
 983              	.LVL56:
ARM GAS  C:\Users\kerry\AppData\Local\Temp\cc8NnWKL.s 			page 35


 184:Core/Src/main.c **** 
 984              		.loc 1 184 19 discriminator 1 view .LVU290
 985 0066 0D4B     		ldr	r3, .L66+28
 986 0068 1860     		str	r0, [r3]
 187:Core/Src/main.c **** 
 987              		.loc 1 187 3 is_stmt 1 view .LVU291
 187:Core/Src/main.c **** 
 988              		.loc 1 187 24 is_stmt 0 view .LVU292
 989 006a 0D4A     		ldr	r2, .L66+32
 990 006c 0021     		movs	r1, #0
 991 006e 0D48     		ldr	r0, .L66+36
 992 0070 FFF7FEFF 		bl	osThreadNew
 993              	.LVL57:
 187:Core/Src/main.c **** 
 994              		.loc 1 187 22 discriminator 1 view .LVU293
 995 0074 0C4B     		ldr	r3, .L66+40
 996 0076 1860     		str	r0, [r3]
 198:Core/Src/main.c **** 
 997              		.loc 1 198 3 is_stmt 1 view .LVU294
 998 0078 FFF7FEFF 		bl	osKernelStart
 999              	.LVL58:
 1000              	.L64:
 204:Core/Src/main.c ****   {
 1001              		.loc 1 204 3 view .LVU295
 209:Core/Src/main.c ****   /* USER CODE END 3 */
 1002              		.loc 1 209 3 view .LVU296
 204:Core/Src/main.c ****   {
 1003              		.loc 1 204 9 view .LVU297
 1004 007c FEE7     		b	.L64
 1005              	.L67:
 1006 007e 00BF     		.align	2
 1007              	.L66:
 1008 0080 00000000 		.word	hcan1
 1009 0084 00000000 		.word	hadc1
 1010 0088 00000000 		.word	defaultTask_attributes
 1011 008c 00000000 		.word	StartDefaultTask
 1012 0090 00000000 		.word	defaultTaskHandle
 1013 0094 00000000 		.word	LED_Blink_attributes
 1014 0098 00000000 		.word	LED_BlinkTask
 1015 009c 00000000 		.word	LED_BlinkHandle
 1016 00a0 00000000 		.word	can_messages_attributes
 1017 00a4 00000000 		.word	can_messages_task
 1018 00a8 00000000 		.word	can_messagesHandle
 1019              		.cfi_endproc
 1020              	.LFE388:
 1022              		.global	can_messages_attributes
 1023              		.section	.rodata.str1.4,"aMS",%progbits,1
 1024              		.align	2
 1025              	.LC0:
 1026 0000 63616E5F 		.ascii	"can_messages\000"
 1026      6D657373 
 1026      61676573 
 1026      00
 1027              		.section	.rodata.can_messages_attributes,"a"
 1028              		.align	2
 1031              	can_messages_attributes:
 1032 0000 00000000 		.word	.LC0
ARM GAS  C:\Users\kerry\AppData\Local\Temp\cc8NnWKL.s 			page 36


 1033 0004 00000000 		.space	4
 1034 0008 00000000 		.word	can_messagesControlBlock
 1035 000c 5C000000 		.word	92
 1036 0010 00000000 		.word	can_messagesBuffer
 1037 0014 00020000 		.word	512
 1038 0018 18000000 		.word	24
 1039 001c 00000000 		.space	8
 1039      00000000 
 1040              		.global	can_messagesControlBlock
 1041              		.section	.bss.can_messagesControlBlock,"aw",%nobits
 1042              		.align	2
 1045              	can_messagesControlBlock:
 1046 0000 00000000 		.space	92
 1046      00000000 
 1046      00000000 
 1046      00000000 
 1046      00000000 
 1047              		.global	can_messagesBuffer
 1048              		.section	.bss.can_messagesBuffer,"aw",%nobits
 1049              		.align	2
 1052              	can_messagesBuffer:
 1053 0000 00000000 		.space	512
 1053      00000000 
 1053      00000000 
 1053      00000000 
 1053      00000000 
 1054              		.global	can_messagesHandle
 1055              		.section	.bss.can_messagesHandle,"aw",%nobits
 1056              		.align	2
 1059              	can_messagesHandle:
 1060 0000 00000000 		.space	4
 1061              		.global	LED_Blink_attributes
 1062              		.section	.rodata.str1.4
 1063 000d 000000   		.align	2
 1064              	.LC1:
 1065 0010 4C45445F 		.ascii	"LED_Blink\000"
 1065      426C696E 
 1065      6B00
 1066              		.section	.rodata.LED_Blink_attributes,"a"
 1067              		.align	2
 1070              	LED_Blink_attributes:
 1071 0000 10000000 		.word	.LC1
 1072 0004 00000000 		.space	4
 1073 0008 00000000 		.word	LED_BlinkControlBlock
 1074 000c 5C000000 		.word	92
 1075 0010 00000000 		.word	LED_BlinkBuffer
 1076 0014 00020000 		.word	512
 1077 0018 18000000 		.word	24
 1078 001c 00000000 		.space	8
 1078      00000000 
 1079              		.global	LED_BlinkControlBlock
 1080              		.section	.bss.LED_BlinkControlBlock,"aw",%nobits
 1081              		.align	2
 1084              	LED_BlinkControlBlock:
 1085 0000 00000000 		.space	92
 1085      00000000 
 1085      00000000 
ARM GAS  C:\Users\kerry\AppData\Local\Temp\cc8NnWKL.s 			page 37


 1085      00000000 
 1085      00000000 
 1086              		.global	LED_BlinkBuffer
 1087              		.section	.bss.LED_BlinkBuffer,"aw",%nobits
 1088              		.align	2
 1091              	LED_BlinkBuffer:
 1092 0000 00000000 		.space	512
 1092      00000000 
 1092      00000000 
 1092      00000000 
 1092      00000000 
 1093              		.global	LED_BlinkHandle
 1094              		.section	.bss.LED_BlinkHandle,"aw",%nobits
 1095              		.align	2
 1098              	LED_BlinkHandle:
 1099 0000 00000000 		.space	4
 1100              		.global	defaultTask_attributes
 1101              		.section	.rodata.str1.4
 1102 001a 0000     		.align	2
 1103              	.LC2:
 1104 001c 64656661 		.ascii	"defaultTask\000"
 1104      756C7454 
 1104      61736B00 
 1105              		.section	.rodata.defaultTask_attributes,"a"
 1106              		.align	2
 1109              	defaultTask_attributes:
 1110 0000 1C000000 		.word	.LC2
 1111 0004 00000000 		.space	16
 1111      00000000 
 1111      00000000 
 1111      00000000 
 1112 0014 00020000 		.word	512
 1113 0018 18000000 		.word	24
 1114 001c 00000000 		.space	8
 1114      00000000 
 1115              		.global	defaultTaskHandle
 1116              		.section	.bss.defaultTaskHandle,"aw",%nobits
 1117              		.align	2
 1120              	defaultTaskHandle:
 1121 0000 00000000 		.space	4
 1122              		.global	hcrc
 1123              		.section	.bss.hcrc,"aw",%nobits
 1124              		.align	2
 1127              	hcrc:
 1128 0000 00000000 		.space	36
 1128      00000000 
 1128      00000000 
 1128      00000000 
 1128      00000000 
 1129              		.global	hcan1
 1130              		.section	.bss.hcan1,"aw",%nobits
 1131              		.align	2
 1134              	hcan1:
 1135 0000 00000000 		.space	40
 1135      00000000 
 1135      00000000 
 1135      00000000 
ARM GAS  C:\Users\kerry\AppData\Local\Temp\cc8NnWKL.s 			page 38


 1135      00000000 
 1136              		.global	hadc1
 1137              		.section	.bss.hadc1,"aw",%nobits
 1138              		.align	2
 1141              	hadc1:
 1142 0000 00000000 		.space	100
 1142      00000000 
 1142      00000000 
 1142      00000000 
 1142      00000000 
 1143              		.text
 1144              	.Letext0:
 1145              		.file 3 "C:/Users/kerry/AppData/Roaming/Code/User/globalStorage/bmd.stm32-for-vscode/@xpack-dev-to
 1146              		.file 4 "C:/Users/kerry/AppData/Roaming/Code/User/globalStorage/bmd.stm32-for-vscode/@xpack-dev-to
 1147              		.file 5 "Drivers/CMSIS/Device/ST/STM32L4xx/Include/stm32l432xx.h"
 1148              		.file 6 "Drivers/CMSIS/Device/ST/STM32L4xx/Include/stm32l4xx.h"
 1149              		.file 7 "Drivers/STM32L4xx_HAL_Driver/Inc/stm32l4xx_hal_def.h"
 1150              		.file 8 "Drivers/STM32L4xx_HAL_Driver/Inc/stm32l4xx_hal_rcc.h"
 1151              		.file 9 "Drivers/STM32L4xx_HAL_Driver/Inc/stm32l4xx_hal_gpio.h"
 1152              		.file 10 "Drivers/STM32L4xx_HAL_Driver/Inc/stm32l4xx_hal_dma.h"
 1153              		.file 11 "Drivers/STM32L4xx_HAL_Driver/Inc/stm32l4xx_hal_adc.h"
 1154              		.file 12 "Drivers/STM32L4xx_HAL_Driver/Inc/stm32l4xx_hal_can.h"
 1155              		.file 13 "Drivers/STM32L4xx_HAL_Driver/Inc/stm32l4xx_hal_crc.h"
 1156              		.file 14 "Drivers/STM32L4xx_HAL_Driver/Inc/stm32l4xx_hal_tim.h"
 1157              		.file 15 "Middlewares/Third_Party/FreeRTOS/Source/portable/GCC/ARM_CM4F/portmacro.h"
 1158              		.file 16 "Middlewares/Third_Party/FreeRTOS/Source/include/FreeRTOS.h"
 1159              		.file 17 "Middlewares/Third_Party/FreeRTOS/Source/CMSIS_RTOS_V2/cmsis_os2.h"
 1160              		.file 18 "Core/Inc/can.h"
 1161              		.file 19 "Drivers/STM32L4xx_HAL_Driver/Inc/stm32l4xx_hal_pwr_ex.h"
 1162              		.file 20 "Drivers/STM32L4xx_HAL_Driver/Inc/stm32l4xx_hal_adc_ex.h"
 1163              		.file 21 "Drivers/STM32L4xx_HAL_Driver/Inc/stm32l4xx_hal.h"
 1164              		.file 22 "Drivers/STM32L4xx_HAL_Driver/Inc/stm32l4xx_ll_dma.h"
 1165              		.file 23 "<built-in>"
ARM GAS  C:\Users\kerry\AppData\Local\Temp\cc8NnWKL.s 			page 39


DEFINED SYMBOLS
                            *ABS*:00000000 main.c
C:\Users\kerry\AppData\Local\Temp\cc8NnWKL.s:21     .text.MX_GPIO_Init:00000000 $t
C:\Users\kerry\AppData\Local\Temp\cc8NnWKL.s:26     .text.MX_GPIO_Init:00000000 MX_GPIO_Init
C:\Users\kerry\AppData\Local\Temp\cc8NnWKL.s:192    .text.MX_GPIO_Init:000000c4 $d
C:\Users\kerry\AppData\Local\Temp\cc8NnWKL.s:198    .text.StartDefaultTask:00000000 $t
C:\Users\kerry\AppData\Local\Temp\cc8NnWKL.s:204    .text.StartDefaultTask:00000000 StartDefaultTask
C:\Users\kerry\AppData\Local\Temp\cc8NnWKL.s:232    .text.LED_BlinkTask:00000000 $t
C:\Users\kerry\AppData\Local\Temp\cc8NnWKL.s:238    .text.LED_BlinkTask:00000000 LED_BlinkTask
C:\Users\kerry\AppData\Local\Temp\cc8NnWKL.s:269    .text.LED_BlinkTask:00000014 $d
C:\Users\kerry\AppData\Local\Temp\cc8NnWKL.s:274    .text.can_messages_task:00000000 $t
C:\Users\kerry\AppData\Local\Temp\cc8NnWKL.s:280    .text.can_messages_task:00000000 can_messages_task
C:\Users\kerry\AppData\Local\Temp\cc8NnWKL.s:302    .text.HAL_TIM_PeriodElapsedCallback:00000000 $t
C:\Users\kerry\AppData\Local\Temp\cc8NnWKL.s:308    .text.HAL_TIM_PeriodElapsedCallback:00000000 HAL_TIM_PeriodElapsedCallback
C:\Users\kerry\AppData\Local\Temp\cc8NnWKL.s:342    .text.HAL_TIM_PeriodElapsedCallback:00000014 $d
C:\Users\kerry\AppData\Local\Temp\cc8NnWKL.s:347    .text.Error_Handler:00000000 $t
C:\Users\kerry\AppData\Local\Temp\cc8NnWKL.s:353    .text.Error_Handler:00000000 Error_Handler
C:\Users\kerry\AppData\Local\Temp\cc8NnWKL.s:397    .text.Error_Handler:00000014 $d
C:\Users\kerry\AppData\Local\Temp\cc8NnWKL.s:402    .text.MX_CAN1_Init:00000000 $t
C:\Users\kerry\AppData\Local\Temp\cc8NnWKL.s:407    .text.MX_CAN1_Init:00000000 MX_CAN1_Init
C:\Users\kerry\AppData\Local\Temp\cc8NnWKL.s:475    .text.MX_CAN1_Init:00000038 $d
C:\Users\kerry\AppData\Local\Temp\cc8NnWKL.s:1134   .bss.hcan1:00000000 hcan1
C:\Users\kerry\AppData\Local\Temp\cc8NnWKL.s:481    .text.MX_CRC_Init:00000000 $t
C:\Users\kerry\AppData\Local\Temp\cc8NnWKL.s:486    .text.MX_CRC_Init:00000000 MX_CRC_Init
C:\Users\kerry\AppData\Local\Temp\cc8NnWKL.s:534    .text.MX_CRC_Init:00000024 $d
C:\Users\kerry\AppData\Local\Temp\cc8NnWKL.s:1127   .bss.hcrc:00000000 hcrc
C:\Users\kerry\AppData\Local\Temp\cc8NnWKL.s:540    .text.MX_ADC1_Init:00000000 $t
C:\Users\kerry\AppData\Local\Temp\cc8NnWKL.s:545    .text.MX_ADC1_Init:00000000 MX_ADC1_Init
C:\Users\kerry\AppData\Local\Temp\cc8NnWKL.s:673    .text.MX_ADC1_Init:00000074 $d
C:\Users\kerry\AppData\Local\Temp\cc8NnWKL.s:1141   .bss.hadc1:00000000 hadc1
C:\Users\kerry\AppData\Local\Temp\cc8NnWKL.s:680    .text.MX_CAN1_Filter_Init:00000000 $t
C:\Users\kerry\AppData\Local\Temp\cc8NnWKL.s:685    .text.MX_CAN1_Filter_Init:00000000 MX_CAN1_Filter_Init
C:\Users\kerry\AppData\Local\Temp\cc8NnWKL.s:748    .text.MX_CAN1_Filter_Init:0000002c $d
C:\Users\kerry\AppData\Local\Temp\cc8NnWKL.s:753    .text.SystemClock_Config:00000000 $t
C:\Users\kerry\AppData\Local\Temp\cc8NnWKL.s:759    .text.SystemClock_Config:00000000 SystemClock_Config
C:\Users\kerry\AppData\Local\Temp\cc8NnWKL.s:887    .text.main:00000000 $t
C:\Users\kerry\AppData\Local\Temp\cc8NnWKL.s:893    .text.main:00000000 main
C:\Users\kerry\AppData\Local\Temp\cc8NnWKL.s:1008   .text.main:00000080 $d
C:\Users\kerry\AppData\Local\Temp\cc8NnWKL.s:1109   .rodata.defaultTask_attributes:00000000 defaultTask_attributes
C:\Users\kerry\AppData\Local\Temp\cc8NnWKL.s:1120   .bss.defaultTaskHandle:00000000 defaultTaskHandle
C:\Users\kerry\AppData\Local\Temp\cc8NnWKL.s:1070   .rodata.LED_Blink_attributes:00000000 LED_Blink_attributes
C:\Users\kerry\AppData\Local\Temp\cc8NnWKL.s:1098   .bss.LED_BlinkHandle:00000000 LED_BlinkHandle
C:\Users\kerry\AppData\Local\Temp\cc8NnWKL.s:1031   .rodata.can_messages_attributes:00000000 can_messages_attributes
C:\Users\kerry\AppData\Local\Temp\cc8NnWKL.s:1059   .bss.can_messagesHandle:00000000 can_messagesHandle
C:\Users\kerry\AppData\Local\Temp\cc8NnWKL.s:1024   .rodata.str1.4:00000000 $d
C:\Users\kerry\AppData\Local\Temp\cc8NnWKL.s:1028   .rodata.can_messages_attributes:00000000 $d
C:\Users\kerry\AppData\Local\Temp\cc8NnWKL.s:1045   .bss.can_messagesControlBlock:00000000 can_messagesControlBlock
C:\Users\kerry\AppData\Local\Temp\cc8NnWKL.s:1052   .bss.can_messagesBuffer:00000000 can_messagesBuffer
C:\Users\kerry\AppData\Local\Temp\cc8NnWKL.s:1042   .bss.can_messagesControlBlock:00000000 $d
C:\Users\kerry\AppData\Local\Temp\cc8NnWKL.s:1049   .bss.can_messagesBuffer:00000000 $d
C:\Users\kerry\AppData\Local\Temp\cc8NnWKL.s:1056   .bss.can_messagesHandle:00000000 $d
C:\Users\kerry\AppData\Local\Temp\cc8NnWKL.s:1067   .rodata.LED_Blink_attributes:00000000 $d
C:\Users\kerry\AppData\Local\Temp\cc8NnWKL.s:1084   .bss.LED_BlinkControlBlock:00000000 LED_BlinkControlBlock
C:\Users\kerry\AppData\Local\Temp\cc8NnWKL.s:1091   .bss.LED_BlinkBuffer:00000000 LED_BlinkBuffer
C:\Users\kerry\AppData\Local\Temp\cc8NnWKL.s:1081   .bss.LED_BlinkControlBlock:00000000 $d
C:\Users\kerry\AppData\Local\Temp\cc8NnWKL.s:1088   .bss.LED_BlinkBuffer:00000000 $d
C:\Users\kerry\AppData\Local\Temp\cc8NnWKL.s:1095   .bss.LED_BlinkHandle:00000000 $d
ARM GAS  C:\Users\kerry\AppData\Local\Temp\cc8NnWKL.s 			page 40


C:\Users\kerry\AppData\Local\Temp\cc8NnWKL.s:1106   .rodata.defaultTask_attributes:00000000 $d
C:\Users\kerry\AppData\Local\Temp\cc8NnWKL.s:1117   .bss.defaultTaskHandle:00000000 $d
C:\Users\kerry\AppData\Local\Temp\cc8NnWKL.s:1124   .bss.hcrc:00000000 $d
C:\Users\kerry\AppData\Local\Temp\cc8NnWKL.s:1131   .bss.hcan1:00000000 $d
C:\Users\kerry\AppData\Local\Temp\cc8NnWKL.s:1138   .bss.hadc1:00000000 $d

UNDEFINED SYMBOLS
HAL_GPIO_WritePin
HAL_GPIO_Init
osDelay
HAL_GPIO_TogglePin
CAN_Task
HAL_IncTick
osKernelLock
HAL_CAN_Init
HAL_CRC_Init
HAL_ADC_Init
HAL_ADC_ConfigChannel
memset
HAL_CAN_ConfigFilter
HAL_PWREx_ControlVoltageScaling
HAL_RCC_OscConfig
HAL_RCC_ClockConfig
HAL_Init
HAL_CAN_Start
HAL_CAN_ActivateNotification
osKernelInitialize
CAN_Init
HAL_ADCEx_Calibration_Start
osThreadNew
osKernelStart
