ARM GAS  C:\Users\kerry\AppData\Local\Temp\ccWnk0Ym.s 			page 1


   1              		.cpu cortex-m4
   2              		.arch armv7e-m
   3              		.fpu fpv4-sp-d16
   4              		.eabi_attribute 27, 1
   5              		.eabi_attribute 28, 1
   6              		.eabi_attribute 20, 1
   7              		.eabi_attribute 21, 1
   8              		.eabi_attribute 23, 3
   9              		.eabi_attribute 24, 1
  10              		.eabi_attribute 25, 1
  11              		.eabi_attribute 26, 1
  12              		.eabi_attribute 30, 1
  13              		.eabi_attribute 34, 1
  14              		.eabi_attribute 18, 4
  15              		.file	"stm32l4xx_hal_tim_ex.c"
  16              		.text
  17              	.Ltext0:
  18              		.cfi_sections	.debug_frame
  19              		.file 1 "Drivers/STM32L4xx_HAL_Driver/Src/stm32l4xx_hal_tim_ex.c"
  20              		.section	.text.TIM_CCxNChannelCmd,"ax",%progbits
  21              		.align	1
  22              		.syntax unified
  23              		.thumb
  24              		.thumb_func
  26              	TIM_CCxNChannelCmd:
  27              	.LVL0:
  28              	.LFB428:
   1:Drivers/STM32L4xx_HAL_Driver/Src/stm32l4xx_hal_tim_ex.c **** /**
   2:Drivers/STM32L4xx_HAL_Driver/Src/stm32l4xx_hal_tim_ex.c ****   ******************************************************************************
   3:Drivers/STM32L4xx_HAL_Driver/Src/stm32l4xx_hal_tim_ex.c ****   * @file    stm32l4xx_hal_tim_ex.c
   4:Drivers/STM32L4xx_HAL_Driver/Src/stm32l4xx_hal_tim_ex.c ****   * @author  MCD Application Team
   5:Drivers/STM32L4xx_HAL_Driver/Src/stm32l4xx_hal_tim_ex.c ****   * @brief   TIM HAL module driver.
   6:Drivers/STM32L4xx_HAL_Driver/Src/stm32l4xx_hal_tim_ex.c ****   *          This file provides firmware functions to manage the following
   7:Drivers/STM32L4xx_HAL_Driver/Src/stm32l4xx_hal_tim_ex.c ****   *          functionalities of the Timer Extended peripheral:
   8:Drivers/STM32L4xx_HAL_Driver/Src/stm32l4xx_hal_tim_ex.c ****   *           + Time Hall Sensor Interface Initialization
   9:Drivers/STM32L4xx_HAL_Driver/Src/stm32l4xx_hal_tim_ex.c ****   *           + Time Hall Sensor Interface Start
  10:Drivers/STM32L4xx_HAL_Driver/Src/stm32l4xx_hal_tim_ex.c ****   *           + Time Complementary signal break and dead time configuration
  11:Drivers/STM32L4xx_HAL_Driver/Src/stm32l4xx_hal_tim_ex.c ****   *           + Time Master and Slave synchronization configuration
  12:Drivers/STM32L4xx_HAL_Driver/Src/stm32l4xx_hal_tim_ex.c ****   *           + Time Output Compare/PWM Channel Configuration (for channels 5 and 6)
  13:Drivers/STM32L4xx_HAL_Driver/Src/stm32l4xx_hal_tim_ex.c ****   *           + Time OCRef clear configuration
  14:Drivers/STM32L4xx_HAL_Driver/Src/stm32l4xx_hal_tim_ex.c ****   *           + Timer remapping capabilities configuration
  15:Drivers/STM32L4xx_HAL_Driver/Src/stm32l4xx_hal_tim_ex.c ****   ******************************************************************************
  16:Drivers/STM32L4xx_HAL_Driver/Src/stm32l4xx_hal_tim_ex.c ****   * @attention
  17:Drivers/STM32L4xx_HAL_Driver/Src/stm32l4xx_hal_tim_ex.c ****   *
  18:Drivers/STM32L4xx_HAL_Driver/Src/stm32l4xx_hal_tim_ex.c ****   * Copyright (c) 2017 STMicroelectronics.
  19:Drivers/STM32L4xx_HAL_Driver/Src/stm32l4xx_hal_tim_ex.c ****   * All rights reserved.
  20:Drivers/STM32L4xx_HAL_Driver/Src/stm32l4xx_hal_tim_ex.c ****   *
  21:Drivers/STM32L4xx_HAL_Driver/Src/stm32l4xx_hal_tim_ex.c ****   * This software is licensed under terms that can be found in the LICENSE file
  22:Drivers/STM32L4xx_HAL_Driver/Src/stm32l4xx_hal_tim_ex.c ****   * in the root directory of this software component.
  23:Drivers/STM32L4xx_HAL_Driver/Src/stm32l4xx_hal_tim_ex.c ****   * If no LICENSE file comes with this software, it is provided AS-IS.
  24:Drivers/STM32L4xx_HAL_Driver/Src/stm32l4xx_hal_tim_ex.c ****   *
  25:Drivers/STM32L4xx_HAL_Driver/Src/stm32l4xx_hal_tim_ex.c ****   ******************************************************************************
  26:Drivers/STM32L4xx_HAL_Driver/Src/stm32l4xx_hal_tim_ex.c ****   @verbatim
  27:Drivers/STM32L4xx_HAL_Driver/Src/stm32l4xx_hal_tim_ex.c ****   ==============================================================================
  28:Drivers/STM32L4xx_HAL_Driver/Src/stm32l4xx_hal_tim_ex.c ****                       ##### TIMER Extended features #####
  29:Drivers/STM32L4xx_HAL_Driver/Src/stm32l4xx_hal_tim_ex.c ****   ==============================================================================
  30:Drivers/STM32L4xx_HAL_Driver/Src/stm32l4xx_hal_tim_ex.c ****   [..]
ARM GAS  C:\Users\kerry\AppData\Local\Temp\ccWnk0Ym.s 			page 2


  31:Drivers/STM32L4xx_HAL_Driver/Src/stm32l4xx_hal_tim_ex.c ****     The Timer Extended features include:
  32:Drivers/STM32L4xx_HAL_Driver/Src/stm32l4xx_hal_tim_ex.c ****     (#) Complementary outputs with programmable dead-time for :
  33:Drivers/STM32L4xx_HAL_Driver/Src/stm32l4xx_hal_tim_ex.c ****         (++) Output Compare
  34:Drivers/STM32L4xx_HAL_Driver/Src/stm32l4xx_hal_tim_ex.c ****         (++) PWM generation (Edge and Center-aligned Mode)
  35:Drivers/STM32L4xx_HAL_Driver/Src/stm32l4xx_hal_tim_ex.c ****         (++) One-pulse mode output
  36:Drivers/STM32L4xx_HAL_Driver/Src/stm32l4xx_hal_tim_ex.c ****     (#) Synchronization circuit to control the timer with external signals and to
  37:Drivers/STM32L4xx_HAL_Driver/Src/stm32l4xx_hal_tim_ex.c ****         interconnect several timers together.
  38:Drivers/STM32L4xx_HAL_Driver/Src/stm32l4xx_hal_tim_ex.c ****     (#) Break input to put the timer output signals in reset state or in a known state.
  39:Drivers/STM32L4xx_HAL_Driver/Src/stm32l4xx_hal_tim_ex.c ****     (#) Supports incremental (quadrature) encoder and hall-sensor circuitry for
  40:Drivers/STM32L4xx_HAL_Driver/Src/stm32l4xx_hal_tim_ex.c ****         positioning purposes
  41:Drivers/STM32L4xx_HAL_Driver/Src/stm32l4xx_hal_tim_ex.c **** 
  42:Drivers/STM32L4xx_HAL_Driver/Src/stm32l4xx_hal_tim_ex.c ****             ##### How to use this driver #####
  43:Drivers/STM32L4xx_HAL_Driver/Src/stm32l4xx_hal_tim_ex.c ****   ==============================================================================
  44:Drivers/STM32L4xx_HAL_Driver/Src/stm32l4xx_hal_tim_ex.c ****     [..]
  45:Drivers/STM32L4xx_HAL_Driver/Src/stm32l4xx_hal_tim_ex.c ****      (#) Initialize the TIM low level resources by implementing the following functions
  46:Drivers/STM32L4xx_HAL_Driver/Src/stm32l4xx_hal_tim_ex.c ****          depending on the selected feature:
  47:Drivers/STM32L4xx_HAL_Driver/Src/stm32l4xx_hal_tim_ex.c ****            (++) Hall Sensor output : HAL_TIMEx_HallSensor_MspInit()
  48:Drivers/STM32L4xx_HAL_Driver/Src/stm32l4xx_hal_tim_ex.c **** 
  49:Drivers/STM32L4xx_HAL_Driver/Src/stm32l4xx_hal_tim_ex.c ****      (#) Initialize the TIM low level resources :
  50:Drivers/STM32L4xx_HAL_Driver/Src/stm32l4xx_hal_tim_ex.c ****         (##) Enable the TIM interface clock using __HAL_RCC_TIMx_CLK_ENABLE();
  51:Drivers/STM32L4xx_HAL_Driver/Src/stm32l4xx_hal_tim_ex.c ****         (##) TIM pins configuration
  52:Drivers/STM32L4xx_HAL_Driver/Src/stm32l4xx_hal_tim_ex.c ****             (+++) Enable the clock for the TIM GPIOs using the following function:
  53:Drivers/STM32L4xx_HAL_Driver/Src/stm32l4xx_hal_tim_ex.c ****               __HAL_RCC_GPIOx_CLK_ENABLE();
  54:Drivers/STM32L4xx_HAL_Driver/Src/stm32l4xx_hal_tim_ex.c ****             (+++) Configure these TIM pins in Alternate function mode using HAL_GPIO_Init();
  55:Drivers/STM32L4xx_HAL_Driver/Src/stm32l4xx_hal_tim_ex.c **** 
  56:Drivers/STM32L4xx_HAL_Driver/Src/stm32l4xx_hal_tim_ex.c ****      (#) The external Clock can be configured, if needed (the default clock is the
  57:Drivers/STM32L4xx_HAL_Driver/Src/stm32l4xx_hal_tim_ex.c ****          internal clock from the APBx), using the following function:
  58:Drivers/STM32L4xx_HAL_Driver/Src/stm32l4xx_hal_tim_ex.c ****          HAL_TIM_ConfigClockSource, the clock configuration should be done before
  59:Drivers/STM32L4xx_HAL_Driver/Src/stm32l4xx_hal_tim_ex.c ****          any start function.
  60:Drivers/STM32L4xx_HAL_Driver/Src/stm32l4xx_hal_tim_ex.c **** 
  61:Drivers/STM32L4xx_HAL_Driver/Src/stm32l4xx_hal_tim_ex.c ****      (#) Configure the TIM in the desired functioning mode using one of the
  62:Drivers/STM32L4xx_HAL_Driver/Src/stm32l4xx_hal_tim_ex.c ****          initialization function of this driver:
  63:Drivers/STM32L4xx_HAL_Driver/Src/stm32l4xx_hal_tim_ex.c ****           (++) HAL_TIMEx_HallSensor_Init() and HAL_TIMEx_ConfigCommutEvent(): to use the
  64:Drivers/STM32L4xx_HAL_Driver/Src/stm32l4xx_hal_tim_ex.c ****                Timer Hall Sensor Interface and the commutation event with the corresponding
  65:Drivers/STM32L4xx_HAL_Driver/Src/stm32l4xx_hal_tim_ex.c ****                Interrupt and DMA request if needed (Note that One Timer is used to interface
  66:Drivers/STM32L4xx_HAL_Driver/Src/stm32l4xx_hal_tim_ex.c ****                with the Hall sensor Interface and another Timer should be used to use
  67:Drivers/STM32L4xx_HAL_Driver/Src/stm32l4xx_hal_tim_ex.c ****                the commutation event).
  68:Drivers/STM32L4xx_HAL_Driver/Src/stm32l4xx_hal_tim_ex.c **** 
  69:Drivers/STM32L4xx_HAL_Driver/Src/stm32l4xx_hal_tim_ex.c ****      (#) Activate the TIM peripheral using one of the start functions:
  70:Drivers/STM32L4xx_HAL_Driver/Src/stm32l4xx_hal_tim_ex.c ****            (++) Complementary Output Compare : HAL_TIMEx_OCN_Start(), HAL_TIMEx_OCN_Start_DMA(),
  71:Drivers/STM32L4xx_HAL_Driver/Src/stm32l4xx_hal_tim_ex.c ****                 HAL_TIMEx_OCN_Start_IT()
  72:Drivers/STM32L4xx_HAL_Driver/Src/stm32l4xx_hal_tim_ex.c ****            (++) Complementary PWM generation : HAL_TIMEx_PWMN_Start(), HAL_TIMEx_PWMN_Start_DMA(),
  73:Drivers/STM32L4xx_HAL_Driver/Src/stm32l4xx_hal_tim_ex.c ****                 HAL_TIMEx_PWMN_Start_IT()
  74:Drivers/STM32L4xx_HAL_Driver/Src/stm32l4xx_hal_tim_ex.c ****            (++) Complementary One-pulse mode output : HAL_TIMEx_OnePulseN_Start(), HAL_TIMEx_OnePul
  75:Drivers/STM32L4xx_HAL_Driver/Src/stm32l4xx_hal_tim_ex.c ****            (++) Hall Sensor output : HAL_TIMEx_HallSensor_Start(), HAL_TIMEx_HallSensor_Start_DMA()
  76:Drivers/STM32L4xx_HAL_Driver/Src/stm32l4xx_hal_tim_ex.c ****                 HAL_TIMEx_HallSensor_Start_IT().
  77:Drivers/STM32L4xx_HAL_Driver/Src/stm32l4xx_hal_tim_ex.c **** 
  78:Drivers/STM32L4xx_HAL_Driver/Src/stm32l4xx_hal_tim_ex.c ****   @endverbatim
  79:Drivers/STM32L4xx_HAL_Driver/Src/stm32l4xx_hal_tim_ex.c ****   ******************************************************************************
  80:Drivers/STM32L4xx_HAL_Driver/Src/stm32l4xx_hal_tim_ex.c ****   */
  81:Drivers/STM32L4xx_HAL_Driver/Src/stm32l4xx_hal_tim_ex.c **** 
  82:Drivers/STM32L4xx_HAL_Driver/Src/stm32l4xx_hal_tim_ex.c **** /* Includes ------------------------------------------------------------------*/
  83:Drivers/STM32L4xx_HAL_Driver/Src/stm32l4xx_hal_tim_ex.c **** #include "stm32l4xx_hal.h"
  84:Drivers/STM32L4xx_HAL_Driver/Src/stm32l4xx_hal_tim_ex.c **** 
  85:Drivers/STM32L4xx_HAL_Driver/Src/stm32l4xx_hal_tim_ex.c **** /** @addtogroup STM32L4xx_HAL_Driver
  86:Drivers/STM32L4xx_HAL_Driver/Src/stm32l4xx_hal_tim_ex.c ****   * @{
  87:Drivers/STM32L4xx_HAL_Driver/Src/stm32l4xx_hal_tim_ex.c ****   */
ARM GAS  C:\Users\kerry\AppData\Local\Temp\ccWnk0Ym.s 			page 3


  88:Drivers/STM32L4xx_HAL_Driver/Src/stm32l4xx_hal_tim_ex.c **** 
  89:Drivers/STM32L4xx_HAL_Driver/Src/stm32l4xx_hal_tim_ex.c **** /** @defgroup TIMEx TIMEx
  90:Drivers/STM32L4xx_HAL_Driver/Src/stm32l4xx_hal_tim_ex.c ****   * @brief TIM Extended HAL module driver
  91:Drivers/STM32L4xx_HAL_Driver/Src/stm32l4xx_hal_tim_ex.c ****   * @{
  92:Drivers/STM32L4xx_HAL_Driver/Src/stm32l4xx_hal_tim_ex.c ****   */
  93:Drivers/STM32L4xx_HAL_Driver/Src/stm32l4xx_hal_tim_ex.c **** 
  94:Drivers/STM32L4xx_HAL_Driver/Src/stm32l4xx_hal_tim_ex.c **** #ifdef HAL_TIM_MODULE_ENABLED
  95:Drivers/STM32L4xx_HAL_Driver/Src/stm32l4xx_hal_tim_ex.c **** 
  96:Drivers/STM32L4xx_HAL_Driver/Src/stm32l4xx_hal_tim_ex.c **** /* Private typedef -----------------------------------------------------------*/
  97:Drivers/STM32L4xx_HAL_Driver/Src/stm32l4xx_hal_tim_ex.c **** /* Private define ------------------------------------------------------------*/
  98:Drivers/STM32L4xx_HAL_Driver/Src/stm32l4xx_hal_tim_ex.c **** /* Private macros ------------------------------------------------------------*/
  99:Drivers/STM32L4xx_HAL_Driver/Src/stm32l4xx_hal_tim_ex.c **** /* Private variables ---------------------------------------------------------*/
 100:Drivers/STM32L4xx_HAL_Driver/Src/stm32l4xx_hal_tim_ex.c **** /* Private function prototypes -----------------------------------------------*/
 101:Drivers/STM32L4xx_HAL_Driver/Src/stm32l4xx_hal_tim_ex.c **** static void TIM_DMADelayPulseNCplt(DMA_HandleTypeDef *hdma);
 102:Drivers/STM32L4xx_HAL_Driver/Src/stm32l4xx_hal_tim_ex.c **** static void TIM_DMAErrorCCxN(DMA_HandleTypeDef *hdma);
 103:Drivers/STM32L4xx_HAL_Driver/Src/stm32l4xx_hal_tim_ex.c **** static void TIM_CCxNChannelCmd(TIM_TypeDef *TIMx, uint32_t Channel, uint32_t ChannelNState);
 104:Drivers/STM32L4xx_HAL_Driver/Src/stm32l4xx_hal_tim_ex.c **** 
 105:Drivers/STM32L4xx_HAL_Driver/Src/stm32l4xx_hal_tim_ex.c **** /* Exported functions --------------------------------------------------------*/
 106:Drivers/STM32L4xx_HAL_Driver/Src/stm32l4xx_hal_tim_ex.c **** /** @defgroup TIMEx_Exported_Functions TIM Extended Exported Functions
 107:Drivers/STM32L4xx_HAL_Driver/Src/stm32l4xx_hal_tim_ex.c ****   * @{
 108:Drivers/STM32L4xx_HAL_Driver/Src/stm32l4xx_hal_tim_ex.c ****   */
 109:Drivers/STM32L4xx_HAL_Driver/Src/stm32l4xx_hal_tim_ex.c **** 
 110:Drivers/STM32L4xx_HAL_Driver/Src/stm32l4xx_hal_tim_ex.c **** /** @defgroup TIMEx_Exported_Functions_Group1 Extended Timer Hall Sensor functions
 111:Drivers/STM32L4xx_HAL_Driver/Src/stm32l4xx_hal_tim_ex.c ****   * @brief    Timer Hall Sensor functions
 112:Drivers/STM32L4xx_HAL_Driver/Src/stm32l4xx_hal_tim_ex.c ****   *
 113:Drivers/STM32L4xx_HAL_Driver/Src/stm32l4xx_hal_tim_ex.c **** @verbatim
 114:Drivers/STM32L4xx_HAL_Driver/Src/stm32l4xx_hal_tim_ex.c ****   ==============================================================================
 115:Drivers/STM32L4xx_HAL_Driver/Src/stm32l4xx_hal_tim_ex.c ****                       ##### Timer Hall Sensor functions #####
 116:Drivers/STM32L4xx_HAL_Driver/Src/stm32l4xx_hal_tim_ex.c ****   ==============================================================================
 117:Drivers/STM32L4xx_HAL_Driver/Src/stm32l4xx_hal_tim_ex.c ****   [..]
 118:Drivers/STM32L4xx_HAL_Driver/Src/stm32l4xx_hal_tim_ex.c ****     This section provides functions allowing to:
 119:Drivers/STM32L4xx_HAL_Driver/Src/stm32l4xx_hal_tim_ex.c ****     (+) Initialize and configure TIM HAL Sensor.
 120:Drivers/STM32L4xx_HAL_Driver/Src/stm32l4xx_hal_tim_ex.c ****     (+) De-initialize TIM HAL Sensor.
 121:Drivers/STM32L4xx_HAL_Driver/Src/stm32l4xx_hal_tim_ex.c ****     (+) Start the Hall Sensor Interface.
 122:Drivers/STM32L4xx_HAL_Driver/Src/stm32l4xx_hal_tim_ex.c ****     (+) Stop the Hall Sensor Interface.
 123:Drivers/STM32L4xx_HAL_Driver/Src/stm32l4xx_hal_tim_ex.c ****     (+) Start the Hall Sensor Interface and enable interrupts.
 124:Drivers/STM32L4xx_HAL_Driver/Src/stm32l4xx_hal_tim_ex.c ****     (+) Stop the Hall Sensor Interface and disable interrupts.
 125:Drivers/STM32L4xx_HAL_Driver/Src/stm32l4xx_hal_tim_ex.c ****     (+) Start the Hall Sensor Interface and enable DMA transfers.
 126:Drivers/STM32L4xx_HAL_Driver/Src/stm32l4xx_hal_tim_ex.c ****     (+) Stop the Hall Sensor Interface and disable DMA transfers.
 127:Drivers/STM32L4xx_HAL_Driver/Src/stm32l4xx_hal_tim_ex.c **** 
 128:Drivers/STM32L4xx_HAL_Driver/Src/stm32l4xx_hal_tim_ex.c **** @endverbatim
 129:Drivers/STM32L4xx_HAL_Driver/Src/stm32l4xx_hal_tim_ex.c ****   * @{
 130:Drivers/STM32L4xx_HAL_Driver/Src/stm32l4xx_hal_tim_ex.c ****   */
 131:Drivers/STM32L4xx_HAL_Driver/Src/stm32l4xx_hal_tim_ex.c **** /**
 132:Drivers/STM32L4xx_HAL_Driver/Src/stm32l4xx_hal_tim_ex.c ****   * @brief  Initializes the TIM Hall Sensor Interface and initialize the associated handle.
 133:Drivers/STM32L4xx_HAL_Driver/Src/stm32l4xx_hal_tim_ex.c ****   * @note   When the timer instance is initialized in Hall Sensor Interface mode,
 134:Drivers/STM32L4xx_HAL_Driver/Src/stm32l4xx_hal_tim_ex.c ****   *         timer channels 1 and channel 2 are reserved and cannot be used for
 135:Drivers/STM32L4xx_HAL_Driver/Src/stm32l4xx_hal_tim_ex.c ****   *         other purpose.
 136:Drivers/STM32L4xx_HAL_Driver/Src/stm32l4xx_hal_tim_ex.c ****   * @param  htim TIM Hall Sensor Interface handle
 137:Drivers/STM32L4xx_HAL_Driver/Src/stm32l4xx_hal_tim_ex.c ****   * @param  sConfig TIM Hall Sensor configuration structure
 138:Drivers/STM32L4xx_HAL_Driver/Src/stm32l4xx_hal_tim_ex.c ****   * @retval HAL status
 139:Drivers/STM32L4xx_HAL_Driver/Src/stm32l4xx_hal_tim_ex.c ****   */
 140:Drivers/STM32L4xx_HAL_Driver/Src/stm32l4xx_hal_tim_ex.c **** HAL_StatusTypeDef HAL_TIMEx_HallSensor_Init(TIM_HandleTypeDef *htim, const TIM_HallSensor_InitTypeD
 141:Drivers/STM32L4xx_HAL_Driver/Src/stm32l4xx_hal_tim_ex.c **** {
 142:Drivers/STM32L4xx_HAL_Driver/Src/stm32l4xx_hal_tim_ex.c ****   TIM_OC_InitTypeDef OC_Config;
 143:Drivers/STM32L4xx_HAL_Driver/Src/stm32l4xx_hal_tim_ex.c **** 
 144:Drivers/STM32L4xx_HAL_Driver/Src/stm32l4xx_hal_tim_ex.c ****   /* Check the TIM handle allocation */
ARM GAS  C:\Users\kerry\AppData\Local\Temp\ccWnk0Ym.s 			page 4


 145:Drivers/STM32L4xx_HAL_Driver/Src/stm32l4xx_hal_tim_ex.c ****   if (htim == NULL)
 146:Drivers/STM32L4xx_HAL_Driver/Src/stm32l4xx_hal_tim_ex.c ****   {
 147:Drivers/STM32L4xx_HAL_Driver/Src/stm32l4xx_hal_tim_ex.c ****     return HAL_ERROR;
 148:Drivers/STM32L4xx_HAL_Driver/Src/stm32l4xx_hal_tim_ex.c ****   }
 149:Drivers/STM32L4xx_HAL_Driver/Src/stm32l4xx_hal_tim_ex.c **** 
 150:Drivers/STM32L4xx_HAL_Driver/Src/stm32l4xx_hal_tim_ex.c ****   /* Check the parameters */
 151:Drivers/STM32L4xx_HAL_Driver/Src/stm32l4xx_hal_tim_ex.c ****   assert_param(IS_TIM_HALL_SENSOR_INTERFACE_INSTANCE(htim->Instance));
 152:Drivers/STM32L4xx_HAL_Driver/Src/stm32l4xx_hal_tim_ex.c ****   assert_param(IS_TIM_COUNTER_MODE(htim->Init.CounterMode));
 153:Drivers/STM32L4xx_HAL_Driver/Src/stm32l4xx_hal_tim_ex.c ****   assert_param(IS_TIM_CLOCKDIVISION_DIV(htim->Init.ClockDivision));
 154:Drivers/STM32L4xx_HAL_Driver/Src/stm32l4xx_hal_tim_ex.c ****   assert_param(IS_TIM_AUTORELOAD_PRELOAD(htim->Init.AutoReloadPreload));
 155:Drivers/STM32L4xx_HAL_Driver/Src/stm32l4xx_hal_tim_ex.c ****   assert_param(IS_TIM_IC_POLARITY(sConfig->IC1Polarity));
 156:Drivers/STM32L4xx_HAL_Driver/Src/stm32l4xx_hal_tim_ex.c ****   assert_param(IS_TIM_PERIOD(htim, htim->Init.Period));
 157:Drivers/STM32L4xx_HAL_Driver/Src/stm32l4xx_hal_tim_ex.c ****   assert_param(IS_TIM_IC_PRESCALER(sConfig->IC1Prescaler));
 158:Drivers/STM32L4xx_HAL_Driver/Src/stm32l4xx_hal_tim_ex.c ****   assert_param(IS_TIM_IC_FILTER(sConfig->IC1Filter));
 159:Drivers/STM32L4xx_HAL_Driver/Src/stm32l4xx_hal_tim_ex.c **** 
 160:Drivers/STM32L4xx_HAL_Driver/Src/stm32l4xx_hal_tim_ex.c ****   if (htim->State == HAL_TIM_STATE_RESET)
 161:Drivers/STM32L4xx_HAL_Driver/Src/stm32l4xx_hal_tim_ex.c ****   {
 162:Drivers/STM32L4xx_HAL_Driver/Src/stm32l4xx_hal_tim_ex.c ****     /* Allocate lock resource and initialize it */
 163:Drivers/STM32L4xx_HAL_Driver/Src/stm32l4xx_hal_tim_ex.c ****     htim->Lock = HAL_UNLOCKED;
 164:Drivers/STM32L4xx_HAL_Driver/Src/stm32l4xx_hal_tim_ex.c **** 
 165:Drivers/STM32L4xx_HAL_Driver/Src/stm32l4xx_hal_tim_ex.c **** #if (USE_HAL_TIM_REGISTER_CALLBACKS == 1)
 166:Drivers/STM32L4xx_HAL_Driver/Src/stm32l4xx_hal_tim_ex.c ****     /* Reset interrupt callbacks to legacy week callbacks */
 167:Drivers/STM32L4xx_HAL_Driver/Src/stm32l4xx_hal_tim_ex.c ****     TIM_ResetCallback(htim);
 168:Drivers/STM32L4xx_HAL_Driver/Src/stm32l4xx_hal_tim_ex.c **** 
 169:Drivers/STM32L4xx_HAL_Driver/Src/stm32l4xx_hal_tim_ex.c ****     if (htim->HallSensor_MspInitCallback == NULL)
 170:Drivers/STM32L4xx_HAL_Driver/Src/stm32l4xx_hal_tim_ex.c ****     {
 171:Drivers/STM32L4xx_HAL_Driver/Src/stm32l4xx_hal_tim_ex.c ****       htim->HallSensor_MspInitCallback = HAL_TIMEx_HallSensor_MspInit;
 172:Drivers/STM32L4xx_HAL_Driver/Src/stm32l4xx_hal_tim_ex.c ****     }
 173:Drivers/STM32L4xx_HAL_Driver/Src/stm32l4xx_hal_tim_ex.c ****     /* Init the low level hardware : GPIO, CLOCK, NVIC */
 174:Drivers/STM32L4xx_HAL_Driver/Src/stm32l4xx_hal_tim_ex.c ****     htim->HallSensor_MspInitCallback(htim);
 175:Drivers/STM32L4xx_HAL_Driver/Src/stm32l4xx_hal_tim_ex.c **** #else
 176:Drivers/STM32L4xx_HAL_Driver/Src/stm32l4xx_hal_tim_ex.c ****     /* Init the low level hardware : GPIO, CLOCK, NVIC and DMA */
 177:Drivers/STM32L4xx_HAL_Driver/Src/stm32l4xx_hal_tim_ex.c ****     HAL_TIMEx_HallSensor_MspInit(htim);
 178:Drivers/STM32L4xx_HAL_Driver/Src/stm32l4xx_hal_tim_ex.c **** #endif /* USE_HAL_TIM_REGISTER_CALLBACKS */
 179:Drivers/STM32L4xx_HAL_Driver/Src/stm32l4xx_hal_tim_ex.c ****   }
 180:Drivers/STM32L4xx_HAL_Driver/Src/stm32l4xx_hal_tim_ex.c **** 
 181:Drivers/STM32L4xx_HAL_Driver/Src/stm32l4xx_hal_tim_ex.c ****   /* Set the TIM state */
 182:Drivers/STM32L4xx_HAL_Driver/Src/stm32l4xx_hal_tim_ex.c ****   htim->State = HAL_TIM_STATE_BUSY;
 183:Drivers/STM32L4xx_HAL_Driver/Src/stm32l4xx_hal_tim_ex.c **** 
 184:Drivers/STM32L4xx_HAL_Driver/Src/stm32l4xx_hal_tim_ex.c ****   /* Configure the Time base in the Encoder Mode */
 185:Drivers/STM32L4xx_HAL_Driver/Src/stm32l4xx_hal_tim_ex.c ****   TIM_Base_SetConfig(htim->Instance, &htim->Init);
 186:Drivers/STM32L4xx_HAL_Driver/Src/stm32l4xx_hal_tim_ex.c **** 
 187:Drivers/STM32L4xx_HAL_Driver/Src/stm32l4xx_hal_tim_ex.c ****   /* Configure the Channel 1 as Input Channel to interface with the three Outputs of the  Hall sens
 188:Drivers/STM32L4xx_HAL_Driver/Src/stm32l4xx_hal_tim_ex.c ****   TIM_TI1_SetConfig(htim->Instance, sConfig->IC1Polarity, TIM_ICSELECTION_TRC, sConfig->IC1Filter);
 189:Drivers/STM32L4xx_HAL_Driver/Src/stm32l4xx_hal_tim_ex.c **** 
 190:Drivers/STM32L4xx_HAL_Driver/Src/stm32l4xx_hal_tim_ex.c ****   /* Reset the IC1PSC Bits */
 191:Drivers/STM32L4xx_HAL_Driver/Src/stm32l4xx_hal_tim_ex.c ****   htim->Instance->CCMR1 &= ~TIM_CCMR1_IC1PSC;
 192:Drivers/STM32L4xx_HAL_Driver/Src/stm32l4xx_hal_tim_ex.c ****   /* Set the IC1PSC value */
 193:Drivers/STM32L4xx_HAL_Driver/Src/stm32l4xx_hal_tim_ex.c ****   htim->Instance->CCMR1 |= sConfig->IC1Prescaler;
 194:Drivers/STM32L4xx_HAL_Driver/Src/stm32l4xx_hal_tim_ex.c **** 
 195:Drivers/STM32L4xx_HAL_Driver/Src/stm32l4xx_hal_tim_ex.c ****   /* Enable the Hall sensor interface (XOR function of the three inputs) */
 196:Drivers/STM32L4xx_HAL_Driver/Src/stm32l4xx_hal_tim_ex.c ****   htim->Instance->CR2 |= TIM_CR2_TI1S;
 197:Drivers/STM32L4xx_HAL_Driver/Src/stm32l4xx_hal_tim_ex.c **** 
 198:Drivers/STM32L4xx_HAL_Driver/Src/stm32l4xx_hal_tim_ex.c ****   /* Select the TIM_TS_TI1F_ED signal as Input trigger for the TIM */
 199:Drivers/STM32L4xx_HAL_Driver/Src/stm32l4xx_hal_tim_ex.c ****   htim->Instance->SMCR &= ~TIM_SMCR_TS;
 200:Drivers/STM32L4xx_HAL_Driver/Src/stm32l4xx_hal_tim_ex.c ****   htim->Instance->SMCR |= TIM_TS_TI1F_ED;
 201:Drivers/STM32L4xx_HAL_Driver/Src/stm32l4xx_hal_tim_ex.c **** 
ARM GAS  C:\Users\kerry\AppData\Local\Temp\ccWnk0Ym.s 			page 5


 202:Drivers/STM32L4xx_HAL_Driver/Src/stm32l4xx_hal_tim_ex.c ****   /* Use the TIM_TS_TI1F_ED signal to reset the TIM counter each edge detection */
 203:Drivers/STM32L4xx_HAL_Driver/Src/stm32l4xx_hal_tim_ex.c ****   htim->Instance->SMCR &= ~TIM_SMCR_SMS;
 204:Drivers/STM32L4xx_HAL_Driver/Src/stm32l4xx_hal_tim_ex.c ****   htim->Instance->SMCR |= TIM_SLAVEMODE_RESET;
 205:Drivers/STM32L4xx_HAL_Driver/Src/stm32l4xx_hal_tim_ex.c **** 
 206:Drivers/STM32L4xx_HAL_Driver/Src/stm32l4xx_hal_tim_ex.c ****   /* Program channel 2 in PWM 2 mode with the desired Commutation_Delay*/
 207:Drivers/STM32L4xx_HAL_Driver/Src/stm32l4xx_hal_tim_ex.c ****   OC_Config.OCFastMode = TIM_OCFAST_DISABLE;
 208:Drivers/STM32L4xx_HAL_Driver/Src/stm32l4xx_hal_tim_ex.c ****   OC_Config.OCIdleState = TIM_OCIDLESTATE_RESET;
 209:Drivers/STM32L4xx_HAL_Driver/Src/stm32l4xx_hal_tim_ex.c ****   OC_Config.OCMode = TIM_OCMODE_PWM2;
 210:Drivers/STM32L4xx_HAL_Driver/Src/stm32l4xx_hal_tim_ex.c ****   OC_Config.OCNIdleState = TIM_OCNIDLESTATE_RESET;
 211:Drivers/STM32L4xx_HAL_Driver/Src/stm32l4xx_hal_tim_ex.c ****   OC_Config.OCNPolarity = TIM_OCNPOLARITY_HIGH;
 212:Drivers/STM32L4xx_HAL_Driver/Src/stm32l4xx_hal_tim_ex.c ****   OC_Config.OCPolarity = TIM_OCPOLARITY_HIGH;
 213:Drivers/STM32L4xx_HAL_Driver/Src/stm32l4xx_hal_tim_ex.c ****   OC_Config.Pulse = sConfig->Commutation_Delay;
 214:Drivers/STM32L4xx_HAL_Driver/Src/stm32l4xx_hal_tim_ex.c **** 
 215:Drivers/STM32L4xx_HAL_Driver/Src/stm32l4xx_hal_tim_ex.c ****   TIM_OC2_SetConfig(htim->Instance, &OC_Config);
 216:Drivers/STM32L4xx_HAL_Driver/Src/stm32l4xx_hal_tim_ex.c **** 
 217:Drivers/STM32L4xx_HAL_Driver/Src/stm32l4xx_hal_tim_ex.c ****   /* Select OC2REF as trigger output on TRGO: write the MMS bits in the TIMx_CR2
 218:Drivers/STM32L4xx_HAL_Driver/Src/stm32l4xx_hal_tim_ex.c ****     register to 101 */
 219:Drivers/STM32L4xx_HAL_Driver/Src/stm32l4xx_hal_tim_ex.c ****   htim->Instance->CR2 &= ~TIM_CR2_MMS;
 220:Drivers/STM32L4xx_HAL_Driver/Src/stm32l4xx_hal_tim_ex.c ****   htim->Instance->CR2 |= TIM_TRGO_OC2REF;
 221:Drivers/STM32L4xx_HAL_Driver/Src/stm32l4xx_hal_tim_ex.c **** 
 222:Drivers/STM32L4xx_HAL_Driver/Src/stm32l4xx_hal_tim_ex.c ****   /* Initialize the DMA burst operation state */
 223:Drivers/STM32L4xx_HAL_Driver/Src/stm32l4xx_hal_tim_ex.c ****   htim->DMABurstState = HAL_DMA_BURST_STATE_READY;
 224:Drivers/STM32L4xx_HAL_Driver/Src/stm32l4xx_hal_tim_ex.c **** 
 225:Drivers/STM32L4xx_HAL_Driver/Src/stm32l4xx_hal_tim_ex.c ****   /* Initialize the TIM channels state */
 226:Drivers/STM32L4xx_HAL_Driver/Src/stm32l4xx_hal_tim_ex.c ****   TIM_CHANNEL_STATE_SET(htim, TIM_CHANNEL_1, HAL_TIM_CHANNEL_STATE_READY);
 227:Drivers/STM32L4xx_HAL_Driver/Src/stm32l4xx_hal_tim_ex.c ****   TIM_CHANNEL_STATE_SET(htim, TIM_CHANNEL_2, HAL_TIM_CHANNEL_STATE_READY);
 228:Drivers/STM32L4xx_HAL_Driver/Src/stm32l4xx_hal_tim_ex.c ****   TIM_CHANNEL_N_STATE_SET(htim, TIM_CHANNEL_1, HAL_TIM_CHANNEL_STATE_READY);
 229:Drivers/STM32L4xx_HAL_Driver/Src/stm32l4xx_hal_tim_ex.c ****   TIM_CHANNEL_N_STATE_SET(htim, TIM_CHANNEL_2, HAL_TIM_CHANNEL_STATE_READY);
 230:Drivers/STM32L4xx_HAL_Driver/Src/stm32l4xx_hal_tim_ex.c **** 
 231:Drivers/STM32L4xx_HAL_Driver/Src/stm32l4xx_hal_tim_ex.c ****   /* Initialize the TIM state*/
 232:Drivers/STM32L4xx_HAL_Driver/Src/stm32l4xx_hal_tim_ex.c ****   htim->State = HAL_TIM_STATE_READY;
 233:Drivers/STM32L4xx_HAL_Driver/Src/stm32l4xx_hal_tim_ex.c **** 
 234:Drivers/STM32L4xx_HAL_Driver/Src/stm32l4xx_hal_tim_ex.c ****   return HAL_OK;
 235:Drivers/STM32L4xx_HAL_Driver/Src/stm32l4xx_hal_tim_ex.c **** }
 236:Drivers/STM32L4xx_HAL_Driver/Src/stm32l4xx_hal_tim_ex.c **** 
 237:Drivers/STM32L4xx_HAL_Driver/Src/stm32l4xx_hal_tim_ex.c **** /**
 238:Drivers/STM32L4xx_HAL_Driver/Src/stm32l4xx_hal_tim_ex.c ****   * @brief  DeInitializes the TIM Hall Sensor interface
 239:Drivers/STM32L4xx_HAL_Driver/Src/stm32l4xx_hal_tim_ex.c ****   * @param  htim TIM Hall Sensor Interface handle
 240:Drivers/STM32L4xx_HAL_Driver/Src/stm32l4xx_hal_tim_ex.c ****   * @retval HAL status
 241:Drivers/STM32L4xx_HAL_Driver/Src/stm32l4xx_hal_tim_ex.c ****   */
 242:Drivers/STM32L4xx_HAL_Driver/Src/stm32l4xx_hal_tim_ex.c **** HAL_StatusTypeDef HAL_TIMEx_HallSensor_DeInit(TIM_HandleTypeDef *htim)
 243:Drivers/STM32L4xx_HAL_Driver/Src/stm32l4xx_hal_tim_ex.c **** {
 244:Drivers/STM32L4xx_HAL_Driver/Src/stm32l4xx_hal_tim_ex.c ****   /* Check the parameters */
 245:Drivers/STM32L4xx_HAL_Driver/Src/stm32l4xx_hal_tim_ex.c ****   assert_param(IS_TIM_INSTANCE(htim->Instance));
 246:Drivers/STM32L4xx_HAL_Driver/Src/stm32l4xx_hal_tim_ex.c **** 
 247:Drivers/STM32L4xx_HAL_Driver/Src/stm32l4xx_hal_tim_ex.c ****   htim->State = HAL_TIM_STATE_BUSY;
 248:Drivers/STM32L4xx_HAL_Driver/Src/stm32l4xx_hal_tim_ex.c **** 
 249:Drivers/STM32L4xx_HAL_Driver/Src/stm32l4xx_hal_tim_ex.c ****   /* Disable the TIM Peripheral Clock */
 250:Drivers/STM32L4xx_HAL_Driver/Src/stm32l4xx_hal_tim_ex.c ****   __HAL_TIM_DISABLE(htim);
 251:Drivers/STM32L4xx_HAL_Driver/Src/stm32l4xx_hal_tim_ex.c **** 
 252:Drivers/STM32L4xx_HAL_Driver/Src/stm32l4xx_hal_tim_ex.c **** #if (USE_HAL_TIM_REGISTER_CALLBACKS == 1)
 253:Drivers/STM32L4xx_HAL_Driver/Src/stm32l4xx_hal_tim_ex.c ****   if (htim->HallSensor_MspDeInitCallback == NULL)
 254:Drivers/STM32L4xx_HAL_Driver/Src/stm32l4xx_hal_tim_ex.c ****   {
 255:Drivers/STM32L4xx_HAL_Driver/Src/stm32l4xx_hal_tim_ex.c ****     htim->HallSensor_MspDeInitCallback = HAL_TIMEx_HallSensor_MspDeInit;
 256:Drivers/STM32L4xx_HAL_Driver/Src/stm32l4xx_hal_tim_ex.c ****   }
 257:Drivers/STM32L4xx_HAL_Driver/Src/stm32l4xx_hal_tim_ex.c ****   /* DeInit the low level hardware */
 258:Drivers/STM32L4xx_HAL_Driver/Src/stm32l4xx_hal_tim_ex.c ****   htim->HallSensor_MspDeInitCallback(htim);
ARM GAS  C:\Users\kerry\AppData\Local\Temp\ccWnk0Ym.s 			page 6


 259:Drivers/STM32L4xx_HAL_Driver/Src/stm32l4xx_hal_tim_ex.c **** #else
 260:Drivers/STM32L4xx_HAL_Driver/Src/stm32l4xx_hal_tim_ex.c ****   /* DeInit the low level hardware: GPIO, CLOCK, NVIC */
 261:Drivers/STM32L4xx_HAL_Driver/Src/stm32l4xx_hal_tim_ex.c ****   HAL_TIMEx_HallSensor_MspDeInit(htim);
 262:Drivers/STM32L4xx_HAL_Driver/Src/stm32l4xx_hal_tim_ex.c **** #endif /* USE_HAL_TIM_REGISTER_CALLBACKS */
 263:Drivers/STM32L4xx_HAL_Driver/Src/stm32l4xx_hal_tim_ex.c **** 
 264:Drivers/STM32L4xx_HAL_Driver/Src/stm32l4xx_hal_tim_ex.c ****   /* Change the DMA burst operation state */
 265:Drivers/STM32L4xx_HAL_Driver/Src/stm32l4xx_hal_tim_ex.c ****   htim->DMABurstState = HAL_DMA_BURST_STATE_RESET;
 266:Drivers/STM32L4xx_HAL_Driver/Src/stm32l4xx_hal_tim_ex.c **** 
 267:Drivers/STM32L4xx_HAL_Driver/Src/stm32l4xx_hal_tim_ex.c ****   /* Change the TIM channels state */
 268:Drivers/STM32L4xx_HAL_Driver/Src/stm32l4xx_hal_tim_ex.c ****   TIM_CHANNEL_STATE_SET(htim, TIM_CHANNEL_1, HAL_TIM_CHANNEL_STATE_RESET);
 269:Drivers/STM32L4xx_HAL_Driver/Src/stm32l4xx_hal_tim_ex.c ****   TIM_CHANNEL_STATE_SET(htim, TIM_CHANNEL_2, HAL_TIM_CHANNEL_STATE_RESET);
 270:Drivers/STM32L4xx_HAL_Driver/Src/stm32l4xx_hal_tim_ex.c ****   TIM_CHANNEL_N_STATE_SET(htim, TIM_CHANNEL_1, HAL_TIM_CHANNEL_STATE_RESET);
 271:Drivers/STM32L4xx_HAL_Driver/Src/stm32l4xx_hal_tim_ex.c ****   TIM_CHANNEL_N_STATE_SET(htim, TIM_CHANNEL_2, HAL_TIM_CHANNEL_STATE_RESET);
 272:Drivers/STM32L4xx_HAL_Driver/Src/stm32l4xx_hal_tim_ex.c **** 
 273:Drivers/STM32L4xx_HAL_Driver/Src/stm32l4xx_hal_tim_ex.c ****   /* Change TIM state */
 274:Drivers/STM32L4xx_HAL_Driver/Src/stm32l4xx_hal_tim_ex.c ****   htim->State = HAL_TIM_STATE_RESET;
 275:Drivers/STM32L4xx_HAL_Driver/Src/stm32l4xx_hal_tim_ex.c **** 
 276:Drivers/STM32L4xx_HAL_Driver/Src/stm32l4xx_hal_tim_ex.c ****   /* Release Lock */
 277:Drivers/STM32L4xx_HAL_Driver/Src/stm32l4xx_hal_tim_ex.c ****   __HAL_UNLOCK(htim);
 278:Drivers/STM32L4xx_HAL_Driver/Src/stm32l4xx_hal_tim_ex.c **** 
 279:Drivers/STM32L4xx_HAL_Driver/Src/stm32l4xx_hal_tim_ex.c ****   return HAL_OK;
 280:Drivers/STM32L4xx_HAL_Driver/Src/stm32l4xx_hal_tim_ex.c **** }
 281:Drivers/STM32L4xx_HAL_Driver/Src/stm32l4xx_hal_tim_ex.c **** 
 282:Drivers/STM32L4xx_HAL_Driver/Src/stm32l4xx_hal_tim_ex.c **** /**
 283:Drivers/STM32L4xx_HAL_Driver/Src/stm32l4xx_hal_tim_ex.c ****   * @brief  Initializes the TIM Hall Sensor MSP.
 284:Drivers/STM32L4xx_HAL_Driver/Src/stm32l4xx_hal_tim_ex.c ****   * @param  htim TIM Hall Sensor Interface handle
 285:Drivers/STM32L4xx_HAL_Driver/Src/stm32l4xx_hal_tim_ex.c ****   * @retval None
 286:Drivers/STM32L4xx_HAL_Driver/Src/stm32l4xx_hal_tim_ex.c ****   */
 287:Drivers/STM32L4xx_HAL_Driver/Src/stm32l4xx_hal_tim_ex.c **** __weak void HAL_TIMEx_HallSensor_MspInit(TIM_HandleTypeDef *htim)
 288:Drivers/STM32L4xx_HAL_Driver/Src/stm32l4xx_hal_tim_ex.c **** {
 289:Drivers/STM32L4xx_HAL_Driver/Src/stm32l4xx_hal_tim_ex.c ****   /* Prevent unused argument(s) compilation warning */
 290:Drivers/STM32L4xx_HAL_Driver/Src/stm32l4xx_hal_tim_ex.c ****   UNUSED(htim);
 291:Drivers/STM32L4xx_HAL_Driver/Src/stm32l4xx_hal_tim_ex.c **** 
 292:Drivers/STM32L4xx_HAL_Driver/Src/stm32l4xx_hal_tim_ex.c ****   /* NOTE : This function should not be modified, when the callback is needed,
 293:Drivers/STM32L4xx_HAL_Driver/Src/stm32l4xx_hal_tim_ex.c ****             the HAL_TIMEx_HallSensor_MspInit could be implemented in the user file
 294:Drivers/STM32L4xx_HAL_Driver/Src/stm32l4xx_hal_tim_ex.c ****    */
 295:Drivers/STM32L4xx_HAL_Driver/Src/stm32l4xx_hal_tim_ex.c **** }
 296:Drivers/STM32L4xx_HAL_Driver/Src/stm32l4xx_hal_tim_ex.c **** 
 297:Drivers/STM32L4xx_HAL_Driver/Src/stm32l4xx_hal_tim_ex.c **** /**
 298:Drivers/STM32L4xx_HAL_Driver/Src/stm32l4xx_hal_tim_ex.c ****   * @brief  DeInitializes TIM Hall Sensor MSP.
 299:Drivers/STM32L4xx_HAL_Driver/Src/stm32l4xx_hal_tim_ex.c ****   * @param  htim TIM Hall Sensor Interface handle
 300:Drivers/STM32L4xx_HAL_Driver/Src/stm32l4xx_hal_tim_ex.c ****   * @retval None
 301:Drivers/STM32L4xx_HAL_Driver/Src/stm32l4xx_hal_tim_ex.c ****   */
 302:Drivers/STM32L4xx_HAL_Driver/Src/stm32l4xx_hal_tim_ex.c **** __weak void HAL_TIMEx_HallSensor_MspDeInit(TIM_HandleTypeDef *htim)
 303:Drivers/STM32L4xx_HAL_Driver/Src/stm32l4xx_hal_tim_ex.c **** {
 304:Drivers/STM32L4xx_HAL_Driver/Src/stm32l4xx_hal_tim_ex.c ****   /* Prevent unused argument(s) compilation warning */
 305:Drivers/STM32L4xx_HAL_Driver/Src/stm32l4xx_hal_tim_ex.c ****   UNUSED(htim);
 306:Drivers/STM32L4xx_HAL_Driver/Src/stm32l4xx_hal_tim_ex.c **** 
 307:Drivers/STM32L4xx_HAL_Driver/Src/stm32l4xx_hal_tim_ex.c ****   /* NOTE : This function should not be modified, when the callback is needed,
 308:Drivers/STM32L4xx_HAL_Driver/Src/stm32l4xx_hal_tim_ex.c ****             the HAL_TIMEx_HallSensor_MspDeInit could be implemented in the user file
 309:Drivers/STM32L4xx_HAL_Driver/Src/stm32l4xx_hal_tim_ex.c ****    */
 310:Drivers/STM32L4xx_HAL_Driver/Src/stm32l4xx_hal_tim_ex.c **** }
 311:Drivers/STM32L4xx_HAL_Driver/Src/stm32l4xx_hal_tim_ex.c **** 
 312:Drivers/STM32L4xx_HAL_Driver/Src/stm32l4xx_hal_tim_ex.c **** /**
 313:Drivers/STM32L4xx_HAL_Driver/Src/stm32l4xx_hal_tim_ex.c ****   * @brief  Starts the TIM Hall Sensor Interface.
 314:Drivers/STM32L4xx_HAL_Driver/Src/stm32l4xx_hal_tim_ex.c ****   * @param  htim TIM Hall Sensor Interface handle
 315:Drivers/STM32L4xx_HAL_Driver/Src/stm32l4xx_hal_tim_ex.c ****   * @retval HAL status
ARM GAS  C:\Users\kerry\AppData\Local\Temp\ccWnk0Ym.s 			page 7


 316:Drivers/STM32L4xx_HAL_Driver/Src/stm32l4xx_hal_tim_ex.c ****   */
 317:Drivers/STM32L4xx_HAL_Driver/Src/stm32l4xx_hal_tim_ex.c **** HAL_StatusTypeDef HAL_TIMEx_HallSensor_Start(TIM_HandleTypeDef *htim)
 318:Drivers/STM32L4xx_HAL_Driver/Src/stm32l4xx_hal_tim_ex.c **** {
 319:Drivers/STM32L4xx_HAL_Driver/Src/stm32l4xx_hal_tim_ex.c ****   uint32_t tmpsmcr;
 320:Drivers/STM32L4xx_HAL_Driver/Src/stm32l4xx_hal_tim_ex.c ****   HAL_TIM_ChannelStateTypeDef channel_1_state = TIM_CHANNEL_STATE_GET(htim, TIM_CHANNEL_1);
 321:Drivers/STM32L4xx_HAL_Driver/Src/stm32l4xx_hal_tim_ex.c ****   HAL_TIM_ChannelStateTypeDef channel_2_state = TIM_CHANNEL_STATE_GET(htim, TIM_CHANNEL_2);
 322:Drivers/STM32L4xx_HAL_Driver/Src/stm32l4xx_hal_tim_ex.c ****   HAL_TIM_ChannelStateTypeDef complementary_channel_1_state = TIM_CHANNEL_N_STATE_GET(htim, TIM_CHA
 323:Drivers/STM32L4xx_HAL_Driver/Src/stm32l4xx_hal_tim_ex.c ****   HAL_TIM_ChannelStateTypeDef complementary_channel_2_state = TIM_CHANNEL_N_STATE_GET(htim, TIM_CHA
 324:Drivers/STM32L4xx_HAL_Driver/Src/stm32l4xx_hal_tim_ex.c **** 
 325:Drivers/STM32L4xx_HAL_Driver/Src/stm32l4xx_hal_tim_ex.c ****   /* Check the parameters */
 326:Drivers/STM32L4xx_HAL_Driver/Src/stm32l4xx_hal_tim_ex.c ****   assert_param(IS_TIM_HALL_SENSOR_INTERFACE_INSTANCE(htim->Instance));
 327:Drivers/STM32L4xx_HAL_Driver/Src/stm32l4xx_hal_tim_ex.c **** 
 328:Drivers/STM32L4xx_HAL_Driver/Src/stm32l4xx_hal_tim_ex.c ****   /* Check the TIM channels state */
 329:Drivers/STM32L4xx_HAL_Driver/Src/stm32l4xx_hal_tim_ex.c ****   if ((channel_1_state != HAL_TIM_CHANNEL_STATE_READY)
 330:Drivers/STM32L4xx_HAL_Driver/Src/stm32l4xx_hal_tim_ex.c ****       || (channel_2_state != HAL_TIM_CHANNEL_STATE_READY)
 331:Drivers/STM32L4xx_HAL_Driver/Src/stm32l4xx_hal_tim_ex.c ****       || (complementary_channel_1_state != HAL_TIM_CHANNEL_STATE_READY)
 332:Drivers/STM32L4xx_HAL_Driver/Src/stm32l4xx_hal_tim_ex.c ****       || (complementary_channel_2_state != HAL_TIM_CHANNEL_STATE_READY))
 333:Drivers/STM32L4xx_HAL_Driver/Src/stm32l4xx_hal_tim_ex.c ****   {
 334:Drivers/STM32L4xx_HAL_Driver/Src/stm32l4xx_hal_tim_ex.c ****     return HAL_ERROR;
 335:Drivers/STM32L4xx_HAL_Driver/Src/stm32l4xx_hal_tim_ex.c ****   }
 336:Drivers/STM32L4xx_HAL_Driver/Src/stm32l4xx_hal_tim_ex.c **** 
 337:Drivers/STM32L4xx_HAL_Driver/Src/stm32l4xx_hal_tim_ex.c ****   /* Set the TIM channels state */
 338:Drivers/STM32L4xx_HAL_Driver/Src/stm32l4xx_hal_tim_ex.c ****   TIM_CHANNEL_STATE_SET(htim, TIM_CHANNEL_1, HAL_TIM_CHANNEL_STATE_BUSY);
 339:Drivers/STM32L4xx_HAL_Driver/Src/stm32l4xx_hal_tim_ex.c ****   TIM_CHANNEL_STATE_SET(htim, TIM_CHANNEL_2, HAL_TIM_CHANNEL_STATE_BUSY);
 340:Drivers/STM32L4xx_HAL_Driver/Src/stm32l4xx_hal_tim_ex.c ****   TIM_CHANNEL_N_STATE_SET(htim, TIM_CHANNEL_1, HAL_TIM_CHANNEL_STATE_BUSY);
 341:Drivers/STM32L4xx_HAL_Driver/Src/stm32l4xx_hal_tim_ex.c ****   TIM_CHANNEL_N_STATE_SET(htim, TIM_CHANNEL_2, HAL_TIM_CHANNEL_STATE_BUSY);
 342:Drivers/STM32L4xx_HAL_Driver/Src/stm32l4xx_hal_tim_ex.c **** 
 343:Drivers/STM32L4xx_HAL_Driver/Src/stm32l4xx_hal_tim_ex.c ****   /* Enable the Input Capture channel 1
 344:Drivers/STM32L4xx_HAL_Driver/Src/stm32l4xx_hal_tim_ex.c ****   (in the Hall Sensor Interface the three possible channels that can be used are TIM_CHANNEL_1,
 345:Drivers/STM32L4xx_HAL_Driver/Src/stm32l4xx_hal_tim_ex.c ****   TIM_CHANNEL_2 and TIM_CHANNEL_3) */
 346:Drivers/STM32L4xx_HAL_Driver/Src/stm32l4xx_hal_tim_ex.c ****   TIM_CCxChannelCmd(htim->Instance, TIM_CHANNEL_1, TIM_CCx_ENABLE);
 347:Drivers/STM32L4xx_HAL_Driver/Src/stm32l4xx_hal_tim_ex.c **** 
 348:Drivers/STM32L4xx_HAL_Driver/Src/stm32l4xx_hal_tim_ex.c ****   /* Enable the Peripheral, except in trigger mode where enable is automatically done with trigger 
 349:Drivers/STM32L4xx_HAL_Driver/Src/stm32l4xx_hal_tim_ex.c ****   if (IS_TIM_SLAVE_INSTANCE(htim->Instance))
 350:Drivers/STM32L4xx_HAL_Driver/Src/stm32l4xx_hal_tim_ex.c ****   {
 351:Drivers/STM32L4xx_HAL_Driver/Src/stm32l4xx_hal_tim_ex.c ****     tmpsmcr = htim->Instance->SMCR & TIM_SMCR_SMS;
 352:Drivers/STM32L4xx_HAL_Driver/Src/stm32l4xx_hal_tim_ex.c ****     if (!IS_TIM_SLAVEMODE_TRIGGER_ENABLED(tmpsmcr))
 353:Drivers/STM32L4xx_HAL_Driver/Src/stm32l4xx_hal_tim_ex.c ****     {
 354:Drivers/STM32L4xx_HAL_Driver/Src/stm32l4xx_hal_tim_ex.c ****       __HAL_TIM_ENABLE(htim);
 355:Drivers/STM32L4xx_HAL_Driver/Src/stm32l4xx_hal_tim_ex.c ****     }
 356:Drivers/STM32L4xx_HAL_Driver/Src/stm32l4xx_hal_tim_ex.c ****   }
 357:Drivers/STM32L4xx_HAL_Driver/Src/stm32l4xx_hal_tim_ex.c ****   else
 358:Drivers/STM32L4xx_HAL_Driver/Src/stm32l4xx_hal_tim_ex.c ****   {
 359:Drivers/STM32L4xx_HAL_Driver/Src/stm32l4xx_hal_tim_ex.c ****     __HAL_TIM_ENABLE(htim);
 360:Drivers/STM32L4xx_HAL_Driver/Src/stm32l4xx_hal_tim_ex.c ****   }
 361:Drivers/STM32L4xx_HAL_Driver/Src/stm32l4xx_hal_tim_ex.c **** 
 362:Drivers/STM32L4xx_HAL_Driver/Src/stm32l4xx_hal_tim_ex.c ****   /* Return function status */
 363:Drivers/STM32L4xx_HAL_Driver/Src/stm32l4xx_hal_tim_ex.c ****   return HAL_OK;
 364:Drivers/STM32L4xx_HAL_Driver/Src/stm32l4xx_hal_tim_ex.c **** }
 365:Drivers/STM32L4xx_HAL_Driver/Src/stm32l4xx_hal_tim_ex.c **** 
 366:Drivers/STM32L4xx_HAL_Driver/Src/stm32l4xx_hal_tim_ex.c **** /**
 367:Drivers/STM32L4xx_HAL_Driver/Src/stm32l4xx_hal_tim_ex.c ****   * @brief  Stops the TIM Hall sensor Interface.
 368:Drivers/STM32L4xx_HAL_Driver/Src/stm32l4xx_hal_tim_ex.c ****   * @param  htim TIM Hall Sensor Interface handle
 369:Drivers/STM32L4xx_HAL_Driver/Src/stm32l4xx_hal_tim_ex.c ****   * @retval HAL status
 370:Drivers/STM32L4xx_HAL_Driver/Src/stm32l4xx_hal_tim_ex.c ****   */
 371:Drivers/STM32L4xx_HAL_Driver/Src/stm32l4xx_hal_tim_ex.c **** HAL_StatusTypeDef HAL_TIMEx_HallSensor_Stop(TIM_HandleTypeDef *htim)
 372:Drivers/STM32L4xx_HAL_Driver/Src/stm32l4xx_hal_tim_ex.c **** {
ARM GAS  C:\Users\kerry\AppData\Local\Temp\ccWnk0Ym.s 			page 8


 373:Drivers/STM32L4xx_HAL_Driver/Src/stm32l4xx_hal_tim_ex.c ****   /* Check the parameters */
 374:Drivers/STM32L4xx_HAL_Driver/Src/stm32l4xx_hal_tim_ex.c ****   assert_param(IS_TIM_HALL_SENSOR_INTERFACE_INSTANCE(htim->Instance));
 375:Drivers/STM32L4xx_HAL_Driver/Src/stm32l4xx_hal_tim_ex.c **** 
 376:Drivers/STM32L4xx_HAL_Driver/Src/stm32l4xx_hal_tim_ex.c ****   /* Disable the Input Capture channels 1, 2 and 3
 377:Drivers/STM32L4xx_HAL_Driver/Src/stm32l4xx_hal_tim_ex.c ****   (in the Hall Sensor Interface the three possible channels that can be used are TIM_CHANNEL_1,
 378:Drivers/STM32L4xx_HAL_Driver/Src/stm32l4xx_hal_tim_ex.c ****   TIM_CHANNEL_2 and TIM_CHANNEL_3) */
 379:Drivers/STM32L4xx_HAL_Driver/Src/stm32l4xx_hal_tim_ex.c ****   TIM_CCxChannelCmd(htim->Instance, TIM_CHANNEL_1, TIM_CCx_DISABLE);
 380:Drivers/STM32L4xx_HAL_Driver/Src/stm32l4xx_hal_tim_ex.c **** 
 381:Drivers/STM32L4xx_HAL_Driver/Src/stm32l4xx_hal_tim_ex.c ****   /* Disable the Peripheral */
 382:Drivers/STM32L4xx_HAL_Driver/Src/stm32l4xx_hal_tim_ex.c ****   __HAL_TIM_DISABLE(htim);
 383:Drivers/STM32L4xx_HAL_Driver/Src/stm32l4xx_hal_tim_ex.c **** 
 384:Drivers/STM32L4xx_HAL_Driver/Src/stm32l4xx_hal_tim_ex.c ****   /* Set the TIM channels state */
 385:Drivers/STM32L4xx_HAL_Driver/Src/stm32l4xx_hal_tim_ex.c ****   TIM_CHANNEL_STATE_SET(htim, TIM_CHANNEL_1, HAL_TIM_CHANNEL_STATE_READY);
 386:Drivers/STM32L4xx_HAL_Driver/Src/stm32l4xx_hal_tim_ex.c ****   TIM_CHANNEL_STATE_SET(htim, TIM_CHANNEL_2, HAL_TIM_CHANNEL_STATE_READY);
 387:Drivers/STM32L4xx_HAL_Driver/Src/stm32l4xx_hal_tim_ex.c ****   TIM_CHANNEL_N_STATE_SET(htim, TIM_CHANNEL_1, HAL_TIM_CHANNEL_STATE_READY);
 388:Drivers/STM32L4xx_HAL_Driver/Src/stm32l4xx_hal_tim_ex.c ****   TIM_CHANNEL_N_STATE_SET(htim, TIM_CHANNEL_2, HAL_TIM_CHANNEL_STATE_READY);
 389:Drivers/STM32L4xx_HAL_Driver/Src/stm32l4xx_hal_tim_ex.c **** 
 390:Drivers/STM32L4xx_HAL_Driver/Src/stm32l4xx_hal_tim_ex.c ****   /* Return function status */
 391:Drivers/STM32L4xx_HAL_Driver/Src/stm32l4xx_hal_tim_ex.c ****   return HAL_OK;
 392:Drivers/STM32L4xx_HAL_Driver/Src/stm32l4xx_hal_tim_ex.c **** }
 393:Drivers/STM32L4xx_HAL_Driver/Src/stm32l4xx_hal_tim_ex.c **** 
 394:Drivers/STM32L4xx_HAL_Driver/Src/stm32l4xx_hal_tim_ex.c **** /**
 395:Drivers/STM32L4xx_HAL_Driver/Src/stm32l4xx_hal_tim_ex.c ****   * @brief  Starts the TIM Hall Sensor Interface in interrupt mode.
 396:Drivers/STM32L4xx_HAL_Driver/Src/stm32l4xx_hal_tim_ex.c ****   * @param  htim TIM Hall Sensor Interface handle
 397:Drivers/STM32L4xx_HAL_Driver/Src/stm32l4xx_hal_tim_ex.c ****   * @retval HAL status
 398:Drivers/STM32L4xx_HAL_Driver/Src/stm32l4xx_hal_tim_ex.c ****   */
 399:Drivers/STM32L4xx_HAL_Driver/Src/stm32l4xx_hal_tim_ex.c **** HAL_StatusTypeDef HAL_TIMEx_HallSensor_Start_IT(TIM_HandleTypeDef *htim)
 400:Drivers/STM32L4xx_HAL_Driver/Src/stm32l4xx_hal_tim_ex.c **** {
 401:Drivers/STM32L4xx_HAL_Driver/Src/stm32l4xx_hal_tim_ex.c ****   uint32_t tmpsmcr;
 402:Drivers/STM32L4xx_HAL_Driver/Src/stm32l4xx_hal_tim_ex.c ****   HAL_TIM_ChannelStateTypeDef channel_1_state = TIM_CHANNEL_STATE_GET(htim, TIM_CHANNEL_1);
 403:Drivers/STM32L4xx_HAL_Driver/Src/stm32l4xx_hal_tim_ex.c ****   HAL_TIM_ChannelStateTypeDef channel_2_state = TIM_CHANNEL_STATE_GET(htim, TIM_CHANNEL_2);
 404:Drivers/STM32L4xx_HAL_Driver/Src/stm32l4xx_hal_tim_ex.c ****   HAL_TIM_ChannelStateTypeDef complementary_channel_1_state = TIM_CHANNEL_N_STATE_GET(htim, TIM_CHA
 405:Drivers/STM32L4xx_HAL_Driver/Src/stm32l4xx_hal_tim_ex.c ****   HAL_TIM_ChannelStateTypeDef complementary_channel_2_state = TIM_CHANNEL_N_STATE_GET(htim, TIM_CHA
 406:Drivers/STM32L4xx_HAL_Driver/Src/stm32l4xx_hal_tim_ex.c **** 
 407:Drivers/STM32L4xx_HAL_Driver/Src/stm32l4xx_hal_tim_ex.c ****   /* Check the parameters */
 408:Drivers/STM32L4xx_HAL_Driver/Src/stm32l4xx_hal_tim_ex.c ****   assert_param(IS_TIM_HALL_SENSOR_INTERFACE_INSTANCE(htim->Instance));
 409:Drivers/STM32L4xx_HAL_Driver/Src/stm32l4xx_hal_tim_ex.c **** 
 410:Drivers/STM32L4xx_HAL_Driver/Src/stm32l4xx_hal_tim_ex.c ****   /* Check the TIM channels state */
 411:Drivers/STM32L4xx_HAL_Driver/Src/stm32l4xx_hal_tim_ex.c ****   if ((channel_1_state != HAL_TIM_CHANNEL_STATE_READY)
 412:Drivers/STM32L4xx_HAL_Driver/Src/stm32l4xx_hal_tim_ex.c ****       || (channel_2_state != HAL_TIM_CHANNEL_STATE_READY)
 413:Drivers/STM32L4xx_HAL_Driver/Src/stm32l4xx_hal_tim_ex.c ****       || (complementary_channel_1_state != HAL_TIM_CHANNEL_STATE_READY)
 414:Drivers/STM32L4xx_HAL_Driver/Src/stm32l4xx_hal_tim_ex.c ****       || (complementary_channel_2_state != HAL_TIM_CHANNEL_STATE_READY))
 415:Drivers/STM32L4xx_HAL_Driver/Src/stm32l4xx_hal_tim_ex.c ****   {
 416:Drivers/STM32L4xx_HAL_Driver/Src/stm32l4xx_hal_tim_ex.c ****     return HAL_ERROR;
 417:Drivers/STM32L4xx_HAL_Driver/Src/stm32l4xx_hal_tim_ex.c ****   }
 418:Drivers/STM32L4xx_HAL_Driver/Src/stm32l4xx_hal_tim_ex.c **** 
 419:Drivers/STM32L4xx_HAL_Driver/Src/stm32l4xx_hal_tim_ex.c ****   /* Set the TIM channels state */
 420:Drivers/STM32L4xx_HAL_Driver/Src/stm32l4xx_hal_tim_ex.c ****   TIM_CHANNEL_STATE_SET(htim, TIM_CHANNEL_1, HAL_TIM_CHANNEL_STATE_BUSY);
 421:Drivers/STM32L4xx_HAL_Driver/Src/stm32l4xx_hal_tim_ex.c ****   TIM_CHANNEL_STATE_SET(htim, TIM_CHANNEL_2, HAL_TIM_CHANNEL_STATE_BUSY);
 422:Drivers/STM32L4xx_HAL_Driver/Src/stm32l4xx_hal_tim_ex.c ****   TIM_CHANNEL_N_STATE_SET(htim, TIM_CHANNEL_1, HAL_TIM_CHANNEL_STATE_BUSY);
 423:Drivers/STM32L4xx_HAL_Driver/Src/stm32l4xx_hal_tim_ex.c ****   TIM_CHANNEL_N_STATE_SET(htim, TIM_CHANNEL_2, HAL_TIM_CHANNEL_STATE_BUSY);
 424:Drivers/STM32L4xx_HAL_Driver/Src/stm32l4xx_hal_tim_ex.c **** 
 425:Drivers/STM32L4xx_HAL_Driver/Src/stm32l4xx_hal_tim_ex.c ****   /* Enable the capture compare Interrupts 1 event */
 426:Drivers/STM32L4xx_HAL_Driver/Src/stm32l4xx_hal_tim_ex.c ****   __HAL_TIM_ENABLE_IT(htim, TIM_IT_CC1);
 427:Drivers/STM32L4xx_HAL_Driver/Src/stm32l4xx_hal_tim_ex.c **** 
 428:Drivers/STM32L4xx_HAL_Driver/Src/stm32l4xx_hal_tim_ex.c ****   /* Enable the Input Capture channel 1
 429:Drivers/STM32L4xx_HAL_Driver/Src/stm32l4xx_hal_tim_ex.c ****   (in the Hall Sensor Interface the three possible channels that can be used are TIM_CHANNEL_1,
ARM GAS  C:\Users\kerry\AppData\Local\Temp\ccWnk0Ym.s 			page 9


 430:Drivers/STM32L4xx_HAL_Driver/Src/stm32l4xx_hal_tim_ex.c ****   TIM_CHANNEL_2 and TIM_CHANNEL_3) */
 431:Drivers/STM32L4xx_HAL_Driver/Src/stm32l4xx_hal_tim_ex.c ****   TIM_CCxChannelCmd(htim->Instance, TIM_CHANNEL_1, TIM_CCx_ENABLE);
 432:Drivers/STM32L4xx_HAL_Driver/Src/stm32l4xx_hal_tim_ex.c **** 
 433:Drivers/STM32L4xx_HAL_Driver/Src/stm32l4xx_hal_tim_ex.c ****   /* Enable the Peripheral, except in trigger mode where enable is automatically done with trigger 
 434:Drivers/STM32L4xx_HAL_Driver/Src/stm32l4xx_hal_tim_ex.c ****   if (IS_TIM_SLAVE_INSTANCE(htim->Instance))
 435:Drivers/STM32L4xx_HAL_Driver/Src/stm32l4xx_hal_tim_ex.c ****   {
 436:Drivers/STM32L4xx_HAL_Driver/Src/stm32l4xx_hal_tim_ex.c ****     tmpsmcr = htim->Instance->SMCR & TIM_SMCR_SMS;
 437:Drivers/STM32L4xx_HAL_Driver/Src/stm32l4xx_hal_tim_ex.c ****     if (!IS_TIM_SLAVEMODE_TRIGGER_ENABLED(tmpsmcr))
 438:Drivers/STM32L4xx_HAL_Driver/Src/stm32l4xx_hal_tim_ex.c ****     {
 439:Drivers/STM32L4xx_HAL_Driver/Src/stm32l4xx_hal_tim_ex.c ****       __HAL_TIM_ENABLE(htim);
 440:Drivers/STM32L4xx_HAL_Driver/Src/stm32l4xx_hal_tim_ex.c ****     }
 441:Drivers/STM32L4xx_HAL_Driver/Src/stm32l4xx_hal_tim_ex.c ****   }
 442:Drivers/STM32L4xx_HAL_Driver/Src/stm32l4xx_hal_tim_ex.c ****   else
 443:Drivers/STM32L4xx_HAL_Driver/Src/stm32l4xx_hal_tim_ex.c ****   {
 444:Drivers/STM32L4xx_HAL_Driver/Src/stm32l4xx_hal_tim_ex.c ****     __HAL_TIM_ENABLE(htim);
 445:Drivers/STM32L4xx_HAL_Driver/Src/stm32l4xx_hal_tim_ex.c ****   }
 446:Drivers/STM32L4xx_HAL_Driver/Src/stm32l4xx_hal_tim_ex.c **** 
 447:Drivers/STM32L4xx_HAL_Driver/Src/stm32l4xx_hal_tim_ex.c ****   /* Return function status */
 448:Drivers/STM32L4xx_HAL_Driver/Src/stm32l4xx_hal_tim_ex.c ****   return HAL_OK;
 449:Drivers/STM32L4xx_HAL_Driver/Src/stm32l4xx_hal_tim_ex.c **** }
 450:Drivers/STM32L4xx_HAL_Driver/Src/stm32l4xx_hal_tim_ex.c **** 
 451:Drivers/STM32L4xx_HAL_Driver/Src/stm32l4xx_hal_tim_ex.c **** /**
 452:Drivers/STM32L4xx_HAL_Driver/Src/stm32l4xx_hal_tim_ex.c ****   * @brief  Stops the TIM Hall Sensor Interface in interrupt mode.
 453:Drivers/STM32L4xx_HAL_Driver/Src/stm32l4xx_hal_tim_ex.c ****   * @param  htim TIM Hall Sensor Interface handle
 454:Drivers/STM32L4xx_HAL_Driver/Src/stm32l4xx_hal_tim_ex.c ****   * @retval HAL status
 455:Drivers/STM32L4xx_HAL_Driver/Src/stm32l4xx_hal_tim_ex.c ****   */
 456:Drivers/STM32L4xx_HAL_Driver/Src/stm32l4xx_hal_tim_ex.c **** HAL_StatusTypeDef HAL_TIMEx_HallSensor_Stop_IT(TIM_HandleTypeDef *htim)
 457:Drivers/STM32L4xx_HAL_Driver/Src/stm32l4xx_hal_tim_ex.c **** {
 458:Drivers/STM32L4xx_HAL_Driver/Src/stm32l4xx_hal_tim_ex.c ****   /* Check the parameters */
 459:Drivers/STM32L4xx_HAL_Driver/Src/stm32l4xx_hal_tim_ex.c ****   assert_param(IS_TIM_HALL_SENSOR_INTERFACE_INSTANCE(htim->Instance));
 460:Drivers/STM32L4xx_HAL_Driver/Src/stm32l4xx_hal_tim_ex.c **** 
 461:Drivers/STM32L4xx_HAL_Driver/Src/stm32l4xx_hal_tim_ex.c ****   /* Disable the Input Capture channel 1
 462:Drivers/STM32L4xx_HAL_Driver/Src/stm32l4xx_hal_tim_ex.c ****   (in the Hall Sensor Interface the three possible channels that can be used are TIM_CHANNEL_1,
 463:Drivers/STM32L4xx_HAL_Driver/Src/stm32l4xx_hal_tim_ex.c ****   TIM_CHANNEL_2 and TIM_CHANNEL_3) */
 464:Drivers/STM32L4xx_HAL_Driver/Src/stm32l4xx_hal_tim_ex.c ****   TIM_CCxChannelCmd(htim->Instance, TIM_CHANNEL_1, TIM_CCx_DISABLE);
 465:Drivers/STM32L4xx_HAL_Driver/Src/stm32l4xx_hal_tim_ex.c **** 
 466:Drivers/STM32L4xx_HAL_Driver/Src/stm32l4xx_hal_tim_ex.c ****   /* Disable the capture compare Interrupts event */
 467:Drivers/STM32L4xx_HAL_Driver/Src/stm32l4xx_hal_tim_ex.c ****   __HAL_TIM_DISABLE_IT(htim, TIM_IT_CC1);
 468:Drivers/STM32L4xx_HAL_Driver/Src/stm32l4xx_hal_tim_ex.c **** 
 469:Drivers/STM32L4xx_HAL_Driver/Src/stm32l4xx_hal_tim_ex.c ****   /* Disable the Peripheral */
 470:Drivers/STM32L4xx_HAL_Driver/Src/stm32l4xx_hal_tim_ex.c ****   __HAL_TIM_DISABLE(htim);
 471:Drivers/STM32L4xx_HAL_Driver/Src/stm32l4xx_hal_tim_ex.c **** 
 472:Drivers/STM32L4xx_HAL_Driver/Src/stm32l4xx_hal_tim_ex.c ****   /* Set the TIM channels state */
 473:Drivers/STM32L4xx_HAL_Driver/Src/stm32l4xx_hal_tim_ex.c ****   TIM_CHANNEL_STATE_SET(htim, TIM_CHANNEL_1, HAL_TIM_CHANNEL_STATE_READY);
 474:Drivers/STM32L4xx_HAL_Driver/Src/stm32l4xx_hal_tim_ex.c ****   TIM_CHANNEL_STATE_SET(htim, TIM_CHANNEL_2, HAL_TIM_CHANNEL_STATE_READY);
 475:Drivers/STM32L4xx_HAL_Driver/Src/stm32l4xx_hal_tim_ex.c ****   TIM_CHANNEL_N_STATE_SET(htim, TIM_CHANNEL_1, HAL_TIM_CHANNEL_STATE_READY);
 476:Drivers/STM32L4xx_HAL_Driver/Src/stm32l4xx_hal_tim_ex.c ****   TIM_CHANNEL_N_STATE_SET(htim, TIM_CHANNEL_2, HAL_TIM_CHANNEL_STATE_READY);
 477:Drivers/STM32L4xx_HAL_Driver/Src/stm32l4xx_hal_tim_ex.c **** 
 478:Drivers/STM32L4xx_HAL_Driver/Src/stm32l4xx_hal_tim_ex.c ****   /* Return function status */
 479:Drivers/STM32L4xx_HAL_Driver/Src/stm32l4xx_hal_tim_ex.c ****   return HAL_OK;
 480:Drivers/STM32L4xx_HAL_Driver/Src/stm32l4xx_hal_tim_ex.c **** }
 481:Drivers/STM32L4xx_HAL_Driver/Src/stm32l4xx_hal_tim_ex.c **** 
 482:Drivers/STM32L4xx_HAL_Driver/Src/stm32l4xx_hal_tim_ex.c **** /**
 483:Drivers/STM32L4xx_HAL_Driver/Src/stm32l4xx_hal_tim_ex.c ****   * @brief  Starts the TIM Hall Sensor Interface in DMA mode.
 484:Drivers/STM32L4xx_HAL_Driver/Src/stm32l4xx_hal_tim_ex.c ****   * @param  htim TIM Hall Sensor Interface handle
 485:Drivers/STM32L4xx_HAL_Driver/Src/stm32l4xx_hal_tim_ex.c ****   * @param  pData The destination Buffer address.
 486:Drivers/STM32L4xx_HAL_Driver/Src/stm32l4xx_hal_tim_ex.c ****   * @param  Length The length of data to be transferred from TIM peripheral to memory.
ARM GAS  C:\Users\kerry\AppData\Local\Temp\ccWnk0Ym.s 			page 10


 487:Drivers/STM32L4xx_HAL_Driver/Src/stm32l4xx_hal_tim_ex.c ****   * @retval HAL status
 488:Drivers/STM32L4xx_HAL_Driver/Src/stm32l4xx_hal_tim_ex.c ****   */
 489:Drivers/STM32L4xx_HAL_Driver/Src/stm32l4xx_hal_tim_ex.c **** HAL_StatusTypeDef HAL_TIMEx_HallSensor_Start_DMA(TIM_HandleTypeDef *htim, uint32_t *pData, uint16_t
 490:Drivers/STM32L4xx_HAL_Driver/Src/stm32l4xx_hal_tim_ex.c **** {
 491:Drivers/STM32L4xx_HAL_Driver/Src/stm32l4xx_hal_tim_ex.c ****   uint32_t tmpsmcr;
 492:Drivers/STM32L4xx_HAL_Driver/Src/stm32l4xx_hal_tim_ex.c ****   HAL_TIM_ChannelStateTypeDef channel_1_state = TIM_CHANNEL_STATE_GET(htim, TIM_CHANNEL_1);
 493:Drivers/STM32L4xx_HAL_Driver/Src/stm32l4xx_hal_tim_ex.c ****   HAL_TIM_ChannelStateTypeDef complementary_channel_1_state = TIM_CHANNEL_N_STATE_GET(htim, TIM_CHA
 494:Drivers/STM32L4xx_HAL_Driver/Src/stm32l4xx_hal_tim_ex.c **** 
 495:Drivers/STM32L4xx_HAL_Driver/Src/stm32l4xx_hal_tim_ex.c ****   /* Check the parameters */
 496:Drivers/STM32L4xx_HAL_Driver/Src/stm32l4xx_hal_tim_ex.c ****   assert_param(IS_TIM_HALL_SENSOR_INTERFACE_INSTANCE(htim->Instance));
 497:Drivers/STM32L4xx_HAL_Driver/Src/stm32l4xx_hal_tim_ex.c **** 
 498:Drivers/STM32L4xx_HAL_Driver/Src/stm32l4xx_hal_tim_ex.c ****   /* Set the TIM channel state */
 499:Drivers/STM32L4xx_HAL_Driver/Src/stm32l4xx_hal_tim_ex.c ****   if ((channel_1_state == HAL_TIM_CHANNEL_STATE_BUSY)
 500:Drivers/STM32L4xx_HAL_Driver/Src/stm32l4xx_hal_tim_ex.c ****       || (complementary_channel_1_state == HAL_TIM_CHANNEL_STATE_BUSY))
 501:Drivers/STM32L4xx_HAL_Driver/Src/stm32l4xx_hal_tim_ex.c ****   {
 502:Drivers/STM32L4xx_HAL_Driver/Src/stm32l4xx_hal_tim_ex.c ****     return HAL_BUSY;
 503:Drivers/STM32L4xx_HAL_Driver/Src/stm32l4xx_hal_tim_ex.c ****   }
 504:Drivers/STM32L4xx_HAL_Driver/Src/stm32l4xx_hal_tim_ex.c ****   else if ((channel_1_state == HAL_TIM_CHANNEL_STATE_READY)
 505:Drivers/STM32L4xx_HAL_Driver/Src/stm32l4xx_hal_tim_ex.c ****            && (complementary_channel_1_state == HAL_TIM_CHANNEL_STATE_READY))
 506:Drivers/STM32L4xx_HAL_Driver/Src/stm32l4xx_hal_tim_ex.c ****   {
 507:Drivers/STM32L4xx_HAL_Driver/Src/stm32l4xx_hal_tim_ex.c ****     if ((pData == NULL) || (Length == 0U))
 508:Drivers/STM32L4xx_HAL_Driver/Src/stm32l4xx_hal_tim_ex.c ****     {
 509:Drivers/STM32L4xx_HAL_Driver/Src/stm32l4xx_hal_tim_ex.c ****       return HAL_ERROR;
 510:Drivers/STM32L4xx_HAL_Driver/Src/stm32l4xx_hal_tim_ex.c ****     }
 511:Drivers/STM32L4xx_HAL_Driver/Src/stm32l4xx_hal_tim_ex.c ****     else
 512:Drivers/STM32L4xx_HAL_Driver/Src/stm32l4xx_hal_tim_ex.c ****     {
 513:Drivers/STM32L4xx_HAL_Driver/Src/stm32l4xx_hal_tim_ex.c ****       TIM_CHANNEL_STATE_SET(htim, TIM_CHANNEL_1, HAL_TIM_CHANNEL_STATE_BUSY);
 514:Drivers/STM32L4xx_HAL_Driver/Src/stm32l4xx_hal_tim_ex.c ****       TIM_CHANNEL_N_STATE_SET(htim, TIM_CHANNEL_1, HAL_TIM_CHANNEL_STATE_BUSY);
 515:Drivers/STM32L4xx_HAL_Driver/Src/stm32l4xx_hal_tim_ex.c ****     }
 516:Drivers/STM32L4xx_HAL_Driver/Src/stm32l4xx_hal_tim_ex.c ****   }
 517:Drivers/STM32L4xx_HAL_Driver/Src/stm32l4xx_hal_tim_ex.c ****   else
 518:Drivers/STM32L4xx_HAL_Driver/Src/stm32l4xx_hal_tim_ex.c ****   {
 519:Drivers/STM32L4xx_HAL_Driver/Src/stm32l4xx_hal_tim_ex.c ****     return HAL_ERROR;
 520:Drivers/STM32L4xx_HAL_Driver/Src/stm32l4xx_hal_tim_ex.c ****   }
 521:Drivers/STM32L4xx_HAL_Driver/Src/stm32l4xx_hal_tim_ex.c **** 
 522:Drivers/STM32L4xx_HAL_Driver/Src/stm32l4xx_hal_tim_ex.c ****   /* Enable the Input Capture channel 1
 523:Drivers/STM32L4xx_HAL_Driver/Src/stm32l4xx_hal_tim_ex.c ****   (in the Hall Sensor Interface the three possible channels that can be used are TIM_CHANNEL_1,
 524:Drivers/STM32L4xx_HAL_Driver/Src/stm32l4xx_hal_tim_ex.c ****   TIM_CHANNEL_2 and TIM_CHANNEL_3) */
 525:Drivers/STM32L4xx_HAL_Driver/Src/stm32l4xx_hal_tim_ex.c ****   TIM_CCxChannelCmd(htim->Instance, TIM_CHANNEL_1, TIM_CCx_ENABLE);
 526:Drivers/STM32L4xx_HAL_Driver/Src/stm32l4xx_hal_tim_ex.c **** 
 527:Drivers/STM32L4xx_HAL_Driver/Src/stm32l4xx_hal_tim_ex.c ****   /* Set the DMA Input Capture 1 Callbacks */
 528:Drivers/STM32L4xx_HAL_Driver/Src/stm32l4xx_hal_tim_ex.c ****   htim->hdma[TIM_DMA_ID_CC1]->XferCpltCallback = TIM_DMACaptureCplt;
 529:Drivers/STM32L4xx_HAL_Driver/Src/stm32l4xx_hal_tim_ex.c ****   htim->hdma[TIM_DMA_ID_CC1]->XferHalfCpltCallback = TIM_DMACaptureHalfCplt;
 530:Drivers/STM32L4xx_HAL_Driver/Src/stm32l4xx_hal_tim_ex.c ****   /* Set the DMA error callback */
 531:Drivers/STM32L4xx_HAL_Driver/Src/stm32l4xx_hal_tim_ex.c ****   htim->hdma[TIM_DMA_ID_CC1]->XferErrorCallback = TIM_DMAError ;
 532:Drivers/STM32L4xx_HAL_Driver/Src/stm32l4xx_hal_tim_ex.c **** 
 533:Drivers/STM32L4xx_HAL_Driver/Src/stm32l4xx_hal_tim_ex.c ****   /* Enable the DMA channel for Capture 1*/
 534:Drivers/STM32L4xx_HAL_Driver/Src/stm32l4xx_hal_tim_ex.c ****   if (HAL_DMA_Start_IT(htim->hdma[TIM_DMA_ID_CC1], (uint32_t)&htim->Instance->CCR1, (uint32_t)pData
 535:Drivers/STM32L4xx_HAL_Driver/Src/stm32l4xx_hal_tim_ex.c ****   {
 536:Drivers/STM32L4xx_HAL_Driver/Src/stm32l4xx_hal_tim_ex.c ****     /* Return error status */
 537:Drivers/STM32L4xx_HAL_Driver/Src/stm32l4xx_hal_tim_ex.c ****     return HAL_ERROR;
 538:Drivers/STM32L4xx_HAL_Driver/Src/stm32l4xx_hal_tim_ex.c ****   }
 539:Drivers/STM32L4xx_HAL_Driver/Src/stm32l4xx_hal_tim_ex.c ****   /* Enable the capture compare 1 Interrupt */
 540:Drivers/STM32L4xx_HAL_Driver/Src/stm32l4xx_hal_tim_ex.c ****   __HAL_TIM_ENABLE_DMA(htim, TIM_DMA_CC1);
 541:Drivers/STM32L4xx_HAL_Driver/Src/stm32l4xx_hal_tim_ex.c **** 
 542:Drivers/STM32L4xx_HAL_Driver/Src/stm32l4xx_hal_tim_ex.c ****   /* Enable the Peripheral, except in trigger mode where enable is automatically done with trigger 
 543:Drivers/STM32L4xx_HAL_Driver/Src/stm32l4xx_hal_tim_ex.c ****   if (IS_TIM_SLAVE_INSTANCE(htim->Instance))
ARM GAS  C:\Users\kerry\AppData\Local\Temp\ccWnk0Ym.s 			page 11


 544:Drivers/STM32L4xx_HAL_Driver/Src/stm32l4xx_hal_tim_ex.c ****   {
 545:Drivers/STM32L4xx_HAL_Driver/Src/stm32l4xx_hal_tim_ex.c ****     tmpsmcr = htim->Instance->SMCR & TIM_SMCR_SMS;
 546:Drivers/STM32L4xx_HAL_Driver/Src/stm32l4xx_hal_tim_ex.c ****     if (!IS_TIM_SLAVEMODE_TRIGGER_ENABLED(tmpsmcr))
 547:Drivers/STM32L4xx_HAL_Driver/Src/stm32l4xx_hal_tim_ex.c ****     {
 548:Drivers/STM32L4xx_HAL_Driver/Src/stm32l4xx_hal_tim_ex.c ****       __HAL_TIM_ENABLE(htim);
 549:Drivers/STM32L4xx_HAL_Driver/Src/stm32l4xx_hal_tim_ex.c ****     }
 550:Drivers/STM32L4xx_HAL_Driver/Src/stm32l4xx_hal_tim_ex.c ****   }
 551:Drivers/STM32L4xx_HAL_Driver/Src/stm32l4xx_hal_tim_ex.c ****   else
 552:Drivers/STM32L4xx_HAL_Driver/Src/stm32l4xx_hal_tim_ex.c ****   {
 553:Drivers/STM32L4xx_HAL_Driver/Src/stm32l4xx_hal_tim_ex.c ****     __HAL_TIM_ENABLE(htim);
 554:Drivers/STM32L4xx_HAL_Driver/Src/stm32l4xx_hal_tim_ex.c ****   }
 555:Drivers/STM32L4xx_HAL_Driver/Src/stm32l4xx_hal_tim_ex.c **** 
 556:Drivers/STM32L4xx_HAL_Driver/Src/stm32l4xx_hal_tim_ex.c ****   /* Return function status */
 557:Drivers/STM32L4xx_HAL_Driver/Src/stm32l4xx_hal_tim_ex.c ****   return HAL_OK;
 558:Drivers/STM32L4xx_HAL_Driver/Src/stm32l4xx_hal_tim_ex.c **** }
 559:Drivers/STM32L4xx_HAL_Driver/Src/stm32l4xx_hal_tim_ex.c **** 
 560:Drivers/STM32L4xx_HAL_Driver/Src/stm32l4xx_hal_tim_ex.c **** /**
 561:Drivers/STM32L4xx_HAL_Driver/Src/stm32l4xx_hal_tim_ex.c ****   * @brief  Stops the TIM Hall Sensor Interface in DMA mode.
 562:Drivers/STM32L4xx_HAL_Driver/Src/stm32l4xx_hal_tim_ex.c ****   * @param  htim TIM Hall Sensor Interface handle
 563:Drivers/STM32L4xx_HAL_Driver/Src/stm32l4xx_hal_tim_ex.c ****   * @retval HAL status
 564:Drivers/STM32L4xx_HAL_Driver/Src/stm32l4xx_hal_tim_ex.c ****   */
 565:Drivers/STM32L4xx_HAL_Driver/Src/stm32l4xx_hal_tim_ex.c **** HAL_StatusTypeDef HAL_TIMEx_HallSensor_Stop_DMA(TIM_HandleTypeDef *htim)
 566:Drivers/STM32L4xx_HAL_Driver/Src/stm32l4xx_hal_tim_ex.c **** {
 567:Drivers/STM32L4xx_HAL_Driver/Src/stm32l4xx_hal_tim_ex.c ****   /* Check the parameters */
 568:Drivers/STM32L4xx_HAL_Driver/Src/stm32l4xx_hal_tim_ex.c ****   assert_param(IS_TIM_HALL_SENSOR_INTERFACE_INSTANCE(htim->Instance));
 569:Drivers/STM32L4xx_HAL_Driver/Src/stm32l4xx_hal_tim_ex.c **** 
 570:Drivers/STM32L4xx_HAL_Driver/Src/stm32l4xx_hal_tim_ex.c ****   /* Disable the Input Capture channel 1
 571:Drivers/STM32L4xx_HAL_Driver/Src/stm32l4xx_hal_tim_ex.c ****   (in the Hall Sensor Interface the three possible channels that can be used are TIM_CHANNEL_1,
 572:Drivers/STM32L4xx_HAL_Driver/Src/stm32l4xx_hal_tim_ex.c ****   TIM_CHANNEL_2 and TIM_CHANNEL_3) */
 573:Drivers/STM32L4xx_HAL_Driver/Src/stm32l4xx_hal_tim_ex.c ****   TIM_CCxChannelCmd(htim->Instance, TIM_CHANNEL_1, TIM_CCx_DISABLE);
 574:Drivers/STM32L4xx_HAL_Driver/Src/stm32l4xx_hal_tim_ex.c **** 
 575:Drivers/STM32L4xx_HAL_Driver/Src/stm32l4xx_hal_tim_ex.c **** 
 576:Drivers/STM32L4xx_HAL_Driver/Src/stm32l4xx_hal_tim_ex.c ****   /* Disable the capture compare Interrupts 1 event */
 577:Drivers/STM32L4xx_HAL_Driver/Src/stm32l4xx_hal_tim_ex.c ****   __HAL_TIM_DISABLE_DMA(htim, TIM_DMA_CC1);
 578:Drivers/STM32L4xx_HAL_Driver/Src/stm32l4xx_hal_tim_ex.c **** 
 579:Drivers/STM32L4xx_HAL_Driver/Src/stm32l4xx_hal_tim_ex.c ****   (void)HAL_DMA_Abort_IT(htim->hdma[TIM_DMA_ID_CC1]);
 580:Drivers/STM32L4xx_HAL_Driver/Src/stm32l4xx_hal_tim_ex.c **** 
 581:Drivers/STM32L4xx_HAL_Driver/Src/stm32l4xx_hal_tim_ex.c ****   /* Disable the Peripheral */
 582:Drivers/STM32L4xx_HAL_Driver/Src/stm32l4xx_hal_tim_ex.c ****   __HAL_TIM_DISABLE(htim);
 583:Drivers/STM32L4xx_HAL_Driver/Src/stm32l4xx_hal_tim_ex.c **** 
 584:Drivers/STM32L4xx_HAL_Driver/Src/stm32l4xx_hal_tim_ex.c ****   /* Set the TIM channel state */
 585:Drivers/STM32L4xx_HAL_Driver/Src/stm32l4xx_hal_tim_ex.c ****   TIM_CHANNEL_STATE_SET(htim, TIM_CHANNEL_1, HAL_TIM_CHANNEL_STATE_READY);
 586:Drivers/STM32L4xx_HAL_Driver/Src/stm32l4xx_hal_tim_ex.c ****   TIM_CHANNEL_N_STATE_SET(htim, TIM_CHANNEL_1, HAL_TIM_CHANNEL_STATE_READY);
 587:Drivers/STM32L4xx_HAL_Driver/Src/stm32l4xx_hal_tim_ex.c **** 
 588:Drivers/STM32L4xx_HAL_Driver/Src/stm32l4xx_hal_tim_ex.c ****   /* Return function status */
 589:Drivers/STM32L4xx_HAL_Driver/Src/stm32l4xx_hal_tim_ex.c ****   return HAL_OK;
 590:Drivers/STM32L4xx_HAL_Driver/Src/stm32l4xx_hal_tim_ex.c **** }
 591:Drivers/STM32L4xx_HAL_Driver/Src/stm32l4xx_hal_tim_ex.c **** 
 592:Drivers/STM32L4xx_HAL_Driver/Src/stm32l4xx_hal_tim_ex.c **** /**
 593:Drivers/STM32L4xx_HAL_Driver/Src/stm32l4xx_hal_tim_ex.c ****   * @}
 594:Drivers/STM32L4xx_HAL_Driver/Src/stm32l4xx_hal_tim_ex.c ****   */
 595:Drivers/STM32L4xx_HAL_Driver/Src/stm32l4xx_hal_tim_ex.c **** 
 596:Drivers/STM32L4xx_HAL_Driver/Src/stm32l4xx_hal_tim_ex.c **** /** @defgroup TIMEx_Exported_Functions_Group2 Extended Timer Complementary Output Compare functions
 597:Drivers/STM32L4xx_HAL_Driver/Src/stm32l4xx_hal_tim_ex.c ****   *  @brief   Timer Complementary Output Compare functions
 598:Drivers/STM32L4xx_HAL_Driver/Src/stm32l4xx_hal_tim_ex.c ****   *
 599:Drivers/STM32L4xx_HAL_Driver/Src/stm32l4xx_hal_tim_ex.c **** @verbatim
 600:Drivers/STM32L4xx_HAL_Driver/Src/stm32l4xx_hal_tim_ex.c ****   ==============================================================================
ARM GAS  C:\Users\kerry\AppData\Local\Temp\ccWnk0Ym.s 			page 12


 601:Drivers/STM32L4xx_HAL_Driver/Src/stm32l4xx_hal_tim_ex.c ****               ##### Timer Complementary Output Compare functions #####
 602:Drivers/STM32L4xx_HAL_Driver/Src/stm32l4xx_hal_tim_ex.c ****   ==============================================================================
 603:Drivers/STM32L4xx_HAL_Driver/Src/stm32l4xx_hal_tim_ex.c ****   [..]
 604:Drivers/STM32L4xx_HAL_Driver/Src/stm32l4xx_hal_tim_ex.c ****     This section provides functions allowing to:
 605:Drivers/STM32L4xx_HAL_Driver/Src/stm32l4xx_hal_tim_ex.c ****     (+) Start the Complementary Output Compare/PWM.
 606:Drivers/STM32L4xx_HAL_Driver/Src/stm32l4xx_hal_tim_ex.c ****     (+) Stop the Complementary Output Compare/PWM.
 607:Drivers/STM32L4xx_HAL_Driver/Src/stm32l4xx_hal_tim_ex.c ****     (+) Start the Complementary Output Compare/PWM and enable interrupts.
 608:Drivers/STM32L4xx_HAL_Driver/Src/stm32l4xx_hal_tim_ex.c ****     (+) Stop the Complementary Output Compare/PWM and disable interrupts.
 609:Drivers/STM32L4xx_HAL_Driver/Src/stm32l4xx_hal_tim_ex.c ****     (+) Start the Complementary Output Compare/PWM and enable DMA transfers.
 610:Drivers/STM32L4xx_HAL_Driver/Src/stm32l4xx_hal_tim_ex.c ****     (+) Stop the Complementary Output Compare/PWM and disable DMA transfers.
 611:Drivers/STM32L4xx_HAL_Driver/Src/stm32l4xx_hal_tim_ex.c **** 
 612:Drivers/STM32L4xx_HAL_Driver/Src/stm32l4xx_hal_tim_ex.c **** @endverbatim
 613:Drivers/STM32L4xx_HAL_Driver/Src/stm32l4xx_hal_tim_ex.c ****   * @{
 614:Drivers/STM32L4xx_HAL_Driver/Src/stm32l4xx_hal_tim_ex.c ****   */
 615:Drivers/STM32L4xx_HAL_Driver/Src/stm32l4xx_hal_tim_ex.c **** 
 616:Drivers/STM32L4xx_HAL_Driver/Src/stm32l4xx_hal_tim_ex.c **** /**
 617:Drivers/STM32L4xx_HAL_Driver/Src/stm32l4xx_hal_tim_ex.c ****   * @brief  Starts the TIM Output Compare signal generation on the complementary
 618:Drivers/STM32L4xx_HAL_Driver/Src/stm32l4xx_hal_tim_ex.c ****   *         output.
 619:Drivers/STM32L4xx_HAL_Driver/Src/stm32l4xx_hal_tim_ex.c ****   * @param  htim TIM Output Compare handle
 620:Drivers/STM32L4xx_HAL_Driver/Src/stm32l4xx_hal_tim_ex.c ****   * @param  Channel TIM Channel to be enabled
 621:Drivers/STM32L4xx_HAL_Driver/Src/stm32l4xx_hal_tim_ex.c ****   *          This parameter can be one of the following values:
 622:Drivers/STM32L4xx_HAL_Driver/Src/stm32l4xx_hal_tim_ex.c ****   *            @arg TIM_CHANNEL_1: TIM Channel 1 selected
 623:Drivers/STM32L4xx_HAL_Driver/Src/stm32l4xx_hal_tim_ex.c ****   *            @arg TIM_CHANNEL_2: TIM Channel 2 selected
 624:Drivers/STM32L4xx_HAL_Driver/Src/stm32l4xx_hal_tim_ex.c ****   *            @arg TIM_CHANNEL_3: TIM Channel 3 selected
 625:Drivers/STM32L4xx_HAL_Driver/Src/stm32l4xx_hal_tim_ex.c ****   * @retval HAL status
 626:Drivers/STM32L4xx_HAL_Driver/Src/stm32l4xx_hal_tim_ex.c ****   */
 627:Drivers/STM32L4xx_HAL_Driver/Src/stm32l4xx_hal_tim_ex.c **** HAL_StatusTypeDef HAL_TIMEx_OCN_Start(TIM_HandleTypeDef *htim, uint32_t Channel)
 628:Drivers/STM32L4xx_HAL_Driver/Src/stm32l4xx_hal_tim_ex.c **** {
 629:Drivers/STM32L4xx_HAL_Driver/Src/stm32l4xx_hal_tim_ex.c ****   uint32_t tmpsmcr;
 630:Drivers/STM32L4xx_HAL_Driver/Src/stm32l4xx_hal_tim_ex.c **** 
 631:Drivers/STM32L4xx_HAL_Driver/Src/stm32l4xx_hal_tim_ex.c ****   /* Check the parameters */
 632:Drivers/STM32L4xx_HAL_Driver/Src/stm32l4xx_hal_tim_ex.c ****   assert_param(IS_TIM_CCXN_INSTANCE(htim->Instance, Channel));
 633:Drivers/STM32L4xx_HAL_Driver/Src/stm32l4xx_hal_tim_ex.c **** 
 634:Drivers/STM32L4xx_HAL_Driver/Src/stm32l4xx_hal_tim_ex.c ****   /* Check the TIM complementary channel state */
 635:Drivers/STM32L4xx_HAL_Driver/Src/stm32l4xx_hal_tim_ex.c ****   if (TIM_CHANNEL_N_STATE_GET(htim, Channel) != HAL_TIM_CHANNEL_STATE_READY)
 636:Drivers/STM32L4xx_HAL_Driver/Src/stm32l4xx_hal_tim_ex.c ****   {
 637:Drivers/STM32L4xx_HAL_Driver/Src/stm32l4xx_hal_tim_ex.c ****     return HAL_ERROR;
 638:Drivers/STM32L4xx_HAL_Driver/Src/stm32l4xx_hal_tim_ex.c ****   }
 639:Drivers/STM32L4xx_HAL_Driver/Src/stm32l4xx_hal_tim_ex.c **** 
 640:Drivers/STM32L4xx_HAL_Driver/Src/stm32l4xx_hal_tim_ex.c ****   /* Set the TIM complementary channel state */
 641:Drivers/STM32L4xx_HAL_Driver/Src/stm32l4xx_hal_tim_ex.c ****   TIM_CHANNEL_N_STATE_SET(htim, Channel, HAL_TIM_CHANNEL_STATE_BUSY);
 642:Drivers/STM32L4xx_HAL_Driver/Src/stm32l4xx_hal_tim_ex.c **** 
 643:Drivers/STM32L4xx_HAL_Driver/Src/stm32l4xx_hal_tim_ex.c ****   /* Enable the Capture compare channel N */
 644:Drivers/STM32L4xx_HAL_Driver/Src/stm32l4xx_hal_tim_ex.c ****   TIM_CCxNChannelCmd(htim->Instance, Channel, TIM_CCxN_ENABLE);
 645:Drivers/STM32L4xx_HAL_Driver/Src/stm32l4xx_hal_tim_ex.c **** 
 646:Drivers/STM32L4xx_HAL_Driver/Src/stm32l4xx_hal_tim_ex.c ****   /* Enable the Main Output */
 647:Drivers/STM32L4xx_HAL_Driver/Src/stm32l4xx_hal_tim_ex.c ****   __HAL_TIM_MOE_ENABLE(htim);
 648:Drivers/STM32L4xx_HAL_Driver/Src/stm32l4xx_hal_tim_ex.c **** 
 649:Drivers/STM32L4xx_HAL_Driver/Src/stm32l4xx_hal_tim_ex.c ****   /* Enable the Peripheral, except in trigger mode where enable is automatically done with trigger 
 650:Drivers/STM32L4xx_HAL_Driver/Src/stm32l4xx_hal_tim_ex.c ****   if (IS_TIM_SLAVE_INSTANCE(htim->Instance))
 651:Drivers/STM32L4xx_HAL_Driver/Src/stm32l4xx_hal_tim_ex.c ****   {
 652:Drivers/STM32L4xx_HAL_Driver/Src/stm32l4xx_hal_tim_ex.c ****     tmpsmcr = htim->Instance->SMCR & TIM_SMCR_SMS;
 653:Drivers/STM32L4xx_HAL_Driver/Src/stm32l4xx_hal_tim_ex.c ****     if (!IS_TIM_SLAVEMODE_TRIGGER_ENABLED(tmpsmcr))
 654:Drivers/STM32L4xx_HAL_Driver/Src/stm32l4xx_hal_tim_ex.c ****     {
 655:Drivers/STM32L4xx_HAL_Driver/Src/stm32l4xx_hal_tim_ex.c ****       __HAL_TIM_ENABLE(htim);
 656:Drivers/STM32L4xx_HAL_Driver/Src/stm32l4xx_hal_tim_ex.c ****     }
 657:Drivers/STM32L4xx_HAL_Driver/Src/stm32l4xx_hal_tim_ex.c ****   }
ARM GAS  C:\Users\kerry\AppData\Local\Temp\ccWnk0Ym.s 			page 13


 658:Drivers/STM32L4xx_HAL_Driver/Src/stm32l4xx_hal_tim_ex.c ****   else
 659:Drivers/STM32L4xx_HAL_Driver/Src/stm32l4xx_hal_tim_ex.c ****   {
 660:Drivers/STM32L4xx_HAL_Driver/Src/stm32l4xx_hal_tim_ex.c ****     __HAL_TIM_ENABLE(htim);
 661:Drivers/STM32L4xx_HAL_Driver/Src/stm32l4xx_hal_tim_ex.c ****   }
 662:Drivers/STM32L4xx_HAL_Driver/Src/stm32l4xx_hal_tim_ex.c **** 
 663:Drivers/STM32L4xx_HAL_Driver/Src/stm32l4xx_hal_tim_ex.c ****   /* Return function status */
 664:Drivers/STM32L4xx_HAL_Driver/Src/stm32l4xx_hal_tim_ex.c ****   return HAL_OK;
 665:Drivers/STM32L4xx_HAL_Driver/Src/stm32l4xx_hal_tim_ex.c **** }
 666:Drivers/STM32L4xx_HAL_Driver/Src/stm32l4xx_hal_tim_ex.c **** 
 667:Drivers/STM32L4xx_HAL_Driver/Src/stm32l4xx_hal_tim_ex.c **** /**
 668:Drivers/STM32L4xx_HAL_Driver/Src/stm32l4xx_hal_tim_ex.c ****   * @brief  Stops the TIM Output Compare signal generation on the complementary
 669:Drivers/STM32L4xx_HAL_Driver/Src/stm32l4xx_hal_tim_ex.c ****   *         output.
 670:Drivers/STM32L4xx_HAL_Driver/Src/stm32l4xx_hal_tim_ex.c ****   * @param  htim TIM handle
 671:Drivers/STM32L4xx_HAL_Driver/Src/stm32l4xx_hal_tim_ex.c ****   * @param  Channel TIM Channel to be disabled
 672:Drivers/STM32L4xx_HAL_Driver/Src/stm32l4xx_hal_tim_ex.c ****   *          This parameter can be one of the following values:
 673:Drivers/STM32L4xx_HAL_Driver/Src/stm32l4xx_hal_tim_ex.c ****   *            @arg TIM_CHANNEL_1: TIM Channel 1 selected
 674:Drivers/STM32L4xx_HAL_Driver/Src/stm32l4xx_hal_tim_ex.c ****   *            @arg TIM_CHANNEL_2: TIM Channel 2 selected
 675:Drivers/STM32L4xx_HAL_Driver/Src/stm32l4xx_hal_tim_ex.c ****   *            @arg TIM_CHANNEL_3: TIM Channel 3 selected
 676:Drivers/STM32L4xx_HAL_Driver/Src/stm32l4xx_hal_tim_ex.c ****   * @retval HAL status
 677:Drivers/STM32L4xx_HAL_Driver/Src/stm32l4xx_hal_tim_ex.c ****   */
 678:Drivers/STM32L4xx_HAL_Driver/Src/stm32l4xx_hal_tim_ex.c **** HAL_StatusTypeDef HAL_TIMEx_OCN_Stop(TIM_HandleTypeDef *htim, uint32_t Channel)
 679:Drivers/STM32L4xx_HAL_Driver/Src/stm32l4xx_hal_tim_ex.c **** {
 680:Drivers/STM32L4xx_HAL_Driver/Src/stm32l4xx_hal_tim_ex.c ****   /* Check the parameters */
 681:Drivers/STM32L4xx_HAL_Driver/Src/stm32l4xx_hal_tim_ex.c ****   assert_param(IS_TIM_CCXN_INSTANCE(htim->Instance, Channel));
 682:Drivers/STM32L4xx_HAL_Driver/Src/stm32l4xx_hal_tim_ex.c **** 
 683:Drivers/STM32L4xx_HAL_Driver/Src/stm32l4xx_hal_tim_ex.c ****   /* Disable the Capture compare channel N */
 684:Drivers/STM32L4xx_HAL_Driver/Src/stm32l4xx_hal_tim_ex.c ****   TIM_CCxNChannelCmd(htim->Instance, Channel, TIM_CCxN_DISABLE);
 685:Drivers/STM32L4xx_HAL_Driver/Src/stm32l4xx_hal_tim_ex.c **** 
 686:Drivers/STM32L4xx_HAL_Driver/Src/stm32l4xx_hal_tim_ex.c ****   /* Disable the Main Output */
 687:Drivers/STM32L4xx_HAL_Driver/Src/stm32l4xx_hal_tim_ex.c ****   __HAL_TIM_MOE_DISABLE(htim);
 688:Drivers/STM32L4xx_HAL_Driver/Src/stm32l4xx_hal_tim_ex.c **** 
 689:Drivers/STM32L4xx_HAL_Driver/Src/stm32l4xx_hal_tim_ex.c ****   /* Disable the Peripheral */
 690:Drivers/STM32L4xx_HAL_Driver/Src/stm32l4xx_hal_tim_ex.c ****   __HAL_TIM_DISABLE(htim);
 691:Drivers/STM32L4xx_HAL_Driver/Src/stm32l4xx_hal_tim_ex.c **** 
 692:Drivers/STM32L4xx_HAL_Driver/Src/stm32l4xx_hal_tim_ex.c ****   /* Set the TIM complementary channel state */
 693:Drivers/STM32L4xx_HAL_Driver/Src/stm32l4xx_hal_tim_ex.c ****   TIM_CHANNEL_N_STATE_SET(htim, Channel, HAL_TIM_CHANNEL_STATE_READY);
 694:Drivers/STM32L4xx_HAL_Driver/Src/stm32l4xx_hal_tim_ex.c **** 
 695:Drivers/STM32L4xx_HAL_Driver/Src/stm32l4xx_hal_tim_ex.c ****   /* Return function status */
 696:Drivers/STM32L4xx_HAL_Driver/Src/stm32l4xx_hal_tim_ex.c ****   return HAL_OK;
 697:Drivers/STM32L4xx_HAL_Driver/Src/stm32l4xx_hal_tim_ex.c **** }
 698:Drivers/STM32L4xx_HAL_Driver/Src/stm32l4xx_hal_tim_ex.c **** 
 699:Drivers/STM32L4xx_HAL_Driver/Src/stm32l4xx_hal_tim_ex.c **** /**
 700:Drivers/STM32L4xx_HAL_Driver/Src/stm32l4xx_hal_tim_ex.c ****   * @brief  Starts the TIM Output Compare signal generation in interrupt mode
 701:Drivers/STM32L4xx_HAL_Driver/Src/stm32l4xx_hal_tim_ex.c ****   *         on the complementary output.
 702:Drivers/STM32L4xx_HAL_Driver/Src/stm32l4xx_hal_tim_ex.c ****   * @param  htim TIM OC handle
 703:Drivers/STM32L4xx_HAL_Driver/Src/stm32l4xx_hal_tim_ex.c ****   * @param  Channel TIM Channel to be enabled
 704:Drivers/STM32L4xx_HAL_Driver/Src/stm32l4xx_hal_tim_ex.c ****   *          This parameter can be one of the following values:
 705:Drivers/STM32L4xx_HAL_Driver/Src/stm32l4xx_hal_tim_ex.c ****   *            @arg TIM_CHANNEL_1: TIM Channel 1 selected
 706:Drivers/STM32L4xx_HAL_Driver/Src/stm32l4xx_hal_tim_ex.c ****   *            @arg TIM_CHANNEL_2: TIM Channel 2 selected
 707:Drivers/STM32L4xx_HAL_Driver/Src/stm32l4xx_hal_tim_ex.c ****   *            @arg TIM_CHANNEL_3: TIM Channel 3 selected
 708:Drivers/STM32L4xx_HAL_Driver/Src/stm32l4xx_hal_tim_ex.c ****   * @retval HAL status
 709:Drivers/STM32L4xx_HAL_Driver/Src/stm32l4xx_hal_tim_ex.c ****   */
 710:Drivers/STM32L4xx_HAL_Driver/Src/stm32l4xx_hal_tim_ex.c **** HAL_StatusTypeDef HAL_TIMEx_OCN_Start_IT(TIM_HandleTypeDef *htim, uint32_t Channel)
 711:Drivers/STM32L4xx_HAL_Driver/Src/stm32l4xx_hal_tim_ex.c **** {
 712:Drivers/STM32L4xx_HAL_Driver/Src/stm32l4xx_hal_tim_ex.c ****   HAL_StatusTypeDef status = HAL_OK;
 713:Drivers/STM32L4xx_HAL_Driver/Src/stm32l4xx_hal_tim_ex.c ****   uint32_t tmpsmcr;
 714:Drivers/STM32L4xx_HAL_Driver/Src/stm32l4xx_hal_tim_ex.c **** 
ARM GAS  C:\Users\kerry\AppData\Local\Temp\ccWnk0Ym.s 			page 14


 715:Drivers/STM32L4xx_HAL_Driver/Src/stm32l4xx_hal_tim_ex.c ****   /* Check the parameters */
 716:Drivers/STM32L4xx_HAL_Driver/Src/stm32l4xx_hal_tim_ex.c ****   assert_param(IS_TIM_CCXN_INSTANCE(htim->Instance, Channel));
 717:Drivers/STM32L4xx_HAL_Driver/Src/stm32l4xx_hal_tim_ex.c **** 
 718:Drivers/STM32L4xx_HAL_Driver/Src/stm32l4xx_hal_tim_ex.c ****   /* Check the TIM complementary channel state */
 719:Drivers/STM32L4xx_HAL_Driver/Src/stm32l4xx_hal_tim_ex.c ****   if (TIM_CHANNEL_N_STATE_GET(htim, Channel) != HAL_TIM_CHANNEL_STATE_READY)
 720:Drivers/STM32L4xx_HAL_Driver/Src/stm32l4xx_hal_tim_ex.c ****   {
 721:Drivers/STM32L4xx_HAL_Driver/Src/stm32l4xx_hal_tim_ex.c ****     return HAL_ERROR;
 722:Drivers/STM32L4xx_HAL_Driver/Src/stm32l4xx_hal_tim_ex.c ****   }
 723:Drivers/STM32L4xx_HAL_Driver/Src/stm32l4xx_hal_tim_ex.c **** 
 724:Drivers/STM32L4xx_HAL_Driver/Src/stm32l4xx_hal_tim_ex.c ****   /* Set the TIM complementary channel state */
 725:Drivers/STM32L4xx_HAL_Driver/Src/stm32l4xx_hal_tim_ex.c ****   TIM_CHANNEL_N_STATE_SET(htim, Channel, HAL_TIM_CHANNEL_STATE_BUSY);
 726:Drivers/STM32L4xx_HAL_Driver/Src/stm32l4xx_hal_tim_ex.c **** 
 727:Drivers/STM32L4xx_HAL_Driver/Src/stm32l4xx_hal_tim_ex.c ****   switch (Channel)
 728:Drivers/STM32L4xx_HAL_Driver/Src/stm32l4xx_hal_tim_ex.c ****   {
 729:Drivers/STM32L4xx_HAL_Driver/Src/stm32l4xx_hal_tim_ex.c ****     case TIM_CHANNEL_1:
 730:Drivers/STM32L4xx_HAL_Driver/Src/stm32l4xx_hal_tim_ex.c ****     {
 731:Drivers/STM32L4xx_HAL_Driver/Src/stm32l4xx_hal_tim_ex.c ****       /* Enable the TIM Output Compare interrupt */
 732:Drivers/STM32L4xx_HAL_Driver/Src/stm32l4xx_hal_tim_ex.c ****       __HAL_TIM_ENABLE_IT(htim, TIM_IT_CC1);
 733:Drivers/STM32L4xx_HAL_Driver/Src/stm32l4xx_hal_tim_ex.c ****       break;
 734:Drivers/STM32L4xx_HAL_Driver/Src/stm32l4xx_hal_tim_ex.c ****     }
 735:Drivers/STM32L4xx_HAL_Driver/Src/stm32l4xx_hal_tim_ex.c **** 
 736:Drivers/STM32L4xx_HAL_Driver/Src/stm32l4xx_hal_tim_ex.c ****     case TIM_CHANNEL_2:
 737:Drivers/STM32L4xx_HAL_Driver/Src/stm32l4xx_hal_tim_ex.c ****     {
 738:Drivers/STM32L4xx_HAL_Driver/Src/stm32l4xx_hal_tim_ex.c ****       /* Enable the TIM Output Compare interrupt */
 739:Drivers/STM32L4xx_HAL_Driver/Src/stm32l4xx_hal_tim_ex.c ****       __HAL_TIM_ENABLE_IT(htim, TIM_IT_CC2);
 740:Drivers/STM32L4xx_HAL_Driver/Src/stm32l4xx_hal_tim_ex.c ****       break;
 741:Drivers/STM32L4xx_HAL_Driver/Src/stm32l4xx_hal_tim_ex.c ****     }
 742:Drivers/STM32L4xx_HAL_Driver/Src/stm32l4xx_hal_tim_ex.c **** 
 743:Drivers/STM32L4xx_HAL_Driver/Src/stm32l4xx_hal_tim_ex.c ****     case TIM_CHANNEL_3:
 744:Drivers/STM32L4xx_HAL_Driver/Src/stm32l4xx_hal_tim_ex.c ****     {
 745:Drivers/STM32L4xx_HAL_Driver/Src/stm32l4xx_hal_tim_ex.c ****       /* Enable the TIM Output Compare interrupt */
 746:Drivers/STM32L4xx_HAL_Driver/Src/stm32l4xx_hal_tim_ex.c ****       __HAL_TIM_ENABLE_IT(htim, TIM_IT_CC3);
 747:Drivers/STM32L4xx_HAL_Driver/Src/stm32l4xx_hal_tim_ex.c ****       break;
 748:Drivers/STM32L4xx_HAL_Driver/Src/stm32l4xx_hal_tim_ex.c ****     }
 749:Drivers/STM32L4xx_HAL_Driver/Src/stm32l4xx_hal_tim_ex.c **** 
 750:Drivers/STM32L4xx_HAL_Driver/Src/stm32l4xx_hal_tim_ex.c **** 
 751:Drivers/STM32L4xx_HAL_Driver/Src/stm32l4xx_hal_tim_ex.c ****     default:
 752:Drivers/STM32L4xx_HAL_Driver/Src/stm32l4xx_hal_tim_ex.c ****       status = HAL_ERROR;
 753:Drivers/STM32L4xx_HAL_Driver/Src/stm32l4xx_hal_tim_ex.c ****       break;
 754:Drivers/STM32L4xx_HAL_Driver/Src/stm32l4xx_hal_tim_ex.c ****   }
 755:Drivers/STM32L4xx_HAL_Driver/Src/stm32l4xx_hal_tim_ex.c **** 
 756:Drivers/STM32L4xx_HAL_Driver/Src/stm32l4xx_hal_tim_ex.c ****   if (status == HAL_OK)
 757:Drivers/STM32L4xx_HAL_Driver/Src/stm32l4xx_hal_tim_ex.c ****   {
 758:Drivers/STM32L4xx_HAL_Driver/Src/stm32l4xx_hal_tim_ex.c ****     /* Enable the TIM Break interrupt */
 759:Drivers/STM32L4xx_HAL_Driver/Src/stm32l4xx_hal_tim_ex.c ****     __HAL_TIM_ENABLE_IT(htim, TIM_IT_BREAK);
 760:Drivers/STM32L4xx_HAL_Driver/Src/stm32l4xx_hal_tim_ex.c **** 
 761:Drivers/STM32L4xx_HAL_Driver/Src/stm32l4xx_hal_tim_ex.c ****     /* Enable the Capture compare channel N */
 762:Drivers/STM32L4xx_HAL_Driver/Src/stm32l4xx_hal_tim_ex.c ****     TIM_CCxNChannelCmd(htim->Instance, Channel, TIM_CCxN_ENABLE);
 763:Drivers/STM32L4xx_HAL_Driver/Src/stm32l4xx_hal_tim_ex.c **** 
 764:Drivers/STM32L4xx_HAL_Driver/Src/stm32l4xx_hal_tim_ex.c ****     /* Enable the Main Output */
 765:Drivers/STM32L4xx_HAL_Driver/Src/stm32l4xx_hal_tim_ex.c ****     __HAL_TIM_MOE_ENABLE(htim);
 766:Drivers/STM32L4xx_HAL_Driver/Src/stm32l4xx_hal_tim_ex.c **** 
 767:Drivers/STM32L4xx_HAL_Driver/Src/stm32l4xx_hal_tim_ex.c ****     /* Enable the Peripheral, except in trigger mode where enable is automatically done with trigge
 768:Drivers/STM32L4xx_HAL_Driver/Src/stm32l4xx_hal_tim_ex.c ****     if (IS_TIM_SLAVE_INSTANCE(htim->Instance))
 769:Drivers/STM32L4xx_HAL_Driver/Src/stm32l4xx_hal_tim_ex.c ****     {
 770:Drivers/STM32L4xx_HAL_Driver/Src/stm32l4xx_hal_tim_ex.c ****       tmpsmcr = htim->Instance->SMCR & TIM_SMCR_SMS;
 771:Drivers/STM32L4xx_HAL_Driver/Src/stm32l4xx_hal_tim_ex.c ****       if (!IS_TIM_SLAVEMODE_TRIGGER_ENABLED(tmpsmcr))
ARM GAS  C:\Users\kerry\AppData\Local\Temp\ccWnk0Ym.s 			page 15


 772:Drivers/STM32L4xx_HAL_Driver/Src/stm32l4xx_hal_tim_ex.c ****       {
 773:Drivers/STM32L4xx_HAL_Driver/Src/stm32l4xx_hal_tim_ex.c ****         __HAL_TIM_ENABLE(htim);
 774:Drivers/STM32L4xx_HAL_Driver/Src/stm32l4xx_hal_tim_ex.c ****       }
 775:Drivers/STM32L4xx_HAL_Driver/Src/stm32l4xx_hal_tim_ex.c ****     }
 776:Drivers/STM32L4xx_HAL_Driver/Src/stm32l4xx_hal_tim_ex.c ****     else
 777:Drivers/STM32L4xx_HAL_Driver/Src/stm32l4xx_hal_tim_ex.c ****     {
 778:Drivers/STM32L4xx_HAL_Driver/Src/stm32l4xx_hal_tim_ex.c ****       __HAL_TIM_ENABLE(htim);
 779:Drivers/STM32L4xx_HAL_Driver/Src/stm32l4xx_hal_tim_ex.c ****     }
 780:Drivers/STM32L4xx_HAL_Driver/Src/stm32l4xx_hal_tim_ex.c ****   }
 781:Drivers/STM32L4xx_HAL_Driver/Src/stm32l4xx_hal_tim_ex.c **** 
 782:Drivers/STM32L4xx_HAL_Driver/Src/stm32l4xx_hal_tim_ex.c ****   /* Return function status */
 783:Drivers/STM32L4xx_HAL_Driver/Src/stm32l4xx_hal_tim_ex.c ****   return status;
 784:Drivers/STM32L4xx_HAL_Driver/Src/stm32l4xx_hal_tim_ex.c **** }
 785:Drivers/STM32L4xx_HAL_Driver/Src/stm32l4xx_hal_tim_ex.c **** 
 786:Drivers/STM32L4xx_HAL_Driver/Src/stm32l4xx_hal_tim_ex.c **** /**
 787:Drivers/STM32L4xx_HAL_Driver/Src/stm32l4xx_hal_tim_ex.c ****   * @brief  Stops the TIM Output Compare signal generation in interrupt mode
 788:Drivers/STM32L4xx_HAL_Driver/Src/stm32l4xx_hal_tim_ex.c ****   *         on the complementary output.
 789:Drivers/STM32L4xx_HAL_Driver/Src/stm32l4xx_hal_tim_ex.c ****   * @param  htim TIM Output Compare handle
 790:Drivers/STM32L4xx_HAL_Driver/Src/stm32l4xx_hal_tim_ex.c ****   * @param  Channel TIM Channel to be disabled
 791:Drivers/STM32L4xx_HAL_Driver/Src/stm32l4xx_hal_tim_ex.c ****   *          This parameter can be one of the following values:
 792:Drivers/STM32L4xx_HAL_Driver/Src/stm32l4xx_hal_tim_ex.c ****   *            @arg TIM_CHANNEL_1: TIM Channel 1 selected
 793:Drivers/STM32L4xx_HAL_Driver/Src/stm32l4xx_hal_tim_ex.c ****   *            @arg TIM_CHANNEL_2: TIM Channel 2 selected
 794:Drivers/STM32L4xx_HAL_Driver/Src/stm32l4xx_hal_tim_ex.c ****   *            @arg TIM_CHANNEL_3: TIM Channel 3 selected
 795:Drivers/STM32L4xx_HAL_Driver/Src/stm32l4xx_hal_tim_ex.c ****   * @retval HAL status
 796:Drivers/STM32L4xx_HAL_Driver/Src/stm32l4xx_hal_tim_ex.c ****   */
 797:Drivers/STM32L4xx_HAL_Driver/Src/stm32l4xx_hal_tim_ex.c **** HAL_StatusTypeDef HAL_TIMEx_OCN_Stop_IT(TIM_HandleTypeDef *htim, uint32_t Channel)
 798:Drivers/STM32L4xx_HAL_Driver/Src/stm32l4xx_hal_tim_ex.c **** {
 799:Drivers/STM32L4xx_HAL_Driver/Src/stm32l4xx_hal_tim_ex.c ****   HAL_StatusTypeDef status = HAL_OK;
 800:Drivers/STM32L4xx_HAL_Driver/Src/stm32l4xx_hal_tim_ex.c ****   uint32_t tmpccer;
 801:Drivers/STM32L4xx_HAL_Driver/Src/stm32l4xx_hal_tim_ex.c **** 
 802:Drivers/STM32L4xx_HAL_Driver/Src/stm32l4xx_hal_tim_ex.c ****   /* Check the parameters */
 803:Drivers/STM32L4xx_HAL_Driver/Src/stm32l4xx_hal_tim_ex.c ****   assert_param(IS_TIM_CCXN_INSTANCE(htim->Instance, Channel));
 804:Drivers/STM32L4xx_HAL_Driver/Src/stm32l4xx_hal_tim_ex.c **** 
 805:Drivers/STM32L4xx_HAL_Driver/Src/stm32l4xx_hal_tim_ex.c ****   switch (Channel)
 806:Drivers/STM32L4xx_HAL_Driver/Src/stm32l4xx_hal_tim_ex.c ****   {
 807:Drivers/STM32L4xx_HAL_Driver/Src/stm32l4xx_hal_tim_ex.c ****     case TIM_CHANNEL_1:
 808:Drivers/STM32L4xx_HAL_Driver/Src/stm32l4xx_hal_tim_ex.c ****     {
 809:Drivers/STM32L4xx_HAL_Driver/Src/stm32l4xx_hal_tim_ex.c ****       /* Disable the TIM Output Compare interrupt */
 810:Drivers/STM32L4xx_HAL_Driver/Src/stm32l4xx_hal_tim_ex.c ****       __HAL_TIM_DISABLE_IT(htim, TIM_IT_CC1);
 811:Drivers/STM32L4xx_HAL_Driver/Src/stm32l4xx_hal_tim_ex.c ****       break;
 812:Drivers/STM32L4xx_HAL_Driver/Src/stm32l4xx_hal_tim_ex.c ****     }
 813:Drivers/STM32L4xx_HAL_Driver/Src/stm32l4xx_hal_tim_ex.c **** 
 814:Drivers/STM32L4xx_HAL_Driver/Src/stm32l4xx_hal_tim_ex.c ****     case TIM_CHANNEL_2:
 815:Drivers/STM32L4xx_HAL_Driver/Src/stm32l4xx_hal_tim_ex.c ****     {
 816:Drivers/STM32L4xx_HAL_Driver/Src/stm32l4xx_hal_tim_ex.c ****       /* Disable the TIM Output Compare interrupt */
 817:Drivers/STM32L4xx_HAL_Driver/Src/stm32l4xx_hal_tim_ex.c ****       __HAL_TIM_DISABLE_IT(htim, TIM_IT_CC2);
 818:Drivers/STM32L4xx_HAL_Driver/Src/stm32l4xx_hal_tim_ex.c ****       break;
 819:Drivers/STM32L4xx_HAL_Driver/Src/stm32l4xx_hal_tim_ex.c ****     }
 820:Drivers/STM32L4xx_HAL_Driver/Src/stm32l4xx_hal_tim_ex.c **** 
 821:Drivers/STM32L4xx_HAL_Driver/Src/stm32l4xx_hal_tim_ex.c ****     case TIM_CHANNEL_3:
 822:Drivers/STM32L4xx_HAL_Driver/Src/stm32l4xx_hal_tim_ex.c ****     {
 823:Drivers/STM32L4xx_HAL_Driver/Src/stm32l4xx_hal_tim_ex.c ****       /* Disable the TIM Output Compare interrupt */
 824:Drivers/STM32L4xx_HAL_Driver/Src/stm32l4xx_hal_tim_ex.c ****       __HAL_TIM_DISABLE_IT(htim, TIM_IT_CC3);
 825:Drivers/STM32L4xx_HAL_Driver/Src/stm32l4xx_hal_tim_ex.c ****       break;
 826:Drivers/STM32L4xx_HAL_Driver/Src/stm32l4xx_hal_tim_ex.c ****     }
 827:Drivers/STM32L4xx_HAL_Driver/Src/stm32l4xx_hal_tim_ex.c **** 
 828:Drivers/STM32L4xx_HAL_Driver/Src/stm32l4xx_hal_tim_ex.c ****     default:
ARM GAS  C:\Users\kerry\AppData\Local\Temp\ccWnk0Ym.s 			page 16


 829:Drivers/STM32L4xx_HAL_Driver/Src/stm32l4xx_hal_tim_ex.c ****       status = HAL_ERROR;
 830:Drivers/STM32L4xx_HAL_Driver/Src/stm32l4xx_hal_tim_ex.c ****       break;
 831:Drivers/STM32L4xx_HAL_Driver/Src/stm32l4xx_hal_tim_ex.c ****   }
 832:Drivers/STM32L4xx_HAL_Driver/Src/stm32l4xx_hal_tim_ex.c **** 
 833:Drivers/STM32L4xx_HAL_Driver/Src/stm32l4xx_hal_tim_ex.c ****   if (status == HAL_OK)
 834:Drivers/STM32L4xx_HAL_Driver/Src/stm32l4xx_hal_tim_ex.c ****   {
 835:Drivers/STM32L4xx_HAL_Driver/Src/stm32l4xx_hal_tim_ex.c ****     /* Disable the Capture compare channel N */
 836:Drivers/STM32L4xx_HAL_Driver/Src/stm32l4xx_hal_tim_ex.c ****     TIM_CCxNChannelCmd(htim->Instance, Channel, TIM_CCxN_DISABLE);
 837:Drivers/STM32L4xx_HAL_Driver/Src/stm32l4xx_hal_tim_ex.c **** 
 838:Drivers/STM32L4xx_HAL_Driver/Src/stm32l4xx_hal_tim_ex.c ****     /* Disable the TIM Break interrupt (only if no more channel is active) */
 839:Drivers/STM32L4xx_HAL_Driver/Src/stm32l4xx_hal_tim_ex.c ****     tmpccer = htim->Instance->CCER;
 840:Drivers/STM32L4xx_HAL_Driver/Src/stm32l4xx_hal_tim_ex.c ****     if ((tmpccer & TIM_CCER_CCxNE_MASK) == (uint32_t)RESET)
 841:Drivers/STM32L4xx_HAL_Driver/Src/stm32l4xx_hal_tim_ex.c ****     {
 842:Drivers/STM32L4xx_HAL_Driver/Src/stm32l4xx_hal_tim_ex.c ****       __HAL_TIM_DISABLE_IT(htim, TIM_IT_BREAK);
 843:Drivers/STM32L4xx_HAL_Driver/Src/stm32l4xx_hal_tim_ex.c ****     }
 844:Drivers/STM32L4xx_HAL_Driver/Src/stm32l4xx_hal_tim_ex.c **** 
 845:Drivers/STM32L4xx_HAL_Driver/Src/stm32l4xx_hal_tim_ex.c ****     /* Disable the Main Output */
 846:Drivers/STM32L4xx_HAL_Driver/Src/stm32l4xx_hal_tim_ex.c ****     __HAL_TIM_MOE_DISABLE(htim);
 847:Drivers/STM32L4xx_HAL_Driver/Src/stm32l4xx_hal_tim_ex.c **** 
 848:Drivers/STM32L4xx_HAL_Driver/Src/stm32l4xx_hal_tim_ex.c ****     /* Disable the Peripheral */
 849:Drivers/STM32L4xx_HAL_Driver/Src/stm32l4xx_hal_tim_ex.c ****     __HAL_TIM_DISABLE(htim);
 850:Drivers/STM32L4xx_HAL_Driver/Src/stm32l4xx_hal_tim_ex.c **** 
 851:Drivers/STM32L4xx_HAL_Driver/Src/stm32l4xx_hal_tim_ex.c ****     /* Set the TIM complementary channel state */
 852:Drivers/STM32L4xx_HAL_Driver/Src/stm32l4xx_hal_tim_ex.c ****     TIM_CHANNEL_N_STATE_SET(htim, Channel, HAL_TIM_CHANNEL_STATE_READY);
 853:Drivers/STM32L4xx_HAL_Driver/Src/stm32l4xx_hal_tim_ex.c ****   }
 854:Drivers/STM32L4xx_HAL_Driver/Src/stm32l4xx_hal_tim_ex.c **** 
 855:Drivers/STM32L4xx_HAL_Driver/Src/stm32l4xx_hal_tim_ex.c ****   /* Return function status */
 856:Drivers/STM32L4xx_HAL_Driver/Src/stm32l4xx_hal_tim_ex.c ****   return status;
 857:Drivers/STM32L4xx_HAL_Driver/Src/stm32l4xx_hal_tim_ex.c **** }
 858:Drivers/STM32L4xx_HAL_Driver/Src/stm32l4xx_hal_tim_ex.c **** 
 859:Drivers/STM32L4xx_HAL_Driver/Src/stm32l4xx_hal_tim_ex.c **** /**
 860:Drivers/STM32L4xx_HAL_Driver/Src/stm32l4xx_hal_tim_ex.c ****   * @brief  Starts the TIM Output Compare signal generation in DMA mode
 861:Drivers/STM32L4xx_HAL_Driver/Src/stm32l4xx_hal_tim_ex.c ****   *         on the complementary output.
 862:Drivers/STM32L4xx_HAL_Driver/Src/stm32l4xx_hal_tim_ex.c ****   * @param  htim TIM Output Compare handle
 863:Drivers/STM32L4xx_HAL_Driver/Src/stm32l4xx_hal_tim_ex.c ****   * @param  Channel TIM Channel to be enabled
 864:Drivers/STM32L4xx_HAL_Driver/Src/stm32l4xx_hal_tim_ex.c ****   *          This parameter can be one of the following values:
 865:Drivers/STM32L4xx_HAL_Driver/Src/stm32l4xx_hal_tim_ex.c ****   *            @arg TIM_CHANNEL_1: TIM Channel 1 selected
 866:Drivers/STM32L4xx_HAL_Driver/Src/stm32l4xx_hal_tim_ex.c ****   *            @arg TIM_CHANNEL_2: TIM Channel 2 selected
 867:Drivers/STM32L4xx_HAL_Driver/Src/stm32l4xx_hal_tim_ex.c ****   *            @arg TIM_CHANNEL_3: TIM Channel 3 selected
 868:Drivers/STM32L4xx_HAL_Driver/Src/stm32l4xx_hal_tim_ex.c ****   * @param  pData The source Buffer address.
 869:Drivers/STM32L4xx_HAL_Driver/Src/stm32l4xx_hal_tim_ex.c ****   * @param  Length The length of data to be transferred from memory to TIM peripheral
 870:Drivers/STM32L4xx_HAL_Driver/Src/stm32l4xx_hal_tim_ex.c ****   * @retval HAL status
 871:Drivers/STM32L4xx_HAL_Driver/Src/stm32l4xx_hal_tim_ex.c ****   */
 872:Drivers/STM32L4xx_HAL_Driver/Src/stm32l4xx_hal_tim_ex.c **** HAL_StatusTypeDef HAL_TIMEx_OCN_Start_DMA(TIM_HandleTypeDef *htim, uint32_t Channel, const uint32_t
 873:Drivers/STM32L4xx_HAL_Driver/Src/stm32l4xx_hal_tim_ex.c ****                                           uint16_t Length)
 874:Drivers/STM32L4xx_HAL_Driver/Src/stm32l4xx_hal_tim_ex.c **** {
 875:Drivers/STM32L4xx_HAL_Driver/Src/stm32l4xx_hal_tim_ex.c ****   HAL_StatusTypeDef status = HAL_OK;
 876:Drivers/STM32L4xx_HAL_Driver/Src/stm32l4xx_hal_tim_ex.c ****   uint32_t tmpsmcr;
 877:Drivers/STM32L4xx_HAL_Driver/Src/stm32l4xx_hal_tim_ex.c **** 
 878:Drivers/STM32L4xx_HAL_Driver/Src/stm32l4xx_hal_tim_ex.c ****   /* Check the parameters */
 879:Drivers/STM32L4xx_HAL_Driver/Src/stm32l4xx_hal_tim_ex.c ****   assert_param(IS_TIM_CCXN_INSTANCE(htim->Instance, Channel));
 880:Drivers/STM32L4xx_HAL_Driver/Src/stm32l4xx_hal_tim_ex.c **** 
 881:Drivers/STM32L4xx_HAL_Driver/Src/stm32l4xx_hal_tim_ex.c ****   /* Set the TIM complementary channel state */
 882:Drivers/STM32L4xx_HAL_Driver/Src/stm32l4xx_hal_tim_ex.c ****   if (TIM_CHANNEL_N_STATE_GET(htim, Channel) == HAL_TIM_CHANNEL_STATE_BUSY)
 883:Drivers/STM32L4xx_HAL_Driver/Src/stm32l4xx_hal_tim_ex.c ****   {
 884:Drivers/STM32L4xx_HAL_Driver/Src/stm32l4xx_hal_tim_ex.c ****     return HAL_BUSY;
 885:Drivers/STM32L4xx_HAL_Driver/Src/stm32l4xx_hal_tim_ex.c ****   }
ARM GAS  C:\Users\kerry\AppData\Local\Temp\ccWnk0Ym.s 			page 17


 886:Drivers/STM32L4xx_HAL_Driver/Src/stm32l4xx_hal_tim_ex.c ****   else if (TIM_CHANNEL_N_STATE_GET(htim, Channel) == HAL_TIM_CHANNEL_STATE_READY)
 887:Drivers/STM32L4xx_HAL_Driver/Src/stm32l4xx_hal_tim_ex.c ****   {
 888:Drivers/STM32L4xx_HAL_Driver/Src/stm32l4xx_hal_tim_ex.c ****     if ((pData == NULL) || (Length == 0U))
 889:Drivers/STM32L4xx_HAL_Driver/Src/stm32l4xx_hal_tim_ex.c ****     {
 890:Drivers/STM32L4xx_HAL_Driver/Src/stm32l4xx_hal_tim_ex.c ****       return HAL_ERROR;
 891:Drivers/STM32L4xx_HAL_Driver/Src/stm32l4xx_hal_tim_ex.c ****     }
 892:Drivers/STM32L4xx_HAL_Driver/Src/stm32l4xx_hal_tim_ex.c ****     else
 893:Drivers/STM32L4xx_HAL_Driver/Src/stm32l4xx_hal_tim_ex.c ****     {
 894:Drivers/STM32L4xx_HAL_Driver/Src/stm32l4xx_hal_tim_ex.c ****       TIM_CHANNEL_N_STATE_SET(htim, Channel, HAL_TIM_CHANNEL_STATE_BUSY);
 895:Drivers/STM32L4xx_HAL_Driver/Src/stm32l4xx_hal_tim_ex.c ****     }
 896:Drivers/STM32L4xx_HAL_Driver/Src/stm32l4xx_hal_tim_ex.c ****   }
 897:Drivers/STM32L4xx_HAL_Driver/Src/stm32l4xx_hal_tim_ex.c ****   else
 898:Drivers/STM32L4xx_HAL_Driver/Src/stm32l4xx_hal_tim_ex.c ****   {
 899:Drivers/STM32L4xx_HAL_Driver/Src/stm32l4xx_hal_tim_ex.c ****     return HAL_ERROR;
 900:Drivers/STM32L4xx_HAL_Driver/Src/stm32l4xx_hal_tim_ex.c ****   }
 901:Drivers/STM32L4xx_HAL_Driver/Src/stm32l4xx_hal_tim_ex.c **** 
 902:Drivers/STM32L4xx_HAL_Driver/Src/stm32l4xx_hal_tim_ex.c ****   switch (Channel)
 903:Drivers/STM32L4xx_HAL_Driver/Src/stm32l4xx_hal_tim_ex.c ****   {
 904:Drivers/STM32L4xx_HAL_Driver/Src/stm32l4xx_hal_tim_ex.c ****     case TIM_CHANNEL_1:
 905:Drivers/STM32L4xx_HAL_Driver/Src/stm32l4xx_hal_tim_ex.c ****     {
 906:Drivers/STM32L4xx_HAL_Driver/Src/stm32l4xx_hal_tim_ex.c ****       /* Set the DMA compare callbacks */
 907:Drivers/STM32L4xx_HAL_Driver/Src/stm32l4xx_hal_tim_ex.c ****       htim->hdma[TIM_DMA_ID_CC1]->XferCpltCallback = TIM_DMADelayPulseNCplt;
 908:Drivers/STM32L4xx_HAL_Driver/Src/stm32l4xx_hal_tim_ex.c ****       htim->hdma[TIM_DMA_ID_CC1]->XferHalfCpltCallback = TIM_DMADelayPulseHalfCplt;
 909:Drivers/STM32L4xx_HAL_Driver/Src/stm32l4xx_hal_tim_ex.c **** 
 910:Drivers/STM32L4xx_HAL_Driver/Src/stm32l4xx_hal_tim_ex.c ****       /* Set the DMA error callback */
 911:Drivers/STM32L4xx_HAL_Driver/Src/stm32l4xx_hal_tim_ex.c ****       htim->hdma[TIM_DMA_ID_CC1]->XferErrorCallback = TIM_DMAErrorCCxN ;
 912:Drivers/STM32L4xx_HAL_Driver/Src/stm32l4xx_hal_tim_ex.c **** 
 913:Drivers/STM32L4xx_HAL_Driver/Src/stm32l4xx_hal_tim_ex.c ****       /* Enable the DMA channel */
 914:Drivers/STM32L4xx_HAL_Driver/Src/stm32l4xx_hal_tim_ex.c ****       if (HAL_DMA_Start_IT(htim->hdma[TIM_DMA_ID_CC1], (uint32_t)pData, (uint32_t)&htim->Instance->
 915:Drivers/STM32L4xx_HAL_Driver/Src/stm32l4xx_hal_tim_ex.c ****                            Length) != HAL_OK)
 916:Drivers/STM32L4xx_HAL_Driver/Src/stm32l4xx_hal_tim_ex.c ****       {
 917:Drivers/STM32L4xx_HAL_Driver/Src/stm32l4xx_hal_tim_ex.c ****         /* Return error status */
 918:Drivers/STM32L4xx_HAL_Driver/Src/stm32l4xx_hal_tim_ex.c ****         return HAL_ERROR;
 919:Drivers/STM32L4xx_HAL_Driver/Src/stm32l4xx_hal_tim_ex.c ****       }
 920:Drivers/STM32L4xx_HAL_Driver/Src/stm32l4xx_hal_tim_ex.c ****       /* Enable the TIM Output Compare DMA request */
 921:Drivers/STM32L4xx_HAL_Driver/Src/stm32l4xx_hal_tim_ex.c ****       __HAL_TIM_ENABLE_DMA(htim, TIM_DMA_CC1);
 922:Drivers/STM32L4xx_HAL_Driver/Src/stm32l4xx_hal_tim_ex.c ****       break;
 923:Drivers/STM32L4xx_HAL_Driver/Src/stm32l4xx_hal_tim_ex.c ****     }
 924:Drivers/STM32L4xx_HAL_Driver/Src/stm32l4xx_hal_tim_ex.c **** 
 925:Drivers/STM32L4xx_HAL_Driver/Src/stm32l4xx_hal_tim_ex.c ****     case TIM_CHANNEL_2:
 926:Drivers/STM32L4xx_HAL_Driver/Src/stm32l4xx_hal_tim_ex.c ****     {
 927:Drivers/STM32L4xx_HAL_Driver/Src/stm32l4xx_hal_tim_ex.c ****       /* Set the DMA compare callbacks */
 928:Drivers/STM32L4xx_HAL_Driver/Src/stm32l4xx_hal_tim_ex.c ****       htim->hdma[TIM_DMA_ID_CC2]->XferCpltCallback = TIM_DMADelayPulseNCplt;
 929:Drivers/STM32L4xx_HAL_Driver/Src/stm32l4xx_hal_tim_ex.c ****       htim->hdma[TIM_DMA_ID_CC2]->XferHalfCpltCallback = TIM_DMADelayPulseHalfCplt;
 930:Drivers/STM32L4xx_HAL_Driver/Src/stm32l4xx_hal_tim_ex.c **** 
 931:Drivers/STM32L4xx_HAL_Driver/Src/stm32l4xx_hal_tim_ex.c ****       /* Set the DMA error callback */
 932:Drivers/STM32L4xx_HAL_Driver/Src/stm32l4xx_hal_tim_ex.c ****       htim->hdma[TIM_DMA_ID_CC2]->XferErrorCallback = TIM_DMAErrorCCxN ;
 933:Drivers/STM32L4xx_HAL_Driver/Src/stm32l4xx_hal_tim_ex.c **** 
 934:Drivers/STM32L4xx_HAL_Driver/Src/stm32l4xx_hal_tim_ex.c ****       /* Enable the DMA channel */
 935:Drivers/STM32L4xx_HAL_Driver/Src/stm32l4xx_hal_tim_ex.c ****       if (HAL_DMA_Start_IT(htim->hdma[TIM_DMA_ID_CC2], (uint32_t)pData, (uint32_t)&htim->Instance->
 936:Drivers/STM32L4xx_HAL_Driver/Src/stm32l4xx_hal_tim_ex.c ****                            Length) != HAL_OK)
 937:Drivers/STM32L4xx_HAL_Driver/Src/stm32l4xx_hal_tim_ex.c ****       {
 938:Drivers/STM32L4xx_HAL_Driver/Src/stm32l4xx_hal_tim_ex.c ****         /* Return error status */
 939:Drivers/STM32L4xx_HAL_Driver/Src/stm32l4xx_hal_tim_ex.c ****         return HAL_ERROR;
 940:Drivers/STM32L4xx_HAL_Driver/Src/stm32l4xx_hal_tim_ex.c ****       }
 941:Drivers/STM32L4xx_HAL_Driver/Src/stm32l4xx_hal_tim_ex.c ****       /* Enable the TIM Output Compare DMA request */
 942:Drivers/STM32L4xx_HAL_Driver/Src/stm32l4xx_hal_tim_ex.c ****       __HAL_TIM_ENABLE_DMA(htim, TIM_DMA_CC2);
ARM GAS  C:\Users\kerry\AppData\Local\Temp\ccWnk0Ym.s 			page 18


 943:Drivers/STM32L4xx_HAL_Driver/Src/stm32l4xx_hal_tim_ex.c ****       break;
 944:Drivers/STM32L4xx_HAL_Driver/Src/stm32l4xx_hal_tim_ex.c ****     }
 945:Drivers/STM32L4xx_HAL_Driver/Src/stm32l4xx_hal_tim_ex.c **** 
 946:Drivers/STM32L4xx_HAL_Driver/Src/stm32l4xx_hal_tim_ex.c ****     case TIM_CHANNEL_3:
 947:Drivers/STM32L4xx_HAL_Driver/Src/stm32l4xx_hal_tim_ex.c ****     {
 948:Drivers/STM32L4xx_HAL_Driver/Src/stm32l4xx_hal_tim_ex.c ****       /* Set the DMA compare callbacks */
 949:Drivers/STM32L4xx_HAL_Driver/Src/stm32l4xx_hal_tim_ex.c ****       htim->hdma[TIM_DMA_ID_CC3]->XferCpltCallback = TIM_DMADelayPulseNCplt;
 950:Drivers/STM32L4xx_HAL_Driver/Src/stm32l4xx_hal_tim_ex.c ****       htim->hdma[TIM_DMA_ID_CC3]->XferHalfCpltCallback = TIM_DMADelayPulseHalfCplt;
 951:Drivers/STM32L4xx_HAL_Driver/Src/stm32l4xx_hal_tim_ex.c **** 
 952:Drivers/STM32L4xx_HAL_Driver/Src/stm32l4xx_hal_tim_ex.c ****       /* Set the DMA error callback */
 953:Drivers/STM32L4xx_HAL_Driver/Src/stm32l4xx_hal_tim_ex.c ****       htim->hdma[TIM_DMA_ID_CC3]->XferErrorCallback = TIM_DMAErrorCCxN ;
 954:Drivers/STM32L4xx_HAL_Driver/Src/stm32l4xx_hal_tim_ex.c **** 
 955:Drivers/STM32L4xx_HAL_Driver/Src/stm32l4xx_hal_tim_ex.c ****       /* Enable the DMA channel */
 956:Drivers/STM32L4xx_HAL_Driver/Src/stm32l4xx_hal_tim_ex.c ****       if (HAL_DMA_Start_IT(htim->hdma[TIM_DMA_ID_CC3], (uint32_t)pData, (uint32_t)&htim->Instance->
 957:Drivers/STM32L4xx_HAL_Driver/Src/stm32l4xx_hal_tim_ex.c ****                            Length) != HAL_OK)
 958:Drivers/STM32L4xx_HAL_Driver/Src/stm32l4xx_hal_tim_ex.c ****       {
 959:Drivers/STM32L4xx_HAL_Driver/Src/stm32l4xx_hal_tim_ex.c ****         /* Return error status */
 960:Drivers/STM32L4xx_HAL_Driver/Src/stm32l4xx_hal_tim_ex.c ****         return HAL_ERROR;
 961:Drivers/STM32L4xx_HAL_Driver/Src/stm32l4xx_hal_tim_ex.c ****       }
 962:Drivers/STM32L4xx_HAL_Driver/Src/stm32l4xx_hal_tim_ex.c ****       /* Enable the TIM Output Compare DMA request */
 963:Drivers/STM32L4xx_HAL_Driver/Src/stm32l4xx_hal_tim_ex.c ****       __HAL_TIM_ENABLE_DMA(htim, TIM_DMA_CC3);
 964:Drivers/STM32L4xx_HAL_Driver/Src/stm32l4xx_hal_tim_ex.c ****       break;
 965:Drivers/STM32L4xx_HAL_Driver/Src/stm32l4xx_hal_tim_ex.c ****     }
 966:Drivers/STM32L4xx_HAL_Driver/Src/stm32l4xx_hal_tim_ex.c **** 
 967:Drivers/STM32L4xx_HAL_Driver/Src/stm32l4xx_hal_tim_ex.c ****     default:
 968:Drivers/STM32L4xx_HAL_Driver/Src/stm32l4xx_hal_tim_ex.c ****       status = HAL_ERROR;
 969:Drivers/STM32L4xx_HAL_Driver/Src/stm32l4xx_hal_tim_ex.c ****       break;
 970:Drivers/STM32L4xx_HAL_Driver/Src/stm32l4xx_hal_tim_ex.c ****   }
 971:Drivers/STM32L4xx_HAL_Driver/Src/stm32l4xx_hal_tim_ex.c **** 
 972:Drivers/STM32L4xx_HAL_Driver/Src/stm32l4xx_hal_tim_ex.c ****   if (status == HAL_OK)
 973:Drivers/STM32L4xx_HAL_Driver/Src/stm32l4xx_hal_tim_ex.c ****   {
 974:Drivers/STM32L4xx_HAL_Driver/Src/stm32l4xx_hal_tim_ex.c ****     /* Enable the Capture compare channel N */
 975:Drivers/STM32L4xx_HAL_Driver/Src/stm32l4xx_hal_tim_ex.c ****     TIM_CCxNChannelCmd(htim->Instance, Channel, TIM_CCxN_ENABLE);
 976:Drivers/STM32L4xx_HAL_Driver/Src/stm32l4xx_hal_tim_ex.c **** 
 977:Drivers/STM32L4xx_HAL_Driver/Src/stm32l4xx_hal_tim_ex.c ****     /* Enable the Main Output */
 978:Drivers/STM32L4xx_HAL_Driver/Src/stm32l4xx_hal_tim_ex.c ****     __HAL_TIM_MOE_ENABLE(htim);
 979:Drivers/STM32L4xx_HAL_Driver/Src/stm32l4xx_hal_tim_ex.c **** 
 980:Drivers/STM32L4xx_HAL_Driver/Src/stm32l4xx_hal_tim_ex.c ****     /* Enable the Peripheral, except in trigger mode where enable is automatically done with trigge
 981:Drivers/STM32L4xx_HAL_Driver/Src/stm32l4xx_hal_tim_ex.c ****     if (IS_TIM_SLAVE_INSTANCE(htim->Instance))
 982:Drivers/STM32L4xx_HAL_Driver/Src/stm32l4xx_hal_tim_ex.c ****     {
 983:Drivers/STM32L4xx_HAL_Driver/Src/stm32l4xx_hal_tim_ex.c ****       tmpsmcr = htim->Instance->SMCR & TIM_SMCR_SMS;
 984:Drivers/STM32L4xx_HAL_Driver/Src/stm32l4xx_hal_tim_ex.c ****       if (!IS_TIM_SLAVEMODE_TRIGGER_ENABLED(tmpsmcr))
 985:Drivers/STM32L4xx_HAL_Driver/Src/stm32l4xx_hal_tim_ex.c ****       {
 986:Drivers/STM32L4xx_HAL_Driver/Src/stm32l4xx_hal_tim_ex.c ****         __HAL_TIM_ENABLE(htim);
 987:Drivers/STM32L4xx_HAL_Driver/Src/stm32l4xx_hal_tim_ex.c ****       }
 988:Drivers/STM32L4xx_HAL_Driver/Src/stm32l4xx_hal_tim_ex.c ****     }
 989:Drivers/STM32L4xx_HAL_Driver/Src/stm32l4xx_hal_tim_ex.c ****     else
 990:Drivers/STM32L4xx_HAL_Driver/Src/stm32l4xx_hal_tim_ex.c ****     {
 991:Drivers/STM32L4xx_HAL_Driver/Src/stm32l4xx_hal_tim_ex.c ****       __HAL_TIM_ENABLE(htim);
 992:Drivers/STM32L4xx_HAL_Driver/Src/stm32l4xx_hal_tim_ex.c ****     }
 993:Drivers/STM32L4xx_HAL_Driver/Src/stm32l4xx_hal_tim_ex.c ****   }
 994:Drivers/STM32L4xx_HAL_Driver/Src/stm32l4xx_hal_tim_ex.c **** 
 995:Drivers/STM32L4xx_HAL_Driver/Src/stm32l4xx_hal_tim_ex.c ****   /* Return function status */
 996:Drivers/STM32L4xx_HAL_Driver/Src/stm32l4xx_hal_tim_ex.c ****   return status;
 997:Drivers/STM32L4xx_HAL_Driver/Src/stm32l4xx_hal_tim_ex.c **** }
 998:Drivers/STM32L4xx_HAL_Driver/Src/stm32l4xx_hal_tim_ex.c **** 
 999:Drivers/STM32L4xx_HAL_Driver/Src/stm32l4xx_hal_tim_ex.c **** /**
ARM GAS  C:\Users\kerry\AppData\Local\Temp\ccWnk0Ym.s 			page 19


1000:Drivers/STM32L4xx_HAL_Driver/Src/stm32l4xx_hal_tim_ex.c ****   * @brief  Stops the TIM Output Compare signal generation in DMA mode
1001:Drivers/STM32L4xx_HAL_Driver/Src/stm32l4xx_hal_tim_ex.c ****   *         on the complementary output.
1002:Drivers/STM32L4xx_HAL_Driver/Src/stm32l4xx_hal_tim_ex.c ****   * @param  htim TIM Output Compare handle
1003:Drivers/STM32L4xx_HAL_Driver/Src/stm32l4xx_hal_tim_ex.c ****   * @param  Channel TIM Channel to be disabled
1004:Drivers/STM32L4xx_HAL_Driver/Src/stm32l4xx_hal_tim_ex.c ****   *          This parameter can be one of the following values:
1005:Drivers/STM32L4xx_HAL_Driver/Src/stm32l4xx_hal_tim_ex.c ****   *            @arg TIM_CHANNEL_1: TIM Channel 1 selected
1006:Drivers/STM32L4xx_HAL_Driver/Src/stm32l4xx_hal_tim_ex.c ****   *            @arg TIM_CHANNEL_2: TIM Channel 2 selected
1007:Drivers/STM32L4xx_HAL_Driver/Src/stm32l4xx_hal_tim_ex.c ****   *            @arg TIM_CHANNEL_3: TIM Channel 3 selected
1008:Drivers/STM32L4xx_HAL_Driver/Src/stm32l4xx_hal_tim_ex.c ****   * @retval HAL status
1009:Drivers/STM32L4xx_HAL_Driver/Src/stm32l4xx_hal_tim_ex.c ****   */
1010:Drivers/STM32L4xx_HAL_Driver/Src/stm32l4xx_hal_tim_ex.c **** HAL_StatusTypeDef HAL_TIMEx_OCN_Stop_DMA(TIM_HandleTypeDef *htim, uint32_t Channel)
1011:Drivers/STM32L4xx_HAL_Driver/Src/stm32l4xx_hal_tim_ex.c **** {
1012:Drivers/STM32L4xx_HAL_Driver/Src/stm32l4xx_hal_tim_ex.c ****   HAL_StatusTypeDef status = HAL_OK;
1013:Drivers/STM32L4xx_HAL_Driver/Src/stm32l4xx_hal_tim_ex.c **** 
1014:Drivers/STM32L4xx_HAL_Driver/Src/stm32l4xx_hal_tim_ex.c ****   /* Check the parameters */
1015:Drivers/STM32L4xx_HAL_Driver/Src/stm32l4xx_hal_tim_ex.c ****   assert_param(IS_TIM_CCXN_INSTANCE(htim->Instance, Channel));
1016:Drivers/STM32L4xx_HAL_Driver/Src/stm32l4xx_hal_tim_ex.c **** 
1017:Drivers/STM32L4xx_HAL_Driver/Src/stm32l4xx_hal_tim_ex.c ****   switch (Channel)
1018:Drivers/STM32L4xx_HAL_Driver/Src/stm32l4xx_hal_tim_ex.c ****   {
1019:Drivers/STM32L4xx_HAL_Driver/Src/stm32l4xx_hal_tim_ex.c ****     case TIM_CHANNEL_1:
1020:Drivers/STM32L4xx_HAL_Driver/Src/stm32l4xx_hal_tim_ex.c ****     {
1021:Drivers/STM32L4xx_HAL_Driver/Src/stm32l4xx_hal_tim_ex.c ****       /* Disable the TIM Output Compare DMA request */
1022:Drivers/STM32L4xx_HAL_Driver/Src/stm32l4xx_hal_tim_ex.c ****       __HAL_TIM_DISABLE_DMA(htim, TIM_DMA_CC1);
1023:Drivers/STM32L4xx_HAL_Driver/Src/stm32l4xx_hal_tim_ex.c ****       (void)HAL_DMA_Abort_IT(htim->hdma[TIM_DMA_ID_CC1]);
1024:Drivers/STM32L4xx_HAL_Driver/Src/stm32l4xx_hal_tim_ex.c ****       break;
1025:Drivers/STM32L4xx_HAL_Driver/Src/stm32l4xx_hal_tim_ex.c ****     }
1026:Drivers/STM32L4xx_HAL_Driver/Src/stm32l4xx_hal_tim_ex.c **** 
1027:Drivers/STM32L4xx_HAL_Driver/Src/stm32l4xx_hal_tim_ex.c ****     case TIM_CHANNEL_2:
1028:Drivers/STM32L4xx_HAL_Driver/Src/stm32l4xx_hal_tim_ex.c ****     {
1029:Drivers/STM32L4xx_HAL_Driver/Src/stm32l4xx_hal_tim_ex.c ****       /* Disable the TIM Output Compare DMA request */
1030:Drivers/STM32L4xx_HAL_Driver/Src/stm32l4xx_hal_tim_ex.c ****       __HAL_TIM_DISABLE_DMA(htim, TIM_DMA_CC2);
1031:Drivers/STM32L4xx_HAL_Driver/Src/stm32l4xx_hal_tim_ex.c ****       (void)HAL_DMA_Abort_IT(htim->hdma[TIM_DMA_ID_CC2]);
1032:Drivers/STM32L4xx_HAL_Driver/Src/stm32l4xx_hal_tim_ex.c ****       break;
1033:Drivers/STM32L4xx_HAL_Driver/Src/stm32l4xx_hal_tim_ex.c ****     }
1034:Drivers/STM32L4xx_HAL_Driver/Src/stm32l4xx_hal_tim_ex.c **** 
1035:Drivers/STM32L4xx_HAL_Driver/Src/stm32l4xx_hal_tim_ex.c ****     case TIM_CHANNEL_3:
1036:Drivers/STM32L4xx_HAL_Driver/Src/stm32l4xx_hal_tim_ex.c ****     {
1037:Drivers/STM32L4xx_HAL_Driver/Src/stm32l4xx_hal_tim_ex.c ****       /* Disable the TIM Output Compare DMA request */
1038:Drivers/STM32L4xx_HAL_Driver/Src/stm32l4xx_hal_tim_ex.c ****       __HAL_TIM_DISABLE_DMA(htim, TIM_DMA_CC3);
1039:Drivers/STM32L4xx_HAL_Driver/Src/stm32l4xx_hal_tim_ex.c ****       (void)HAL_DMA_Abort_IT(htim->hdma[TIM_DMA_ID_CC3]);
1040:Drivers/STM32L4xx_HAL_Driver/Src/stm32l4xx_hal_tim_ex.c ****       break;
1041:Drivers/STM32L4xx_HAL_Driver/Src/stm32l4xx_hal_tim_ex.c ****     }
1042:Drivers/STM32L4xx_HAL_Driver/Src/stm32l4xx_hal_tim_ex.c **** 
1043:Drivers/STM32L4xx_HAL_Driver/Src/stm32l4xx_hal_tim_ex.c ****     default:
1044:Drivers/STM32L4xx_HAL_Driver/Src/stm32l4xx_hal_tim_ex.c ****       status = HAL_ERROR;
1045:Drivers/STM32L4xx_HAL_Driver/Src/stm32l4xx_hal_tim_ex.c ****       break;
1046:Drivers/STM32L4xx_HAL_Driver/Src/stm32l4xx_hal_tim_ex.c ****   }
1047:Drivers/STM32L4xx_HAL_Driver/Src/stm32l4xx_hal_tim_ex.c **** 
1048:Drivers/STM32L4xx_HAL_Driver/Src/stm32l4xx_hal_tim_ex.c ****   if (status == HAL_OK)
1049:Drivers/STM32L4xx_HAL_Driver/Src/stm32l4xx_hal_tim_ex.c ****   {
1050:Drivers/STM32L4xx_HAL_Driver/Src/stm32l4xx_hal_tim_ex.c ****     /* Disable the Capture compare channel N */
1051:Drivers/STM32L4xx_HAL_Driver/Src/stm32l4xx_hal_tim_ex.c ****     TIM_CCxNChannelCmd(htim->Instance, Channel, TIM_CCxN_DISABLE);
1052:Drivers/STM32L4xx_HAL_Driver/Src/stm32l4xx_hal_tim_ex.c **** 
1053:Drivers/STM32L4xx_HAL_Driver/Src/stm32l4xx_hal_tim_ex.c ****     /* Disable the Main Output */
1054:Drivers/STM32L4xx_HAL_Driver/Src/stm32l4xx_hal_tim_ex.c ****     __HAL_TIM_MOE_DISABLE(htim);
1055:Drivers/STM32L4xx_HAL_Driver/Src/stm32l4xx_hal_tim_ex.c **** 
1056:Drivers/STM32L4xx_HAL_Driver/Src/stm32l4xx_hal_tim_ex.c ****     /* Disable the Peripheral */
ARM GAS  C:\Users\kerry\AppData\Local\Temp\ccWnk0Ym.s 			page 20


1057:Drivers/STM32L4xx_HAL_Driver/Src/stm32l4xx_hal_tim_ex.c ****     __HAL_TIM_DISABLE(htim);
1058:Drivers/STM32L4xx_HAL_Driver/Src/stm32l4xx_hal_tim_ex.c **** 
1059:Drivers/STM32L4xx_HAL_Driver/Src/stm32l4xx_hal_tim_ex.c ****     /* Set the TIM complementary channel state */
1060:Drivers/STM32L4xx_HAL_Driver/Src/stm32l4xx_hal_tim_ex.c ****     TIM_CHANNEL_N_STATE_SET(htim, Channel, HAL_TIM_CHANNEL_STATE_READY);
1061:Drivers/STM32L4xx_HAL_Driver/Src/stm32l4xx_hal_tim_ex.c ****   }
1062:Drivers/STM32L4xx_HAL_Driver/Src/stm32l4xx_hal_tim_ex.c **** 
1063:Drivers/STM32L4xx_HAL_Driver/Src/stm32l4xx_hal_tim_ex.c ****   /* Return function status */
1064:Drivers/STM32L4xx_HAL_Driver/Src/stm32l4xx_hal_tim_ex.c ****   return status;
1065:Drivers/STM32L4xx_HAL_Driver/Src/stm32l4xx_hal_tim_ex.c **** }
1066:Drivers/STM32L4xx_HAL_Driver/Src/stm32l4xx_hal_tim_ex.c **** 
1067:Drivers/STM32L4xx_HAL_Driver/Src/stm32l4xx_hal_tim_ex.c **** /**
1068:Drivers/STM32L4xx_HAL_Driver/Src/stm32l4xx_hal_tim_ex.c ****   * @}
1069:Drivers/STM32L4xx_HAL_Driver/Src/stm32l4xx_hal_tim_ex.c ****   */
1070:Drivers/STM32L4xx_HAL_Driver/Src/stm32l4xx_hal_tim_ex.c **** 
1071:Drivers/STM32L4xx_HAL_Driver/Src/stm32l4xx_hal_tim_ex.c **** /** @defgroup TIMEx_Exported_Functions_Group3 Extended Timer Complementary PWM functions
1072:Drivers/STM32L4xx_HAL_Driver/Src/stm32l4xx_hal_tim_ex.c ****   * @brief    Timer Complementary PWM functions
1073:Drivers/STM32L4xx_HAL_Driver/Src/stm32l4xx_hal_tim_ex.c ****   *
1074:Drivers/STM32L4xx_HAL_Driver/Src/stm32l4xx_hal_tim_ex.c **** @verbatim
1075:Drivers/STM32L4xx_HAL_Driver/Src/stm32l4xx_hal_tim_ex.c ****   ==============================================================================
1076:Drivers/STM32L4xx_HAL_Driver/Src/stm32l4xx_hal_tim_ex.c ****                  ##### Timer Complementary PWM functions #####
1077:Drivers/STM32L4xx_HAL_Driver/Src/stm32l4xx_hal_tim_ex.c ****   ==============================================================================
1078:Drivers/STM32L4xx_HAL_Driver/Src/stm32l4xx_hal_tim_ex.c ****   [..]
1079:Drivers/STM32L4xx_HAL_Driver/Src/stm32l4xx_hal_tim_ex.c ****     This section provides functions allowing to:
1080:Drivers/STM32L4xx_HAL_Driver/Src/stm32l4xx_hal_tim_ex.c ****     (+) Start the Complementary PWM.
1081:Drivers/STM32L4xx_HAL_Driver/Src/stm32l4xx_hal_tim_ex.c ****     (+) Stop the Complementary PWM.
1082:Drivers/STM32L4xx_HAL_Driver/Src/stm32l4xx_hal_tim_ex.c ****     (+) Start the Complementary PWM and enable interrupts.
1083:Drivers/STM32L4xx_HAL_Driver/Src/stm32l4xx_hal_tim_ex.c ****     (+) Stop the Complementary PWM and disable interrupts.
1084:Drivers/STM32L4xx_HAL_Driver/Src/stm32l4xx_hal_tim_ex.c ****     (+) Start the Complementary PWM and enable DMA transfers.
1085:Drivers/STM32L4xx_HAL_Driver/Src/stm32l4xx_hal_tim_ex.c ****     (+) Stop the Complementary PWM and disable DMA transfers.
1086:Drivers/STM32L4xx_HAL_Driver/Src/stm32l4xx_hal_tim_ex.c **** @endverbatim
1087:Drivers/STM32L4xx_HAL_Driver/Src/stm32l4xx_hal_tim_ex.c ****   * @{
1088:Drivers/STM32L4xx_HAL_Driver/Src/stm32l4xx_hal_tim_ex.c ****   */
1089:Drivers/STM32L4xx_HAL_Driver/Src/stm32l4xx_hal_tim_ex.c **** 
1090:Drivers/STM32L4xx_HAL_Driver/Src/stm32l4xx_hal_tim_ex.c **** /**
1091:Drivers/STM32L4xx_HAL_Driver/Src/stm32l4xx_hal_tim_ex.c ****   * @brief  Starts the PWM signal generation on the complementary output.
1092:Drivers/STM32L4xx_HAL_Driver/Src/stm32l4xx_hal_tim_ex.c ****   * @param  htim TIM handle
1093:Drivers/STM32L4xx_HAL_Driver/Src/stm32l4xx_hal_tim_ex.c ****   * @param  Channel TIM Channel to be enabled
1094:Drivers/STM32L4xx_HAL_Driver/Src/stm32l4xx_hal_tim_ex.c ****   *          This parameter can be one of the following values:
1095:Drivers/STM32L4xx_HAL_Driver/Src/stm32l4xx_hal_tim_ex.c ****   *            @arg TIM_CHANNEL_1: TIM Channel 1 selected
1096:Drivers/STM32L4xx_HAL_Driver/Src/stm32l4xx_hal_tim_ex.c ****   *            @arg TIM_CHANNEL_2: TIM Channel 2 selected
1097:Drivers/STM32L4xx_HAL_Driver/Src/stm32l4xx_hal_tim_ex.c ****   *            @arg TIM_CHANNEL_3: TIM Channel 3 selected
1098:Drivers/STM32L4xx_HAL_Driver/Src/stm32l4xx_hal_tim_ex.c ****   * @retval HAL status
1099:Drivers/STM32L4xx_HAL_Driver/Src/stm32l4xx_hal_tim_ex.c ****   */
1100:Drivers/STM32L4xx_HAL_Driver/Src/stm32l4xx_hal_tim_ex.c **** HAL_StatusTypeDef HAL_TIMEx_PWMN_Start(TIM_HandleTypeDef *htim, uint32_t Channel)
1101:Drivers/STM32L4xx_HAL_Driver/Src/stm32l4xx_hal_tim_ex.c **** {
1102:Drivers/STM32L4xx_HAL_Driver/Src/stm32l4xx_hal_tim_ex.c ****   uint32_t tmpsmcr;
1103:Drivers/STM32L4xx_HAL_Driver/Src/stm32l4xx_hal_tim_ex.c **** 
1104:Drivers/STM32L4xx_HAL_Driver/Src/stm32l4xx_hal_tim_ex.c ****   /* Check the parameters */
1105:Drivers/STM32L4xx_HAL_Driver/Src/stm32l4xx_hal_tim_ex.c ****   assert_param(IS_TIM_CCXN_INSTANCE(htim->Instance, Channel));
1106:Drivers/STM32L4xx_HAL_Driver/Src/stm32l4xx_hal_tim_ex.c **** 
1107:Drivers/STM32L4xx_HAL_Driver/Src/stm32l4xx_hal_tim_ex.c ****   /* Check the TIM complementary channel state */
1108:Drivers/STM32L4xx_HAL_Driver/Src/stm32l4xx_hal_tim_ex.c ****   if (TIM_CHANNEL_N_STATE_GET(htim, Channel) != HAL_TIM_CHANNEL_STATE_READY)
1109:Drivers/STM32L4xx_HAL_Driver/Src/stm32l4xx_hal_tim_ex.c ****   {
1110:Drivers/STM32L4xx_HAL_Driver/Src/stm32l4xx_hal_tim_ex.c ****     return HAL_ERROR;
1111:Drivers/STM32L4xx_HAL_Driver/Src/stm32l4xx_hal_tim_ex.c ****   }
1112:Drivers/STM32L4xx_HAL_Driver/Src/stm32l4xx_hal_tim_ex.c **** 
1113:Drivers/STM32L4xx_HAL_Driver/Src/stm32l4xx_hal_tim_ex.c ****   /* Set the TIM complementary channel state */
ARM GAS  C:\Users\kerry\AppData\Local\Temp\ccWnk0Ym.s 			page 21


1114:Drivers/STM32L4xx_HAL_Driver/Src/stm32l4xx_hal_tim_ex.c ****   TIM_CHANNEL_N_STATE_SET(htim, Channel, HAL_TIM_CHANNEL_STATE_BUSY);
1115:Drivers/STM32L4xx_HAL_Driver/Src/stm32l4xx_hal_tim_ex.c **** 
1116:Drivers/STM32L4xx_HAL_Driver/Src/stm32l4xx_hal_tim_ex.c ****   /* Enable the complementary PWM output  */
1117:Drivers/STM32L4xx_HAL_Driver/Src/stm32l4xx_hal_tim_ex.c ****   TIM_CCxNChannelCmd(htim->Instance, Channel, TIM_CCxN_ENABLE);
1118:Drivers/STM32L4xx_HAL_Driver/Src/stm32l4xx_hal_tim_ex.c **** 
1119:Drivers/STM32L4xx_HAL_Driver/Src/stm32l4xx_hal_tim_ex.c ****   /* Enable the Main Output */
1120:Drivers/STM32L4xx_HAL_Driver/Src/stm32l4xx_hal_tim_ex.c ****   __HAL_TIM_MOE_ENABLE(htim);
1121:Drivers/STM32L4xx_HAL_Driver/Src/stm32l4xx_hal_tim_ex.c **** 
1122:Drivers/STM32L4xx_HAL_Driver/Src/stm32l4xx_hal_tim_ex.c ****   /* Enable the Peripheral, except in trigger mode where enable is automatically done with trigger 
1123:Drivers/STM32L4xx_HAL_Driver/Src/stm32l4xx_hal_tim_ex.c ****   if (IS_TIM_SLAVE_INSTANCE(htim->Instance))
1124:Drivers/STM32L4xx_HAL_Driver/Src/stm32l4xx_hal_tim_ex.c ****   {
1125:Drivers/STM32L4xx_HAL_Driver/Src/stm32l4xx_hal_tim_ex.c ****     tmpsmcr = htim->Instance->SMCR & TIM_SMCR_SMS;
1126:Drivers/STM32L4xx_HAL_Driver/Src/stm32l4xx_hal_tim_ex.c ****     if (!IS_TIM_SLAVEMODE_TRIGGER_ENABLED(tmpsmcr))
1127:Drivers/STM32L4xx_HAL_Driver/Src/stm32l4xx_hal_tim_ex.c ****     {
1128:Drivers/STM32L4xx_HAL_Driver/Src/stm32l4xx_hal_tim_ex.c ****       __HAL_TIM_ENABLE(htim);
1129:Drivers/STM32L4xx_HAL_Driver/Src/stm32l4xx_hal_tim_ex.c ****     }
1130:Drivers/STM32L4xx_HAL_Driver/Src/stm32l4xx_hal_tim_ex.c ****   }
1131:Drivers/STM32L4xx_HAL_Driver/Src/stm32l4xx_hal_tim_ex.c ****   else
1132:Drivers/STM32L4xx_HAL_Driver/Src/stm32l4xx_hal_tim_ex.c ****   {
1133:Drivers/STM32L4xx_HAL_Driver/Src/stm32l4xx_hal_tim_ex.c ****     __HAL_TIM_ENABLE(htim);
1134:Drivers/STM32L4xx_HAL_Driver/Src/stm32l4xx_hal_tim_ex.c ****   }
1135:Drivers/STM32L4xx_HAL_Driver/Src/stm32l4xx_hal_tim_ex.c **** 
1136:Drivers/STM32L4xx_HAL_Driver/Src/stm32l4xx_hal_tim_ex.c ****   /* Return function status */
1137:Drivers/STM32L4xx_HAL_Driver/Src/stm32l4xx_hal_tim_ex.c ****   return HAL_OK;
1138:Drivers/STM32L4xx_HAL_Driver/Src/stm32l4xx_hal_tim_ex.c **** }
1139:Drivers/STM32L4xx_HAL_Driver/Src/stm32l4xx_hal_tim_ex.c **** 
1140:Drivers/STM32L4xx_HAL_Driver/Src/stm32l4xx_hal_tim_ex.c **** /**
1141:Drivers/STM32L4xx_HAL_Driver/Src/stm32l4xx_hal_tim_ex.c ****   * @brief  Stops the PWM signal generation on the complementary output.
1142:Drivers/STM32L4xx_HAL_Driver/Src/stm32l4xx_hal_tim_ex.c ****   * @param  htim TIM handle
1143:Drivers/STM32L4xx_HAL_Driver/Src/stm32l4xx_hal_tim_ex.c ****   * @param  Channel TIM Channel to be disabled
1144:Drivers/STM32L4xx_HAL_Driver/Src/stm32l4xx_hal_tim_ex.c ****   *          This parameter can be one of the following values:
1145:Drivers/STM32L4xx_HAL_Driver/Src/stm32l4xx_hal_tim_ex.c ****   *            @arg TIM_CHANNEL_1: TIM Channel 1 selected
1146:Drivers/STM32L4xx_HAL_Driver/Src/stm32l4xx_hal_tim_ex.c ****   *            @arg TIM_CHANNEL_2: TIM Channel 2 selected
1147:Drivers/STM32L4xx_HAL_Driver/Src/stm32l4xx_hal_tim_ex.c ****   *            @arg TIM_CHANNEL_3: TIM Channel 3 selected
1148:Drivers/STM32L4xx_HAL_Driver/Src/stm32l4xx_hal_tim_ex.c ****   * @retval HAL status
1149:Drivers/STM32L4xx_HAL_Driver/Src/stm32l4xx_hal_tim_ex.c ****   */
1150:Drivers/STM32L4xx_HAL_Driver/Src/stm32l4xx_hal_tim_ex.c **** HAL_StatusTypeDef HAL_TIMEx_PWMN_Stop(TIM_HandleTypeDef *htim, uint32_t Channel)
1151:Drivers/STM32L4xx_HAL_Driver/Src/stm32l4xx_hal_tim_ex.c **** {
1152:Drivers/STM32L4xx_HAL_Driver/Src/stm32l4xx_hal_tim_ex.c ****   /* Check the parameters */
1153:Drivers/STM32L4xx_HAL_Driver/Src/stm32l4xx_hal_tim_ex.c ****   assert_param(IS_TIM_CCXN_INSTANCE(htim->Instance, Channel));
1154:Drivers/STM32L4xx_HAL_Driver/Src/stm32l4xx_hal_tim_ex.c **** 
1155:Drivers/STM32L4xx_HAL_Driver/Src/stm32l4xx_hal_tim_ex.c ****   /* Disable the complementary PWM output  */
1156:Drivers/STM32L4xx_HAL_Driver/Src/stm32l4xx_hal_tim_ex.c ****   TIM_CCxNChannelCmd(htim->Instance, Channel, TIM_CCxN_DISABLE);
1157:Drivers/STM32L4xx_HAL_Driver/Src/stm32l4xx_hal_tim_ex.c **** 
1158:Drivers/STM32L4xx_HAL_Driver/Src/stm32l4xx_hal_tim_ex.c ****   /* Disable the Main Output */
1159:Drivers/STM32L4xx_HAL_Driver/Src/stm32l4xx_hal_tim_ex.c ****   __HAL_TIM_MOE_DISABLE(htim);
1160:Drivers/STM32L4xx_HAL_Driver/Src/stm32l4xx_hal_tim_ex.c **** 
1161:Drivers/STM32L4xx_HAL_Driver/Src/stm32l4xx_hal_tim_ex.c ****   /* Disable the Peripheral */
1162:Drivers/STM32L4xx_HAL_Driver/Src/stm32l4xx_hal_tim_ex.c ****   __HAL_TIM_DISABLE(htim);
1163:Drivers/STM32L4xx_HAL_Driver/Src/stm32l4xx_hal_tim_ex.c **** 
1164:Drivers/STM32L4xx_HAL_Driver/Src/stm32l4xx_hal_tim_ex.c ****   /* Set the TIM complementary channel state */
1165:Drivers/STM32L4xx_HAL_Driver/Src/stm32l4xx_hal_tim_ex.c ****   TIM_CHANNEL_N_STATE_SET(htim, Channel, HAL_TIM_CHANNEL_STATE_READY);
1166:Drivers/STM32L4xx_HAL_Driver/Src/stm32l4xx_hal_tim_ex.c **** 
1167:Drivers/STM32L4xx_HAL_Driver/Src/stm32l4xx_hal_tim_ex.c ****   /* Return function status */
1168:Drivers/STM32L4xx_HAL_Driver/Src/stm32l4xx_hal_tim_ex.c ****   return HAL_OK;
1169:Drivers/STM32L4xx_HAL_Driver/Src/stm32l4xx_hal_tim_ex.c **** }
1170:Drivers/STM32L4xx_HAL_Driver/Src/stm32l4xx_hal_tim_ex.c **** 
ARM GAS  C:\Users\kerry\AppData\Local\Temp\ccWnk0Ym.s 			page 22


1171:Drivers/STM32L4xx_HAL_Driver/Src/stm32l4xx_hal_tim_ex.c **** /**
1172:Drivers/STM32L4xx_HAL_Driver/Src/stm32l4xx_hal_tim_ex.c ****   * @brief  Starts the PWM signal generation in interrupt mode on the
1173:Drivers/STM32L4xx_HAL_Driver/Src/stm32l4xx_hal_tim_ex.c ****   *         complementary output.
1174:Drivers/STM32L4xx_HAL_Driver/Src/stm32l4xx_hal_tim_ex.c ****   * @param  htim TIM handle
1175:Drivers/STM32L4xx_HAL_Driver/Src/stm32l4xx_hal_tim_ex.c ****   * @param  Channel TIM Channel to be disabled
1176:Drivers/STM32L4xx_HAL_Driver/Src/stm32l4xx_hal_tim_ex.c ****   *          This parameter can be one of the following values:
1177:Drivers/STM32L4xx_HAL_Driver/Src/stm32l4xx_hal_tim_ex.c ****   *            @arg TIM_CHANNEL_1: TIM Channel 1 selected
1178:Drivers/STM32L4xx_HAL_Driver/Src/stm32l4xx_hal_tim_ex.c ****   *            @arg TIM_CHANNEL_2: TIM Channel 2 selected
1179:Drivers/STM32L4xx_HAL_Driver/Src/stm32l4xx_hal_tim_ex.c ****   *            @arg TIM_CHANNEL_3: TIM Channel 3 selected
1180:Drivers/STM32L4xx_HAL_Driver/Src/stm32l4xx_hal_tim_ex.c ****   * @retval HAL status
1181:Drivers/STM32L4xx_HAL_Driver/Src/stm32l4xx_hal_tim_ex.c ****   */
1182:Drivers/STM32L4xx_HAL_Driver/Src/stm32l4xx_hal_tim_ex.c **** HAL_StatusTypeDef HAL_TIMEx_PWMN_Start_IT(TIM_HandleTypeDef *htim, uint32_t Channel)
1183:Drivers/STM32L4xx_HAL_Driver/Src/stm32l4xx_hal_tim_ex.c **** {
1184:Drivers/STM32L4xx_HAL_Driver/Src/stm32l4xx_hal_tim_ex.c ****   HAL_StatusTypeDef status = HAL_OK;
1185:Drivers/STM32L4xx_HAL_Driver/Src/stm32l4xx_hal_tim_ex.c ****   uint32_t tmpsmcr;
1186:Drivers/STM32L4xx_HAL_Driver/Src/stm32l4xx_hal_tim_ex.c **** 
1187:Drivers/STM32L4xx_HAL_Driver/Src/stm32l4xx_hal_tim_ex.c ****   /* Check the parameters */
1188:Drivers/STM32L4xx_HAL_Driver/Src/stm32l4xx_hal_tim_ex.c ****   assert_param(IS_TIM_CCXN_INSTANCE(htim->Instance, Channel));
1189:Drivers/STM32L4xx_HAL_Driver/Src/stm32l4xx_hal_tim_ex.c **** 
1190:Drivers/STM32L4xx_HAL_Driver/Src/stm32l4xx_hal_tim_ex.c ****   /* Check the TIM complementary channel state */
1191:Drivers/STM32L4xx_HAL_Driver/Src/stm32l4xx_hal_tim_ex.c ****   if (TIM_CHANNEL_N_STATE_GET(htim, Channel) != HAL_TIM_CHANNEL_STATE_READY)
1192:Drivers/STM32L4xx_HAL_Driver/Src/stm32l4xx_hal_tim_ex.c ****   {
1193:Drivers/STM32L4xx_HAL_Driver/Src/stm32l4xx_hal_tim_ex.c ****     return HAL_ERROR;
1194:Drivers/STM32L4xx_HAL_Driver/Src/stm32l4xx_hal_tim_ex.c ****   }
1195:Drivers/STM32L4xx_HAL_Driver/Src/stm32l4xx_hal_tim_ex.c **** 
1196:Drivers/STM32L4xx_HAL_Driver/Src/stm32l4xx_hal_tim_ex.c ****   /* Set the TIM complementary channel state */
1197:Drivers/STM32L4xx_HAL_Driver/Src/stm32l4xx_hal_tim_ex.c ****   TIM_CHANNEL_N_STATE_SET(htim, Channel, HAL_TIM_CHANNEL_STATE_BUSY);
1198:Drivers/STM32L4xx_HAL_Driver/Src/stm32l4xx_hal_tim_ex.c **** 
1199:Drivers/STM32L4xx_HAL_Driver/Src/stm32l4xx_hal_tim_ex.c ****   switch (Channel)
1200:Drivers/STM32L4xx_HAL_Driver/Src/stm32l4xx_hal_tim_ex.c ****   {
1201:Drivers/STM32L4xx_HAL_Driver/Src/stm32l4xx_hal_tim_ex.c ****     case TIM_CHANNEL_1:
1202:Drivers/STM32L4xx_HAL_Driver/Src/stm32l4xx_hal_tim_ex.c ****     {
1203:Drivers/STM32L4xx_HAL_Driver/Src/stm32l4xx_hal_tim_ex.c ****       /* Enable the TIM Capture/Compare 1 interrupt */
1204:Drivers/STM32L4xx_HAL_Driver/Src/stm32l4xx_hal_tim_ex.c ****       __HAL_TIM_ENABLE_IT(htim, TIM_IT_CC1);
1205:Drivers/STM32L4xx_HAL_Driver/Src/stm32l4xx_hal_tim_ex.c ****       break;
1206:Drivers/STM32L4xx_HAL_Driver/Src/stm32l4xx_hal_tim_ex.c ****     }
1207:Drivers/STM32L4xx_HAL_Driver/Src/stm32l4xx_hal_tim_ex.c **** 
1208:Drivers/STM32L4xx_HAL_Driver/Src/stm32l4xx_hal_tim_ex.c ****     case TIM_CHANNEL_2:
1209:Drivers/STM32L4xx_HAL_Driver/Src/stm32l4xx_hal_tim_ex.c ****     {
1210:Drivers/STM32L4xx_HAL_Driver/Src/stm32l4xx_hal_tim_ex.c ****       /* Enable the TIM Capture/Compare 2 interrupt */
1211:Drivers/STM32L4xx_HAL_Driver/Src/stm32l4xx_hal_tim_ex.c ****       __HAL_TIM_ENABLE_IT(htim, TIM_IT_CC2);
1212:Drivers/STM32L4xx_HAL_Driver/Src/stm32l4xx_hal_tim_ex.c ****       break;
1213:Drivers/STM32L4xx_HAL_Driver/Src/stm32l4xx_hal_tim_ex.c ****     }
1214:Drivers/STM32L4xx_HAL_Driver/Src/stm32l4xx_hal_tim_ex.c **** 
1215:Drivers/STM32L4xx_HAL_Driver/Src/stm32l4xx_hal_tim_ex.c ****     case TIM_CHANNEL_3:
1216:Drivers/STM32L4xx_HAL_Driver/Src/stm32l4xx_hal_tim_ex.c ****     {
1217:Drivers/STM32L4xx_HAL_Driver/Src/stm32l4xx_hal_tim_ex.c ****       /* Enable the TIM Capture/Compare 3 interrupt */
1218:Drivers/STM32L4xx_HAL_Driver/Src/stm32l4xx_hal_tim_ex.c ****       __HAL_TIM_ENABLE_IT(htim, TIM_IT_CC3);
1219:Drivers/STM32L4xx_HAL_Driver/Src/stm32l4xx_hal_tim_ex.c ****       break;
1220:Drivers/STM32L4xx_HAL_Driver/Src/stm32l4xx_hal_tim_ex.c ****     }
1221:Drivers/STM32L4xx_HAL_Driver/Src/stm32l4xx_hal_tim_ex.c **** 
1222:Drivers/STM32L4xx_HAL_Driver/Src/stm32l4xx_hal_tim_ex.c ****     default:
1223:Drivers/STM32L4xx_HAL_Driver/Src/stm32l4xx_hal_tim_ex.c ****       status = HAL_ERROR;
1224:Drivers/STM32L4xx_HAL_Driver/Src/stm32l4xx_hal_tim_ex.c ****       break;
1225:Drivers/STM32L4xx_HAL_Driver/Src/stm32l4xx_hal_tim_ex.c ****   }
1226:Drivers/STM32L4xx_HAL_Driver/Src/stm32l4xx_hal_tim_ex.c **** 
1227:Drivers/STM32L4xx_HAL_Driver/Src/stm32l4xx_hal_tim_ex.c ****   if (status == HAL_OK)
ARM GAS  C:\Users\kerry\AppData\Local\Temp\ccWnk0Ym.s 			page 23


1228:Drivers/STM32L4xx_HAL_Driver/Src/stm32l4xx_hal_tim_ex.c ****   {
1229:Drivers/STM32L4xx_HAL_Driver/Src/stm32l4xx_hal_tim_ex.c ****     /* Enable the TIM Break interrupt */
1230:Drivers/STM32L4xx_HAL_Driver/Src/stm32l4xx_hal_tim_ex.c ****     __HAL_TIM_ENABLE_IT(htim, TIM_IT_BREAK);
1231:Drivers/STM32L4xx_HAL_Driver/Src/stm32l4xx_hal_tim_ex.c **** 
1232:Drivers/STM32L4xx_HAL_Driver/Src/stm32l4xx_hal_tim_ex.c ****     /* Enable the complementary PWM output  */
1233:Drivers/STM32L4xx_HAL_Driver/Src/stm32l4xx_hal_tim_ex.c ****     TIM_CCxNChannelCmd(htim->Instance, Channel, TIM_CCxN_ENABLE);
1234:Drivers/STM32L4xx_HAL_Driver/Src/stm32l4xx_hal_tim_ex.c **** 
1235:Drivers/STM32L4xx_HAL_Driver/Src/stm32l4xx_hal_tim_ex.c ****     /* Enable the Main Output */
1236:Drivers/STM32L4xx_HAL_Driver/Src/stm32l4xx_hal_tim_ex.c ****     __HAL_TIM_MOE_ENABLE(htim);
1237:Drivers/STM32L4xx_HAL_Driver/Src/stm32l4xx_hal_tim_ex.c **** 
1238:Drivers/STM32L4xx_HAL_Driver/Src/stm32l4xx_hal_tim_ex.c ****     /* Enable the Peripheral, except in trigger mode where enable is automatically done with trigge
1239:Drivers/STM32L4xx_HAL_Driver/Src/stm32l4xx_hal_tim_ex.c ****     if (IS_TIM_SLAVE_INSTANCE(htim->Instance))
1240:Drivers/STM32L4xx_HAL_Driver/Src/stm32l4xx_hal_tim_ex.c ****     {
1241:Drivers/STM32L4xx_HAL_Driver/Src/stm32l4xx_hal_tim_ex.c ****       tmpsmcr = htim->Instance->SMCR & TIM_SMCR_SMS;
1242:Drivers/STM32L4xx_HAL_Driver/Src/stm32l4xx_hal_tim_ex.c ****       if (!IS_TIM_SLAVEMODE_TRIGGER_ENABLED(tmpsmcr))
1243:Drivers/STM32L4xx_HAL_Driver/Src/stm32l4xx_hal_tim_ex.c ****       {
1244:Drivers/STM32L4xx_HAL_Driver/Src/stm32l4xx_hal_tim_ex.c ****         __HAL_TIM_ENABLE(htim);
1245:Drivers/STM32L4xx_HAL_Driver/Src/stm32l4xx_hal_tim_ex.c ****       }
1246:Drivers/STM32L4xx_HAL_Driver/Src/stm32l4xx_hal_tim_ex.c ****     }
1247:Drivers/STM32L4xx_HAL_Driver/Src/stm32l4xx_hal_tim_ex.c ****     else
1248:Drivers/STM32L4xx_HAL_Driver/Src/stm32l4xx_hal_tim_ex.c ****     {
1249:Drivers/STM32L4xx_HAL_Driver/Src/stm32l4xx_hal_tim_ex.c ****       __HAL_TIM_ENABLE(htim);
1250:Drivers/STM32L4xx_HAL_Driver/Src/stm32l4xx_hal_tim_ex.c ****     }
1251:Drivers/STM32L4xx_HAL_Driver/Src/stm32l4xx_hal_tim_ex.c ****   }
1252:Drivers/STM32L4xx_HAL_Driver/Src/stm32l4xx_hal_tim_ex.c **** 
1253:Drivers/STM32L4xx_HAL_Driver/Src/stm32l4xx_hal_tim_ex.c ****   /* Return function status */
1254:Drivers/STM32L4xx_HAL_Driver/Src/stm32l4xx_hal_tim_ex.c ****   return status;
1255:Drivers/STM32L4xx_HAL_Driver/Src/stm32l4xx_hal_tim_ex.c **** }
1256:Drivers/STM32L4xx_HAL_Driver/Src/stm32l4xx_hal_tim_ex.c **** 
1257:Drivers/STM32L4xx_HAL_Driver/Src/stm32l4xx_hal_tim_ex.c **** /**
1258:Drivers/STM32L4xx_HAL_Driver/Src/stm32l4xx_hal_tim_ex.c ****   * @brief  Stops the PWM signal generation in interrupt mode on the
1259:Drivers/STM32L4xx_HAL_Driver/Src/stm32l4xx_hal_tim_ex.c ****   *         complementary output.
1260:Drivers/STM32L4xx_HAL_Driver/Src/stm32l4xx_hal_tim_ex.c ****   * @param  htim TIM handle
1261:Drivers/STM32L4xx_HAL_Driver/Src/stm32l4xx_hal_tim_ex.c ****   * @param  Channel TIM Channel to be disabled
1262:Drivers/STM32L4xx_HAL_Driver/Src/stm32l4xx_hal_tim_ex.c ****   *          This parameter can be one of the following values:
1263:Drivers/STM32L4xx_HAL_Driver/Src/stm32l4xx_hal_tim_ex.c ****   *            @arg TIM_CHANNEL_1: TIM Channel 1 selected
1264:Drivers/STM32L4xx_HAL_Driver/Src/stm32l4xx_hal_tim_ex.c ****   *            @arg TIM_CHANNEL_2: TIM Channel 2 selected
1265:Drivers/STM32L4xx_HAL_Driver/Src/stm32l4xx_hal_tim_ex.c ****   *            @arg TIM_CHANNEL_3: TIM Channel 3 selected
1266:Drivers/STM32L4xx_HAL_Driver/Src/stm32l4xx_hal_tim_ex.c ****   * @retval HAL status
1267:Drivers/STM32L4xx_HAL_Driver/Src/stm32l4xx_hal_tim_ex.c ****   */
1268:Drivers/STM32L4xx_HAL_Driver/Src/stm32l4xx_hal_tim_ex.c **** HAL_StatusTypeDef HAL_TIMEx_PWMN_Stop_IT(TIM_HandleTypeDef *htim, uint32_t Channel)
1269:Drivers/STM32L4xx_HAL_Driver/Src/stm32l4xx_hal_tim_ex.c **** {
1270:Drivers/STM32L4xx_HAL_Driver/Src/stm32l4xx_hal_tim_ex.c ****   HAL_StatusTypeDef status = HAL_OK;
1271:Drivers/STM32L4xx_HAL_Driver/Src/stm32l4xx_hal_tim_ex.c ****   uint32_t tmpccer;
1272:Drivers/STM32L4xx_HAL_Driver/Src/stm32l4xx_hal_tim_ex.c **** 
1273:Drivers/STM32L4xx_HAL_Driver/Src/stm32l4xx_hal_tim_ex.c ****   /* Check the parameters */
1274:Drivers/STM32L4xx_HAL_Driver/Src/stm32l4xx_hal_tim_ex.c ****   assert_param(IS_TIM_CCXN_INSTANCE(htim->Instance, Channel));
1275:Drivers/STM32L4xx_HAL_Driver/Src/stm32l4xx_hal_tim_ex.c **** 
1276:Drivers/STM32L4xx_HAL_Driver/Src/stm32l4xx_hal_tim_ex.c ****   switch (Channel)
1277:Drivers/STM32L4xx_HAL_Driver/Src/stm32l4xx_hal_tim_ex.c ****   {
1278:Drivers/STM32L4xx_HAL_Driver/Src/stm32l4xx_hal_tim_ex.c ****     case TIM_CHANNEL_1:
1279:Drivers/STM32L4xx_HAL_Driver/Src/stm32l4xx_hal_tim_ex.c ****     {
1280:Drivers/STM32L4xx_HAL_Driver/Src/stm32l4xx_hal_tim_ex.c ****       /* Disable the TIM Capture/Compare 1 interrupt */
1281:Drivers/STM32L4xx_HAL_Driver/Src/stm32l4xx_hal_tim_ex.c ****       __HAL_TIM_DISABLE_IT(htim, TIM_IT_CC1);
1282:Drivers/STM32L4xx_HAL_Driver/Src/stm32l4xx_hal_tim_ex.c ****       break;
1283:Drivers/STM32L4xx_HAL_Driver/Src/stm32l4xx_hal_tim_ex.c ****     }
1284:Drivers/STM32L4xx_HAL_Driver/Src/stm32l4xx_hal_tim_ex.c **** 
ARM GAS  C:\Users\kerry\AppData\Local\Temp\ccWnk0Ym.s 			page 24


1285:Drivers/STM32L4xx_HAL_Driver/Src/stm32l4xx_hal_tim_ex.c ****     case TIM_CHANNEL_2:
1286:Drivers/STM32L4xx_HAL_Driver/Src/stm32l4xx_hal_tim_ex.c ****     {
1287:Drivers/STM32L4xx_HAL_Driver/Src/stm32l4xx_hal_tim_ex.c ****       /* Disable the TIM Capture/Compare 2 interrupt */
1288:Drivers/STM32L4xx_HAL_Driver/Src/stm32l4xx_hal_tim_ex.c ****       __HAL_TIM_DISABLE_IT(htim, TIM_IT_CC2);
1289:Drivers/STM32L4xx_HAL_Driver/Src/stm32l4xx_hal_tim_ex.c ****       break;
1290:Drivers/STM32L4xx_HAL_Driver/Src/stm32l4xx_hal_tim_ex.c ****     }
1291:Drivers/STM32L4xx_HAL_Driver/Src/stm32l4xx_hal_tim_ex.c **** 
1292:Drivers/STM32L4xx_HAL_Driver/Src/stm32l4xx_hal_tim_ex.c ****     case TIM_CHANNEL_3:
1293:Drivers/STM32L4xx_HAL_Driver/Src/stm32l4xx_hal_tim_ex.c ****     {
1294:Drivers/STM32L4xx_HAL_Driver/Src/stm32l4xx_hal_tim_ex.c ****       /* Disable the TIM Capture/Compare 3 interrupt */
1295:Drivers/STM32L4xx_HAL_Driver/Src/stm32l4xx_hal_tim_ex.c ****       __HAL_TIM_DISABLE_IT(htim, TIM_IT_CC3);
1296:Drivers/STM32L4xx_HAL_Driver/Src/stm32l4xx_hal_tim_ex.c ****       break;
1297:Drivers/STM32L4xx_HAL_Driver/Src/stm32l4xx_hal_tim_ex.c ****     }
1298:Drivers/STM32L4xx_HAL_Driver/Src/stm32l4xx_hal_tim_ex.c **** 
1299:Drivers/STM32L4xx_HAL_Driver/Src/stm32l4xx_hal_tim_ex.c ****     default:
1300:Drivers/STM32L4xx_HAL_Driver/Src/stm32l4xx_hal_tim_ex.c ****       status = HAL_ERROR;
1301:Drivers/STM32L4xx_HAL_Driver/Src/stm32l4xx_hal_tim_ex.c ****       break;
1302:Drivers/STM32L4xx_HAL_Driver/Src/stm32l4xx_hal_tim_ex.c ****   }
1303:Drivers/STM32L4xx_HAL_Driver/Src/stm32l4xx_hal_tim_ex.c **** 
1304:Drivers/STM32L4xx_HAL_Driver/Src/stm32l4xx_hal_tim_ex.c ****   if (status == HAL_OK)
1305:Drivers/STM32L4xx_HAL_Driver/Src/stm32l4xx_hal_tim_ex.c ****   {
1306:Drivers/STM32L4xx_HAL_Driver/Src/stm32l4xx_hal_tim_ex.c ****     /* Disable the complementary PWM output  */
1307:Drivers/STM32L4xx_HAL_Driver/Src/stm32l4xx_hal_tim_ex.c ****     TIM_CCxNChannelCmd(htim->Instance, Channel, TIM_CCxN_DISABLE);
1308:Drivers/STM32L4xx_HAL_Driver/Src/stm32l4xx_hal_tim_ex.c **** 
1309:Drivers/STM32L4xx_HAL_Driver/Src/stm32l4xx_hal_tim_ex.c ****     /* Disable the TIM Break interrupt (only if no more channel is active) */
1310:Drivers/STM32L4xx_HAL_Driver/Src/stm32l4xx_hal_tim_ex.c ****     tmpccer = htim->Instance->CCER;
1311:Drivers/STM32L4xx_HAL_Driver/Src/stm32l4xx_hal_tim_ex.c ****     if ((tmpccer & TIM_CCER_CCxNE_MASK) == (uint32_t)RESET)
1312:Drivers/STM32L4xx_HAL_Driver/Src/stm32l4xx_hal_tim_ex.c ****     {
1313:Drivers/STM32L4xx_HAL_Driver/Src/stm32l4xx_hal_tim_ex.c ****       __HAL_TIM_DISABLE_IT(htim, TIM_IT_BREAK);
1314:Drivers/STM32L4xx_HAL_Driver/Src/stm32l4xx_hal_tim_ex.c ****     }
1315:Drivers/STM32L4xx_HAL_Driver/Src/stm32l4xx_hal_tim_ex.c **** 
1316:Drivers/STM32L4xx_HAL_Driver/Src/stm32l4xx_hal_tim_ex.c ****     /* Disable the Main Output */
1317:Drivers/STM32L4xx_HAL_Driver/Src/stm32l4xx_hal_tim_ex.c ****     __HAL_TIM_MOE_DISABLE(htim);
1318:Drivers/STM32L4xx_HAL_Driver/Src/stm32l4xx_hal_tim_ex.c **** 
1319:Drivers/STM32L4xx_HAL_Driver/Src/stm32l4xx_hal_tim_ex.c ****     /* Disable the Peripheral */
1320:Drivers/STM32L4xx_HAL_Driver/Src/stm32l4xx_hal_tim_ex.c ****     __HAL_TIM_DISABLE(htim);
1321:Drivers/STM32L4xx_HAL_Driver/Src/stm32l4xx_hal_tim_ex.c **** 
1322:Drivers/STM32L4xx_HAL_Driver/Src/stm32l4xx_hal_tim_ex.c ****     /* Set the TIM complementary channel state */
1323:Drivers/STM32L4xx_HAL_Driver/Src/stm32l4xx_hal_tim_ex.c ****     TIM_CHANNEL_N_STATE_SET(htim, Channel, HAL_TIM_CHANNEL_STATE_READY);
1324:Drivers/STM32L4xx_HAL_Driver/Src/stm32l4xx_hal_tim_ex.c ****   }
1325:Drivers/STM32L4xx_HAL_Driver/Src/stm32l4xx_hal_tim_ex.c **** 
1326:Drivers/STM32L4xx_HAL_Driver/Src/stm32l4xx_hal_tim_ex.c ****   /* Return function status */
1327:Drivers/STM32L4xx_HAL_Driver/Src/stm32l4xx_hal_tim_ex.c ****   return status;
1328:Drivers/STM32L4xx_HAL_Driver/Src/stm32l4xx_hal_tim_ex.c **** }
1329:Drivers/STM32L4xx_HAL_Driver/Src/stm32l4xx_hal_tim_ex.c **** 
1330:Drivers/STM32L4xx_HAL_Driver/Src/stm32l4xx_hal_tim_ex.c **** /**
1331:Drivers/STM32L4xx_HAL_Driver/Src/stm32l4xx_hal_tim_ex.c ****   * @brief  Starts the TIM PWM signal generation in DMA mode on the
1332:Drivers/STM32L4xx_HAL_Driver/Src/stm32l4xx_hal_tim_ex.c ****   *         complementary output
1333:Drivers/STM32L4xx_HAL_Driver/Src/stm32l4xx_hal_tim_ex.c ****   * @param  htim TIM handle
1334:Drivers/STM32L4xx_HAL_Driver/Src/stm32l4xx_hal_tim_ex.c ****   * @param  Channel TIM Channel to be enabled
1335:Drivers/STM32L4xx_HAL_Driver/Src/stm32l4xx_hal_tim_ex.c ****   *          This parameter can be one of the following values:
1336:Drivers/STM32L4xx_HAL_Driver/Src/stm32l4xx_hal_tim_ex.c ****   *            @arg TIM_CHANNEL_1: TIM Channel 1 selected
1337:Drivers/STM32L4xx_HAL_Driver/Src/stm32l4xx_hal_tim_ex.c ****   *            @arg TIM_CHANNEL_2: TIM Channel 2 selected
1338:Drivers/STM32L4xx_HAL_Driver/Src/stm32l4xx_hal_tim_ex.c ****   *            @arg TIM_CHANNEL_3: TIM Channel 3 selected
1339:Drivers/STM32L4xx_HAL_Driver/Src/stm32l4xx_hal_tim_ex.c ****   * @param  pData The source Buffer address.
1340:Drivers/STM32L4xx_HAL_Driver/Src/stm32l4xx_hal_tim_ex.c ****   * @param  Length The length of data to be transferred from memory to TIM peripheral
1341:Drivers/STM32L4xx_HAL_Driver/Src/stm32l4xx_hal_tim_ex.c ****   * @retval HAL status
ARM GAS  C:\Users\kerry\AppData\Local\Temp\ccWnk0Ym.s 			page 25


1342:Drivers/STM32L4xx_HAL_Driver/Src/stm32l4xx_hal_tim_ex.c ****   */
1343:Drivers/STM32L4xx_HAL_Driver/Src/stm32l4xx_hal_tim_ex.c **** HAL_StatusTypeDef HAL_TIMEx_PWMN_Start_DMA(TIM_HandleTypeDef *htim, uint32_t Channel, const uint32_
1344:Drivers/STM32L4xx_HAL_Driver/Src/stm32l4xx_hal_tim_ex.c ****                                            uint16_t Length)
1345:Drivers/STM32L4xx_HAL_Driver/Src/stm32l4xx_hal_tim_ex.c **** {
1346:Drivers/STM32L4xx_HAL_Driver/Src/stm32l4xx_hal_tim_ex.c ****   HAL_StatusTypeDef status = HAL_OK;
1347:Drivers/STM32L4xx_HAL_Driver/Src/stm32l4xx_hal_tim_ex.c ****   uint32_t tmpsmcr;
1348:Drivers/STM32L4xx_HAL_Driver/Src/stm32l4xx_hal_tim_ex.c **** 
1349:Drivers/STM32L4xx_HAL_Driver/Src/stm32l4xx_hal_tim_ex.c ****   /* Check the parameters */
1350:Drivers/STM32L4xx_HAL_Driver/Src/stm32l4xx_hal_tim_ex.c ****   assert_param(IS_TIM_CCXN_INSTANCE(htim->Instance, Channel));
1351:Drivers/STM32L4xx_HAL_Driver/Src/stm32l4xx_hal_tim_ex.c **** 
1352:Drivers/STM32L4xx_HAL_Driver/Src/stm32l4xx_hal_tim_ex.c ****   /* Set the TIM complementary channel state */
1353:Drivers/STM32L4xx_HAL_Driver/Src/stm32l4xx_hal_tim_ex.c ****   if (TIM_CHANNEL_N_STATE_GET(htim, Channel) == HAL_TIM_CHANNEL_STATE_BUSY)
1354:Drivers/STM32L4xx_HAL_Driver/Src/stm32l4xx_hal_tim_ex.c ****   {
1355:Drivers/STM32L4xx_HAL_Driver/Src/stm32l4xx_hal_tim_ex.c ****     return HAL_BUSY;
1356:Drivers/STM32L4xx_HAL_Driver/Src/stm32l4xx_hal_tim_ex.c ****   }
1357:Drivers/STM32L4xx_HAL_Driver/Src/stm32l4xx_hal_tim_ex.c ****   else if (TIM_CHANNEL_N_STATE_GET(htim, Channel) == HAL_TIM_CHANNEL_STATE_READY)
1358:Drivers/STM32L4xx_HAL_Driver/Src/stm32l4xx_hal_tim_ex.c ****   {
1359:Drivers/STM32L4xx_HAL_Driver/Src/stm32l4xx_hal_tim_ex.c ****     if ((pData == NULL) || (Length == 0U))
1360:Drivers/STM32L4xx_HAL_Driver/Src/stm32l4xx_hal_tim_ex.c ****     {
1361:Drivers/STM32L4xx_HAL_Driver/Src/stm32l4xx_hal_tim_ex.c ****       return HAL_ERROR;
1362:Drivers/STM32L4xx_HAL_Driver/Src/stm32l4xx_hal_tim_ex.c ****     }
1363:Drivers/STM32L4xx_HAL_Driver/Src/stm32l4xx_hal_tim_ex.c ****     else
1364:Drivers/STM32L4xx_HAL_Driver/Src/stm32l4xx_hal_tim_ex.c ****     {
1365:Drivers/STM32L4xx_HAL_Driver/Src/stm32l4xx_hal_tim_ex.c ****       TIM_CHANNEL_N_STATE_SET(htim, Channel, HAL_TIM_CHANNEL_STATE_BUSY);
1366:Drivers/STM32L4xx_HAL_Driver/Src/stm32l4xx_hal_tim_ex.c ****     }
1367:Drivers/STM32L4xx_HAL_Driver/Src/stm32l4xx_hal_tim_ex.c ****   }
1368:Drivers/STM32L4xx_HAL_Driver/Src/stm32l4xx_hal_tim_ex.c ****   else
1369:Drivers/STM32L4xx_HAL_Driver/Src/stm32l4xx_hal_tim_ex.c ****   {
1370:Drivers/STM32L4xx_HAL_Driver/Src/stm32l4xx_hal_tim_ex.c ****     return HAL_ERROR;
1371:Drivers/STM32L4xx_HAL_Driver/Src/stm32l4xx_hal_tim_ex.c ****   }
1372:Drivers/STM32L4xx_HAL_Driver/Src/stm32l4xx_hal_tim_ex.c **** 
1373:Drivers/STM32L4xx_HAL_Driver/Src/stm32l4xx_hal_tim_ex.c ****   switch (Channel)
1374:Drivers/STM32L4xx_HAL_Driver/Src/stm32l4xx_hal_tim_ex.c ****   {
1375:Drivers/STM32L4xx_HAL_Driver/Src/stm32l4xx_hal_tim_ex.c ****     case TIM_CHANNEL_1:
1376:Drivers/STM32L4xx_HAL_Driver/Src/stm32l4xx_hal_tim_ex.c ****     {
1377:Drivers/STM32L4xx_HAL_Driver/Src/stm32l4xx_hal_tim_ex.c ****       /* Set the DMA compare callbacks */
1378:Drivers/STM32L4xx_HAL_Driver/Src/stm32l4xx_hal_tim_ex.c ****       htim->hdma[TIM_DMA_ID_CC1]->XferCpltCallback = TIM_DMADelayPulseNCplt;
1379:Drivers/STM32L4xx_HAL_Driver/Src/stm32l4xx_hal_tim_ex.c ****       htim->hdma[TIM_DMA_ID_CC1]->XferHalfCpltCallback = TIM_DMADelayPulseHalfCplt;
1380:Drivers/STM32L4xx_HAL_Driver/Src/stm32l4xx_hal_tim_ex.c **** 
1381:Drivers/STM32L4xx_HAL_Driver/Src/stm32l4xx_hal_tim_ex.c ****       /* Set the DMA error callback */
1382:Drivers/STM32L4xx_HAL_Driver/Src/stm32l4xx_hal_tim_ex.c ****       htim->hdma[TIM_DMA_ID_CC1]->XferErrorCallback = TIM_DMAErrorCCxN ;
1383:Drivers/STM32L4xx_HAL_Driver/Src/stm32l4xx_hal_tim_ex.c **** 
1384:Drivers/STM32L4xx_HAL_Driver/Src/stm32l4xx_hal_tim_ex.c ****       /* Enable the DMA channel */
1385:Drivers/STM32L4xx_HAL_Driver/Src/stm32l4xx_hal_tim_ex.c ****       if (HAL_DMA_Start_IT(htim->hdma[TIM_DMA_ID_CC1], (uint32_t)pData, (uint32_t)&htim->Instance->
1386:Drivers/STM32L4xx_HAL_Driver/Src/stm32l4xx_hal_tim_ex.c ****                            Length) != HAL_OK)
1387:Drivers/STM32L4xx_HAL_Driver/Src/stm32l4xx_hal_tim_ex.c ****       {
1388:Drivers/STM32L4xx_HAL_Driver/Src/stm32l4xx_hal_tim_ex.c ****         /* Return error status */
1389:Drivers/STM32L4xx_HAL_Driver/Src/stm32l4xx_hal_tim_ex.c ****         return HAL_ERROR;
1390:Drivers/STM32L4xx_HAL_Driver/Src/stm32l4xx_hal_tim_ex.c ****       }
1391:Drivers/STM32L4xx_HAL_Driver/Src/stm32l4xx_hal_tim_ex.c ****       /* Enable the TIM Capture/Compare 1 DMA request */
1392:Drivers/STM32L4xx_HAL_Driver/Src/stm32l4xx_hal_tim_ex.c ****       __HAL_TIM_ENABLE_DMA(htim, TIM_DMA_CC1);
1393:Drivers/STM32L4xx_HAL_Driver/Src/stm32l4xx_hal_tim_ex.c ****       break;
1394:Drivers/STM32L4xx_HAL_Driver/Src/stm32l4xx_hal_tim_ex.c ****     }
1395:Drivers/STM32L4xx_HAL_Driver/Src/stm32l4xx_hal_tim_ex.c **** 
1396:Drivers/STM32L4xx_HAL_Driver/Src/stm32l4xx_hal_tim_ex.c ****     case TIM_CHANNEL_2:
1397:Drivers/STM32L4xx_HAL_Driver/Src/stm32l4xx_hal_tim_ex.c ****     {
1398:Drivers/STM32L4xx_HAL_Driver/Src/stm32l4xx_hal_tim_ex.c ****       /* Set the DMA compare callbacks */
ARM GAS  C:\Users\kerry\AppData\Local\Temp\ccWnk0Ym.s 			page 26


1399:Drivers/STM32L4xx_HAL_Driver/Src/stm32l4xx_hal_tim_ex.c ****       htim->hdma[TIM_DMA_ID_CC2]->XferCpltCallback = TIM_DMADelayPulseNCplt;
1400:Drivers/STM32L4xx_HAL_Driver/Src/stm32l4xx_hal_tim_ex.c ****       htim->hdma[TIM_DMA_ID_CC2]->XferHalfCpltCallback = TIM_DMADelayPulseHalfCplt;
1401:Drivers/STM32L4xx_HAL_Driver/Src/stm32l4xx_hal_tim_ex.c **** 
1402:Drivers/STM32L4xx_HAL_Driver/Src/stm32l4xx_hal_tim_ex.c ****       /* Set the DMA error callback */
1403:Drivers/STM32L4xx_HAL_Driver/Src/stm32l4xx_hal_tim_ex.c ****       htim->hdma[TIM_DMA_ID_CC2]->XferErrorCallback = TIM_DMAErrorCCxN ;
1404:Drivers/STM32L4xx_HAL_Driver/Src/stm32l4xx_hal_tim_ex.c **** 
1405:Drivers/STM32L4xx_HAL_Driver/Src/stm32l4xx_hal_tim_ex.c ****       /* Enable the DMA channel */
1406:Drivers/STM32L4xx_HAL_Driver/Src/stm32l4xx_hal_tim_ex.c ****       if (HAL_DMA_Start_IT(htim->hdma[TIM_DMA_ID_CC2], (uint32_t)pData, (uint32_t)&htim->Instance->
1407:Drivers/STM32L4xx_HAL_Driver/Src/stm32l4xx_hal_tim_ex.c ****                            Length) != HAL_OK)
1408:Drivers/STM32L4xx_HAL_Driver/Src/stm32l4xx_hal_tim_ex.c ****       {
1409:Drivers/STM32L4xx_HAL_Driver/Src/stm32l4xx_hal_tim_ex.c ****         /* Return error status */
1410:Drivers/STM32L4xx_HAL_Driver/Src/stm32l4xx_hal_tim_ex.c ****         return HAL_ERROR;
1411:Drivers/STM32L4xx_HAL_Driver/Src/stm32l4xx_hal_tim_ex.c ****       }
1412:Drivers/STM32L4xx_HAL_Driver/Src/stm32l4xx_hal_tim_ex.c ****       /* Enable the TIM Capture/Compare 2 DMA request */
1413:Drivers/STM32L4xx_HAL_Driver/Src/stm32l4xx_hal_tim_ex.c ****       __HAL_TIM_ENABLE_DMA(htim, TIM_DMA_CC2);
1414:Drivers/STM32L4xx_HAL_Driver/Src/stm32l4xx_hal_tim_ex.c ****       break;
1415:Drivers/STM32L4xx_HAL_Driver/Src/stm32l4xx_hal_tim_ex.c ****     }
1416:Drivers/STM32L4xx_HAL_Driver/Src/stm32l4xx_hal_tim_ex.c **** 
1417:Drivers/STM32L4xx_HAL_Driver/Src/stm32l4xx_hal_tim_ex.c ****     case TIM_CHANNEL_3:
1418:Drivers/STM32L4xx_HAL_Driver/Src/stm32l4xx_hal_tim_ex.c ****     {
1419:Drivers/STM32L4xx_HAL_Driver/Src/stm32l4xx_hal_tim_ex.c ****       /* Set the DMA compare callbacks */
1420:Drivers/STM32L4xx_HAL_Driver/Src/stm32l4xx_hal_tim_ex.c ****       htim->hdma[TIM_DMA_ID_CC3]->XferCpltCallback = TIM_DMADelayPulseNCplt;
1421:Drivers/STM32L4xx_HAL_Driver/Src/stm32l4xx_hal_tim_ex.c ****       htim->hdma[TIM_DMA_ID_CC3]->XferHalfCpltCallback = TIM_DMADelayPulseHalfCplt;
1422:Drivers/STM32L4xx_HAL_Driver/Src/stm32l4xx_hal_tim_ex.c **** 
1423:Drivers/STM32L4xx_HAL_Driver/Src/stm32l4xx_hal_tim_ex.c ****       /* Set the DMA error callback */
1424:Drivers/STM32L4xx_HAL_Driver/Src/stm32l4xx_hal_tim_ex.c ****       htim->hdma[TIM_DMA_ID_CC3]->XferErrorCallback = TIM_DMAErrorCCxN ;
1425:Drivers/STM32L4xx_HAL_Driver/Src/stm32l4xx_hal_tim_ex.c **** 
1426:Drivers/STM32L4xx_HAL_Driver/Src/stm32l4xx_hal_tim_ex.c ****       /* Enable the DMA channel */
1427:Drivers/STM32L4xx_HAL_Driver/Src/stm32l4xx_hal_tim_ex.c ****       if (HAL_DMA_Start_IT(htim->hdma[TIM_DMA_ID_CC3], (uint32_t)pData, (uint32_t)&htim->Instance->
1428:Drivers/STM32L4xx_HAL_Driver/Src/stm32l4xx_hal_tim_ex.c ****                            Length) != HAL_OK)
1429:Drivers/STM32L4xx_HAL_Driver/Src/stm32l4xx_hal_tim_ex.c ****       {
1430:Drivers/STM32L4xx_HAL_Driver/Src/stm32l4xx_hal_tim_ex.c ****         /* Return error status */
1431:Drivers/STM32L4xx_HAL_Driver/Src/stm32l4xx_hal_tim_ex.c ****         return HAL_ERROR;
1432:Drivers/STM32L4xx_HAL_Driver/Src/stm32l4xx_hal_tim_ex.c ****       }
1433:Drivers/STM32L4xx_HAL_Driver/Src/stm32l4xx_hal_tim_ex.c ****       /* Enable the TIM Capture/Compare 3 DMA request */
1434:Drivers/STM32L4xx_HAL_Driver/Src/stm32l4xx_hal_tim_ex.c ****       __HAL_TIM_ENABLE_DMA(htim, TIM_DMA_CC3);
1435:Drivers/STM32L4xx_HAL_Driver/Src/stm32l4xx_hal_tim_ex.c ****       break;
1436:Drivers/STM32L4xx_HAL_Driver/Src/stm32l4xx_hal_tim_ex.c ****     }
1437:Drivers/STM32L4xx_HAL_Driver/Src/stm32l4xx_hal_tim_ex.c **** 
1438:Drivers/STM32L4xx_HAL_Driver/Src/stm32l4xx_hal_tim_ex.c ****     default:
1439:Drivers/STM32L4xx_HAL_Driver/Src/stm32l4xx_hal_tim_ex.c ****       status = HAL_ERROR;
1440:Drivers/STM32L4xx_HAL_Driver/Src/stm32l4xx_hal_tim_ex.c ****       break;
1441:Drivers/STM32L4xx_HAL_Driver/Src/stm32l4xx_hal_tim_ex.c ****   }
1442:Drivers/STM32L4xx_HAL_Driver/Src/stm32l4xx_hal_tim_ex.c **** 
1443:Drivers/STM32L4xx_HAL_Driver/Src/stm32l4xx_hal_tim_ex.c ****   if (status == HAL_OK)
1444:Drivers/STM32L4xx_HAL_Driver/Src/stm32l4xx_hal_tim_ex.c ****   {
1445:Drivers/STM32L4xx_HAL_Driver/Src/stm32l4xx_hal_tim_ex.c ****     /* Enable the complementary PWM output  */
1446:Drivers/STM32L4xx_HAL_Driver/Src/stm32l4xx_hal_tim_ex.c ****     TIM_CCxNChannelCmd(htim->Instance, Channel, TIM_CCxN_ENABLE);
1447:Drivers/STM32L4xx_HAL_Driver/Src/stm32l4xx_hal_tim_ex.c **** 
1448:Drivers/STM32L4xx_HAL_Driver/Src/stm32l4xx_hal_tim_ex.c ****     /* Enable the Main Output */
1449:Drivers/STM32L4xx_HAL_Driver/Src/stm32l4xx_hal_tim_ex.c ****     __HAL_TIM_MOE_ENABLE(htim);
1450:Drivers/STM32L4xx_HAL_Driver/Src/stm32l4xx_hal_tim_ex.c **** 
1451:Drivers/STM32L4xx_HAL_Driver/Src/stm32l4xx_hal_tim_ex.c ****     /* Enable the Peripheral, except in trigger mode where enable is automatically done with trigge
1452:Drivers/STM32L4xx_HAL_Driver/Src/stm32l4xx_hal_tim_ex.c ****     if (IS_TIM_SLAVE_INSTANCE(htim->Instance))
1453:Drivers/STM32L4xx_HAL_Driver/Src/stm32l4xx_hal_tim_ex.c ****     {
1454:Drivers/STM32L4xx_HAL_Driver/Src/stm32l4xx_hal_tim_ex.c ****       tmpsmcr = htim->Instance->SMCR & TIM_SMCR_SMS;
1455:Drivers/STM32L4xx_HAL_Driver/Src/stm32l4xx_hal_tim_ex.c ****       if (!IS_TIM_SLAVEMODE_TRIGGER_ENABLED(tmpsmcr))
ARM GAS  C:\Users\kerry\AppData\Local\Temp\ccWnk0Ym.s 			page 27


1456:Drivers/STM32L4xx_HAL_Driver/Src/stm32l4xx_hal_tim_ex.c ****       {
1457:Drivers/STM32L4xx_HAL_Driver/Src/stm32l4xx_hal_tim_ex.c ****         __HAL_TIM_ENABLE(htim);
1458:Drivers/STM32L4xx_HAL_Driver/Src/stm32l4xx_hal_tim_ex.c ****       }
1459:Drivers/STM32L4xx_HAL_Driver/Src/stm32l4xx_hal_tim_ex.c ****     }
1460:Drivers/STM32L4xx_HAL_Driver/Src/stm32l4xx_hal_tim_ex.c ****     else
1461:Drivers/STM32L4xx_HAL_Driver/Src/stm32l4xx_hal_tim_ex.c ****     {
1462:Drivers/STM32L4xx_HAL_Driver/Src/stm32l4xx_hal_tim_ex.c ****       __HAL_TIM_ENABLE(htim);
1463:Drivers/STM32L4xx_HAL_Driver/Src/stm32l4xx_hal_tim_ex.c ****     }
1464:Drivers/STM32L4xx_HAL_Driver/Src/stm32l4xx_hal_tim_ex.c ****   }
1465:Drivers/STM32L4xx_HAL_Driver/Src/stm32l4xx_hal_tim_ex.c **** 
1466:Drivers/STM32L4xx_HAL_Driver/Src/stm32l4xx_hal_tim_ex.c ****   /* Return function status */
1467:Drivers/STM32L4xx_HAL_Driver/Src/stm32l4xx_hal_tim_ex.c ****   return status;
1468:Drivers/STM32L4xx_HAL_Driver/Src/stm32l4xx_hal_tim_ex.c **** }
1469:Drivers/STM32L4xx_HAL_Driver/Src/stm32l4xx_hal_tim_ex.c **** 
1470:Drivers/STM32L4xx_HAL_Driver/Src/stm32l4xx_hal_tim_ex.c **** /**
1471:Drivers/STM32L4xx_HAL_Driver/Src/stm32l4xx_hal_tim_ex.c ****   * @brief  Stops the TIM PWM signal generation in DMA mode on the complementary
1472:Drivers/STM32L4xx_HAL_Driver/Src/stm32l4xx_hal_tim_ex.c ****   *         output
1473:Drivers/STM32L4xx_HAL_Driver/Src/stm32l4xx_hal_tim_ex.c ****   * @param  htim TIM handle
1474:Drivers/STM32L4xx_HAL_Driver/Src/stm32l4xx_hal_tim_ex.c ****   * @param  Channel TIM Channel to be disabled
1475:Drivers/STM32L4xx_HAL_Driver/Src/stm32l4xx_hal_tim_ex.c ****   *          This parameter can be one of the following values:
1476:Drivers/STM32L4xx_HAL_Driver/Src/stm32l4xx_hal_tim_ex.c ****   *            @arg TIM_CHANNEL_1: TIM Channel 1 selected
1477:Drivers/STM32L4xx_HAL_Driver/Src/stm32l4xx_hal_tim_ex.c ****   *            @arg TIM_CHANNEL_2: TIM Channel 2 selected
1478:Drivers/STM32L4xx_HAL_Driver/Src/stm32l4xx_hal_tim_ex.c ****   *            @arg TIM_CHANNEL_3: TIM Channel 3 selected
1479:Drivers/STM32L4xx_HAL_Driver/Src/stm32l4xx_hal_tim_ex.c ****   * @retval HAL status
1480:Drivers/STM32L4xx_HAL_Driver/Src/stm32l4xx_hal_tim_ex.c ****   */
1481:Drivers/STM32L4xx_HAL_Driver/Src/stm32l4xx_hal_tim_ex.c **** HAL_StatusTypeDef HAL_TIMEx_PWMN_Stop_DMA(TIM_HandleTypeDef *htim, uint32_t Channel)
1482:Drivers/STM32L4xx_HAL_Driver/Src/stm32l4xx_hal_tim_ex.c **** {
1483:Drivers/STM32L4xx_HAL_Driver/Src/stm32l4xx_hal_tim_ex.c ****   HAL_StatusTypeDef status = HAL_OK;
1484:Drivers/STM32L4xx_HAL_Driver/Src/stm32l4xx_hal_tim_ex.c **** 
1485:Drivers/STM32L4xx_HAL_Driver/Src/stm32l4xx_hal_tim_ex.c ****   /* Check the parameters */
1486:Drivers/STM32L4xx_HAL_Driver/Src/stm32l4xx_hal_tim_ex.c ****   assert_param(IS_TIM_CCXN_INSTANCE(htim->Instance, Channel));
1487:Drivers/STM32L4xx_HAL_Driver/Src/stm32l4xx_hal_tim_ex.c **** 
1488:Drivers/STM32L4xx_HAL_Driver/Src/stm32l4xx_hal_tim_ex.c ****   switch (Channel)
1489:Drivers/STM32L4xx_HAL_Driver/Src/stm32l4xx_hal_tim_ex.c ****   {
1490:Drivers/STM32L4xx_HAL_Driver/Src/stm32l4xx_hal_tim_ex.c ****     case TIM_CHANNEL_1:
1491:Drivers/STM32L4xx_HAL_Driver/Src/stm32l4xx_hal_tim_ex.c ****     {
1492:Drivers/STM32L4xx_HAL_Driver/Src/stm32l4xx_hal_tim_ex.c ****       /* Disable the TIM Capture/Compare 1 DMA request */
1493:Drivers/STM32L4xx_HAL_Driver/Src/stm32l4xx_hal_tim_ex.c ****       __HAL_TIM_DISABLE_DMA(htim, TIM_DMA_CC1);
1494:Drivers/STM32L4xx_HAL_Driver/Src/stm32l4xx_hal_tim_ex.c ****       (void)HAL_DMA_Abort_IT(htim->hdma[TIM_DMA_ID_CC1]);
1495:Drivers/STM32L4xx_HAL_Driver/Src/stm32l4xx_hal_tim_ex.c ****       break;
1496:Drivers/STM32L4xx_HAL_Driver/Src/stm32l4xx_hal_tim_ex.c ****     }
1497:Drivers/STM32L4xx_HAL_Driver/Src/stm32l4xx_hal_tim_ex.c **** 
1498:Drivers/STM32L4xx_HAL_Driver/Src/stm32l4xx_hal_tim_ex.c ****     case TIM_CHANNEL_2:
1499:Drivers/STM32L4xx_HAL_Driver/Src/stm32l4xx_hal_tim_ex.c ****     {
1500:Drivers/STM32L4xx_HAL_Driver/Src/stm32l4xx_hal_tim_ex.c ****       /* Disable the TIM Capture/Compare 2 DMA request */
1501:Drivers/STM32L4xx_HAL_Driver/Src/stm32l4xx_hal_tim_ex.c ****       __HAL_TIM_DISABLE_DMA(htim, TIM_DMA_CC2);
1502:Drivers/STM32L4xx_HAL_Driver/Src/stm32l4xx_hal_tim_ex.c ****       (void)HAL_DMA_Abort_IT(htim->hdma[TIM_DMA_ID_CC2]);
1503:Drivers/STM32L4xx_HAL_Driver/Src/stm32l4xx_hal_tim_ex.c ****       break;
1504:Drivers/STM32L4xx_HAL_Driver/Src/stm32l4xx_hal_tim_ex.c ****     }
1505:Drivers/STM32L4xx_HAL_Driver/Src/stm32l4xx_hal_tim_ex.c **** 
1506:Drivers/STM32L4xx_HAL_Driver/Src/stm32l4xx_hal_tim_ex.c ****     case TIM_CHANNEL_3:
1507:Drivers/STM32L4xx_HAL_Driver/Src/stm32l4xx_hal_tim_ex.c ****     {
1508:Drivers/STM32L4xx_HAL_Driver/Src/stm32l4xx_hal_tim_ex.c ****       /* Disable the TIM Capture/Compare 3 DMA request */
1509:Drivers/STM32L4xx_HAL_Driver/Src/stm32l4xx_hal_tim_ex.c ****       __HAL_TIM_DISABLE_DMA(htim, TIM_DMA_CC3);
1510:Drivers/STM32L4xx_HAL_Driver/Src/stm32l4xx_hal_tim_ex.c ****       (void)HAL_DMA_Abort_IT(htim->hdma[TIM_DMA_ID_CC3]);
1511:Drivers/STM32L4xx_HAL_Driver/Src/stm32l4xx_hal_tim_ex.c ****       break;
1512:Drivers/STM32L4xx_HAL_Driver/Src/stm32l4xx_hal_tim_ex.c ****     }
ARM GAS  C:\Users\kerry\AppData\Local\Temp\ccWnk0Ym.s 			page 28


1513:Drivers/STM32L4xx_HAL_Driver/Src/stm32l4xx_hal_tim_ex.c **** 
1514:Drivers/STM32L4xx_HAL_Driver/Src/stm32l4xx_hal_tim_ex.c ****     default:
1515:Drivers/STM32L4xx_HAL_Driver/Src/stm32l4xx_hal_tim_ex.c ****       status = HAL_ERROR;
1516:Drivers/STM32L4xx_HAL_Driver/Src/stm32l4xx_hal_tim_ex.c ****       break;
1517:Drivers/STM32L4xx_HAL_Driver/Src/stm32l4xx_hal_tim_ex.c ****   }
1518:Drivers/STM32L4xx_HAL_Driver/Src/stm32l4xx_hal_tim_ex.c **** 
1519:Drivers/STM32L4xx_HAL_Driver/Src/stm32l4xx_hal_tim_ex.c ****   if (status == HAL_OK)
1520:Drivers/STM32L4xx_HAL_Driver/Src/stm32l4xx_hal_tim_ex.c ****   {
1521:Drivers/STM32L4xx_HAL_Driver/Src/stm32l4xx_hal_tim_ex.c ****     /* Disable the complementary PWM output */
1522:Drivers/STM32L4xx_HAL_Driver/Src/stm32l4xx_hal_tim_ex.c ****     TIM_CCxNChannelCmd(htim->Instance, Channel, TIM_CCxN_DISABLE);
1523:Drivers/STM32L4xx_HAL_Driver/Src/stm32l4xx_hal_tim_ex.c **** 
1524:Drivers/STM32L4xx_HAL_Driver/Src/stm32l4xx_hal_tim_ex.c ****     /* Disable the Main Output */
1525:Drivers/STM32L4xx_HAL_Driver/Src/stm32l4xx_hal_tim_ex.c ****     __HAL_TIM_MOE_DISABLE(htim);
1526:Drivers/STM32L4xx_HAL_Driver/Src/stm32l4xx_hal_tim_ex.c **** 
1527:Drivers/STM32L4xx_HAL_Driver/Src/stm32l4xx_hal_tim_ex.c ****     /* Disable the Peripheral */
1528:Drivers/STM32L4xx_HAL_Driver/Src/stm32l4xx_hal_tim_ex.c ****     __HAL_TIM_DISABLE(htim);
1529:Drivers/STM32L4xx_HAL_Driver/Src/stm32l4xx_hal_tim_ex.c **** 
1530:Drivers/STM32L4xx_HAL_Driver/Src/stm32l4xx_hal_tim_ex.c ****     /* Set the TIM complementary channel state */
1531:Drivers/STM32L4xx_HAL_Driver/Src/stm32l4xx_hal_tim_ex.c ****     TIM_CHANNEL_N_STATE_SET(htim, Channel, HAL_TIM_CHANNEL_STATE_READY);
1532:Drivers/STM32L4xx_HAL_Driver/Src/stm32l4xx_hal_tim_ex.c ****   }
1533:Drivers/STM32L4xx_HAL_Driver/Src/stm32l4xx_hal_tim_ex.c **** 
1534:Drivers/STM32L4xx_HAL_Driver/Src/stm32l4xx_hal_tim_ex.c ****   /* Return function status */
1535:Drivers/STM32L4xx_HAL_Driver/Src/stm32l4xx_hal_tim_ex.c ****   return status;
1536:Drivers/STM32L4xx_HAL_Driver/Src/stm32l4xx_hal_tim_ex.c **** }
1537:Drivers/STM32L4xx_HAL_Driver/Src/stm32l4xx_hal_tim_ex.c **** 
1538:Drivers/STM32L4xx_HAL_Driver/Src/stm32l4xx_hal_tim_ex.c **** /**
1539:Drivers/STM32L4xx_HAL_Driver/Src/stm32l4xx_hal_tim_ex.c ****   * @}
1540:Drivers/STM32L4xx_HAL_Driver/Src/stm32l4xx_hal_tim_ex.c ****   */
1541:Drivers/STM32L4xx_HAL_Driver/Src/stm32l4xx_hal_tim_ex.c **** 
1542:Drivers/STM32L4xx_HAL_Driver/Src/stm32l4xx_hal_tim_ex.c **** /** @defgroup TIMEx_Exported_Functions_Group4 Extended Timer Complementary One Pulse functions
1543:Drivers/STM32L4xx_HAL_Driver/Src/stm32l4xx_hal_tim_ex.c ****   * @brief    Timer Complementary One Pulse functions
1544:Drivers/STM32L4xx_HAL_Driver/Src/stm32l4xx_hal_tim_ex.c ****   *
1545:Drivers/STM32L4xx_HAL_Driver/Src/stm32l4xx_hal_tim_ex.c **** @verbatim
1546:Drivers/STM32L4xx_HAL_Driver/Src/stm32l4xx_hal_tim_ex.c ****   ==============================================================================
1547:Drivers/STM32L4xx_HAL_Driver/Src/stm32l4xx_hal_tim_ex.c ****                 ##### Timer Complementary One Pulse functions #####
1548:Drivers/STM32L4xx_HAL_Driver/Src/stm32l4xx_hal_tim_ex.c ****   ==============================================================================
1549:Drivers/STM32L4xx_HAL_Driver/Src/stm32l4xx_hal_tim_ex.c ****   [..]
1550:Drivers/STM32L4xx_HAL_Driver/Src/stm32l4xx_hal_tim_ex.c ****     This section provides functions allowing to:
1551:Drivers/STM32L4xx_HAL_Driver/Src/stm32l4xx_hal_tim_ex.c ****     (+) Start the Complementary One Pulse generation.
1552:Drivers/STM32L4xx_HAL_Driver/Src/stm32l4xx_hal_tim_ex.c ****     (+) Stop the Complementary One Pulse.
1553:Drivers/STM32L4xx_HAL_Driver/Src/stm32l4xx_hal_tim_ex.c ****     (+) Start the Complementary One Pulse and enable interrupts.
1554:Drivers/STM32L4xx_HAL_Driver/Src/stm32l4xx_hal_tim_ex.c ****     (+) Stop the Complementary One Pulse and disable interrupts.
1555:Drivers/STM32L4xx_HAL_Driver/Src/stm32l4xx_hal_tim_ex.c **** 
1556:Drivers/STM32L4xx_HAL_Driver/Src/stm32l4xx_hal_tim_ex.c **** @endverbatim
1557:Drivers/STM32L4xx_HAL_Driver/Src/stm32l4xx_hal_tim_ex.c ****   * @{
1558:Drivers/STM32L4xx_HAL_Driver/Src/stm32l4xx_hal_tim_ex.c ****   */
1559:Drivers/STM32L4xx_HAL_Driver/Src/stm32l4xx_hal_tim_ex.c **** 
1560:Drivers/STM32L4xx_HAL_Driver/Src/stm32l4xx_hal_tim_ex.c **** /**
1561:Drivers/STM32L4xx_HAL_Driver/Src/stm32l4xx_hal_tim_ex.c ****   * @brief  Starts the TIM One Pulse signal generation on the complementary
1562:Drivers/STM32L4xx_HAL_Driver/Src/stm32l4xx_hal_tim_ex.c ****   *         output.
1563:Drivers/STM32L4xx_HAL_Driver/Src/stm32l4xx_hal_tim_ex.c ****   * @note OutputChannel must match the pulse output channel chosen when calling
1564:Drivers/STM32L4xx_HAL_Driver/Src/stm32l4xx_hal_tim_ex.c ****   *       @ref HAL_TIM_OnePulse_ConfigChannel().
1565:Drivers/STM32L4xx_HAL_Driver/Src/stm32l4xx_hal_tim_ex.c ****   * @param  htim TIM One Pulse handle
1566:Drivers/STM32L4xx_HAL_Driver/Src/stm32l4xx_hal_tim_ex.c ****   * @param  OutputChannel pulse output channel to enable
1567:Drivers/STM32L4xx_HAL_Driver/Src/stm32l4xx_hal_tim_ex.c ****   *          This parameter can be one of the following values:
1568:Drivers/STM32L4xx_HAL_Driver/Src/stm32l4xx_hal_tim_ex.c ****   *            @arg TIM_CHANNEL_1: TIM Channel 1 selected
1569:Drivers/STM32L4xx_HAL_Driver/Src/stm32l4xx_hal_tim_ex.c ****   *            @arg TIM_CHANNEL_2: TIM Channel 2 selected
ARM GAS  C:\Users\kerry\AppData\Local\Temp\ccWnk0Ym.s 			page 29


1570:Drivers/STM32L4xx_HAL_Driver/Src/stm32l4xx_hal_tim_ex.c ****   * @retval HAL status
1571:Drivers/STM32L4xx_HAL_Driver/Src/stm32l4xx_hal_tim_ex.c ****   */
1572:Drivers/STM32L4xx_HAL_Driver/Src/stm32l4xx_hal_tim_ex.c **** HAL_StatusTypeDef HAL_TIMEx_OnePulseN_Start(TIM_HandleTypeDef *htim, uint32_t OutputChannel)
1573:Drivers/STM32L4xx_HAL_Driver/Src/stm32l4xx_hal_tim_ex.c **** {
1574:Drivers/STM32L4xx_HAL_Driver/Src/stm32l4xx_hal_tim_ex.c ****   uint32_t input_channel = (OutputChannel == TIM_CHANNEL_1) ? TIM_CHANNEL_2 : TIM_CHANNEL_1;
1575:Drivers/STM32L4xx_HAL_Driver/Src/stm32l4xx_hal_tim_ex.c ****   HAL_TIM_ChannelStateTypeDef channel_1_state = TIM_CHANNEL_STATE_GET(htim, TIM_CHANNEL_1);
1576:Drivers/STM32L4xx_HAL_Driver/Src/stm32l4xx_hal_tim_ex.c ****   HAL_TIM_ChannelStateTypeDef channel_2_state = TIM_CHANNEL_STATE_GET(htim, TIM_CHANNEL_2);
1577:Drivers/STM32L4xx_HAL_Driver/Src/stm32l4xx_hal_tim_ex.c ****   HAL_TIM_ChannelStateTypeDef complementary_channel_1_state = TIM_CHANNEL_N_STATE_GET(htim, TIM_CHA
1578:Drivers/STM32L4xx_HAL_Driver/Src/stm32l4xx_hal_tim_ex.c ****   HAL_TIM_ChannelStateTypeDef complementary_channel_2_state = TIM_CHANNEL_N_STATE_GET(htim, TIM_CHA
1579:Drivers/STM32L4xx_HAL_Driver/Src/stm32l4xx_hal_tim_ex.c **** 
1580:Drivers/STM32L4xx_HAL_Driver/Src/stm32l4xx_hal_tim_ex.c ****   /* Check the parameters */
1581:Drivers/STM32L4xx_HAL_Driver/Src/stm32l4xx_hal_tim_ex.c ****   assert_param(IS_TIM_CCXN_INSTANCE(htim->Instance, OutputChannel));
1582:Drivers/STM32L4xx_HAL_Driver/Src/stm32l4xx_hal_tim_ex.c **** 
1583:Drivers/STM32L4xx_HAL_Driver/Src/stm32l4xx_hal_tim_ex.c ****   /* Check the TIM channels state */
1584:Drivers/STM32L4xx_HAL_Driver/Src/stm32l4xx_hal_tim_ex.c ****   if ((channel_1_state != HAL_TIM_CHANNEL_STATE_READY)
1585:Drivers/STM32L4xx_HAL_Driver/Src/stm32l4xx_hal_tim_ex.c ****       || (channel_2_state != HAL_TIM_CHANNEL_STATE_READY)
1586:Drivers/STM32L4xx_HAL_Driver/Src/stm32l4xx_hal_tim_ex.c ****       || (complementary_channel_1_state != HAL_TIM_CHANNEL_STATE_READY)
1587:Drivers/STM32L4xx_HAL_Driver/Src/stm32l4xx_hal_tim_ex.c ****       || (complementary_channel_2_state != HAL_TIM_CHANNEL_STATE_READY))
1588:Drivers/STM32L4xx_HAL_Driver/Src/stm32l4xx_hal_tim_ex.c ****   {
1589:Drivers/STM32L4xx_HAL_Driver/Src/stm32l4xx_hal_tim_ex.c ****     return HAL_ERROR;
1590:Drivers/STM32L4xx_HAL_Driver/Src/stm32l4xx_hal_tim_ex.c ****   }
1591:Drivers/STM32L4xx_HAL_Driver/Src/stm32l4xx_hal_tim_ex.c **** 
1592:Drivers/STM32L4xx_HAL_Driver/Src/stm32l4xx_hal_tim_ex.c ****   /* Set the TIM channels state */
1593:Drivers/STM32L4xx_HAL_Driver/Src/stm32l4xx_hal_tim_ex.c ****   TIM_CHANNEL_STATE_SET(htim, TIM_CHANNEL_1, HAL_TIM_CHANNEL_STATE_BUSY);
1594:Drivers/STM32L4xx_HAL_Driver/Src/stm32l4xx_hal_tim_ex.c ****   TIM_CHANNEL_STATE_SET(htim, TIM_CHANNEL_2, HAL_TIM_CHANNEL_STATE_BUSY);
1595:Drivers/STM32L4xx_HAL_Driver/Src/stm32l4xx_hal_tim_ex.c ****   TIM_CHANNEL_N_STATE_SET(htim, TIM_CHANNEL_1, HAL_TIM_CHANNEL_STATE_BUSY);
1596:Drivers/STM32L4xx_HAL_Driver/Src/stm32l4xx_hal_tim_ex.c ****   TIM_CHANNEL_N_STATE_SET(htim, TIM_CHANNEL_2, HAL_TIM_CHANNEL_STATE_BUSY);
1597:Drivers/STM32L4xx_HAL_Driver/Src/stm32l4xx_hal_tim_ex.c **** 
1598:Drivers/STM32L4xx_HAL_Driver/Src/stm32l4xx_hal_tim_ex.c ****   /* Enable the complementary One Pulse output channel and the Input Capture channel */
1599:Drivers/STM32L4xx_HAL_Driver/Src/stm32l4xx_hal_tim_ex.c ****   TIM_CCxNChannelCmd(htim->Instance, OutputChannel, TIM_CCxN_ENABLE);
1600:Drivers/STM32L4xx_HAL_Driver/Src/stm32l4xx_hal_tim_ex.c ****   TIM_CCxChannelCmd(htim->Instance, input_channel, TIM_CCx_ENABLE);
1601:Drivers/STM32L4xx_HAL_Driver/Src/stm32l4xx_hal_tim_ex.c **** 
1602:Drivers/STM32L4xx_HAL_Driver/Src/stm32l4xx_hal_tim_ex.c ****   /* Enable the Main Output */
1603:Drivers/STM32L4xx_HAL_Driver/Src/stm32l4xx_hal_tim_ex.c ****   __HAL_TIM_MOE_ENABLE(htim);
1604:Drivers/STM32L4xx_HAL_Driver/Src/stm32l4xx_hal_tim_ex.c **** 
1605:Drivers/STM32L4xx_HAL_Driver/Src/stm32l4xx_hal_tim_ex.c ****   /* Return function status */
1606:Drivers/STM32L4xx_HAL_Driver/Src/stm32l4xx_hal_tim_ex.c ****   return HAL_OK;
1607:Drivers/STM32L4xx_HAL_Driver/Src/stm32l4xx_hal_tim_ex.c **** }
1608:Drivers/STM32L4xx_HAL_Driver/Src/stm32l4xx_hal_tim_ex.c **** 
1609:Drivers/STM32L4xx_HAL_Driver/Src/stm32l4xx_hal_tim_ex.c **** /**
1610:Drivers/STM32L4xx_HAL_Driver/Src/stm32l4xx_hal_tim_ex.c ****   * @brief  Stops the TIM One Pulse signal generation on the complementary
1611:Drivers/STM32L4xx_HAL_Driver/Src/stm32l4xx_hal_tim_ex.c ****   *         output.
1612:Drivers/STM32L4xx_HAL_Driver/Src/stm32l4xx_hal_tim_ex.c ****   * @note OutputChannel must match the pulse output channel chosen when calling
1613:Drivers/STM32L4xx_HAL_Driver/Src/stm32l4xx_hal_tim_ex.c ****   *       @ref HAL_TIM_OnePulse_ConfigChannel().
1614:Drivers/STM32L4xx_HAL_Driver/Src/stm32l4xx_hal_tim_ex.c ****   * @param  htim TIM One Pulse handle
1615:Drivers/STM32L4xx_HAL_Driver/Src/stm32l4xx_hal_tim_ex.c ****   * @param  OutputChannel pulse output channel to disable
1616:Drivers/STM32L4xx_HAL_Driver/Src/stm32l4xx_hal_tim_ex.c ****   *          This parameter can be one of the following values:
1617:Drivers/STM32L4xx_HAL_Driver/Src/stm32l4xx_hal_tim_ex.c ****   *            @arg TIM_CHANNEL_1: TIM Channel 1 selected
1618:Drivers/STM32L4xx_HAL_Driver/Src/stm32l4xx_hal_tim_ex.c ****   *            @arg TIM_CHANNEL_2: TIM Channel 2 selected
1619:Drivers/STM32L4xx_HAL_Driver/Src/stm32l4xx_hal_tim_ex.c ****   * @retval HAL status
1620:Drivers/STM32L4xx_HAL_Driver/Src/stm32l4xx_hal_tim_ex.c ****   */
1621:Drivers/STM32L4xx_HAL_Driver/Src/stm32l4xx_hal_tim_ex.c **** HAL_StatusTypeDef HAL_TIMEx_OnePulseN_Stop(TIM_HandleTypeDef *htim, uint32_t OutputChannel)
1622:Drivers/STM32L4xx_HAL_Driver/Src/stm32l4xx_hal_tim_ex.c **** {
1623:Drivers/STM32L4xx_HAL_Driver/Src/stm32l4xx_hal_tim_ex.c ****   uint32_t input_channel = (OutputChannel == TIM_CHANNEL_1) ? TIM_CHANNEL_2 : TIM_CHANNEL_1;
1624:Drivers/STM32L4xx_HAL_Driver/Src/stm32l4xx_hal_tim_ex.c **** 
1625:Drivers/STM32L4xx_HAL_Driver/Src/stm32l4xx_hal_tim_ex.c ****   /* Check the parameters */
1626:Drivers/STM32L4xx_HAL_Driver/Src/stm32l4xx_hal_tim_ex.c ****   assert_param(IS_TIM_CCXN_INSTANCE(htim->Instance, OutputChannel));
ARM GAS  C:\Users\kerry\AppData\Local\Temp\ccWnk0Ym.s 			page 30


1627:Drivers/STM32L4xx_HAL_Driver/Src/stm32l4xx_hal_tim_ex.c **** 
1628:Drivers/STM32L4xx_HAL_Driver/Src/stm32l4xx_hal_tim_ex.c ****   /* Disable the complementary One Pulse output channel and the Input Capture channel */
1629:Drivers/STM32L4xx_HAL_Driver/Src/stm32l4xx_hal_tim_ex.c ****   TIM_CCxNChannelCmd(htim->Instance, OutputChannel, TIM_CCxN_DISABLE);
1630:Drivers/STM32L4xx_HAL_Driver/Src/stm32l4xx_hal_tim_ex.c ****   TIM_CCxChannelCmd(htim->Instance, input_channel, TIM_CCx_DISABLE);
1631:Drivers/STM32L4xx_HAL_Driver/Src/stm32l4xx_hal_tim_ex.c **** 
1632:Drivers/STM32L4xx_HAL_Driver/Src/stm32l4xx_hal_tim_ex.c ****   /* Disable the Main Output */
1633:Drivers/STM32L4xx_HAL_Driver/Src/stm32l4xx_hal_tim_ex.c ****   __HAL_TIM_MOE_DISABLE(htim);
1634:Drivers/STM32L4xx_HAL_Driver/Src/stm32l4xx_hal_tim_ex.c **** 
1635:Drivers/STM32L4xx_HAL_Driver/Src/stm32l4xx_hal_tim_ex.c ****   /* Disable the Peripheral */
1636:Drivers/STM32L4xx_HAL_Driver/Src/stm32l4xx_hal_tim_ex.c ****   __HAL_TIM_DISABLE(htim);
1637:Drivers/STM32L4xx_HAL_Driver/Src/stm32l4xx_hal_tim_ex.c **** 
1638:Drivers/STM32L4xx_HAL_Driver/Src/stm32l4xx_hal_tim_ex.c ****   /* Set the TIM  channels state */
1639:Drivers/STM32L4xx_HAL_Driver/Src/stm32l4xx_hal_tim_ex.c ****   TIM_CHANNEL_STATE_SET(htim, TIM_CHANNEL_1, HAL_TIM_CHANNEL_STATE_READY);
1640:Drivers/STM32L4xx_HAL_Driver/Src/stm32l4xx_hal_tim_ex.c ****   TIM_CHANNEL_STATE_SET(htim, TIM_CHANNEL_2, HAL_TIM_CHANNEL_STATE_READY);
1641:Drivers/STM32L4xx_HAL_Driver/Src/stm32l4xx_hal_tim_ex.c ****   TIM_CHANNEL_N_STATE_SET(htim, TIM_CHANNEL_1, HAL_TIM_CHANNEL_STATE_READY);
1642:Drivers/STM32L4xx_HAL_Driver/Src/stm32l4xx_hal_tim_ex.c ****   TIM_CHANNEL_N_STATE_SET(htim, TIM_CHANNEL_2, HAL_TIM_CHANNEL_STATE_READY);
1643:Drivers/STM32L4xx_HAL_Driver/Src/stm32l4xx_hal_tim_ex.c **** 
1644:Drivers/STM32L4xx_HAL_Driver/Src/stm32l4xx_hal_tim_ex.c ****   /* Return function status */
1645:Drivers/STM32L4xx_HAL_Driver/Src/stm32l4xx_hal_tim_ex.c ****   return HAL_OK;
1646:Drivers/STM32L4xx_HAL_Driver/Src/stm32l4xx_hal_tim_ex.c **** }
1647:Drivers/STM32L4xx_HAL_Driver/Src/stm32l4xx_hal_tim_ex.c **** 
1648:Drivers/STM32L4xx_HAL_Driver/Src/stm32l4xx_hal_tim_ex.c **** /**
1649:Drivers/STM32L4xx_HAL_Driver/Src/stm32l4xx_hal_tim_ex.c ****   * @brief  Starts the TIM One Pulse signal generation in interrupt mode on the
1650:Drivers/STM32L4xx_HAL_Driver/Src/stm32l4xx_hal_tim_ex.c ****   *         complementary channel.
1651:Drivers/STM32L4xx_HAL_Driver/Src/stm32l4xx_hal_tim_ex.c ****   * @note OutputChannel must match the pulse output channel chosen when calling
1652:Drivers/STM32L4xx_HAL_Driver/Src/stm32l4xx_hal_tim_ex.c ****   *       @ref HAL_TIM_OnePulse_ConfigChannel().
1653:Drivers/STM32L4xx_HAL_Driver/Src/stm32l4xx_hal_tim_ex.c ****   * @param  htim TIM One Pulse handle
1654:Drivers/STM32L4xx_HAL_Driver/Src/stm32l4xx_hal_tim_ex.c ****   * @param  OutputChannel pulse output channel to enable
1655:Drivers/STM32L4xx_HAL_Driver/Src/stm32l4xx_hal_tim_ex.c ****   *          This parameter can be one of the following values:
1656:Drivers/STM32L4xx_HAL_Driver/Src/stm32l4xx_hal_tim_ex.c ****   *            @arg TIM_CHANNEL_1: TIM Channel 1 selected
1657:Drivers/STM32L4xx_HAL_Driver/Src/stm32l4xx_hal_tim_ex.c ****   *            @arg TIM_CHANNEL_2: TIM Channel 2 selected
1658:Drivers/STM32L4xx_HAL_Driver/Src/stm32l4xx_hal_tim_ex.c ****   * @retval HAL status
1659:Drivers/STM32L4xx_HAL_Driver/Src/stm32l4xx_hal_tim_ex.c ****   */
1660:Drivers/STM32L4xx_HAL_Driver/Src/stm32l4xx_hal_tim_ex.c **** HAL_StatusTypeDef HAL_TIMEx_OnePulseN_Start_IT(TIM_HandleTypeDef *htim, uint32_t OutputChannel)
1661:Drivers/STM32L4xx_HAL_Driver/Src/stm32l4xx_hal_tim_ex.c **** {
1662:Drivers/STM32L4xx_HAL_Driver/Src/stm32l4xx_hal_tim_ex.c ****   uint32_t input_channel = (OutputChannel == TIM_CHANNEL_1) ? TIM_CHANNEL_2 : TIM_CHANNEL_1;
1663:Drivers/STM32L4xx_HAL_Driver/Src/stm32l4xx_hal_tim_ex.c ****   HAL_TIM_ChannelStateTypeDef channel_1_state = TIM_CHANNEL_STATE_GET(htim, TIM_CHANNEL_1);
1664:Drivers/STM32L4xx_HAL_Driver/Src/stm32l4xx_hal_tim_ex.c ****   HAL_TIM_ChannelStateTypeDef channel_2_state = TIM_CHANNEL_STATE_GET(htim, TIM_CHANNEL_2);
1665:Drivers/STM32L4xx_HAL_Driver/Src/stm32l4xx_hal_tim_ex.c ****   HAL_TIM_ChannelStateTypeDef complementary_channel_1_state = TIM_CHANNEL_N_STATE_GET(htim, TIM_CHA
1666:Drivers/STM32L4xx_HAL_Driver/Src/stm32l4xx_hal_tim_ex.c ****   HAL_TIM_ChannelStateTypeDef complementary_channel_2_state = TIM_CHANNEL_N_STATE_GET(htim, TIM_CHA
1667:Drivers/STM32L4xx_HAL_Driver/Src/stm32l4xx_hal_tim_ex.c **** 
1668:Drivers/STM32L4xx_HAL_Driver/Src/stm32l4xx_hal_tim_ex.c ****   /* Check the parameters */
1669:Drivers/STM32L4xx_HAL_Driver/Src/stm32l4xx_hal_tim_ex.c ****   assert_param(IS_TIM_CCXN_INSTANCE(htim->Instance, OutputChannel));
1670:Drivers/STM32L4xx_HAL_Driver/Src/stm32l4xx_hal_tim_ex.c **** 
1671:Drivers/STM32L4xx_HAL_Driver/Src/stm32l4xx_hal_tim_ex.c ****   /* Check the TIM channels state */
1672:Drivers/STM32L4xx_HAL_Driver/Src/stm32l4xx_hal_tim_ex.c ****   if ((channel_1_state != HAL_TIM_CHANNEL_STATE_READY)
1673:Drivers/STM32L4xx_HAL_Driver/Src/stm32l4xx_hal_tim_ex.c ****       || (channel_2_state != HAL_TIM_CHANNEL_STATE_READY)
1674:Drivers/STM32L4xx_HAL_Driver/Src/stm32l4xx_hal_tim_ex.c ****       || (complementary_channel_1_state != HAL_TIM_CHANNEL_STATE_READY)
1675:Drivers/STM32L4xx_HAL_Driver/Src/stm32l4xx_hal_tim_ex.c ****       || (complementary_channel_2_state != HAL_TIM_CHANNEL_STATE_READY))
1676:Drivers/STM32L4xx_HAL_Driver/Src/stm32l4xx_hal_tim_ex.c ****   {
1677:Drivers/STM32L4xx_HAL_Driver/Src/stm32l4xx_hal_tim_ex.c ****     return HAL_ERROR;
1678:Drivers/STM32L4xx_HAL_Driver/Src/stm32l4xx_hal_tim_ex.c ****   }
1679:Drivers/STM32L4xx_HAL_Driver/Src/stm32l4xx_hal_tim_ex.c **** 
1680:Drivers/STM32L4xx_HAL_Driver/Src/stm32l4xx_hal_tim_ex.c ****   /* Set the TIM channels state */
1681:Drivers/STM32L4xx_HAL_Driver/Src/stm32l4xx_hal_tim_ex.c ****   TIM_CHANNEL_STATE_SET(htim, TIM_CHANNEL_1, HAL_TIM_CHANNEL_STATE_BUSY);
1682:Drivers/STM32L4xx_HAL_Driver/Src/stm32l4xx_hal_tim_ex.c ****   TIM_CHANNEL_STATE_SET(htim, TIM_CHANNEL_2, HAL_TIM_CHANNEL_STATE_BUSY);
1683:Drivers/STM32L4xx_HAL_Driver/Src/stm32l4xx_hal_tim_ex.c ****   TIM_CHANNEL_N_STATE_SET(htim, TIM_CHANNEL_1, HAL_TIM_CHANNEL_STATE_BUSY);
ARM GAS  C:\Users\kerry\AppData\Local\Temp\ccWnk0Ym.s 			page 31


1684:Drivers/STM32L4xx_HAL_Driver/Src/stm32l4xx_hal_tim_ex.c ****   TIM_CHANNEL_N_STATE_SET(htim, TIM_CHANNEL_2, HAL_TIM_CHANNEL_STATE_BUSY);
1685:Drivers/STM32L4xx_HAL_Driver/Src/stm32l4xx_hal_tim_ex.c **** 
1686:Drivers/STM32L4xx_HAL_Driver/Src/stm32l4xx_hal_tim_ex.c ****   /* Enable the TIM Capture/Compare 1 interrupt */
1687:Drivers/STM32L4xx_HAL_Driver/Src/stm32l4xx_hal_tim_ex.c ****   __HAL_TIM_ENABLE_IT(htim, TIM_IT_CC1);
1688:Drivers/STM32L4xx_HAL_Driver/Src/stm32l4xx_hal_tim_ex.c **** 
1689:Drivers/STM32L4xx_HAL_Driver/Src/stm32l4xx_hal_tim_ex.c ****   /* Enable the TIM Capture/Compare 2 interrupt */
1690:Drivers/STM32L4xx_HAL_Driver/Src/stm32l4xx_hal_tim_ex.c ****   __HAL_TIM_ENABLE_IT(htim, TIM_IT_CC2);
1691:Drivers/STM32L4xx_HAL_Driver/Src/stm32l4xx_hal_tim_ex.c **** 
1692:Drivers/STM32L4xx_HAL_Driver/Src/stm32l4xx_hal_tim_ex.c ****   /* Enable the complementary One Pulse output channel and the Input Capture channel */
1693:Drivers/STM32L4xx_HAL_Driver/Src/stm32l4xx_hal_tim_ex.c ****   TIM_CCxNChannelCmd(htim->Instance, OutputChannel, TIM_CCxN_ENABLE);
1694:Drivers/STM32L4xx_HAL_Driver/Src/stm32l4xx_hal_tim_ex.c ****   TIM_CCxChannelCmd(htim->Instance, input_channel, TIM_CCx_ENABLE);
1695:Drivers/STM32L4xx_HAL_Driver/Src/stm32l4xx_hal_tim_ex.c **** 
1696:Drivers/STM32L4xx_HAL_Driver/Src/stm32l4xx_hal_tim_ex.c ****   /* Enable the Main Output */
1697:Drivers/STM32L4xx_HAL_Driver/Src/stm32l4xx_hal_tim_ex.c ****   __HAL_TIM_MOE_ENABLE(htim);
1698:Drivers/STM32L4xx_HAL_Driver/Src/stm32l4xx_hal_tim_ex.c **** 
1699:Drivers/STM32L4xx_HAL_Driver/Src/stm32l4xx_hal_tim_ex.c ****   /* Return function status */
1700:Drivers/STM32L4xx_HAL_Driver/Src/stm32l4xx_hal_tim_ex.c ****   return HAL_OK;
1701:Drivers/STM32L4xx_HAL_Driver/Src/stm32l4xx_hal_tim_ex.c **** }
1702:Drivers/STM32L4xx_HAL_Driver/Src/stm32l4xx_hal_tim_ex.c **** 
1703:Drivers/STM32L4xx_HAL_Driver/Src/stm32l4xx_hal_tim_ex.c **** /**
1704:Drivers/STM32L4xx_HAL_Driver/Src/stm32l4xx_hal_tim_ex.c ****   * @brief  Stops the TIM One Pulse signal generation in interrupt mode on the
1705:Drivers/STM32L4xx_HAL_Driver/Src/stm32l4xx_hal_tim_ex.c ****   *         complementary channel.
1706:Drivers/STM32L4xx_HAL_Driver/Src/stm32l4xx_hal_tim_ex.c ****   * @note OutputChannel must match the pulse output channel chosen when calling
1707:Drivers/STM32L4xx_HAL_Driver/Src/stm32l4xx_hal_tim_ex.c ****   *       @ref HAL_TIM_OnePulse_ConfigChannel().
1708:Drivers/STM32L4xx_HAL_Driver/Src/stm32l4xx_hal_tim_ex.c ****   * @param  htim TIM One Pulse handle
1709:Drivers/STM32L4xx_HAL_Driver/Src/stm32l4xx_hal_tim_ex.c ****   * @param  OutputChannel pulse output channel to disable
1710:Drivers/STM32L4xx_HAL_Driver/Src/stm32l4xx_hal_tim_ex.c ****   *          This parameter can be one of the following values:
1711:Drivers/STM32L4xx_HAL_Driver/Src/stm32l4xx_hal_tim_ex.c ****   *            @arg TIM_CHANNEL_1: TIM Channel 1 selected
1712:Drivers/STM32L4xx_HAL_Driver/Src/stm32l4xx_hal_tim_ex.c ****   *            @arg TIM_CHANNEL_2: TIM Channel 2 selected
1713:Drivers/STM32L4xx_HAL_Driver/Src/stm32l4xx_hal_tim_ex.c ****   * @retval HAL status
1714:Drivers/STM32L4xx_HAL_Driver/Src/stm32l4xx_hal_tim_ex.c ****   */
1715:Drivers/STM32L4xx_HAL_Driver/Src/stm32l4xx_hal_tim_ex.c **** HAL_StatusTypeDef HAL_TIMEx_OnePulseN_Stop_IT(TIM_HandleTypeDef *htim, uint32_t OutputChannel)
1716:Drivers/STM32L4xx_HAL_Driver/Src/stm32l4xx_hal_tim_ex.c **** {
1717:Drivers/STM32L4xx_HAL_Driver/Src/stm32l4xx_hal_tim_ex.c ****   uint32_t input_channel = (OutputChannel == TIM_CHANNEL_1) ? TIM_CHANNEL_2 : TIM_CHANNEL_1;
1718:Drivers/STM32L4xx_HAL_Driver/Src/stm32l4xx_hal_tim_ex.c **** 
1719:Drivers/STM32L4xx_HAL_Driver/Src/stm32l4xx_hal_tim_ex.c ****   /* Check the parameters */
1720:Drivers/STM32L4xx_HAL_Driver/Src/stm32l4xx_hal_tim_ex.c ****   assert_param(IS_TIM_CCXN_INSTANCE(htim->Instance, OutputChannel));
1721:Drivers/STM32L4xx_HAL_Driver/Src/stm32l4xx_hal_tim_ex.c **** 
1722:Drivers/STM32L4xx_HAL_Driver/Src/stm32l4xx_hal_tim_ex.c ****   /* Disable the TIM Capture/Compare 1 interrupt */
1723:Drivers/STM32L4xx_HAL_Driver/Src/stm32l4xx_hal_tim_ex.c ****   __HAL_TIM_DISABLE_IT(htim, TIM_IT_CC1);
1724:Drivers/STM32L4xx_HAL_Driver/Src/stm32l4xx_hal_tim_ex.c **** 
1725:Drivers/STM32L4xx_HAL_Driver/Src/stm32l4xx_hal_tim_ex.c ****   /* Disable the TIM Capture/Compare 2 interrupt */
1726:Drivers/STM32L4xx_HAL_Driver/Src/stm32l4xx_hal_tim_ex.c ****   __HAL_TIM_DISABLE_IT(htim, TIM_IT_CC2);
1727:Drivers/STM32L4xx_HAL_Driver/Src/stm32l4xx_hal_tim_ex.c **** 
1728:Drivers/STM32L4xx_HAL_Driver/Src/stm32l4xx_hal_tim_ex.c ****   /* Disable the complementary One Pulse output channel and the Input Capture channel */
1729:Drivers/STM32L4xx_HAL_Driver/Src/stm32l4xx_hal_tim_ex.c ****   TIM_CCxNChannelCmd(htim->Instance, OutputChannel, TIM_CCxN_DISABLE);
1730:Drivers/STM32L4xx_HAL_Driver/Src/stm32l4xx_hal_tim_ex.c ****   TIM_CCxChannelCmd(htim->Instance, input_channel, TIM_CCx_DISABLE);
1731:Drivers/STM32L4xx_HAL_Driver/Src/stm32l4xx_hal_tim_ex.c **** 
1732:Drivers/STM32L4xx_HAL_Driver/Src/stm32l4xx_hal_tim_ex.c ****   /* Disable the Main Output */
1733:Drivers/STM32L4xx_HAL_Driver/Src/stm32l4xx_hal_tim_ex.c ****   __HAL_TIM_MOE_DISABLE(htim);
1734:Drivers/STM32L4xx_HAL_Driver/Src/stm32l4xx_hal_tim_ex.c **** 
1735:Drivers/STM32L4xx_HAL_Driver/Src/stm32l4xx_hal_tim_ex.c ****   /* Disable the Peripheral */
1736:Drivers/STM32L4xx_HAL_Driver/Src/stm32l4xx_hal_tim_ex.c ****   __HAL_TIM_DISABLE(htim);
1737:Drivers/STM32L4xx_HAL_Driver/Src/stm32l4xx_hal_tim_ex.c **** 
1738:Drivers/STM32L4xx_HAL_Driver/Src/stm32l4xx_hal_tim_ex.c ****   /* Set the TIM  channels state */
1739:Drivers/STM32L4xx_HAL_Driver/Src/stm32l4xx_hal_tim_ex.c ****   TIM_CHANNEL_STATE_SET(htim, TIM_CHANNEL_1, HAL_TIM_CHANNEL_STATE_READY);
1740:Drivers/STM32L4xx_HAL_Driver/Src/stm32l4xx_hal_tim_ex.c ****   TIM_CHANNEL_STATE_SET(htim, TIM_CHANNEL_2, HAL_TIM_CHANNEL_STATE_READY);
ARM GAS  C:\Users\kerry\AppData\Local\Temp\ccWnk0Ym.s 			page 32


1741:Drivers/STM32L4xx_HAL_Driver/Src/stm32l4xx_hal_tim_ex.c ****   TIM_CHANNEL_N_STATE_SET(htim, TIM_CHANNEL_1, HAL_TIM_CHANNEL_STATE_READY);
1742:Drivers/STM32L4xx_HAL_Driver/Src/stm32l4xx_hal_tim_ex.c ****   TIM_CHANNEL_N_STATE_SET(htim, TIM_CHANNEL_2, HAL_TIM_CHANNEL_STATE_READY);
1743:Drivers/STM32L4xx_HAL_Driver/Src/stm32l4xx_hal_tim_ex.c **** 
1744:Drivers/STM32L4xx_HAL_Driver/Src/stm32l4xx_hal_tim_ex.c ****   /* Return function status */
1745:Drivers/STM32L4xx_HAL_Driver/Src/stm32l4xx_hal_tim_ex.c ****   return HAL_OK;
1746:Drivers/STM32L4xx_HAL_Driver/Src/stm32l4xx_hal_tim_ex.c **** }
1747:Drivers/STM32L4xx_HAL_Driver/Src/stm32l4xx_hal_tim_ex.c **** 
1748:Drivers/STM32L4xx_HAL_Driver/Src/stm32l4xx_hal_tim_ex.c **** /**
1749:Drivers/STM32L4xx_HAL_Driver/Src/stm32l4xx_hal_tim_ex.c ****   * @}
1750:Drivers/STM32L4xx_HAL_Driver/Src/stm32l4xx_hal_tim_ex.c ****   */
1751:Drivers/STM32L4xx_HAL_Driver/Src/stm32l4xx_hal_tim_ex.c **** 
1752:Drivers/STM32L4xx_HAL_Driver/Src/stm32l4xx_hal_tim_ex.c **** /** @defgroup TIMEx_Exported_Functions_Group5 Extended Peripheral Control functions
1753:Drivers/STM32L4xx_HAL_Driver/Src/stm32l4xx_hal_tim_ex.c ****   * @brief    Peripheral Control functions
1754:Drivers/STM32L4xx_HAL_Driver/Src/stm32l4xx_hal_tim_ex.c ****   *
1755:Drivers/STM32L4xx_HAL_Driver/Src/stm32l4xx_hal_tim_ex.c **** @verbatim
1756:Drivers/STM32L4xx_HAL_Driver/Src/stm32l4xx_hal_tim_ex.c ****   ==============================================================================
1757:Drivers/STM32L4xx_HAL_Driver/Src/stm32l4xx_hal_tim_ex.c ****                     ##### Peripheral Control functions #####
1758:Drivers/STM32L4xx_HAL_Driver/Src/stm32l4xx_hal_tim_ex.c ****   ==============================================================================
1759:Drivers/STM32L4xx_HAL_Driver/Src/stm32l4xx_hal_tim_ex.c ****   [..]
1760:Drivers/STM32L4xx_HAL_Driver/Src/stm32l4xx_hal_tim_ex.c ****     This section provides functions allowing to:
1761:Drivers/STM32L4xx_HAL_Driver/Src/stm32l4xx_hal_tim_ex.c ****       (+) Configure the commutation event in case of use of the Hall sensor interface.
1762:Drivers/STM32L4xx_HAL_Driver/Src/stm32l4xx_hal_tim_ex.c ****       (+) Configure Output channels for OC and PWM mode.
1763:Drivers/STM32L4xx_HAL_Driver/Src/stm32l4xx_hal_tim_ex.c **** 
1764:Drivers/STM32L4xx_HAL_Driver/Src/stm32l4xx_hal_tim_ex.c ****       (+) Configure Complementary channels, break features and dead time.
1765:Drivers/STM32L4xx_HAL_Driver/Src/stm32l4xx_hal_tim_ex.c ****       (+) Configure Master synchronization.
1766:Drivers/STM32L4xx_HAL_Driver/Src/stm32l4xx_hal_tim_ex.c ****       (+) Configure timer remapping capabilities.
1767:Drivers/STM32L4xx_HAL_Driver/Src/stm32l4xx_hal_tim_ex.c ****       (+) Enable or disable channel grouping.
1768:Drivers/STM32L4xx_HAL_Driver/Src/stm32l4xx_hal_tim_ex.c **** 
1769:Drivers/STM32L4xx_HAL_Driver/Src/stm32l4xx_hal_tim_ex.c **** @endverbatim
1770:Drivers/STM32L4xx_HAL_Driver/Src/stm32l4xx_hal_tim_ex.c ****   * @{
1771:Drivers/STM32L4xx_HAL_Driver/Src/stm32l4xx_hal_tim_ex.c ****   */
1772:Drivers/STM32L4xx_HAL_Driver/Src/stm32l4xx_hal_tim_ex.c **** 
1773:Drivers/STM32L4xx_HAL_Driver/Src/stm32l4xx_hal_tim_ex.c **** /**
1774:Drivers/STM32L4xx_HAL_Driver/Src/stm32l4xx_hal_tim_ex.c ****   * @brief  Configure the TIM commutation event sequence.
1775:Drivers/STM32L4xx_HAL_Driver/Src/stm32l4xx_hal_tim_ex.c ****   * @note  This function is mandatory to use the commutation event in order to
1776:Drivers/STM32L4xx_HAL_Driver/Src/stm32l4xx_hal_tim_ex.c ****   *        update the configuration at each commutation detection on the TRGI input of the Timer,
1777:Drivers/STM32L4xx_HAL_Driver/Src/stm32l4xx_hal_tim_ex.c ****   *        the typical use of this feature is with the use of another Timer(interface Timer)
1778:Drivers/STM32L4xx_HAL_Driver/Src/stm32l4xx_hal_tim_ex.c ****   *        configured in Hall sensor interface, this interface Timer will generate the
1779:Drivers/STM32L4xx_HAL_Driver/Src/stm32l4xx_hal_tim_ex.c ****   *        commutation at its TRGO output (connected to Timer used in this function) each time
1780:Drivers/STM32L4xx_HAL_Driver/Src/stm32l4xx_hal_tim_ex.c ****   *        the TI1 of the Interface Timer detect a commutation at its input TI1.
1781:Drivers/STM32L4xx_HAL_Driver/Src/stm32l4xx_hal_tim_ex.c ****   * @param  htim TIM handle
1782:Drivers/STM32L4xx_HAL_Driver/Src/stm32l4xx_hal_tim_ex.c ****   * @param  InputTrigger the Internal trigger corresponding to the Timer Interfacing with the Hall 
1783:Drivers/STM32L4xx_HAL_Driver/Src/stm32l4xx_hal_tim_ex.c ****   *          This parameter can be one of the following values:
1784:Drivers/STM32L4xx_HAL_Driver/Src/stm32l4xx_hal_tim_ex.c ****   *            @arg TIM_TS_ITR0: Internal trigger 0 selected
1785:Drivers/STM32L4xx_HAL_Driver/Src/stm32l4xx_hal_tim_ex.c ****   *            @arg TIM_TS_ITR1: Internal trigger 1 selected
1786:Drivers/STM32L4xx_HAL_Driver/Src/stm32l4xx_hal_tim_ex.c ****   *            @arg TIM_TS_ITR2: Internal trigger 2 selected
1787:Drivers/STM32L4xx_HAL_Driver/Src/stm32l4xx_hal_tim_ex.c ****   *            @arg TIM_TS_ITR3: Internal trigger 3 selected
1788:Drivers/STM32L4xx_HAL_Driver/Src/stm32l4xx_hal_tim_ex.c ****   *            @arg TIM_TS_NONE: No trigger is needed
1789:Drivers/STM32L4xx_HAL_Driver/Src/stm32l4xx_hal_tim_ex.c ****   * @param  CommutationSource the Commutation Event source
1790:Drivers/STM32L4xx_HAL_Driver/Src/stm32l4xx_hal_tim_ex.c ****   *          This parameter can be one of the following values:
1791:Drivers/STM32L4xx_HAL_Driver/Src/stm32l4xx_hal_tim_ex.c ****   *            @arg TIM_COMMUTATION_TRGI: Commutation source is the TRGI of the Interface Timer
1792:Drivers/STM32L4xx_HAL_Driver/Src/stm32l4xx_hal_tim_ex.c ****   *            @arg TIM_COMMUTATION_SOFTWARE:  Commutation source is set by software using the COMG
1793:Drivers/STM32L4xx_HAL_Driver/Src/stm32l4xx_hal_tim_ex.c ****   * @retval HAL status
1794:Drivers/STM32L4xx_HAL_Driver/Src/stm32l4xx_hal_tim_ex.c ****   */
1795:Drivers/STM32L4xx_HAL_Driver/Src/stm32l4xx_hal_tim_ex.c **** HAL_StatusTypeDef HAL_TIMEx_ConfigCommutEvent(TIM_HandleTypeDef *htim, uint32_t  InputTrigger,
1796:Drivers/STM32L4xx_HAL_Driver/Src/stm32l4xx_hal_tim_ex.c ****                                               uint32_t  CommutationSource)
1797:Drivers/STM32L4xx_HAL_Driver/Src/stm32l4xx_hal_tim_ex.c **** {
ARM GAS  C:\Users\kerry\AppData\Local\Temp\ccWnk0Ym.s 			page 33


1798:Drivers/STM32L4xx_HAL_Driver/Src/stm32l4xx_hal_tim_ex.c ****   /* Check the parameters */
1799:Drivers/STM32L4xx_HAL_Driver/Src/stm32l4xx_hal_tim_ex.c ****   assert_param(IS_TIM_COMMUTATION_EVENT_INSTANCE(htim->Instance));
1800:Drivers/STM32L4xx_HAL_Driver/Src/stm32l4xx_hal_tim_ex.c ****   assert_param(IS_TIM_INTERNAL_TRIGGEREVENT_SELECTION(InputTrigger));
1801:Drivers/STM32L4xx_HAL_Driver/Src/stm32l4xx_hal_tim_ex.c **** 
1802:Drivers/STM32L4xx_HAL_Driver/Src/stm32l4xx_hal_tim_ex.c ****   __HAL_LOCK(htim);
1803:Drivers/STM32L4xx_HAL_Driver/Src/stm32l4xx_hal_tim_ex.c **** 
1804:Drivers/STM32L4xx_HAL_Driver/Src/stm32l4xx_hal_tim_ex.c ****   if ((InputTrigger == TIM_TS_ITR0) || (InputTrigger == TIM_TS_ITR1) ||
1805:Drivers/STM32L4xx_HAL_Driver/Src/stm32l4xx_hal_tim_ex.c ****       (InputTrigger == TIM_TS_ITR2) || (InputTrigger == TIM_TS_ITR3))
1806:Drivers/STM32L4xx_HAL_Driver/Src/stm32l4xx_hal_tim_ex.c ****   {
1807:Drivers/STM32L4xx_HAL_Driver/Src/stm32l4xx_hal_tim_ex.c ****     /* Select the Input trigger */
1808:Drivers/STM32L4xx_HAL_Driver/Src/stm32l4xx_hal_tim_ex.c ****     htim->Instance->SMCR &= ~TIM_SMCR_TS;
1809:Drivers/STM32L4xx_HAL_Driver/Src/stm32l4xx_hal_tim_ex.c ****     htim->Instance->SMCR |= InputTrigger;
1810:Drivers/STM32L4xx_HAL_Driver/Src/stm32l4xx_hal_tim_ex.c ****   }
1811:Drivers/STM32L4xx_HAL_Driver/Src/stm32l4xx_hal_tim_ex.c **** 
1812:Drivers/STM32L4xx_HAL_Driver/Src/stm32l4xx_hal_tim_ex.c ****   /* Select the Capture Compare preload feature */
1813:Drivers/STM32L4xx_HAL_Driver/Src/stm32l4xx_hal_tim_ex.c ****   htim->Instance->CR2 |= TIM_CR2_CCPC;
1814:Drivers/STM32L4xx_HAL_Driver/Src/stm32l4xx_hal_tim_ex.c ****   /* Select the Commutation event source */
1815:Drivers/STM32L4xx_HAL_Driver/Src/stm32l4xx_hal_tim_ex.c ****   htim->Instance->CR2 &= ~TIM_CR2_CCUS;
1816:Drivers/STM32L4xx_HAL_Driver/Src/stm32l4xx_hal_tim_ex.c ****   htim->Instance->CR2 |= CommutationSource;
1817:Drivers/STM32L4xx_HAL_Driver/Src/stm32l4xx_hal_tim_ex.c **** 
1818:Drivers/STM32L4xx_HAL_Driver/Src/stm32l4xx_hal_tim_ex.c ****   /* Disable Commutation Interrupt */
1819:Drivers/STM32L4xx_HAL_Driver/Src/stm32l4xx_hal_tim_ex.c ****   __HAL_TIM_DISABLE_IT(htim, TIM_IT_COM);
1820:Drivers/STM32L4xx_HAL_Driver/Src/stm32l4xx_hal_tim_ex.c **** 
1821:Drivers/STM32L4xx_HAL_Driver/Src/stm32l4xx_hal_tim_ex.c ****   /* Disable Commutation DMA request */
1822:Drivers/STM32L4xx_HAL_Driver/Src/stm32l4xx_hal_tim_ex.c ****   __HAL_TIM_DISABLE_DMA(htim, TIM_DMA_COM);
1823:Drivers/STM32L4xx_HAL_Driver/Src/stm32l4xx_hal_tim_ex.c **** 
1824:Drivers/STM32L4xx_HAL_Driver/Src/stm32l4xx_hal_tim_ex.c ****   __HAL_UNLOCK(htim);
1825:Drivers/STM32L4xx_HAL_Driver/Src/stm32l4xx_hal_tim_ex.c **** 
1826:Drivers/STM32L4xx_HAL_Driver/Src/stm32l4xx_hal_tim_ex.c ****   return HAL_OK;
1827:Drivers/STM32L4xx_HAL_Driver/Src/stm32l4xx_hal_tim_ex.c **** }
1828:Drivers/STM32L4xx_HAL_Driver/Src/stm32l4xx_hal_tim_ex.c **** 
1829:Drivers/STM32L4xx_HAL_Driver/Src/stm32l4xx_hal_tim_ex.c **** /**
1830:Drivers/STM32L4xx_HAL_Driver/Src/stm32l4xx_hal_tim_ex.c ****   * @brief  Configure the TIM commutation event sequence with interrupt.
1831:Drivers/STM32L4xx_HAL_Driver/Src/stm32l4xx_hal_tim_ex.c ****   * @note  This function is mandatory to use the commutation event in order to
1832:Drivers/STM32L4xx_HAL_Driver/Src/stm32l4xx_hal_tim_ex.c ****   *        update the configuration at each commutation detection on the TRGI input of the Timer,
1833:Drivers/STM32L4xx_HAL_Driver/Src/stm32l4xx_hal_tim_ex.c ****   *        the typical use of this feature is with the use of another Timer(interface Timer)
1834:Drivers/STM32L4xx_HAL_Driver/Src/stm32l4xx_hal_tim_ex.c ****   *        configured in Hall sensor interface, this interface Timer will generate the
1835:Drivers/STM32L4xx_HAL_Driver/Src/stm32l4xx_hal_tim_ex.c ****   *        commutation at its TRGO output (connected to Timer used in this function) each time
1836:Drivers/STM32L4xx_HAL_Driver/Src/stm32l4xx_hal_tim_ex.c ****   *        the TI1 of the Interface Timer detect a commutation at its input TI1.
1837:Drivers/STM32L4xx_HAL_Driver/Src/stm32l4xx_hal_tim_ex.c ****   * @param  htim TIM handle
1838:Drivers/STM32L4xx_HAL_Driver/Src/stm32l4xx_hal_tim_ex.c ****   * @param  InputTrigger the Internal trigger corresponding to the Timer Interfacing with the Hall 
1839:Drivers/STM32L4xx_HAL_Driver/Src/stm32l4xx_hal_tim_ex.c ****   *          This parameter can be one of the following values:
1840:Drivers/STM32L4xx_HAL_Driver/Src/stm32l4xx_hal_tim_ex.c ****   *            @arg TIM_TS_ITR0: Internal trigger 0 selected
1841:Drivers/STM32L4xx_HAL_Driver/Src/stm32l4xx_hal_tim_ex.c ****   *            @arg TIM_TS_ITR1: Internal trigger 1 selected
1842:Drivers/STM32L4xx_HAL_Driver/Src/stm32l4xx_hal_tim_ex.c ****   *            @arg TIM_TS_ITR2: Internal trigger 2 selected
1843:Drivers/STM32L4xx_HAL_Driver/Src/stm32l4xx_hal_tim_ex.c ****   *            @arg TIM_TS_ITR3: Internal trigger 3 selected
1844:Drivers/STM32L4xx_HAL_Driver/Src/stm32l4xx_hal_tim_ex.c ****   *            @arg TIM_TS_NONE: No trigger is needed
1845:Drivers/STM32L4xx_HAL_Driver/Src/stm32l4xx_hal_tim_ex.c ****   * @param  CommutationSource the Commutation Event source
1846:Drivers/STM32L4xx_HAL_Driver/Src/stm32l4xx_hal_tim_ex.c ****   *          This parameter can be one of the following values:
1847:Drivers/STM32L4xx_HAL_Driver/Src/stm32l4xx_hal_tim_ex.c ****   *            @arg TIM_COMMUTATION_TRGI: Commutation source is the TRGI of the Interface Timer
1848:Drivers/STM32L4xx_HAL_Driver/Src/stm32l4xx_hal_tim_ex.c ****   *            @arg TIM_COMMUTATION_SOFTWARE:  Commutation source is set by software using the COMG
1849:Drivers/STM32L4xx_HAL_Driver/Src/stm32l4xx_hal_tim_ex.c ****   * @retval HAL status
1850:Drivers/STM32L4xx_HAL_Driver/Src/stm32l4xx_hal_tim_ex.c ****   */
1851:Drivers/STM32L4xx_HAL_Driver/Src/stm32l4xx_hal_tim_ex.c **** HAL_StatusTypeDef HAL_TIMEx_ConfigCommutEvent_IT(TIM_HandleTypeDef *htim, uint32_t  InputTrigger,
1852:Drivers/STM32L4xx_HAL_Driver/Src/stm32l4xx_hal_tim_ex.c ****                                                  uint32_t  CommutationSource)
1853:Drivers/STM32L4xx_HAL_Driver/Src/stm32l4xx_hal_tim_ex.c **** {
1854:Drivers/STM32L4xx_HAL_Driver/Src/stm32l4xx_hal_tim_ex.c ****   /* Check the parameters */
ARM GAS  C:\Users\kerry\AppData\Local\Temp\ccWnk0Ym.s 			page 34


1855:Drivers/STM32L4xx_HAL_Driver/Src/stm32l4xx_hal_tim_ex.c ****   assert_param(IS_TIM_COMMUTATION_EVENT_INSTANCE(htim->Instance));
1856:Drivers/STM32L4xx_HAL_Driver/Src/stm32l4xx_hal_tim_ex.c ****   assert_param(IS_TIM_INTERNAL_TRIGGEREVENT_SELECTION(InputTrigger));
1857:Drivers/STM32L4xx_HAL_Driver/Src/stm32l4xx_hal_tim_ex.c **** 
1858:Drivers/STM32L4xx_HAL_Driver/Src/stm32l4xx_hal_tim_ex.c ****   __HAL_LOCK(htim);
1859:Drivers/STM32L4xx_HAL_Driver/Src/stm32l4xx_hal_tim_ex.c **** 
1860:Drivers/STM32L4xx_HAL_Driver/Src/stm32l4xx_hal_tim_ex.c ****   if ((InputTrigger == TIM_TS_ITR0) || (InputTrigger == TIM_TS_ITR1) ||
1861:Drivers/STM32L4xx_HAL_Driver/Src/stm32l4xx_hal_tim_ex.c ****       (InputTrigger == TIM_TS_ITR2) || (InputTrigger == TIM_TS_ITR3))
1862:Drivers/STM32L4xx_HAL_Driver/Src/stm32l4xx_hal_tim_ex.c ****   {
1863:Drivers/STM32L4xx_HAL_Driver/Src/stm32l4xx_hal_tim_ex.c ****     /* Select the Input trigger */
1864:Drivers/STM32L4xx_HAL_Driver/Src/stm32l4xx_hal_tim_ex.c ****     htim->Instance->SMCR &= ~TIM_SMCR_TS;
1865:Drivers/STM32L4xx_HAL_Driver/Src/stm32l4xx_hal_tim_ex.c ****     htim->Instance->SMCR |= InputTrigger;
1866:Drivers/STM32L4xx_HAL_Driver/Src/stm32l4xx_hal_tim_ex.c ****   }
1867:Drivers/STM32L4xx_HAL_Driver/Src/stm32l4xx_hal_tim_ex.c **** 
1868:Drivers/STM32L4xx_HAL_Driver/Src/stm32l4xx_hal_tim_ex.c ****   /* Select the Capture Compare preload feature */
1869:Drivers/STM32L4xx_HAL_Driver/Src/stm32l4xx_hal_tim_ex.c ****   htim->Instance->CR2 |= TIM_CR2_CCPC;
1870:Drivers/STM32L4xx_HAL_Driver/Src/stm32l4xx_hal_tim_ex.c ****   /* Select the Commutation event source */
1871:Drivers/STM32L4xx_HAL_Driver/Src/stm32l4xx_hal_tim_ex.c ****   htim->Instance->CR2 &= ~TIM_CR2_CCUS;
1872:Drivers/STM32L4xx_HAL_Driver/Src/stm32l4xx_hal_tim_ex.c ****   htim->Instance->CR2 |= CommutationSource;
1873:Drivers/STM32L4xx_HAL_Driver/Src/stm32l4xx_hal_tim_ex.c **** 
1874:Drivers/STM32L4xx_HAL_Driver/Src/stm32l4xx_hal_tim_ex.c ****   /* Disable Commutation DMA request */
1875:Drivers/STM32L4xx_HAL_Driver/Src/stm32l4xx_hal_tim_ex.c ****   __HAL_TIM_DISABLE_DMA(htim, TIM_DMA_COM);
1876:Drivers/STM32L4xx_HAL_Driver/Src/stm32l4xx_hal_tim_ex.c **** 
1877:Drivers/STM32L4xx_HAL_Driver/Src/stm32l4xx_hal_tim_ex.c ****   /* Enable the Commutation Interrupt */
1878:Drivers/STM32L4xx_HAL_Driver/Src/stm32l4xx_hal_tim_ex.c ****   __HAL_TIM_ENABLE_IT(htim, TIM_IT_COM);
1879:Drivers/STM32L4xx_HAL_Driver/Src/stm32l4xx_hal_tim_ex.c **** 
1880:Drivers/STM32L4xx_HAL_Driver/Src/stm32l4xx_hal_tim_ex.c ****   __HAL_UNLOCK(htim);
1881:Drivers/STM32L4xx_HAL_Driver/Src/stm32l4xx_hal_tim_ex.c **** 
1882:Drivers/STM32L4xx_HAL_Driver/Src/stm32l4xx_hal_tim_ex.c ****   return HAL_OK;
1883:Drivers/STM32L4xx_HAL_Driver/Src/stm32l4xx_hal_tim_ex.c **** }
1884:Drivers/STM32L4xx_HAL_Driver/Src/stm32l4xx_hal_tim_ex.c **** 
1885:Drivers/STM32L4xx_HAL_Driver/Src/stm32l4xx_hal_tim_ex.c **** /**
1886:Drivers/STM32L4xx_HAL_Driver/Src/stm32l4xx_hal_tim_ex.c ****   * @brief  Configure the TIM commutation event sequence with DMA.
1887:Drivers/STM32L4xx_HAL_Driver/Src/stm32l4xx_hal_tim_ex.c ****   * @note  This function is mandatory to use the commutation event in order to
1888:Drivers/STM32L4xx_HAL_Driver/Src/stm32l4xx_hal_tim_ex.c ****   *        update the configuration at each commutation detection on the TRGI input of the Timer,
1889:Drivers/STM32L4xx_HAL_Driver/Src/stm32l4xx_hal_tim_ex.c ****   *        the typical use of this feature is with the use of another Timer(interface Timer)
1890:Drivers/STM32L4xx_HAL_Driver/Src/stm32l4xx_hal_tim_ex.c ****   *        configured in Hall sensor interface, this interface Timer will generate the
1891:Drivers/STM32L4xx_HAL_Driver/Src/stm32l4xx_hal_tim_ex.c ****   *        commutation at its TRGO output (connected to Timer used in this function) each time
1892:Drivers/STM32L4xx_HAL_Driver/Src/stm32l4xx_hal_tim_ex.c ****   *        the TI1 of the Interface Timer detect a commutation at its input TI1.
1893:Drivers/STM32L4xx_HAL_Driver/Src/stm32l4xx_hal_tim_ex.c ****   * @note  The user should configure the DMA in his own software, in This function only the COMDE b
1894:Drivers/STM32L4xx_HAL_Driver/Src/stm32l4xx_hal_tim_ex.c ****   * @param  htim TIM handle
1895:Drivers/STM32L4xx_HAL_Driver/Src/stm32l4xx_hal_tim_ex.c ****   * @param  InputTrigger the Internal trigger corresponding to the Timer Interfacing with the Hall 
1896:Drivers/STM32L4xx_HAL_Driver/Src/stm32l4xx_hal_tim_ex.c ****   *          This parameter can be one of the following values:
1897:Drivers/STM32L4xx_HAL_Driver/Src/stm32l4xx_hal_tim_ex.c ****   *            @arg TIM_TS_ITR0: Internal trigger 0 selected
1898:Drivers/STM32L4xx_HAL_Driver/Src/stm32l4xx_hal_tim_ex.c ****   *            @arg TIM_TS_ITR1: Internal trigger 1 selected
1899:Drivers/STM32L4xx_HAL_Driver/Src/stm32l4xx_hal_tim_ex.c ****   *            @arg TIM_TS_ITR2: Internal trigger 2 selected
1900:Drivers/STM32L4xx_HAL_Driver/Src/stm32l4xx_hal_tim_ex.c ****   *            @arg TIM_TS_ITR3: Internal trigger 3 selected
1901:Drivers/STM32L4xx_HAL_Driver/Src/stm32l4xx_hal_tim_ex.c ****   *            @arg TIM_TS_NONE: No trigger is needed
1902:Drivers/STM32L4xx_HAL_Driver/Src/stm32l4xx_hal_tim_ex.c ****   * @param  CommutationSource the Commutation Event source
1903:Drivers/STM32L4xx_HAL_Driver/Src/stm32l4xx_hal_tim_ex.c ****   *          This parameter can be one of the following values:
1904:Drivers/STM32L4xx_HAL_Driver/Src/stm32l4xx_hal_tim_ex.c ****   *            @arg TIM_COMMUTATION_TRGI: Commutation source is the TRGI of the Interface Timer
1905:Drivers/STM32L4xx_HAL_Driver/Src/stm32l4xx_hal_tim_ex.c ****   *            @arg TIM_COMMUTATION_SOFTWARE:  Commutation source is set by software using the COMG
1906:Drivers/STM32L4xx_HAL_Driver/Src/stm32l4xx_hal_tim_ex.c ****   * @retval HAL status
1907:Drivers/STM32L4xx_HAL_Driver/Src/stm32l4xx_hal_tim_ex.c ****   */
1908:Drivers/STM32L4xx_HAL_Driver/Src/stm32l4xx_hal_tim_ex.c **** HAL_StatusTypeDef HAL_TIMEx_ConfigCommutEvent_DMA(TIM_HandleTypeDef *htim, uint32_t  InputTrigger,
1909:Drivers/STM32L4xx_HAL_Driver/Src/stm32l4xx_hal_tim_ex.c ****                                                   uint32_t  CommutationSource)
1910:Drivers/STM32L4xx_HAL_Driver/Src/stm32l4xx_hal_tim_ex.c **** {
1911:Drivers/STM32L4xx_HAL_Driver/Src/stm32l4xx_hal_tim_ex.c ****   /* Check the parameters */
ARM GAS  C:\Users\kerry\AppData\Local\Temp\ccWnk0Ym.s 			page 35


1912:Drivers/STM32L4xx_HAL_Driver/Src/stm32l4xx_hal_tim_ex.c ****   assert_param(IS_TIM_COMMUTATION_EVENT_INSTANCE(htim->Instance));
1913:Drivers/STM32L4xx_HAL_Driver/Src/stm32l4xx_hal_tim_ex.c ****   assert_param(IS_TIM_INTERNAL_TRIGGEREVENT_SELECTION(InputTrigger));
1914:Drivers/STM32L4xx_HAL_Driver/Src/stm32l4xx_hal_tim_ex.c **** 
1915:Drivers/STM32L4xx_HAL_Driver/Src/stm32l4xx_hal_tim_ex.c ****   __HAL_LOCK(htim);
1916:Drivers/STM32L4xx_HAL_Driver/Src/stm32l4xx_hal_tim_ex.c **** 
1917:Drivers/STM32L4xx_HAL_Driver/Src/stm32l4xx_hal_tim_ex.c ****   if ((InputTrigger == TIM_TS_ITR0) || (InputTrigger == TIM_TS_ITR1) ||
1918:Drivers/STM32L4xx_HAL_Driver/Src/stm32l4xx_hal_tim_ex.c ****       (InputTrigger == TIM_TS_ITR2) || (InputTrigger == TIM_TS_ITR3))
1919:Drivers/STM32L4xx_HAL_Driver/Src/stm32l4xx_hal_tim_ex.c ****   {
1920:Drivers/STM32L4xx_HAL_Driver/Src/stm32l4xx_hal_tim_ex.c ****     /* Select the Input trigger */
1921:Drivers/STM32L4xx_HAL_Driver/Src/stm32l4xx_hal_tim_ex.c ****     htim->Instance->SMCR &= ~TIM_SMCR_TS;
1922:Drivers/STM32L4xx_HAL_Driver/Src/stm32l4xx_hal_tim_ex.c ****     htim->Instance->SMCR |= InputTrigger;
1923:Drivers/STM32L4xx_HAL_Driver/Src/stm32l4xx_hal_tim_ex.c ****   }
1924:Drivers/STM32L4xx_HAL_Driver/Src/stm32l4xx_hal_tim_ex.c **** 
1925:Drivers/STM32L4xx_HAL_Driver/Src/stm32l4xx_hal_tim_ex.c ****   /* Select the Capture Compare preload feature */
1926:Drivers/STM32L4xx_HAL_Driver/Src/stm32l4xx_hal_tim_ex.c ****   htim->Instance->CR2 |= TIM_CR2_CCPC;
1927:Drivers/STM32L4xx_HAL_Driver/Src/stm32l4xx_hal_tim_ex.c ****   /* Select the Commutation event source */
1928:Drivers/STM32L4xx_HAL_Driver/Src/stm32l4xx_hal_tim_ex.c ****   htim->Instance->CR2 &= ~TIM_CR2_CCUS;
1929:Drivers/STM32L4xx_HAL_Driver/Src/stm32l4xx_hal_tim_ex.c ****   htim->Instance->CR2 |= CommutationSource;
1930:Drivers/STM32L4xx_HAL_Driver/Src/stm32l4xx_hal_tim_ex.c **** 
1931:Drivers/STM32L4xx_HAL_Driver/Src/stm32l4xx_hal_tim_ex.c ****   /* Enable the Commutation DMA Request */
1932:Drivers/STM32L4xx_HAL_Driver/Src/stm32l4xx_hal_tim_ex.c ****   /* Set the DMA Commutation Callback */
1933:Drivers/STM32L4xx_HAL_Driver/Src/stm32l4xx_hal_tim_ex.c ****   htim->hdma[TIM_DMA_ID_COMMUTATION]->XferCpltCallback = TIMEx_DMACommutationCplt;
1934:Drivers/STM32L4xx_HAL_Driver/Src/stm32l4xx_hal_tim_ex.c ****   htim->hdma[TIM_DMA_ID_COMMUTATION]->XferHalfCpltCallback = TIMEx_DMACommutationHalfCplt;
1935:Drivers/STM32L4xx_HAL_Driver/Src/stm32l4xx_hal_tim_ex.c ****   /* Set the DMA error callback */
1936:Drivers/STM32L4xx_HAL_Driver/Src/stm32l4xx_hal_tim_ex.c ****   htim->hdma[TIM_DMA_ID_COMMUTATION]->XferErrorCallback = TIM_DMAError;
1937:Drivers/STM32L4xx_HAL_Driver/Src/stm32l4xx_hal_tim_ex.c **** 
1938:Drivers/STM32L4xx_HAL_Driver/Src/stm32l4xx_hal_tim_ex.c ****   /* Disable Commutation Interrupt */
1939:Drivers/STM32L4xx_HAL_Driver/Src/stm32l4xx_hal_tim_ex.c ****   __HAL_TIM_DISABLE_IT(htim, TIM_IT_COM);
1940:Drivers/STM32L4xx_HAL_Driver/Src/stm32l4xx_hal_tim_ex.c **** 
1941:Drivers/STM32L4xx_HAL_Driver/Src/stm32l4xx_hal_tim_ex.c ****   /* Enable the Commutation DMA Request */
1942:Drivers/STM32L4xx_HAL_Driver/Src/stm32l4xx_hal_tim_ex.c ****   __HAL_TIM_ENABLE_DMA(htim, TIM_DMA_COM);
1943:Drivers/STM32L4xx_HAL_Driver/Src/stm32l4xx_hal_tim_ex.c **** 
1944:Drivers/STM32L4xx_HAL_Driver/Src/stm32l4xx_hal_tim_ex.c ****   __HAL_UNLOCK(htim);
1945:Drivers/STM32L4xx_HAL_Driver/Src/stm32l4xx_hal_tim_ex.c **** 
1946:Drivers/STM32L4xx_HAL_Driver/Src/stm32l4xx_hal_tim_ex.c ****   return HAL_OK;
1947:Drivers/STM32L4xx_HAL_Driver/Src/stm32l4xx_hal_tim_ex.c **** }
1948:Drivers/STM32L4xx_HAL_Driver/Src/stm32l4xx_hal_tim_ex.c **** 
1949:Drivers/STM32L4xx_HAL_Driver/Src/stm32l4xx_hal_tim_ex.c **** /**
1950:Drivers/STM32L4xx_HAL_Driver/Src/stm32l4xx_hal_tim_ex.c ****   * @brief  Configures the TIM in master mode.
1951:Drivers/STM32L4xx_HAL_Driver/Src/stm32l4xx_hal_tim_ex.c ****   * @param  htim TIM handle.
1952:Drivers/STM32L4xx_HAL_Driver/Src/stm32l4xx_hal_tim_ex.c ****   * @param  sMasterConfig pointer to a TIM_MasterConfigTypeDef structure that
1953:Drivers/STM32L4xx_HAL_Driver/Src/stm32l4xx_hal_tim_ex.c ****   *         contains the selected trigger output (TRGO) and the Master/Slave
1954:Drivers/STM32L4xx_HAL_Driver/Src/stm32l4xx_hal_tim_ex.c ****   *         mode.
1955:Drivers/STM32L4xx_HAL_Driver/Src/stm32l4xx_hal_tim_ex.c ****   * @retval HAL status
1956:Drivers/STM32L4xx_HAL_Driver/Src/stm32l4xx_hal_tim_ex.c ****   */
1957:Drivers/STM32L4xx_HAL_Driver/Src/stm32l4xx_hal_tim_ex.c **** HAL_StatusTypeDef HAL_TIMEx_MasterConfigSynchronization(TIM_HandleTypeDef *htim,
1958:Drivers/STM32L4xx_HAL_Driver/Src/stm32l4xx_hal_tim_ex.c ****                                                         const TIM_MasterConfigTypeDef *sMasterConfi
1959:Drivers/STM32L4xx_HAL_Driver/Src/stm32l4xx_hal_tim_ex.c **** {
1960:Drivers/STM32L4xx_HAL_Driver/Src/stm32l4xx_hal_tim_ex.c ****   uint32_t tmpcr2;
1961:Drivers/STM32L4xx_HAL_Driver/Src/stm32l4xx_hal_tim_ex.c ****   uint32_t tmpsmcr;
1962:Drivers/STM32L4xx_HAL_Driver/Src/stm32l4xx_hal_tim_ex.c **** 
1963:Drivers/STM32L4xx_HAL_Driver/Src/stm32l4xx_hal_tim_ex.c ****   /* Check the parameters */
1964:Drivers/STM32L4xx_HAL_Driver/Src/stm32l4xx_hal_tim_ex.c ****   assert_param(IS_TIM_MASTER_INSTANCE(htim->Instance));
1965:Drivers/STM32L4xx_HAL_Driver/Src/stm32l4xx_hal_tim_ex.c ****   assert_param(IS_TIM_TRGO_SOURCE(sMasterConfig->MasterOutputTrigger));
1966:Drivers/STM32L4xx_HAL_Driver/Src/stm32l4xx_hal_tim_ex.c ****   assert_param(IS_TIM_MSM_STATE(sMasterConfig->MasterSlaveMode));
1967:Drivers/STM32L4xx_HAL_Driver/Src/stm32l4xx_hal_tim_ex.c **** 
1968:Drivers/STM32L4xx_HAL_Driver/Src/stm32l4xx_hal_tim_ex.c ****   /* Check input state */
ARM GAS  C:\Users\kerry\AppData\Local\Temp\ccWnk0Ym.s 			page 36


1969:Drivers/STM32L4xx_HAL_Driver/Src/stm32l4xx_hal_tim_ex.c ****   __HAL_LOCK(htim);
1970:Drivers/STM32L4xx_HAL_Driver/Src/stm32l4xx_hal_tim_ex.c **** 
1971:Drivers/STM32L4xx_HAL_Driver/Src/stm32l4xx_hal_tim_ex.c ****   /* Change the handler state */
1972:Drivers/STM32L4xx_HAL_Driver/Src/stm32l4xx_hal_tim_ex.c ****   htim->State = HAL_TIM_STATE_BUSY;
1973:Drivers/STM32L4xx_HAL_Driver/Src/stm32l4xx_hal_tim_ex.c **** 
1974:Drivers/STM32L4xx_HAL_Driver/Src/stm32l4xx_hal_tim_ex.c ****   /* Get the TIMx CR2 register value */
1975:Drivers/STM32L4xx_HAL_Driver/Src/stm32l4xx_hal_tim_ex.c ****   tmpcr2 = htim->Instance->CR2;
1976:Drivers/STM32L4xx_HAL_Driver/Src/stm32l4xx_hal_tim_ex.c **** 
1977:Drivers/STM32L4xx_HAL_Driver/Src/stm32l4xx_hal_tim_ex.c ****   /* Get the TIMx SMCR register value */
1978:Drivers/STM32L4xx_HAL_Driver/Src/stm32l4xx_hal_tim_ex.c ****   tmpsmcr = htim->Instance->SMCR;
1979:Drivers/STM32L4xx_HAL_Driver/Src/stm32l4xx_hal_tim_ex.c **** 
1980:Drivers/STM32L4xx_HAL_Driver/Src/stm32l4xx_hal_tim_ex.c ****   /* If the timer supports ADC synchronization through TRGO2, set the master mode selection 2 */
1981:Drivers/STM32L4xx_HAL_Driver/Src/stm32l4xx_hal_tim_ex.c ****   if (IS_TIM_TRGO2_INSTANCE(htim->Instance))
1982:Drivers/STM32L4xx_HAL_Driver/Src/stm32l4xx_hal_tim_ex.c ****   {
1983:Drivers/STM32L4xx_HAL_Driver/Src/stm32l4xx_hal_tim_ex.c ****     /* Check the parameters */
1984:Drivers/STM32L4xx_HAL_Driver/Src/stm32l4xx_hal_tim_ex.c ****     assert_param(IS_TIM_TRGO2_SOURCE(sMasterConfig->MasterOutputTrigger2));
1985:Drivers/STM32L4xx_HAL_Driver/Src/stm32l4xx_hal_tim_ex.c **** 
1986:Drivers/STM32L4xx_HAL_Driver/Src/stm32l4xx_hal_tim_ex.c ****     /* Clear the MMS2 bits */
1987:Drivers/STM32L4xx_HAL_Driver/Src/stm32l4xx_hal_tim_ex.c ****     tmpcr2 &= ~TIM_CR2_MMS2;
1988:Drivers/STM32L4xx_HAL_Driver/Src/stm32l4xx_hal_tim_ex.c ****     /* Select the TRGO2 source*/
1989:Drivers/STM32L4xx_HAL_Driver/Src/stm32l4xx_hal_tim_ex.c ****     tmpcr2 |= sMasterConfig->MasterOutputTrigger2;
1990:Drivers/STM32L4xx_HAL_Driver/Src/stm32l4xx_hal_tim_ex.c ****   }
1991:Drivers/STM32L4xx_HAL_Driver/Src/stm32l4xx_hal_tim_ex.c **** 
1992:Drivers/STM32L4xx_HAL_Driver/Src/stm32l4xx_hal_tim_ex.c ****   /* Reset the MMS Bits */
1993:Drivers/STM32L4xx_HAL_Driver/Src/stm32l4xx_hal_tim_ex.c ****   tmpcr2 &= ~TIM_CR2_MMS;
1994:Drivers/STM32L4xx_HAL_Driver/Src/stm32l4xx_hal_tim_ex.c ****   /* Select the TRGO source */
1995:Drivers/STM32L4xx_HAL_Driver/Src/stm32l4xx_hal_tim_ex.c ****   tmpcr2 |=  sMasterConfig->MasterOutputTrigger;
1996:Drivers/STM32L4xx_HAL_Driver/Src/stm32l4xx_hal_tim_ex.c **** 
1997:Drivers/STM32L4xx_HAL_Driver/Src/stm32l4xx_hal_tim_ex.c ****   /* Update TIMx CR2 */
1998:Drivers/STM32L4xx_HAL_Driver/Src/stm32l4xx_hal_tim_ex.c ****   htim->Instance->CR2 = tmpcr2;
1999:Drivers/STM32L4xx_HAL_Driver/Src/stm32l4xx_hal_tim_ex.c **** 
2000:Drivers/STM32L4xx_HAL_Driver/Src/stm32l4xx_hal_tim_ex.c ****   if (IS_TIM_SLAVE_INSTANCE(htim->Instance))
2001:Drivers/STM32L4xx_HAL_Driver/Src/stm32l4xx_hal_tim_ex.c ****   {
2002:Drivers/STM32L4xx_HAL_Driver/Src/stm32l4xx_hal_tim_ex.c ****     /* Reset the MSM Bit */
2003:Drivers/STM32L4xx_HAL_Driver/Src/stm32l4xx_hal_tim_ex.c ****     tmpsmcr &= ~TIM_SMCR_MSM;
2004:Drivers/STM32L4xx_HAL_Driver/Src/stm32l4xx_hal_tim_ex.c ****     /* Set master mode */
2005:Drivers/STM32L4xx_HAL_Driver/Src/stm32l4xx_hal_tim_ex.c ****     tmpsmcr |= sMasterConfig->MasterSlaveMode;
2006:Drivers/STM32L4xx_HAL_Driver/Src/stm32l4xx_hal_tim_ex.c **** 
2007:Drivers/STM32L4xx_HAL_Driver/Src/stm32l4xx_hal_tim_ex.c ****     /* Update TIMx SMCR */
2008:Drivers/STM32L4xx_HAL_Driver/Src/stm32l4xx_hal_tim_ex.c ****     htim->Instance->SMCR = tmpsmcr;
2009:Drivers/STM32L4xx_HAL_Driver/Src/stm32l4xx_hal_tim_ex.c ****   }
2010:Drivers/STM32L4xx_HAL_Driver/Src/stm32l4xx_hal_tim_ex.c **** 
2011:Drivers/STM32L4xx_HAL_Driver/Src/stm32l4xx_hal_tim_ex.c ****   /* Change the htim state */
2012:Drivers/STM32L4xx_HAL_Driver/Src/stm32l4xx_hal_tim_ex.c ****   htim->State = HAL_TIM_STATE_READY;
2013:Drivers/STM32L4xx_HAL_Driver/Src/stm32l4xx_hal_tim_ex.c **** 
2014:Drivers/STM32L4xx_HAL_Driver/Src/stm32l4xx_hal_tim_ex.c ****   __HAL_UNLOCK(htim);
2015:Drivers/STM32L4xx_HAL_Driver/Src/stm32l4xx_hal_tim_ex.c **** 
2016:Drivers/STM32L4xx_HAL_Driver/Src/stm32l4xx_hal_tim_ex.c ****   return HAL_OK;
2017:Drivers/STM32L4xx_HAL_Driver/Src/stm32l4xx_hal_tim_ex.c **** }
2018:Drivers/STM32L4xx_HAL_Driver/Src/stm32l4xx_hal_tim_ex.c **** 
2019:Drivers/STM32L4xx_HAL_Driver/Src/stm32l4xx_hal_tim_ex.c **** /**
2020:Drivers/STM32L4xx_HAL_Driver/Src/stm32l4xx_hal_tim_ex.c ****   * @brief  Configures the Break feature, dead time, Lock level, OSSI/OSSR State
2021:Drivers/STM32L4xx_HAL_Driver/Src/stm32l4xx_hal_tim_ex.c ****   *         and the AOE(automatic output enable).
2022:Drivers/STM32L4xx_HAL_Driver/Src/stm32l4xx_hal_tim_ex.c ****   * @param  htim TIM handle
2023:Drivers/STM32L4xx_HAL_Driver/Src/stm32l4xx_hal_tim_ex.c ****   * @param  sBreakDeadTimeConfig pointer to a TIM_ConfigBreakDeadConfigTypeDef structure that
2024:Drivers/STM32L4xx_HAL_Driver/Src/stm32l4xx_hal_tim_ex.c ****   *         contains the BDTR Register configuration  information for the TIM peripheral.
2025:Drivers/STM32L4xx_HAL_Driver/Src/stm32l4xx_hal_tim_ex.c ****   * @note   Interrupts can be generated when an active level is detected on the
ARM GAS  C:\Users\kerry\AppData\Local\Temp\ccWnk0Ym.s 			page 37


2026:Drivers/STM32L4xx_HAL_Driver/Src/stm32l4xx_hal_tim_ex.c ****   *         break input, the break 2 input or the system break input. Break
2027:Drivers/STM32L4xx_HAL_Driver/Src/stm32l4xx_hal_tim_ex.c ****   *         interrupt can be enabled by calling the @ref __HAL_TIM_ENABLE_IT macro.
2028:Drivers/STM32L4xx_HAL_Driver/Src/stm32l4xx_hal_tim_ex.c ****   * @retval HAL status
2029:Drivers/STM32L4xx_HAL_Driver/Src/stm32l4xx_hal_tim_ex.c ****   */
2030:Drivers/STM32L4xx_HAL_Driver/Src/stm32l4xx_hal_tim_ex.c **** HAL_StatusTypeDef HAL_TIMEx_ConfigBreakDeadTime(TIM_HandleTypeDef *htim,
2031:Drivers/STM32L4xx_HAL_Driver/Src/stm32l4xx_hal_tim_ex.c ****                                                 const TIM_BreakDeadTimeConfigTypeDef *sBreakDeadTim
2032:Drivers/STM32L4xx_HAL_Driver/Src/stm32l4xx_hal_tim_ex.c **** {
2033:Drivers/STM32L4xx_HAL_Driver/Src/stm32l4xx_hal_tim_ex.c ****   /* Keep this variable initialized to 0 as it is used to configure BDTR register */
2034:Drivers/STM32L4xx_HAL_Driver/Src/stm32l4xx_hal_tim_ex.c ****   uint32_t tmpbdtr = 0U;
2035:Drivers/STM32L4xx_HAL_Driver/Src/stm32l4xx_hal_tim_ex.c **** 
2036:Drivers/STM32L4xx_HAL_Driver/Src/stm32l4xx_hal_tim_ex.c ****   /* Check the parameters */
2037:Drivers/STM32L4xx_HAL_Driver/Src/stm32l4xx_hal_tim_ex.c ****   assert_param(IS_TIM_BREAK_INSTANCE(htim->Instance));
2038:Drivers/STM32L4xx_HAL_Driver/Src/stm32l4xx_hal_tim_ex.c ****   assert_param(IS_TIM_OSSR_STATE(sBreakDeadTimeConfig->OffStateRunMode));
2039:Drivers/STM32L4xx_HAL_Driver/Src/stm32l4xx_hal_tim_ex.c ****   assert_param(IS_TIM_OSSI_STATE(sBreakDeadTimeConfig->OffStateIDLEMode));
2040:Drivers/STM32L4xx_HAL_Driver/Src/stm32l4xx_hal_tim_ex.c ****   assert_param(IS_TIM_LOCK_LEVEL(sBreakDeadTimeConfig->LockLevel));
2041:Drivers/STM32L4xx_HAL_Driver/Src/stm32l4xx_hal_tim_ex.c ****   assert_param(IS_TIM_DEADTIME(sBreakDeadTimeConfig->DeadTime));
2042:Drivers/STM32L4xx_HAL_Driver/Src/stm32l4xx_hal_tim_ex.c ****   assert_param(IS_TIM_BREAK_STATE(sBreakDeadTimeConfig->BreakState));
2043:Drivers/STM32L4xx_HAL_Driver/Src/stm32l4xx_hal_tim_ex.c ****   assert_param(IS_TIM_BREAK_POLARITY(sBreakDeadTimeConfig->BreakPolarity));
2044:Drivers/STM32L4xx_HAL_Driver/Src/stm32l4xx_hal_tim_ex.c ****   assert_param(IS_TIM_BREAK_FILTER(sBreakDeadTimeConfig->BreakFilter));
2045:Drivers/STM32L4xx_HAL_Driver/Src/stm32l4xx_hal_tim_ex.c ****   assert_param(IS_TIM_AUTOMATIC_OUTPUT_STATE(sBreakDeadTimeConfig->AutomaticOutput));
2046:Drivers/STM32L4xx_HAL_Driver/Src/stm32l4xx_hal_tim_ex.c **** 
2047:Drivers/STM32L4xx_HAL_Driver/Src/stm32l4xx_hal_tim_ex.c ****   /* Check input state */
2048:Drivers/STM32L4xx_HAL_Driver/Src/stm32l4xx_hal_tim_ex.c ****   __HAL_LOCK(htim);
2049:Drivers/STM32L4xx_HAL_Driver/Src/stm32l4xx_hal_tim_ex.c **** 
2050:Drivers/STM32L4xx_HAL_Driver/Src/stm32l4xx_hal_tim_ex.c ****   /* Set the Lock level, the Break enable Bit and the Polarity, the OSSR State,
2051:Drivers/STM32L4xx_HAL_Driver/Src/stm32l4xx_hal_tim_ex.c ****      the OSSI State, the dead time value and the Automatic Output Enable Bit */
2052:Drivers/STM32L4xx_HAL_Driver/Src/stm32l4xx_hal_tim_ex.c **** 
2053:Drivers/STM32L4xx_HAL_Driver/Src/stm32l4xx_hal_tim_ex.c ****   /* Set the BDTR bits */
2054:Drivers/STM32L4xx_HAL_Driver/Src/stm32l4xx_hal_tim_ex.c ****   MODIFY_REG(tmpbdtr, TIM_BDTR_DTG, sBreakDeadTimeConfig->DeadTime);
2055:Drivers/STM32L4xx_HAL_Driver/Src/stm32l4xx_hal_tim_ex.c ****   MODIFY_REG(tmpbdtr, TIM_BDTR_LOCK, sBreakDeadTimeConfig->LockLevel);
2056:Drivers/STM32L4xx_HAL_Driver/Src/stm32l4xx_hal_tim_ex.c ****   MODIFY_REG(tmpbdtr, TIM_BDTR_OSSI, sBreakDeadTimeConfig->OffStateIDLEMode);
2057:Drivers/STM32L4xx_HAL_Driver/Src/stm32l4xx_hal_tim_ex.c ****   MODIFY_REG(tmpbdtr, TIM_BDTR_OSSR, sBreakDeadTimeConfig->OffStateRunMode);
2058:Drivers/STM32L4xx_HAL_Driver/Src/stm32l4xx_hal_tim_ex.c ****   MODIFY_REG(tmpbdtr, TIM_BDTR_BKE, sBreakDeadTimeConfig->BreakState);
2059:Drivers/STM32L4xx_HAL_Driver/Src/stm32l4xx_hal_tim_ex.c ****   MODIFY_REG(tmpbdtr, TIM_BDTR_BKP, sBreakDeadTimeConfig->BreakPolarity);
2060:Drivers/STM32L4xx_HAL_Driver/Src/stm32l4xx_hal_tim_ex.c ****   MODIFY_REG(tmpbdtr, TIM_BDTR_AOE, sBreakDeadTimeConfig->AutomaticOutput);
2061:Drivers/STM32L4xx_HAL_Driver/Src/stm32l4xx_hal_tim_ex.c ****   MODIFY_REG(tmpbdtr, TIM_BDTR_BKF, (sBreakDeadTimeConfig->BreakFilter << TIM_BDTR_BKF_Pos));
2062:Drivers/STM32L4xx_HAL_Driver/Src/stm32l4xx_hal_tim_ex.c **** 
2063:Drivers/STM32L4xx_HAL_Driver/Src/stm32l4xx_hal_tim_ex.c ****   if (IS_TIM_BKIN2_INSTANCE(htim->Instance))
2064:Drivers/STM32L4xx_HAL_Driver/Src/stm32l4xx_hal_tim_ex.c ****   {
2065:Drivers/STM32L4xx_HAL_Driver/Src/stm32l4xx_hal_tim_ex.c ****     /* Check the parameters */
2066:Drivers/STM32L4xx_HAL_Driver/Src/stm32l4xx_hal_tim_ex.c ****     assert_param(IS_TIM_BREAK2_STATE(sBreakDeadTimeConfig->Break2State));
2067:Drivers/STM32L4xx_HAL_Driver/Src/stm32l4xx_hal_tim_ex.c ****     assert_param(IS_TIM_BREAK2_POLARITY(sBreakDeadTimeConfig->Break2Polarity));
2068:Drivers/STM32L4xx_HAL_Driver/Src/stm32l4xx_hal_tim_ex.c ****     assert_param(IS_TIM_BREAK_FILTER(sBreakDeadTimeConfig->Break2Filter));
2069:Drivers/STM32L4xx_HAL_Driver/Src/stm32l4xx_hal_tim_ex.c **** 
2070:Drivers/STM32L4xx_HAL_Driver/Src/stm32l4xx_hal_tim_ex.c ****     /* Set the BREAK2 input related BDTR bits */
2071:Drivers/STM32L4xx_HAL_Driver/Src/stm32l4xx_hal_tim_ex.c ****     MODIFY_REG(tmpbdtr, TIM_BDTR_BK2F, (sBreakDeadTimeConfig->Break2Filter << TIM_BDTR_BK2F_Pos));
2072:Drivers/STM32L4xx_HAL_Driver/Src/stm32l4xx_hal_tim_ex.c ****     MODIFY_REG(tmpbdtr, TIM_BDTR_BK2E, sBreakDeadTimeConfig->Break2State);
2073:Drivers/STM32L4xx_HAL_Driver/Src/stm32l4xx_hal_tim_ex.c ****     MODIFY_REG(tmpbdtr, TIM_BDTR_BK2P, sBreakDeadTimeConfig->Break2Polarity);
2074:Drivers/STM32L4xx_HAL_Driver/Src/stm32l4xx_hal_tim_ex.c ****   }
2075:Drivers/STM32L4xx_HAL_Driver/Src/stm32l4xx_hal_tim_ex.c **** 
2076:Drivers/STM32L4xx_HAL_Driver/Src/stm32l4xx_hal_tim_ex.c ****   /* Set TIMx_BDTR */
2077:Drivers/STM32L4xx_HAL_Driver/Src/stm32l4xx_hal_tim_ex.c ****   htim->Instance->BDTR = tmpbdtr;
2078:Drivers/STM32L4xx_HAL_Driver/Src/stm32l4xx_hal_tim_ex.c **** 
2079:Drivers/STM32L4xx_HAL_Driver/Src/stm32l4xx_hal_tim_ex.c ****   __HAL_UNLOCK(htim);
2080:Drivers/STM32L4xx_HAL_Driver/Src/stm32l4xx_hal_tim_ex.c **** 
2081:Drivers/STM32L4xx_HAL_Driver/Src/stm32l4xx_hal_tim_ex.c ****   return HAL_OK;
2082:Drivers/STM32L4xx_HAL_Driver/Src/stm32l4xx_hal_tim_ex.c **** }
ARM GAS  C:\Users\kerry\AppData\Local\Temp\ccWnk0Ym.s 			page 38


2083:Drivers/STM32L4xx_HAL_Driver/Src/stm32l4xx_hal_tim_ex.c **** 
2084:Drivers/STM32L4xx_HAL_Driver/Src/stm32l4xx_hal_tim_ex.c **** /**
2085:Drivers/STM32L4xx_HAL_Driver/Src/stm32l4xx_hal_tim_ex.c ****   * @brief  Configures the break input source.
2086:Drivers/STM32L4xx_HAL_Driver/Src/stm32l4xx_hal_tim_ex.c ****   * @param  htim TIM handle.
2087:Drivers/STM32L4xx_HAL_Driver/Src/stm32l4xx_hal_tim_ex.c ****   * @param  BreakInput Break input to configure
2088:Drivers/STM32L4xx_HAL_Driver/Src/stm32l4xx_hal_tim_ex.c ****   *          This parameter can be one of the following values:
2089:Drivers/STM32L4xx_HAL_Driver/Src/stm32l4xx_hal_tim_ex.c ****   *            @arg TIM_BREAKINPUT_BRK: Timer break input
2090:Drivers/STM32L4xx_HAL_Driver/Src/stm32l4xx_hal_tim_ex.c ****   *            @arg TIM_BREAKINPUT_BRK2: Timer break 2 input
2091:Drivers/STM32L4xx_HAL_Driver/Src/stm32l4xx_hal_tim_ex.c ****   * @param  sBreakInputConfig Break input source configuration
2092:Drivers/STM32L4xx_HAL_Driver/Src/stm32l4xx_hal_tim_ex.c ****   * @retval HAL status
2093:Drivers/STM32L4xx_HAL_Driver/Src/stm32l4xx_hal_tim_ex.c ****   */
2094:Drivers/STM32L4xx_HAL_Driver/Src/stm32l4xx_hal_tim_ex.c **** HAL_StatusTypeDef HAL_TIMEx_ConfigBreakInput(TIM_HandleTypeDef *htim,
2095:Drivers/STM32L4xx_HAL_Driver/Src/stm32l4xx_hal_tim_ex.c ****                                              uint32_t BreakInput,
2096:Drivers/STM32L4xx_HAL_Driver/Src/stm32l4xx_hal_tim_ex.c ****                                              const TIMEx_BreakInputConfigTypeDef *sBreakInputConfig
2097:Drivers/STM32L4xx_HAL_Driver/Src/stm32l4xx_hal_tim_ex.c **** {
2098:Drivers/STM32L4xx_HAL_Driver/Src/stm32l4xx_hal_tim_ex.c ****   HAL_StatusTypeDef status = HAL_OK;
2099:Drivers/STM32L4xx_HAL_Driver/Src/stm32l4xx_hal_tim_ex.c ****   uint32_t tmporx;
2100:Drivers/STM32L4xx_HAL_Driver/Src/stm32l4xx_hal_tim_ex.c ****   uint32_t bkin_enable_mask;
2101:Drivers/STM32L4xx_HAL_Driver/Src/stm32l4xx_hal_tim_ex.c ****   uint32_t bkin_polarity_mask;
2102:Drivers/STM32L4xx_HAL_Driver/Src/stm32l4xx_hal_tim_ex.c ****   uint32_t bkin_enable_bitpos;
2103:Drivers/STM32L4xx_HAL_Driver/Src/stm32l4xx_hal_tim_ex.c ****   uint32_t bkin_polarity_bitpos;
2104:Drivers/STM32L4xx_HAL_Driver/Src/stm32l4xx_hal_tim_ex.c **** 
2105:Drivers/STM32L4xx_HAL_Driver/Src/stm32l4xx_hal_tim_ex.c ****   /* Check the parameters */
2106:Drivers/STM32L4xx_HAL_Driver/Src/stm32l4xx_hal_tim_ex.c ****   assert_param(IS_TIM_BREAK_INSTANCE(htim->Instance));
2107:Drivers/STM32L4xx_HAL_Driver/Src/stm32l4xx_hal_tim_ex.c ****   assert_param(IS_TIM_BREAKINPUT(BreakInput));
2108:Drivers/STM32L4xx_HAL_Driver/Src/stm32l4xx_hal_tim_ex.c ****   assert_param(IS_TIM_BREAKINPUTSOURCE(sBreakInputConfig->Source));
2109:Drivers/STM32L4xx_HAL_Driver/Src/stm32l4xx_hal_tim_ex.c ****   assert_param(IS_TIM_BREAKINPUTSOURCE_STATE(sBreakInputConfig->Enable));
2110:Drivers/STM32L4xx_HAL_Driver/Src/stm32l4xx_hal_tim_ex.c **** #if defined(DFSDM1_Channel0)
2111:Drivers/STM32L4xx_HAL_Driver/Src/stm32l4xx_hal_tim_ex.c ****   if (sBreakInputConfig->Source != TIM_BREAKINPUTSOURCE_DFSDM1)
2112:Drivers/STM32L4xx_HAL_Driver/Src/stm32l4xx_hal_tim_ex.c ****   {
2113:Drivers/STM32L4xx_HAL_Driver/Src/stm32l4xx_hal_tim_ex.c ****     assert_param(IS_TIM_BREAKINPUTSOURCE_POLARITY(sBreakInputConfig->Polarity));
2114:Drivers/STM32L4xx_HAL_Driver/Src/stm32l4xx_hal_tim_ex.c ****   }
2115:Drivers/STM32L4xx_HAL_Driver/Src/stm32l4xx_hal_tim_ex.c **** #else
2116:Drivers/STM32L4xx_HAL_Driver/Src/stm32l4xx_hal_tim_ex.c ****   assert_param(IS_TIM_BREAKINPUTSOURCE_POLARITY(sBreakInputConfig->Polarity));
2117:Drivers/STM32L4xx_HAL_Driver/Src/stm32l4xx_hal_tim_ex.c **** #endif /* DFSDM1_Channel0 */
2118:Drivers/STM32L4xx_HAL_Driver/Src/stm32l4xx_hal_tim_ex.c **** 
2119:Drivers/STM32L4xx_HAL_Driver/Src/stm32l4xx_hal_tim_ex.c ****   /* Check input state */
2120:Drivers/STM32L4xx_HAL_Driver/Src/stm32l4xx_hal_tim_ex.c ****   __HAL_LOCK(htim);
2121:Drivers/STM32L4xx_HAL_Driver/Src/stm32l4xx_hal_tim_ex.c **** 
2122:Drivers/STM32L4xx_HAL_Driver/Src/stm32l4xx_hal_tim_ex.c ****   switch (sBreakInputConfig->Source)
2123:Drivers/STM32L4xx_HAL_Driver/Src/stm32l4xx_hal_tim_ex.c ****   {
2124:Drivers/STM32L4xx_HAL_Driver/Src/stm32l4xx_hal_tim_ex.c ****     case TIM_BREAKINPUTSOURCE_BKIN:
2125:Drivers/STM32L4xx_HAL_Driver/Src/stm32l4xx_hal_tim_ex.c ****     {
2126:Drivers/STM32L4xx_HAL_Driver/Src/stm32l4xx_hal_tim_ex.c ****       bkin_enable_mask = TIM1_OR2_BKINE;
2127:Drivers/STM32L4xx_HAL_Driver/Src/stm32l4xx_hal_tim_ex.c ****       bkin_enable_bitpos = TIM1_OR2_BKINE_Pos;
2128:Drivers/STM32L4xx_HAL_Driver/Src/stm32l4xx_hal_tim_ex.c ****       bkin_polarity_mask = TIM1_OR2_BKINP;
2129:Drivers/STM32L4xx_HAL_Driver/Src/stm32l4xx_hal_tim_ex.c ****       bkin_polarity_bitpos = TIM1_OR2_BKINP_Pos;
2130:Drivers/STM32L4xx_HAL_Driver/Src/stm32l4xx_hal_tim_ex.c ****       break;
2131:Drivers/STM32L4xx_HAL_Driver/Src/stm32l4xx_hal_tim_ex.c ****     }
2132:Drivers/STM32L4xx_HAL_Driver/Src/stm32l4xx_hal_tim_ex.c ****     case TIM_BREAKINPUTSOURCE_COMP1:
2133:Drivers/STM32L4xx_HAL_Driver/Src/stm32l4xx_hal_tim_ex.c ****     {
2134:Drivers/STM32L4xx_HAL_Driver/Src/stm32l4xx_hal_tim_ex.c ****       bkin_enable_mask = TIM1_OR2_BKCMP1E;
2135:Drivers/STM32L4xx_HAL_Driver/Src/stm32l4xx_hal_tim_ex.c ****       bkin_enable_bitpos = TIM1_OR2_BKCMP1E_Pos;
2136:Drivers/STM32L4xx_HAL_Driver/Src/stm32l4xx_hal_tim_ex.c ****       bkin_polarity_mask = TIM1_OR2_BKCMP1P;
2137:Drivers/STM32L4xx_HAL_Driver/Src/stm32l4xx_hal_tim_ex.c ****       bkin_polarity_bitpos = TIM1_OR2_BKCMP1P_Pos;
2138:Drivers/STM32L4xx_HAL_Driver/Src/stm32l4xx_hal_tim_ex.c ****       break;
2139:Drivers/STM32L4xx_HAL_Driver/Src/stm32l4xx_hal_tim_ex.c ****     }
ARM GAS  C:\Users\kerry\AppData\Local\Temp\ccWnk0Ym.s 			page 39


2140:Drivers/STM32L4xx_HAL_Driver/Src/stm32l4xx_hal_tim_ex.c ****     case TIM_BREAKINPUTSOURCE_COMP2:
2141:Drivers/STM32L4xx_HAL_Driver/Src/stm32l4xx_hal_tim_ex.c ****     {
2142:Drivers/STM32L4xx_HAL_Driver/Src/stm32l4xx_hal_tim_ex.c ****       bkin_enable_mask = TIM1_OR2_BKCMP2E;
2143:Drivers/STM32L4xx_HAL_Driver/Src/stm32l4xx_hal_tim_ex.c ****       bkin_enable_bitpos = TIM1_OR2_BKCMP2E_Pos;
2144:Drivers/STM32L4xx_HAL_Driver/Src/stm32l4xx_hal_tim_ex.c ****       bkin_polarity_mask = TIM1_OR2_BKCMP2P;
2145:Drivers/STM32L4xx_HAL_Driver/Src/stm32l4xx_hal_tim_ex.c ****       bkin_polarity_bitpos = TIM1_OR2_BKCMP2P_Pos;
2146:Drivers/STM32L4xx_HAL_Driver/Src/stm32l4xx_hal_tim_ex.c ****       break;
2147:Drivers/STM32L4xx_HAL_Driver/Src/stm32l4xx_hal_tim_ex.c ****     }
2148:Drivers/STM32L4xx_HAL_Driver/Src/stm32l4xx_hal_tim_ex.c **** #if defined(DFSDM1_Channel0)
2149:Drivers/STM32L4xx_HAL_Driver/Src/stm32l4xx_hal_tim_ex.c ****     case TIM_BREAKINPUTSOURCE_DFSDM1:
2150:Drivers/STM32L4xx_HAL_Driver/Src/stm32l4xx_hal_tim_ex.c ****     {
2151:Drivers/STM32L4xx_HAL_Driver/Src/stm32l4xx_hal_tim_ex.c ****       bkin_enable_mask = TIM1_OR2_BKDF1BK0E;
2152:Drivers/STM32L4xx_HAL_Driver/Src/stm32l4xx_hal_tim_ex.c ****       bkin_enable_bitpos = TIM1_OR2_BKDF1BK0E_Pos;
2153:Drivers/STM32L4xx_HAL_Driver/Src/stm32l4xx_hal_tim_ex.c ****       bkin_polarity_mask = 0U;
2154:Drivers/STM32L4xx_HAL_Driver/Src/stm32l4xx_hal_tim_ex.c ****       bkin_polarity_bitpos = 0U;
2155:Drivers/STM32L4xx_HAL_Driver/Src/stm32l4xx_hal_tim_ex.c ****       break;
2156:Drivers/STM32L4xx_HAL_Driver/Src/stm32l4xx_hal_tim_ex.c ****     }
2157:Drivers/STM32L4xx_HAL_Driver/Src/stm32l4xx_hal_tim_ex.c **** #endif /* DFSDM1_Channel0 */
2158:Drivers/STM32L4xx_HAL_Driver/Src/stm32l4xx_hal_tim_ex.c **** 
2159:Drivers/STM32L4xx_HAL_Driver/Src/stm32l4xx_hal_tim_ex.c ****     default:
2160:Drivers/STM32L4xx_HAL_Driver/Src/stm32l4xx_hal_tim_ex.c ****     {
2161:Drivers/STM32L4xx_HAL_Driver/Src/stm32l4xx_hal_tim_ex.c ****       bkin_enable_mask = 0U;
2162:Drivers/STM32L4xx_HAL_Driver/Src/stm32l4xx_hal_tim_ex.c ****       bkin_polarity_mask = 0U;
2163:Drivers/STM32L4xx_HAL_Driver/Src/stm32l4xx_hal_tim_ex.c ****       bkin_enable_bitpos = 0U;
2164:Drivers/STM32L4xx_HAL_Driver/Src/stm32l4xx_hal_tim_ex.c ****       bkin_polarity_bitpos = 0U;
2165:Drivers/STM32L4xx_HAL_Driver/Src/stm32l4xx_hal_tim_ex.c ****       break;
2166:Drivers/STM32L4xx_HAL_Driver/Src/stm32l4xx_hal_tim_ex.c ****     }
2167:Drivers/STM32L4xx_HAL_Driver/Src/stm32l4xx_hal_tim_ex.c ****   }
2168:Drivers/STM32L4xx_HAL_Driver/Src/stm32l4xx_hal_tim_ex.c **** 
2169:Drivers/STM32L4xx_HAL_Driver/Src/stm32l4xx_hal_tim_ex.c ****   switch (BreakInput)
2170:Drivers/STM32L4xx_HAL_Driver/Src/stm32l4xx_hal_tim_ex.c ****   {
2171:Drivers/STM32L4xx_HAL_Driver/Src/stm32l4xx_hal_tim_ex.c ****     case TIM_BREAKINPUT_BRK:
2172:Drivers/STM32L4xx_HAL_Driver/Src/stm32l4xx_hal_tim_ex.c ****     {
2173:Drivers/STM32L4xx_HAL_Driver/Src/stm32l4xx_hal_tim_ex.c ****       /* Get the TIMx_OR2 register value */
2174:Drivers/STM32L4xx_HAL_Driver/Src/stm32l4xx_hal_tim_ex.c ****       tmporx = htim->Instance->OR2;
2175:Drivers/STM32L4xx_HAL_Driver/Src/stm32l4xx_hal_tim_ex.c **** 
2176:Drivers/STM32L4xx_HAL_Driver/Src/stm32l4xx_hal_tim_ex.c ****       /* Enable the break input */
2177:Drivers/STM32L4xx_HAL_Driver/Src/stm32l4xx_hal_tim_ex.c ****       tmporx &= ~bkin_enable_mask;
2178:Drivers/STM32L4xx_HAL_Driver/Src/stm32l4xx_hal_tim_ex.c ****       tmporx |= (sBreakInputConfig->Enable << bkin_enable_bitpos) & bkin_enable_mask;
2179:Drivers/STM32L4xx_HAL_Driver/Src/stm32l4xx_hal_tim_ex.c **** 
2180:Drivers/STM32L4xx_HAL_Driver/Src/stm32l4xx_hal_tim_ex.c ****       /* Set the break input polarity */
2181:Drivers/STM32L4xx_HAL_Driver/Src/stm32l4xx_hal_tim_ex.c **** #if defined(DFSDM1_Channel0)
2182:Drivers/STM32L4xx_HAL_Driver/Src/stm32l4xx_hal_tim_ex.c ****       if (sBreakInputConfig->Source != TIM_BREAKINPUTSOURCE_DFSDM1)
2183:Drivers/STM32L4xx_HAL_Driver/Src/stm32l4xx_hal_tim_ex.c ****       {
2184:Drivers/STM32L4xx_HAL_Driver/Src/stm32l4xx_hal_tim_ex.c **** #endif /* DFSDM1_Channel0 */
2185:Drivers/STM32L4xx_HAL_Driver/Src/stm32l4xx_hal_tim_ex.c ****         tmporx &= ~bkin_polarity_mask;
2186:Drivers/STM32L4xx_HAL_Driver/Src/stm32l4xx_hal_tim_ex.c ****         tmporx |= (sBreakInputConfig->Polarity << bkin_polarity_bitpos) & bkin_polarity_mask;
2187:Drivers/STM32L4xx_HAL_Driver/Src/stm32l4xx_hal_tim_ex.c **** #if defined(DFSDM1_Channel0)
2188:Drivers/STM32L4xx_HAL_Driver/Src/stm32l4xx_hal_tim_ex.c ****       }
2189:Drivers/STM32L4xx_HAL_Driver/Src/stm32l4xx_hal_tim_ex.c **** #endif /* DFSDM1_Channel0 */
2190:Drivers/STM32L4xx_HAL_Driver/Src/stm32l4xx_hal_tim_ex.c **** 
2191:Drivers/STM32L4xx_HAL_Driver/Src/stm32l4xx_hal_tim_ex.c ****       /* Set TIMx_OR2 */
2192:Drivers/STM32L4xx_HAL_Driver/Src/stm32l4xx_hal_tim_ex.c ****       htim->Instance->OR2 = tmporx;
2193:Drivers/STM32L4xx_HAL_Driver/Src/stm32l4xx_hal_tim_ex.c ****       break;
2194:Drivers/STM32L4xx_HAL_Driver/Src/stm32l4xx_hal_tim_ex.c ****     }
2195:Drivers/STM32L4xx_HAL_Driver/Src/stm32l4xx_hal_tim_ex.c ****     case TIM_BREAKINPUT_BRK2:
2196:Drivers/STM32L4xx_HAL_Driver/Src/stm32l4xx_hal_tim_ex.c ****     {
ARM GAS  C:\Users\kerry\AppData\Local\Temp\ccWnk0Ym.s 			page 40


2197:Drivers/STM32L4xx_HAL_Driver/Src/stm32l4xx_hal_tim_ex.c ****       /* Get the TIMx_OR3 register value */
2198:Drivers/STM32L4xx_HAL_Driver/Src/stm32l4xx_hal_tim_ex.c ****       tmporx = htim->Instance->OR3;
2199:Drivers/STM32L4xx_HAL_Driver/Src/stm32l4xx_hal_tim_ex.c **** 
2200:Drivers/STM32L4xx_HAL_Driver/Src/stm32l4xx_hal_tim_ex.c ****       /* Enable the break input */
2201:Drivers/STM32L4xx_HAL_Driver/Src/stm32l4xx_hal_tim_ex.c ****       tmporx &= ~bkin_enable_mask;
2202:Drivers/STM32L4xx_HAL_Driver/Src/stm32l4xx_hal_tim_ex.c ****       tmporx |= (sBreakInputConfig->Enable << bkin_enable_bitpos) & bkin_enable_mask;
2203:Drivers/STM32L4xx_HAL_Driver/Src/stm32l4xx_hal_tim_ex.c **** 
2204:Drivers/STM32L4xx_HAL_Driver/Src/stm32l4xx_hal_tim_ex.c ****       /* Set the break input polarity */
2205:Drivers/STM32L4xx_HAL_Driver/Src/stm32l4xx_hal_tim_ex.c **** #if defined(DFSDM1_Channel0)
2206:Drivers/STM32L4xx_HAL_Driver/Src/stm32l4xx_hal_tim_ex.c ****       if (sBreakInputConfig->Source != TIM_BREAKINPUTSOURCE_DFSDM1)
2207:Drivers/STM32L4xx_HAL_Driver/Src/stm32l4xx_hal_tim_ex.c ****       {
2208:Drivers/STM32L4xx_HAL_Driver/Src/stm32l4xx_hal_tim_ex.c **** #endif /* DFSDM1_Channel0 */
2209:Drivers/STM32L4xx_HAL_Driver/Src/stm32l4xx_hal_tim_ex.c ****         tmporx &= ~bkin_polarity_mask;
2210:Drivers/STM32L4xx_HAL_Driver/Src/stm32l4xx_hal_tim_ex.c ****         tmporx |= (sBreakInputConfig->Polarity << bkin_polarity_bitpos) & bkin_polarity_mask;
2211:Drivers/STM32L4xx_HAL_Driver/Src/stm32l4xx_hal_tim_ex.c **** #if  defined(DFSDM1_Channel0)
2212:Drivers/STM32L4xx_HAL_Driver/Src/stm32l4xx_hal_tim_ex.c ****       }
2213:Drivers/STM32L4xx_HAL_Driver/Src/stm32l4xx_hal_tim_ex.c **** #endif /* DFSDM1_Channel0 */
2214:Drivers/STM32L4xx_HAL_Driver/Src/stm32l4xx_hal_tim_ex.c **** 
2215:Drivers/STM32L4xx_HAL_Driver/Src/stm32l4xx_hal_tim_ex.c ****       /* Set TIMx_OR3 */
2216:Drivers/STM32L4xx_HAL_Driver/Src/stm32l4xx_hal_tim_ex.c ****       htim->Instance->OR3 = tmporx;
2217:Drivers/STM32L4xx_HAL_Driver/Src/stm32l4xx_hal_tim_ex.c ****       break;
2218:Drivers/STM32L4xx_HAL_Driver/Src/stm32l4xx_hal_tim_ex.c ****     }
2219:Drivers/STM32L4xx_HAL_Driver/Src/stm32l4xx_hal_tim_ex.c ****     default:
2220:Drivers/STM32L4xx_HAL_Driver/Src/stm32l4xx_hal_tim_ex.c ****       status = HAL_ERROR;
2221:Drivers/STM32L4xx_HAL_Driver/Src/stm32l4xx_hal_tim_ex.c ****       break;
2222:Drivers/STM32L4xx_HAL_Driver/Src/stm32l4xx_hal_tim_ex.c ****   }
2223:Drivers/STM32L4xx_HAL_Driver/Src/stm32l4xx_hal_tim_ex.c **** 
2224:Drivers/STM32L4xx_HAL_Driver/Src/stm32l4xx_hal_tim_ex.c ****   __HAL_UNLOCK(htim);
2225:Drivers/STM32L4xx_HAL_Driver/Src/stm32l4xx_hal_tim_ex.c **** 
2226:Drivers/STM32L4xx_HAL_Driver/Src/stm32l4xx_hal_tim_ex.c ****   return status;
2227:Drivers/STM32L4xx_HAL_Driver/Src/stm32l4xx_hal_tim_ex.c **** }
2228:Drivers/STM32L4xx_HAL_Driver/Src/stm32l4xx_hal_tim_ex.c **** 
2229:Drivers/STM32L4xx_HAL_Driver/Src/stm32l4xx_hal_tim_ex.c **** /**
2230:Drivers/STM32L4xx_HAL_Driver/Src/stm32l4xx_hal_tim_ex.c ****   * @brief  Configures the TIMx Remapping input capabilities.
2231:Drivers/STM32L4xx_HAL_Driver/Src/stm32l4xx_hal_tim_ex.c ****   * @param  htim TIM handle.
2232:Drivers/STM32L4xx_HAL_Driver/Src/stm32l4xx_hal_tim_ex.c ****   * @param  Remap specifies the TIM remapping source.
2233:Drivers/STM32L4xx_HAL_Driver/Src/stm32l4xx_hal_tim_ex.c ****     @if STM32L422xx
2234:Drivers/STM32L4xx_HAL_Driver/Src/stm32l4xx_hal_tim_ex.c ****   *         For TIM1, the parameter is a combination of 2 fields (field1 | field2):
2235:Drivers/STM32L4xx_HAL_Driver/Src/stm32l4xx_hal_tim_ex.c ****   *
2236:Drivers/STM32L4xx_HAL_Driver/Src/stm32l4xx_hal_tim_ex.c ****   *                   field1 can have the following values:
2237:Drivers/STM32L4xx_HAL_Driver/Src/stm32l4xx_hal_tim_ex.c ****   *            @arg TIM_TIM1_ETR_ADC1_NONE:           TIM1_ETR is not connected to any ADC1 AWD (an
2238:Drivers/STM32L4xx_HAL_Driver/Src/stm32l4xx_hal_tim_ex.c ****   *            @arg TIM_TIM1_ETR_ADC1_AWD1:           TIM1_ETR is connected to ADC1 AWD1
2239:Drivers/STM32L4xx_HAL_Driver/Src/stm32l4xx_hal_tim_ex.c ****   *            @arg TIM_TIM1_ETR_ADC1_AWD2:           TIM1_ETR is connected to ADC1 AWD2
2240:Drivers/STM32L4xx_HAL_Driver/Src/stm32l4xx_hal_tim_ex.c ****   *            @arg TIM_TIM1_ETR_ADC1_AWD3:           TIM1_ETR is connected to ADC1 AWD3
2241:Drivers/STM32L4xx_HAL_Driver/Src/stm32l4xx_hal_tim_ex.c ****   *
2242:Drivers/STM32L4xx_HAL_Driver/Src/stm32l4xx_hal_tim_ex.c ****   *                   field2 can have the following values:
2243:Drivers/STM32L4xx_HAL_Driver/Src/stm32l4xx_hal_tim_ex.c ****   *            @arg TIM_TIM1_TI1_GPIO:                TIM1 TI1 is connected to GPIO
2244:Drivers/STM32L4xx_HAL_Driver/Src/stm32l4xx_hal_tim_ex.c ****   *            @arg TIM_TIM1_TI1_COMP1:               TIM1 TI1 is connected to COMP1 output
2245:Drivers/STM32L4xx_HAL_Driver/Src/stm32l4xx_hal_tim_ex.c ****   *
2246:Drivers/STM32L4xx_HAL_Driver/Src/stm32l4xx_hal_tim_ex.c ****   @endif
2247:Drivers/STM32L4xx_HAL_Driver/Src/stm32l4xx_hal_tim_ex.c **** @if STM32L486xx
2248:Drivers/STM32L4xx_HAL_Driver/Src/stm32l4xx_hal_tim_ex.c ****   *         For TIM1, the parameter is a combination of 4 fields (field1 | field2 | field3 | field4
2249:Drivers/STM32L4xx_HAL_Driver/Src/stm32l4xx_hal_tim_ex.c ****   *
2250:Drivers/STM32L4xx_HAL_Driver/Src/stm32l4xx_hal_tim_ex.c ****   *                   field1 can have the following values:
2251:Drivers/STM32L4xx_HAL_Driver/Src/stm32l4xx_hal_tim_ex.c ****   *            @arg TIM_TIM1_ETR_ADC1_NONE:           TIM1_ETR is not connected to any ADC1 AWD (an
2252:Drivers/STM32L4xx_HAL_Driver/Src/stm32l4xx_hal_tim_ex.c ****   *            @arg TIM_TIM1_ETR_ADC1_AWD1:           TIM1_ETR is connected to ADC1 AWD1
2253:Drivers/STM32L4xx_HAL_Driver/Src/stm32l4xx_hal_tim_ex.c ****   *            @arg TIM_TIM1_ETR_ADC1_AWD2:           TIM1_ETR is connected to ADC1 AWD2
ARM GAS  C:\Users\kerry\AppData\Local\Temp\ccWnk0Ym.s 			page 41


2254:Drivers/STM32L4xx_HAL_Driver/Src/stm32l4xx_hal_tim_ex.c ****   *            @arg TIM_TIM1_ETR_ADC1_AWD3:           TIM1_ETR is connected to ADC1 AWD3
2255:Drivers/STM32L4xx_HAL_Driver/Src/stm32l4xx_hal_tim_ex.c ****   *
2256:Drivers/STM32L4xx_HAL_Driver/Src/stm32l4xx_hal_tim_ex.c ****   *                   field2 can have the following values:
2257:Drivers/STM32L4xx_HAL_Driver/Src/stm32l4xx_hal_tim_ex.c ****   *            @arg TIM_TIM1_ETR_ADC3_NONE:           TIM1_ETR is not connected to any ADC3 AWD (an
2258:Drivers/STM32L4xx_HAL_Driver/Src/stm32l4xx_hal_tim_ex.c ****   *            @arg TIM_TIM1_ETR_ADC3_AWD1:           TIM1_ETR is connected to ADC3 AWD1
2259:Drivers/STM32L4xx_HAL_Driver/Src/stm32l4xx_hal_tim_ex.c ****   *            @arg TIM_TIM1_ETR_ADC3_AWD2:           TIM1_ETR is connected to ADC3 AWD2
2260:Drivers/STM32L4xx_HAL_Driver/Src/stm32l4xx_hal_tim_ex.c ****   *            @arg TIM_TIM1_ETR_ADC3_AWD3:           TIM1_ETR is connected to ADC3 AWD3
2261:Drivers/STM32L4xx_HAL_Driver/Src/stm32l4xx_hal_tim_ex.c ****   *
2262:Drivers/STM32L4xx_HAL_Driver/Src/stm32l4xx_hal_tim_ex.c ****   *                   field3 can have the following values:
2263:Drivers/STM32L4xx_HAL_Driver/Src/stm32l4xx_hal_tim_ex.c ****   *            @arg TIM_TIM1_TI1_GPIO:                TIM1 TI1 is connected to GPIO
2264:Drivers/STM32L4xx_HAL_Driver/Src/stm32l4xx_hal_tim_ex.c ****   *            @arg TIM_TIM1_TI1_COMP1:               TIM1 TI1 is connected to COMP1 output
2265:Drivers/STM32L4xx_HAL_Driver/Src/stm32l4xx_hal_tim_ex.c ****   *
2266:Drivers/STM32L4xx_HAL_Driver/Src/stm32l4xx_hal_tim_ex.c ****   *                   field4 can have the following values:
2267:Drivers/STM32L4xx_HAL_Driver/Src/stm32l4xx_hal_tim_ex.c ****   *            @arg TIM_TIM1_ETR_COMP1:               TIM1_ETR is connected to COMP1 output
2268:Drivers/STM32L4xx_HAL_Driver/Src/stm32l4xx_hal_tim_ex.c ****   *            @arg TIM_TIM1_ETR_COMP2:               TIM1_ETR is connected to COMP2 output
2269:Drivers/STM32L4xx_HAL_Driver/Src/stm32l4xx_hal_tim_ex.c ****   *            @note  When field4 is set to TIM_TIM1_ETR_COMP1 or TIM_TIM1_ETR_COMP2 field1 and fie
2270:Drivers/STM32L4xx_HAL_Driver/Src/stm32l4xx_hal_tim_ex.c ****   @endif
2271:Drivers/STM32L4xx_HAL_Driver/Src/stm32l4xx_hal_tim_ex.c ****   @if STM32L443xx
2272:Drivers/STM32L4xx_HAL_Driver/Src/stm32l4xx_hal_tim_ex.c ****   *         For TIM1, the parameter is a combination of 3 fields (field1 | field2 | field3):
2273:Drivers/STM32L4xx_HAL_Driver/Src/stm32l4xx_hal_tim_ex.c ****   *
2274:Drivers/STM32L4xx_HAL_Driver/Src/stm32l4xx_hal_tim_ex.c ****   *                   field1 can have the following values:
2275:Drivers/STM32L4xx_HAL_Driver/Src/stm32l4xx_hal_tim_ex.c ****   *            @arg TIM_TIM1_ETR_ADC1_NONE:           TIM1_ETR is not connected to any ADC1 AWD (an
2276:Drivers/STM32L4xx_HAL_Driver/Src/stm32l4xx_hal_tim_ex.c ****   *            @arg TIM_TIM1_ETR_ADC1_AWD1:           TIM1_ETR is connected to ADC1 AWD1
2277:Drivers/STM32L4xx_HAL_Driver/Src/stm32l4xx_hal_tim_ex.c ****   *            @arg TIM_TIM1_ETR_ADC1_AWD2:           TIM1_ETR is connected to ADC1 AWD2
2278:Drivers/STM32L4xx_HAL_Driver/Src/stm32l4xx_hal_tim_ex.c ****   *            @arg TIM_TIM1_ETR_ADC1_AWD3:           TIM1_ETR is connected to ADC1 AWD3
2279:Drivers/STM32L4xx_HAL_Driver/Src/stm32l4xx_hal_tim_ex.c ****   *
2280:Drivers/STM32L4xx_HAL_Driver/Src/stm32l4xx_hal_tim_ex.c ****   *                   field2 can have the following values:
2281:Drivers/STM32L4xx_HAL_Driver/Src/stm32l4xx_hal_tim_ex.c ****   *            @arg TIM_TIM1_TI1_GPIO:                TIM1 TI1 is connected to GPIO
2282:Drivers/STM32L4xx_HAL_Driver/Src/stm32l4xx_hal_tim_ex.c ****   *            @arg TIM_TIM1_TI1_COMP1:               TIM1 TI1 is connected to COMP1 output
2283:Drivers/STM32L4xx_HAL_Driver/Src/stm32l4xx_hal_tim_ex.c ****   *
2284:Drivers/STM32L4xx_HAL_Driver/Src/stm32l4xx_hal_tim_ex.c ****   *                   field3 can have the following values:
2285:Drivers/STM32L4xx_HAL_Driver/Src/stm32l4xx_hal_tim_ex.c ****   *            @arg TIM_TIM1_ETR_COMP1:               TIM1_ETR is connected to COMP1 output
2286:Drivers/STM32L4xx_HAL_Driver/Src/stm32l4xx_hal_tim_ex.c ****   *            @arg TIM_TIM1_ETR_COMP2:               TIM1_ETR is connected to COMP2 output
2287:Drivers/STM32L4xx_HAL_Driver/Src/stm32l4xx_hal_tim_ex.c ****   *
2288:Drivers/STM32L4xx_HAL_Driver/Src/stm32l4xx_hal_tim_ex.c ****   *            @note  When field3 is set to TIM_TIM1_ETR_COMP1 or TIM_TIM1_ETR_COMP2 field1 values 
2289:Drivers/STM32L4xx_HAL_Driver/Src/stm32l4xx_hal_tim_ex.c ****   *
2290:Drivers/STM32L4xx_HAL_Driver/Src/stm32l4xx_hal_tim_ex.c ****   @endif
2291:Drivers/STM32L4xx_HAL_Driver/Src/stm32l4xx_hal_tim_ex.c ****   @if STM32L486xx
2292:Drivers/STM32L4xx_HAL_Driver/Src/stm32l4xx_hal_tim_ex.c ****   *         For TIM2, the parameter is a combination of 3 fields (field1 | field2 | field3):
2293:Drivers/STM32L4xx_HAL_Driver/Src/stm32l4xx_hal_tim_ex.c ****   *
2294:Drivers/STM32L4xx_HAL_Driver/Src/stm32l4xx_hal_tim_ex.c ****   *                   field1 can have the following values:
2295:Drivers/STM32L4xx_HAL_Driver/Src/stm32l4xx_hal_tim_ex.c ****   *            @arg TIM_TIM2_ITR1_TIM8_TRGO:          TIM2_ITR1 is connected to TIM8_TRGO
2296:Drivers/STM32L4xx_HAL_Driver/Src/stm32l4xx_hal_tim_ex.c ****   *            @arg TIM_TIM2_ITR1_OTG_FS_SOF:         TIM2_ITR1 is connected to OTG_FS SOF
2297:Drivers/STM32L4xx_HAL_Driver/Src/stm32l4xx_hal_tim_ex.c ****   *
2298:Drivers/STM32L4xx_HAL_Driver/Src/stm32l4xx_hal_tim_ex.c ****   *                   field2 can have the following values:
2299:Drivers/STM32L4xx_HAL_Driver/Src/stm32l4xx_hal_tim_ex.c ****   *            @arg TIM_TIM2_ETR_GPIO:                TIM2_ETR is connected to GPIO
2300:Drivers/STM32L4xx_HAL_Driver/Src/stm32l4xx_hal_tim_ex.c ****   *            @arg TIM_TIM2_ETR_LSE:                 TIM2_ETR is connected to LSE
2301:Drivers/STM32L4xx_HAL_Driver/Src/stm32l4xx_hal_tim_ex.c ****   *            @arg TIM_TIM2_ETR_COMP1:               TIM2_ETR is connected to COMP1 output
2302:Drivers/STM32L4xx_HAL_Driver/Src/stm32l4xx_hal_tim_ex.c ****   *            @arg TIM_TIM2_ETR_COMP2:               TIM2_ETR is connected to COMP2 output
2303:Drivers/STM32L4xx_HAL_Driver/Src/stm32l4xx_hal_tim_ex.c ****   *
2304:Drivers/STM32L4xx_HAL_Driver/Src/stm32l4xx_hal_tim_ex.c ****   *                   field3 can have the following values:
2305:Drivers/STM32L4xx_HAL_Driver/Src/stm32l4xx_hal_tim_ex.c ****   *            @arg TIM_TIM2_TI4_GPIO:                TIM2 TI4 is connected to GPIO
2306:Drivers/STM32L4xx_HAL_Driver/Src/stm32l4xx_hal_tim_ex.c ****   *            @arg TIM_TIM2_TI4_COMP1:               TIM2 TI4 is connected to COMP1 output
2307:Drivers/STM32L4xx_HAL_Driver/Src/stm32l4xx_hal_tim_ex.c ****   *            @arg TIM_TIM2_TI4_COMP2:               TIM2 TI4 is connected to COMP2 output
2308:Drivers/STM32L4xx_HAL_Driver/Src/stm32l4xx_hal_tim_ex.c ****   *            @arg TIM_TIM2_TI4_COMP1_COMP2:         TIM2 TI4 is connected to logical OR between C
2309:Drivers/STM32L4xx_HAL_Driver/Src/stm32l4xx_hal_tim_ex.c ****   @endif
2310:Drivers/STM32L4xx_HAL_Driver/Src/stm32l4xx_hal_tim_ex.c ****   @if STM32L422xx
ARM GAS  C:\Users\kerry\AppData\Local\Temp\ccWnk0Ym.s 			page 42


2311:Drivers/STM32L4xx_HAL_Driver/Src/stm32l4xx_hal_tim_ex.c ****   *         For TIM2, the parameter is a combination of 3 fields (field1 | field2 | field3):
2312:Drivers/STM32L4xx_HAL_Driver/Src/stm32l4xx_hal_tim_ex.c ****   *
2313:Drivers/STM32L4xx_HAL_Driver/Src/stm32l4xx_hal_tim_ex.c ****   *                   field1 can have the following values:
2314:Drivers/STM32L4xx_HAL_Driver/Src/stm32l4xx_hal_tim_ex.c ****   *            @arg TIM_TIM2_ITR1_NONE:               No internal trigger on TIM2_ITR1
2315:Drivers/STM32L4xx_HAL_Driver/Src/stm32l4xx_hal_tim_ex.c ****   *            @arg TIM_TIM2_ITR1_USB_SOF:            TIM2_ITR1 is connected to USB SOF
2316:Drivers/STM32L4xx_HAL_Driver/Src/stm32l4xx_hal_tim_ex.c ****   *
2317:Drivers/STM32L4xx_HAL_Driver/Src/stm32l4xx_hal_tim_ex.c ****   *                   field2 can have the following values:
2318:Drivers/STM32L4xx_HAL_Driver/Src/stm32l4xx_hal_tim_ex.c ****   *            @arg TIM_TIM2_ETR_GPIO:                TIM2_ETR is connected to GPIO
2319:Drivers/STM32L4xx_HAL_Driver/Src/stm32l4xx_hal_tim_ex.c ****   *            @arg TIM_TIM2_ETR_LSE:                 TIM2_ETR is connected to LSE
2320:Drivers/STM32L4xx_HAL_Driver/Src/stm32l4xx_hal_tim_ex.c ****   *            @arg TIM_TIM2_ETR_COMP1:               TIM2_ETR is connected to COMP1 output
2321:Drivers/STM32L4xx_HAL_Driver/Src/stm32l4xx_hal_tim_ex.c ****   *
2322:Drivers/STM32L4xx_HAL_Driver/Src/stm32l4xx_hal_tim_ex.c ****   *                   field3 can have the following values:
2323:Drivers/STM32L4xx_HAL_Driver/Src/stm32l4xx_hal_tim_ex.c ****   *            @arg TIM_TIM2_TI4_GPIO:                TIM2 TI4 is connected to GPIO
2324:Drivers/STM32L4xx_HAL_Driver/Src/stm32l4xx_hal_tim_ex.c ****   *            @arg TIM_TIM2_TI4_COMP1:               TIM2 TI4 is connected to COMP1 output
2325:Drivers/STM32L4xx_HAL_Driver/Src/stm32l4xx_hal_tim_ex.c ****   *
2326:Drivers/STM32L4xx_HAL_Driver/Src/stm32l4xx_hal_tim_ex.c ****   @endif
2327:Drivers/STM32L4xx_HAL_Driver/Src/stm32l4xx_hal_tim_ex.c ****   @if STM32L443xx
2328:Drivers/STM32L4xx_HAL_Driver/Src/stm32l4xx_hal_tim_ex.c ****   *         For TIM2, the parameter is a combination of 3 fields (field1 | field2 | field3):
2329:Drivers/STM32L4xx_HAL_Driver/Src/stm32l4xx_hal_tim_ex.c ****   *
2330:Drivers/STM32L4xx_HAL_Driver/Src/stm32l4xx_hal_tim_ex.c ****   *                   field1 can have the following values:
2331:Drivers/STM32L4xx_HAL_Driver/Src/stm32l4xx_hal_tim_ex.c ****   *            @arg TIM_TIM2_ITR1_NONE:               No internal trigger on TIM2_ITR1
2332:Drivers/STM32L4xx_HAL_Driver/Src/stm32l4xx_hal_tim_ex.c ****   *            @arg TIM_TIM2_ITR1_USB_SOF:            TIM2_ITR1 is connected to USB SOF
2333:Drivers/STM32L4xx_HAL_Driver/Src/stm32l4xx_hal_tim_ex.c ****   *
2334:Drivers/STM32L4xx_HAL_Driver/Src/stm32l4xx_hal_tim_ex.c ****   *                   field2 can have the following values:
2335:Drivers/STM32L4xx_HAL_Driver/Src/stm32l4xx_hal_tim_ex.c ****   *            @arg TIM_TIM2_ETR_GPIO:                TIM2_ETR is connected to GPIO
2336:Drivers/STM32L4xx_HAL_Driver/Src/stm32l4xx_hal_tim_ex.c ****   *            @arg TIM_TIM2_ETR_LSE:                 TIM2_ETR is connected to LSE
2337:Drivers/STM32L4xx_HAL_Driver/Src/stm32l4xx_hal_tim_ex.c ****   *            @arg TIM_TIM2_ETR_COMP1:               TIM2_ETR is connected to COMP1 output
2338:Drivers/STM32L4xx_HAL_Driver/Src/stm32l4xx_hal_tim_ex.c ****   *            @arg TIM_TIM2_ETR_COMP2:               TIM2_ETR is connected to COMP2 output
2339:Drivers/STM32L4xx_HAL_Driver/Src/stm32l4xx_hal_tim_ex.c ****   *
2340:Drivers/STM32L4xx_HAL_Driver/Src/stm32l4xx_hal_tim_ex.c ****   *                   field3 can have the following values:
2341:Drivers/STM32L4xx_HAL_Driver/Src/stm32l4xx_hal_tim_ex.c ****   *            @arg TIM_TIM2_TI4_GPIO:                TIM2 TI4 is connected to GPIO
2342:Drivers/STM32L4xx_HAL_Driver/Src/stm32l4xx_hal_tim_ex.c ****   *            @arg TIM_TIM2_TI4_COMP1:               TIM2 TI4 is connected to COMP1 output
2343:Drivers/STM32L4xx_HAL_Driver/Src/stm32l4xx_hal_tim_ex.c ****   *            @arg TIM_TIM2_TI4_COMP2:               TIM2 TI4 is connected to COMP2 output
2344:Drivers/STM32L4xx_HAL_Driver/Src/stm32l4xx_hal_tim_ex.c ****   *            @arg TIM_TIM2_TI4_COMP1_COMP2:         TIM2 TI4 is connected to logical OR between C
2345:Drivers/STM32L4xx_HAL_Driver/Src/stm32l4xx_hal_tim_ex.c ****   *
2346:Drivers/STM32L4xx_HAL_Driver/Src/stm32l4xx_hal_tim_ex.c ****   @endif
2347:Drivers/STM32L4xx_HAL_Driver/Src/stm32l4xx_hal_tim_ex.c ****   @if STM32L486xx
2348:Drivers/STM32L4xx_HAL_Driver/Src/stm32l4xx_hal_tim_ex.c ****   *         For TIM3, the parameter is a combination 2 fields(field1 | field2):
2349:Drivers/STM32L4xx_HAL_Driver/Src/stm32l4xx_hal_tim_ex.c ****   *
2350:Drivers/STM32L4xx_HAL_Driver/Src/stm32l4xx_hal_tim_ex.c ****   *                   field1 can have the following values:
2351:Drivers/STM32L4xx_HAL_Driver/Src/stm32l4xx_hal_tim_ex.c ****   *            @arg TIM_TIM3_TI1_GPIO:                TIM3 TI1 is connected to GPIO
2352:Drivers/STM32L4xx_HAL_Driver/Src/stm32l4xx_hal_tim_ex.c ****   *            @arg TIM_TIM3_TI1_COMP1:               TIM3 TI1 is connected to COMP1 output
2353:Drivers/STM32L4xx_HAL_Driver/Src/stm32l4xx_hal_tim_ex.c ****   *            @arg TIM_TIM3_TI1_COMP2:               TIM3 TI1 is connected to COMP2 output
2354:Drivers/STM32L4xx_HAL_Driver/Src/stm32l4xx_hal_tim_ex.c ****   *            @arg TIM_TIM3_TI1_COMP1_COMP2:         TIM3 TI1 is connected to logical OR between C
2355:Drivers/STM32L4xx_HAL_Driver/Src/stm32l4xx_hal_tim_ex.c ****   *
2356:Drivers/STM32L4xx_HAL_Driver/Src/stm32l4xx_hal_tim_ex.c ****   *                   field2 can have the following values:
2357:Drivers/STM32L4xx_HAL_Driver/Src/stm32l4xx_hal_tim_ex.c ****   *            @arg TIM_TIM3_ETR_GPIO:                TIM3_ETR is connected to GPIO
2358:Drivers/STM32L4xx_HAL_Driver/Src/stm32l4xx_hal_tim_ex.c ****   *            @arg TIM_TIM3_ETR_COMP1:               TIM3_ETR is connected to COMP1 output
2359:Drivers/STM32L4xx_HAL_Driver/Src/stm32l4xx_hal_tim_ex.c ****   *
2360:Drivers/STM32L4xx_HAL_Driver/Src/stm32l4xx_hal_tim_ex.c ****   @endif
2361:Drivers/STM32L4xx_HAL_Driver/Src/stm32l4xx_hal_tim_ex.c ****   @if STM32L486xx
2362:Drivers/STM32L4xx_HAL_Driver/Src/stm32l4xx_hal_tim_ex.c ****   *         For TIM8, the parameter is a combination of 3 fields (field1 | field2 | field3):
2363:Drivers/STM32L4xx_HAL_Driver/Src/stm32l4xx_hal_tim_ex.c ****   *
2364:Drivers/STM32L4xx_HAL_Driver/Src/stm32l4xx_hal_tim_ex.c ****   *                   field1 can have the following values:
2365:Drivers/STM32L4xx_HAL_Driver/Src/stm32l4xx_hal_tim_ex.c ****   *            @arg TIM_TIM8_ETR_ADC2_NONE:          TIM8_ETR is not connected to any ADC2 AWD (ana
2366:Drivers/STM32L4xx_HAL_Driver/Src/stm32l4xx_hal_tim_ex.c ****   *            @arg TIM_TIM8_ETR_ADC2_AWD1:          TIM8_ETR is connected to ADC2 AWD1
2367:Drivers/STM32L4xx_HAL_Driver/Src/stm32l4xx_hal_tim_ex.c ****   *            @arg TIM_TIM8_ETR_ADC2_AWD2:          TIM8_ETR is connected to ADC2 AWD2
ARM GAS  C:\Users\kerry\AppData\Local\Temp\ccWnk0Ym.s 			page 43


2368:Drivers/STM32L4xx_HAL_Driver/Src/stm32l4xx_hal_tim_ex.c ****   *            @arg TIM_TIM8_ETR_ADC2_AWD3:          TIM8_ETR is connected to ADC2 AWD3
2369:Drivers/STM32L4xx_HAL_Driver/Src/stm32l4xx_hal_tim_ex.c ****   *
2370:Drivers/STM32L4xx_HAL_Driver/Src/stm32l4xx_hal_tim_ex.c ****   *                   field2 can have the following values:
2371:Drivers/STM32L4xx_HAL_Driver/Src/stm32l4xx_hal_tim_ex.c ****   *            @arg TIM_TIM8_ETR_ADC3_NONE:          TIM8_ETR is not connected to any ADC3 AWD (ana
2372:Drivers/STM32L4xx_HAL_Driver/Src/stm32l4xx_hal_tim_ex.c ****   *            @arg TIM_TIM8_ETR_ADC3_AWD1:          TIM8_ETR is connected to ADC3 AWD1
2373:Drivers/STM32L4xx_HAL_Driver/Src/stm32l4xx_hal_tim_ex.c ****   *            @arg TIM_TIM8_ETR_ADC3_AWD2:          TIM8_ETR is connected to ADC3 AWD2
2374:Drivers/STM32L4xx_HAL_Driver/Src/stm32l4xx_hal_tim_ex.c ****   *            @arg TIM_TIM8_ETR_ADC3_AWD3:          TIM8_ETR is connected to ADC3 AWD3
2375:Drivers/STM32L4xx_HAL_Driver/Src/stm32l4xx_hal_tim_ex.c ****   *
2376:Drivers/STM32L4xx_HAL_Driver/Src/stm32l4xx_hal_tim_ex.c ****   *                   field3 can have the following values:
2377:Drivers/STM32L4xx_HAL_Driver/Src/stm32l4xx_hal_tim_ex.c ****   *            @arg TIM_TIM8_TI1_GPIO:               TIM8 TI1 is connected to GPIO
2378:Drivers/STM32L4xx_HAL_Driver/Src/stm32l4xx_hal_tim_ex.c ****   *            @arg TIM_TIM8_TI1_COMP2:              TIM8 TI1 is connected to COMP2 output
2379:Drivers/STM32L4xx_HAL_Driver/Src/stm32l4xx_hal_tim_ex.c ****   *
2380:Drivers/STM32L4xx_HAL_Driver/Src/stm32l4xx_hal_tim_ex.c ****   *                   field4 can have the following values:
2381:Drivers/STM32L4xx_HAL_Driver/Src/stm32l4xx_hal_tim_ex.c ****   *            @arg TIM_TIM8_ETR_COMP1:               TIM8_ETR is connected to COMP1 output
2382:Drivers/STM32L4xx_HAL_Driver/Src/stm32l4xx_hal_tim_ex.c ****   *            @arg TIM_TIM8_ETR_COMP2:               TIM8_ETR is connected to COMP2 output
2383:Drivers/STM32L4xx_HAL_Driver/Src/stm32l4xx_hal_tim_ex.c ****   *            @note  When field4 is set to TIM_TIM8_ETR_COMP1 or TIM_TIM8_ETR_COMP2 field1 and fie
2384:Drivers/STM32L4xx_HAL_Driver/Src/stm32l4xx_hal_tim_ex.c ****   *
2385:Drivers/STM32L4xx_HAL_Driver/Src/stm32l4xx_hal_tim_ex.c ****   @endif
2386:Drivers/STM32L4xx_HAL_Driver/Src/stm32l4xx_hal_tim_ex.c ****   @if STM32L422xx
2387:Drivers/STM32L4xx_HAL_Driver/Src/stm32l4xx_hal_tim_ex.c ****   *         For TIM15, the parameter is a combination of 2 fields (field1 | field2):
2388:Drivers/STM32L4xx_HAL_Driver/Src/stm32l4xx_hal_tim_ex.c ****   *
2389:Drivers/STM32L4xx_HAL_Driver/Src/stm32l4xx_hal_tim_ex.c ****   *                   field1 can have the following values:
2390:Drivers/STM32L4xx_HAL_Driver/Src/stm32l4xx_hal_tim_ex.c ****   *            @arg TIM_TIM15_TI1_GPIO:              TIM15 TI1 is connected to GPIO
2391:Drivers/STM32L4xx_HAL_Driver/Src/stm32l4xx_hal_tim_ex.c ****   *            @arg TIM_TIM15_TI1_LSE:               TIM15 TI1 is connected to LSE
2392:Drivers/STM32L4xx_HAL_Driver/Src/stm32l4xx_hal_tim_ex.c ****   *
2393:Drivers/STM32L4xx_HAL_Driver/Src/stm32l4xx_hal_tim_ex.c ****   *                   field2 can have the following values:
2394:Drivers/STM32L4xx_HAL_Driver/Src/stm32l4xx_hal_tim_ex.c ****   *            @arg TIM_TIM15_ENCODERMODE_NONE:      No redirection
2395:Drivers/STM32L4xx_HAL_Driver/Src/stm32l4xx_hal_tim_ex.c ****   *            @arg TIM_TIM15_ENCODERMODE_TIM2:      TIM2 IC1 and TIM2 IC2 are connected to TIM15 I
2396:Drivers/STM32L4xx_HAL_Driver/Src/stm32l4xx_hal_tim_ex.c ****   *
2397:Drivers/STM32L4xx_HAL_Driver/Src/stm32l4xx_hal_tim_ex.c ****   @endif
2398:Drivers/STM32L4xx_HAL_Driver/Src/stm32l4xx_hal_tim_ex.c ****   @if STM32L443xx
2399:Drivers/STM32L4xx_HAL_Driver/Src/stm32l4xx_hal_tim_ex.c ****   *         For TIM15, the parameter is a combination of 2 fields (field1 | field2):
2400:Drivers/STM32L4xx_HAL_Driver/Src/stm32l4xx_hal_tim_ex.c ****   *
2401:Drivers/STM32L4xx_HAL_Driver/Src/stm32l4xx_hal_tim_ex.c ****   *                   field1 can have the following values:
2402:Drivers/STM32L4xx_HAL_Driver/Src/stm32l4xx_hal_tim_ex.c ****   *            @arg TIM_TIM15_TI1_GPIO:              TIM15 TI1 is connected to GPIO
2403:Drivers/STM32L4xx_HAL_Driver/Src/stm32l4xx_hal_tim_ex.c ****   *            @arg TIM_TIM15_TI1_LSE:               TIM15 TI1 is connected to LSE
2404:Drivers/STM32L4xx_HAL_Driver/Src/stm32l4xx_hal_tim_ex.c ****   *
2405:Drivers/STM32L4xx_HAL_Driver/Src/stm32l4xx_hal_tim_ex.c ****   *                   field2 can have the following values:
2406:Drivers/STM32L4xx_HAL_Driver/Src/stm32l4xx_hal_tim_ex.c ****   *            @arg TIM_TIM15_ENCODERMODE_NONE:      No redirection
2407:Drivers/STM32L4xx_HAL_Driver/Src/stm32l4xx_hal_tim_ex.c ****   *            @arg TIM_TIM15_ENCODERMODE_TIM2:      TIM2 IC1 and TIM2 IC2 are connected to TIM15 I
2408:Drivers/STM32L4xx_HAL_Driver/Src/stm32l4xx_hal_tim_ex.c ****   *            @arg TIM_TIM15_ENCODERMODE_TIM3:      TIM3 IC1 and TIM3 IC2 are connected to TIM15 I
2409:Drivers/STM32L4xx_HAL_Driver/Src/stm32l4xx_hal_tim_ex.c ****   *            @arg TIM_TIM15_ENCODERMODE_TIM4:      TIM4 IC1 and TIM4 IC2 are connected to TIM15 I
2410:Drivers/STM32L4xx_HAL_Driver/Src/stm32l4xx_hal_tim_ex.c ****   *
2411:Drivers/STM32L4xx_HAL_Driver/Src/stm32l4xx_hal_tim_ex.c ****   @endif
2412:Drivers/STM32L4xx_HAL_Driver/Src/stm32l4xx_hal_tim_ex.c ****   @if STM32L486xx
2413:Drivers/STM32L4xx_HAL_Driver/Src/stm32l4xx_hal_tim_ex.c ****   *            @arg TIM_TIM16_TI1_GPIO:              TIM16 TI1 is connected to GPIO
2414:Drivers/STM32L4xx_HAL_Driver/Src/stm32l4xx_hal_tim_ex.c ****   *            @arg TIM_TIM16_TI1_LSI:               TIM16 TI1 is connected to LSI
2415:Drivers/STM32L4xx_HAL_Driver/Src/stm32l4xx_hal_tim_ex.c ****   *            @arg TIM_TIM16_TI1_LSE:               TIM16 TI1 is connected to LSE
2416:Drivers/STM32L4xx_HAL_Driver/Src/stm32l4xx_hal_tim_ex.c ****   *            @arg TIM_TIM16_TI1_RTC:               TIM16 TI1 is connected to RTC wakeup interrupt
2417:Drivers/STM32L4xx_HAL_Driver/Src/stm32l4xx_hal_tim_ex.c ****   *
2418:Drivers/STM32L4xx_HAL_Driver/Src/stm32l4xx_hal_tim_ex.c ****   @endif
2419:Drivers/STM32L4xx_HAL_Driver/Src/stm32l4xx_hal_tim_ex.c ****   @if STM32L422xx
2420:Drivers/STM32L4xx_HAL_Driver/Src/stm32l4xx_hal_tim_ex.c ****   *         For TIM16, the parameter can have the following values:
2421:Drivers/STM32L4xx_HAL_Driver/Src/stm32l4xx_hal_tim_ex.c ****   *            @arg TIM_TIM16_TI1_GPIO:              TIM16 TI1 is connected to GPIO
2422:Drivers/STM32L4xx_HAL_Driver/Src/stm32l4xx_hal_tim_ex.c ****   *            @arg TIM_TIM16_TI1_LSI:               TIM16 TI1 is connected to LSI
2423:Drivers/STM32L4xx_HAL_Driver/Src/stm32l4xx_hal_tim_ex.c ****   *            @arg TIM_TIM16_TI1_LSE:               TIM16 TI1 is connected to LSE
2424:Drivers/STM32L4xx_HAL_Driver/Src/stm32l4xx_hal_tim_ex.c ****   *            @arg TIM_TIM16_TI1_RTC:               TIM16 TI1 is connected to RTC wakeup interrupt
ARM GAS  C:\Users\kerry\AppData\Local\Temp\ccWnk0Ym.s 			page 44


2425:Drivers/STM32L4xx_HAL_Driver/Src/stm32l4xx_hal_tim_ex.c ****   *            @arg TIM_TIM16_TI1_MSI:               TIM16 TI1 is connected to MSI  (constraints: M
2426:Drivers/STM32L4xx_HAL_Driver/Src/stm32l4xx_hal_tim_ex.c ****   *            @arg TIM_TIM16_TI1_HSE_32:            TIM16 TI1 is connected to HSE div 32  (note th
2427:Drivers/STM32L4xx_HAL_Driver/Src/stm32l4xx_hal_tim_ex.c ****   *            @arg TIM_TIM16_TI1_MCO:               TIM16 TI1 is connected to MCO
2428:Drivers/STM32L4xx_HAL_Driver/Src/stm32l4xx_hal_tim_ex.c ****   *
2429:Drivers/STM32L4xx_HAL_Driver/Src/stm32l4xx_hal_tim_ex.c ****   @endif
2430:Drivers/STM32L4xx_HAL_Driver/Src/stm32l4xx_hal_tim_ex.c ****   @if STM32L443xx
2431:Drivers/STM32L4xx_HAL_Driver/Src/stm32l4xx_hal_tim_ex.c ****   *         For TIM16, the parameter can have the following values:
2432:Drivers/STM32L4xx_HAL_Driver/Src/stm32l4xx_hal_tim_ex.c ****   *            @arg TIM_TIM16_TI1_GPIO:              TIM16 TI1 is connected to GPIO
2433:Drivers/STM32L4xx_HAL_Driver/Src/stm32l4xx_hal_tim_ex.c ****   *            @arg TIM_TIM16_TI1_LSI:               TIM16 TI1 is connected to LSI
2434:Drivers/STM32L4xx_HAL_Driver/Src/stm32l4xx_hal_tim_ex.c ****   *            @arg TIM_TIM16_TI1_LSE:               TIM16 TI1 is connected to LSE
2435:Drivers/STM32L4xx_HAL_Driver/Src/stm32l4xx_hal_tim_ex.c ****   *            @arg TIM_TIM16_TI1_RTC:               TIM16 TI1 is connected to RTC wakeup interrupt
2436:Drivers/STM32L4xx_HAL_Driver/Src/stm32l4xx_hal_tim_ex.c ****   *            @arg TIM_TIM16_TI1_MSI:               TIM16 TI1 is connected to MSI  (constraints: M
2437:Drivers/STM32L4xx_HAL_Driver/Src/stm32l4xx_hal_tim_ex.c ****   *            @arg TIM_TIM16_TI1_HSE_32:            TIM16 TI1 is connected to HSE div 32  (note th
2438:Drivers/STM32L4xx_HAL_Driver/Src/stm32l4xx_hal_tim_ex.c ****   *            @arg TIM_TIM16_TI1_MCO:               TIM16 TI1 is connected to MCO
2439:Drivers/STM32L4xx_HAL_Driver/Src/stm32l4xx_hal_tim_ex.c ****   *
2440:Drivers/STM32L4xx_HAL_Driver/Src/stm32l4xx_hal_tim_ex.c ****   @endif
2441:Drivers/STM32L4xx_HAL_Driver/Src/stm32l4xx_hal_tim_ex.c ****   @if STM32L486xx
2442:Drivers/STM32L4xx_HAL_Driver/Src/stm32l4xx_hal_tim_ex.c ****   *         For TIM17, the parameter can have the following values:
2443:Drivers/STM32L4xx_HAL_Driver/Src/stm32l4xx_hal_tim_ex.c ****   *            @arg TIM_TIM17_TI1_GPIO:              TIM17 TI1 is connected to GPIO
2444:Drivers/STM32L4xx_HAL_Driver/Src/stm32l4xx_hal_tim_ex.c ****   *            @arg TIM_TIM17_TI1_MSI:               TIM17 TI1 is connected to MSI  (constraints: M
2445:Drivers/STM32L4xx_HAL_Driver/Src/stm32l4xx_hal_tim_ex.c ****   *            @arg TIM_TIM17_TI1_HSE_32:            TIM17 TI1 is connected to HSE div 32
2446:Drivers/STM32L4xx_HAL_Driver/Src/stm32l4xx_hal_tim_ex.c ****   *            @arg TIM_TIM17_TI1_MCO:               TIM17 TI1 is connected to MCO
2447:Drivers/STM32L4xx_HAL_Driver/Src/stm32l4xx_hal_tim_ex.c ****   @endif
2448:Drivers/STM32L4xx_HAL_Driver/Src/stm32l4xx_hal_tim_ex.c ****   *
2449:Drivers/STM32L4xx_HAL_Driver/Src/stm32l4xx_hal_tim_ex.c ****   * @retval HAL status
2450:Drivers/STM32L4xx_HAL_Driver/Src/stm32l4xx_hal_tim_ex.c ****   */
2451:Drivers/STM32L4xx_HAL_Driver/Src/stm32l4xx_hal_tim_ex.c **** HAL_StatusTypeDef HAL_TIMEx_RemapConfig(TIM_HandleTypeDef *htim, uint32_t Remap)
2452:Drivers/STM32L4xx_HAL_Driver/Src/stm32l4xx_hal_tim_ex.c **** {
2453:Drivers/STM32L4xx_HAL_Driver/Src/stm32l4xx_hal_tim_ex.c ****   uint32_t tmpor1;
2454:Drivers/STM32L4xx_HAL_Driver/Src/stm32l4xx_hal_tim_ex.c ****   uint32_t tmpor2;
2455:Drivers/STM32L4xx_HAL_Driver/Src/stm32l4xx_hal_tim_ex.c **** 
2456:Drivers/STM32L4xx_HAL_Driver/Src/stm32l4xx_hal_tim_ex.c ****   /* Check parameters */
2457:Drivers/STM32L4xx_HAL_Driver/Src/stm32l4xx_hal_tim_ex.c ****   assert_param(IS_TIM_REMAP_INSTANCE(htim->Instance));
2458:Drivers/STM32L4xx_HAL_Driver/Src/stm32l4xx_hal_tim_ex.c ****   assert_param(IS_TIM_REMAP(Remap));
2459:Drivers/STM32L4xx_HAL_Driver/Src/stm32l4xx_hal_tim_ex.c **** 
2460:Drivers/STM32L4xx_HAL_Driver/Src/stm32l4xx_hal_tim_ex.c ****   __HAL_LOCK(htim);
2461:Drivers/STM32L4xx_HAL_Driver/Src/stm32l4xx_hal_tim_ex.c **** 
2462:Drivers/STM32L4xx_HAL_Driver/Src/stm32l4xx_hal_tim_ex.c ****   /* Set ETR_SEL bit field (if required) */
2463:Drivers/STM32L4xx_HAL_Driver/Src/stm32l4xx_hal_tim_ex.c ****   if (IS_TIM_ETRSEL_INSTANCE(htim->Instance))
2464:Drivers/STM32L4xx_HAL_Driver/Src/stm32l4xx_hal_tim_ex.c ****   {
2465:Drivers/STM32L4xx_HAL_Driver/Src/stm32l4xx_hal_tim_ex.c ****     tmpor2 = htim->Instance->OR2;
2466:Drivers/STM32L4xx_HAL_Driver/Src/stm32l4xx_hal_tim_ex.c ****     tmpor2 &= ~TIM1_OR2_ETRSEL_Msk;
2467:Drivers/STM32L4xx_HAL_Driver/Src/stm32l4xx_hal_tim_ex.c ****     tmpor2 |= (Remap & TIM1_OR2_ETRSEL_Msk);
2468:Drivers/STM32L4xx_HAL_Driver/Src/stm32l4xx_hal_tim_ex.c **** 
2469:Drivers/STM32L4xx_HAL_Driver/Src/stm32l4xx_hal_tim_ex.c ****     /* Set TIMx_OR2 */
2470:Drivers/STM32L4xx_HAL_Driver/Src/stm32l4xx_hal_tim_ex.c ****     htim->Instance->OR2 = tmpor2;
2471:Drivers/STM32L4xx_HAL_Driver/Src/stm32l4xx_hal_tim_ex.c ****   }
2472:Drivers/STM32L4xx_HAL_Driver/Src/stm32l4xx_hal_tim_ex.c **** 
2473:Drivers/STM32L4xx_HAL_Driver/Src/stm32l4xx_hal_tim_ex.c ****   /* Set other remapping capabilities */
2474:Drivers/STM32L4xx_HAL_Driver/Src/stm32l4xx_hal_tim_ex.c ****   tmpor1 = Remap;
2475:Drivers/STM32L4xx_HAL_Driver/Src/stm32l4xx_hal_tim_ex.c ****   tmpor1 &= ~TIM1_OR2_ETRSEL_Msk;
2476:Drivers/STM32L4xx_HAL_Driver/Src/stm32l4xx_hal_tim_ex.c **** 
2477:Drivers/STM32L4xx_HAL_Driver/Src/stm32l4xx_hal_tim_ex.c ****   /* Set TIMx_OR1 */
2478:Drivers/STM32L4xx_HAL_Driver/Src/stm32l4xx_hal_tim_ex.c ****   htim->Instance->OR1 = tmpor1;
2479:Drivers/STM32L4xx_HAL_Driver/Src/stm32l4xx_hal_tim_ex.c **** 
2480:Drivers/STM32L4xx_HAL_Driver/Src/stm32l4xx_hal_tim_ex.c ****   __HAL_UNLOCK(htim);
2481:Drivers/STM32L4xx_HAL_Driver/Src/stm32l4xx_hal_tim_ex.c **** 
ARM GAS  C:\Users\kerry\AppData\Local\Temp\ccWnk0Ym.s 			page 45


2482:Drivers/STM32L4xx_HAL_Driver/Src/stm32l4xx_hal_tim_ex.c ****   return HAL_OK;
2483:Drivers/STM32L4xx_HAL_Driver/Src/stm32l4xx_hal_tim_ex.c **** }
2484:Drivers/STM32L4xx_HAL_Driver/Src/stm32l4xx_hal_tim_ex.c **** 
2485:Drivers/STM32L4xx_HAL_Driver/Src/stm32l4xx_hal_tim_ex.c **** /**
2486:Drivers/STM32L4xx_HAL_Driver/Src/stm32l4xx_hal_tim_ex.c ****   * @brief  Group channel 5 and channel 1, 2 or 3
2487:Drivers/STM32L4xx_HAL_Driver/Src/stm32l4xx_hal_tim_ex.c ****   * @param  htim TIM handle.
2488:Drivers/STM32L4xx_HAL_Driver/Src/stm32l4xx_hal_tim_ex.c ****   * @param  Channels specifies the reference signal(s) the OC5REF is combined with.
2489:Drivers/STM32L4xx_HAL_Driver/Src/stm32l4xx_hal_tim_ex.c ****   *         This parameter can be any combination of the following values:
2490:Drivers/STM32L4xx_HAL_Driver/Src/stm32l4xx_hal_tim_ex.c ****   *         TIM_GROUPCH5_NONE: No effect of OC5REF on OC1REFC, OC2REFC and OC3REFC
2491:Drivers/STM32L4xx_HAL_Driver/Src/stm32l4xx_hal_tim_ex.c ****   *         TIM_GROUPCH5_OC1REFC: OC1REFC is the logical AND of OC1REFC and OC5REF
2492:Drivers/STM32L4xx_HAL_Driver/Src/stm32l4xx_hal_tim_ex.c ****   *         TIM_GROUPCH5_OC2REFC: OC2REFC is the logical AND of OC2REFC and OC5REF
2493:Drivers/STM32L4xx_HAL_Driver/Src/stm32l4xx_hal_tim_ex.c ****   *         TIM_GROUPCH5_OC3REFC: OC3REFC is the logical AND of OC3REFC and OC5REF
2494:Drivers/STM32L4xx_HAL_Driver/Src/stm32l4xx_hal_tim_ex.c ****   * @retval HAL status
2495:Drivers/STM32L4xx_HAL_Driver/Src/stm32l4xx_hal_tim_ex.c ****   */
2496:Drivers/STM32L4xx_HAL_Driver/Src/stm32l4xx_hal_tim_ex.c **** HAL_StatusTypeDef HAL_TIMEx_GroupChannel5(TIM_HandleTypeDef *htim, uint32_t Channels)
2497:Drivers/STM32L4xx_HAL_Driver/Src/stm32l4xx_hal_tim_ex.c **** {
2498:Drivers/STM32L4xx_HAL_Driver/Src/stm32l4xx_hal_tim_ex.c ****   /* Check parameters */
2499:Drivers/STM32L4xx_HAL_Driver/Src/stm32l4xx_hal_tim_ex.c ****   assert_param(IS_TIM_COMBINED3PHASEPWM_INSTANCE(htim->Instance));
2500:Drivers/STM32L4xx_HAL_Driver/Src/stm32l4xx_hal_tim_ex.c ****   assert_param(IS_TIM_GROUPCH5(Channels));
2501:Drivers/STM32L4xx_HAL_Driver/Src/stm32l4xx_hal_tim_ex.c **** 
2502:Drivers/STM32L4xx_HAL_Driver/Src/stm32l4xx_hal_tim_ex.c ****   /* Process Locked */
2503:Drivers/STM32L4xx_HAL_Driver/Src/stm32l4xx_hal_tim_ex.c ****   __HAL_LOCK(htim);
2504:Drivers/STM32L4xx_HAL_Driver/Src/stm32l4xx_hal_tim_ex.c **** 
2505:Drivers/STM32L4xx_HAL_Driver/Src/stm32l4xx_hal_tim_ex.c ****   htim->State = HAL_TIM_STATE_BUSY;
2506:Drivers/STM32L4xx_HAL_Driver/Src/stm32l4xx_hal_tim_ex.c **** 
2507:Drivers/STM32L4xx_HAL_Driver/Src/stm32l4xx_hal_tim_ex.c ****   /* Clear GC5Cx bit fields */
2508:Drivers/STM32L4xx_HAL_Driver/Src/stm32l4xx_hal_tim_ex.c ****   htim->Instance->CCR5 &= ~(TIM_CCR5_GC5C3 | TIM_CCR5_GC5C2 | TIM_CCR5_GC5C1);
2509:Drivers/STM32L4xx_HAL_Driver/Src/stm32l4xx_hal_tim_ex.c **** 
2510:Drivers/STM32L4xx_HAL_Driver/Src/stm32l4xx_hal_tim_ex.c ****   /* Set GC5Cx bit fields */
2511:Drivers/STM32L4xx_HAL_Driver/Src/stm32l4xx_hal_tim_ex.c ****   htim->Instance->CCR5 |= Channels;
2512:Drivers/STM32L4xx_HAL_Driver/Src/stm32l4xx_hal_tim_ex.c **** 
2513:Drivers/STM32L4xx_HAL_Driver/Src/stm32l4xx_hal_tim_ex.c ****   /* Change the htim state */
2514:Drivers/STM32L4xx_HAL_Driver/Src/stm32l4xx_hal_tim_ex.c ****   htim->State = HAL_TIM_STATE_READY;
2515:Drivers/STM32L4xx_HAL_Driver/Src/stm32l4xx_hal_tim_ex.c **** 
2516:Drivers/STM32L4xx_HAL_Driver/Src/stm32l4xx_hal_tim_ex.c ****   __HAL_UNLOCK(htim);
2517:Drivers/STM32L4xx_HAL_Driver/Src/stm32l4xx_hal_tim_ex.c **** 
2518:Drivers/STM32L4xx_HAL_Driver/Src/stm32l4xx_hal_tim_ex.c ****   return HAL_OK;
2519:Drivers/STM32L4xx_HAL_Driver/Src/stm32l4xx_hal_tim_ex.c **** }
2520:Drivers/STM32L4xx_HAL_Driver/Src/stm32l4xx_hal_tim_ex.c **** 
2521:Drivers/STM32L4xx_HAL_Driver/Src/stm32l4xx_hal_tim_ex.c **** /**
2522:Drivers/STM32L4xx_HAL_Driver/Src/stm32l4xx_hal_tim_ex.c ****   * @}
2523:Drivers/STM32L4xx_HAL_Driver/Src/stm32l4xx_hal_tim_ex.c ****   */
2524:Drivers/STM32L4xx_HAL_Driver/Src/stm32l4xx_hal_tim_ex.c **** 
2525:Drivers/STM32L4xx_HAL_Driver/Src/stm32l4xx_hal_tim_ex.c **** /** @defgroup TIMEx_Exported_Functions_Group6 Extended Callbacks functions
2526:Drivers/STM32L4xx_HAL_Driver/Src/stm32l4xx_hal_tim_ex.c ****   * @brief    Extended Callbacks functions
2527:Drivers/STM32L4xx_HAL_Driver/Src/stm32l4xx_hal_tim_ex.c ****   *
2528:Drivers/STM32L4xx_HAL_Driver/Src/stm32l4xx_hal_tim_ex.c **** @verbatim
2529:Drivers/STM32L4xx_HAL_Driver/Src/stm32l4xx_hal_tim_ex.c ****   ==============================================================================
2530:Drivers/STM32L4xx_HAL_Driver/Src/stm32l4xx_hal_tim_ex.c ****                     ##### Extended Callbacks functions #####
2531:Drivers/STM32L4xx_HAL_Driver/Src/stm32l4xx_hal_tim_ex.c ****   ==============================================================================
2532:Drivers/STM32L4xx_HAL_Driver/Src/stm32l4xx_hal_tim_ex.c ****   [..]
2533:Drivers/STM32L4xx_HAL_Driver/Src/stm32l4xx_hal_tim_ex.c ****     This section provides Extended TIM callback functions:
2534:Drivers/STM32L4xx_HAL_Driver/Src/stm32l4xx_hal_tim_ex.c ****     (+) Timer Commutation callback
2535:Drivers/STM32L4xx_HAL_Driver/Src/stm32l4xx_hal_tim_ex.c ****     (+) Timer Break callback
2536:Drivers/STM32L4xx_HAL_Driver/Src/stm32l4xx_hal_tim_ex.c **** 
2537:Drivers/STM32L4xx_HAL_Driver/Src/stm32l4xx_hal_tim_ex.c **** @endverbatim
2538:Drivers/STM32L4xx_HAL_Driver/Src/stm32l4xx_hal_tim_ex.c ****   * @{
ARM GAS  C:\Users\kerry\AppData\Local\Temp\ccWnk0Ym.s 			page 46


2539:Drivers/STM32L4xx_HAL_Driver/Src/stm32l4xx_hal_tim_ex.c ****   */
2540:Drivers/STM32L4xx_HAL_Driver/Src/stm32l4xx_hal_tim_ex.c **** 
2541:Drivers/STM32L4xx_HAL_Driver/Src/stm32l4xx_hal_tim_ex.c **** /**
2542:Drivers/STM32L4xx_HAL_Driver/Src/stm32l4xx_hal_tim_ex.c ****   * @brief  Commutation callback in non-blocking mode
2543:Drivers/STM32L4xx_HAL_Driver/Src/stm32l4xx_hal_tim_ex.c ****   * @param  htim TIM handle
2544:Drivers/STM32L4xx_HAL_Driver/Src/stm32l4xx_hal_tim_ex.c ****   * @retval None
2545:Drivers/STM32L4xx_HAL_Driver/Src/stm32l4xx_hal_tim_ex.c ****   */
2546:Drivers/STM32L4xx_HAL_Driver/Src/stm32l4xx_hal_tim_ex.c **** __weak void HAL_TIMEx_CommutCallback(TIM_HandleTypeDef *htim)
2547:Drivers/STM32L4xx_HAL_Driver/Src/stm32l4xx_hal_tim_ex.c **** {
2548:Drivers/STM32L4xx_HAL_Driver/Src/stm32l4xx_hal_tim_ex.c ****   /* Prevent unused argument(s) compilation warning */
2549:Drivers/STM32L4xx_HAL_Driver/Src/stm32l4xx_hal_tim_ex.c ****   UNUSED(htim);
2550:Drivers/STM32L4xx_HAL_Driver/Src/stm32l4xx_hal_tim_ex.c **** 
2551:Drivers/STM32L4xx_HAL_Driver/Src/stm32l4xx_hal_tim_ex.c ****   /* NOTE : This function should not be modified, when the callback is needed,
2552:Drivers/STM32L4xx_HAL_Driver/Src/stm32l4xx_hal_tim_ex.c ****             the HAL_TIMEx_CommutCallback could be implemented in the user file
2553:Drivers/STM32L4xx_HAL_Driver/Src/stm32l4xx_hal_tim_ex.c ****    */
2554:Drivers/STM32L4xx_HAL_Driver/Src/stm32l4xx_hal_tim_ex.c **** }
2555:Drivers/STM32L4xx_HAL_Driver/Src/stm32l4xx_hal_tim_ex.c **** /**
2556:Drivers/STM32L4xx_HAL_Driver/Src/stm32l4xx_hal_tim_ex.c ****   * @brief  Commutation half complete callback in non-blocking mode
2557:Drivers/STM32L4xx_HAL_Driver/Src/stm32l4xx_hal_tim_ex.c ****   * @param  htim TIM handle
2558:Drivers/STM32L4xx_HAL_Driver/Src/stm32l4xx_hal_tim_ex.c ****   * @retval None
2559:Drivers/STM32L4xx_HAL_Driver/Src/stm32l4xx_hal_tim_ex.c ****   */
2560:Drivers/STM32L4xx_HAL_Driver/Src/stm32l4xx_hal_tim_ex.c **** __weak void HAL_TIMEx_CommutHalfCpltCallback(TIM_HandleTypeDef *htim)
2561:Drivers/STM32L4xx_HAL_Driver/Src/stm32l4xx_hal_tim_ex.c **** {
2562:Drivers/STM32L4xx_HAL_Driver/Src/stm32l4xx_hal_tim_ex.c ****   /* Prevent unused argument(s) compilation warning */
2563:Drivers/STM32L4xx_HAL_Driver/Src/stm32l4xx_hal_tim_ex.c ****   UNUSED(htim);
2564:Drivers/STM32L4xx_HAL_Driver/Src/stm32l4xx_hal_tim_ex.c **** 
2565:Drivers/STM32L4xx_HAL_Driver/Src/stm32l4xx_hal_tim_ex.c ****   /* NOTE : This function should not be modified, when the callback is needed,
2566:Drivers/STM32L4xx_HAL_Driver/Src/stm32l4xx_hal_tim_ex.c ****             the HAL_TIMEx_CommutHalfCpltCallback could be implemented in the user file
2567:Drivers/STM32L4xx_HAL_Driver/Src/stm32l4xx_hal_tim_ex.c ****    */
2568:Drivers/STM32L4xx_HAL_Driver/Src/stm32l4xx_hal_tim_ex.c **** }
2569:Drivers/STM32L4xx_HAL_Driver/Src/stm32l4xx_hal_tim_ex.c **** 
2570:Drivers/STM32L4xx_HAL_Driver/Src/stm32l4xx_hal_tim_ex.c **** /**
2571:Drivers/STM32L4xx_HAL_Driver/Src/stm32l4xx_hal_tim_ex.c ****   * @brief  Break detection callback in non-blocking mode
2572:Drivers/STM32L4xx_HAL_Driver/Src/stm32l4xx_hal_tim_ex.c ****   * @param  htim TIM handle
2573:Drivers/STM32L4xx_HAL_Driver/Src/stm32l4xx_hal_tim_ex.c ****   * @retval None
2574:Drivers/STM32L4xx_HAL_Driver/Src/stm32l4xx_hal_tim_ex.c ****   */
2575:Drivers/STM32L4xx_HAL_Driver/Src/stm32l4xx_hal_tim_ex.c **** __weak void HAL_TIMEx_BreakCallback(TIM_HandleTypeDef *htim)
2576:Drivers/STM32L4xx_HAL_Driver/Src/stm32l4xx_hal_tim_ex.c **** {
2577:Drivers/STM32L4xx_HAL_Driver/Src/stm32l4xx_hal_tim_ex.c ****   /* Prevent unused argument(s) compilation warning */
2578:Drivers/STM32L4xx_HAL_Driver/Src/stm32l4xx_hal_tim_ex.c ****   UNUSED(htim);
2579:Drivers/STM32L4xx_HAL_Driver/Src/stm32l4xx_hal_tim_ex.c **** 
2580:Drivers/STM32L4xx_HAL_Driver/Src/stm32l4xx_hal_tim_ex.c ****   /* NOTE : This function should not be modified, when the callback is needed,
2581:Drivers/STM32L4xx_HAL_Driver/Src/stm32l4xx_hal_tim_ex.c ****             the HAL_TIMEx_BreakCallback could be implemented in the user file
2582:Drivers/STM32L4xx_HAL_Driver/Src/stm32l4xx_hal_tim_ex.c ****    */
2583:Drivers/STM32L4xx_HAL_Driver/Src/stm32l4xx_hal_tim_ex.c **** }
2584:Drivers/STM32L4xx_HAL_Driver/Src/stm32l4xx_hal_tim_ex.c **** 
2585:Drivers/STM32L4xx_HAL_Driver/Src/stm32l4xx_hal_tim_ex.c **** /**
2586:Drivers/STM32L4xx_HAL_Driver/Src/stm32l4xx_hal_tim_ex.c ****   * @brief  Break2 detection callback in non blocking mode
2587:Drivers/STM32L4xx_HAL_Driver/Src/stm32l4xx_hal_tim_ex.c ****   * @param  htim: TIM handle
2588:Drivers/STM32L4xx_HAL_Driver/Src/stm32l4xx_hal_tim_ex.c ****   * @retval None
2589:Drivers/STM32L4xx_HAL_Driver/Src/stm32l4xx_hal_tim_ex.c ****   */
2590:Drivers/STM32L4xx_HAL_Driver/Src/stm32l4xx_hal_tim_ex.c **** __weak void HAL_TIMEx_Break2Callback(TIM_HandleTypeDef *htim)
2591:Drivers/STM32L4xx_HAL_Driver/Src/stm32l4xx_hal_tim_ex.c **** {
2592:Drivers/STM32L4xx_HAL_Driver/Src/stm32l4xx_hal_tim_ex.c ****   /* Prevent unused argument(s) compilation warning */
2593:Drivers/STM32L4xx_HAL_Driver/Src/stm32l4xx_hal_tim_ex.c ****   UNUSED(htim);
2594:Drivers/STM32L4xx_HAL_Driver/Src/stm32l4xx_hal_tim_ex.c **** 
2595:Drivers/STM32L4xx_HAL_Driver/Src/stm32l4xx_hal_tim_ex.c ****   /* NOTE : This function Should not be modified, when the callback is needed,
ARM GAS  C:\Users\kerry\AppData\Local\Temp\ccWnk0Ym.s 			page 47


2596:Drivers/STM32L4xx_HAL_Driver/Src/stm32l4xx_hal_tim_ex.c ****             the HAL_TIMEx_Break2Callback could be implemented in the user file
2597:Drivers/STM32L4xx_HAL_Driver/Src/stm32l4xx_hal_tim_ex.c ****    */
2598:Drivers/STM32L4xx_HAL_Driver/Src/stm32l4xx_hal_tim_ex.c **** }
2599:Drivers/STM32L4xx_HAL_Driver/Src/stm32l4xx_hal_tim_ex.c **** /**
2600:Drivers/STM32L4xx_HAL_Driver/Src/stm32l4xx_hal_tim_ex.c ****   * @}
2601:Drivers/STM32L4xx_HAL_Driver/Src/stm32l4xx_hal_tim_ex.c ****   */
2602:Drivers/STM32L4xx_HAL_Driver/Src/stm32l4xx_hal_tim_ex.c **** 
2603:Drivers/STM32L4xx_HAL_Driver/Src/stm32l4xx_hal_tim_ex.c **** /** @defgroup TIMEx_Exported_Functions_Group7 Extended Peripheral State functions
2604:Drivers/STM32L4xx_HAL_Driver/Src/stm32l4xx_hal_tim_ex.c ****   * @brief    Extended Peripheral State functions
2605:Drivers/STM32L4xx_HAL_Driver/Src/stm32l4xx_hal_tim_ex.c ****   *
2606:Drivers/STM32L4xx_HAL_Driver/Src/stm32l4xx_hal_tim_ex.c **** @verbatim
2607:Drivers/STM32L4xx_HAL_Driver/Src/stm32l4xx_hal_tim_ex.c ****   ==============================================================================
2608:Drivers/STM32L4xx_HAL_Driver/Src/stm32l4xx_hal_tim_ex.c ****                 ##### Extended Peripheral State functions #####
2609:Drivers/STM32L4xx_HAL_Driver/Src/stm32l4xx_hal_tim_ex.c ****   ==============================================================================
2610:Drivers/STM32L4xx_HAL_Driver/Src/stm32l4xx_hal_tim_ex.c ****   [..]
2611:Drivers/STM32L4xx_HAL_Driver/Src/stm32l4xx_hal_tim_ex.c ****     This subsection permits to get in run-time the status of the peripheral
2612:Drivers/STM32L4xx_HAL_Driver/Src/stm32l4xx_hal_tim_ex.c ****     and the data flow.
2613:Drivers/STM32L4xx_HAL_Driver/Src/stm32l4xx_hal_tim_ex.c **** 
2614:Drivers/STM32L4xx_HAL_Driver/Src/stm32l4xx_hal_tim_ex.c **** @endverbatim
2615:Drivers/STM32L4xx_HAL_Driver/Src/stm32l4xx_hal_tim_ex.c ****   * @{
2616:Drivers/STM32L4xx_HAL_Driver/Src/stm32l4xx_hal_tim_ex.c ****   */
2617:Drivers/STM32L4xx_HAL_Driver/Src/stm32l4xx_hal_tim_ex.c **** 
2618:Drivers/STM32L4xx_HAL_Driver/Src/stm32l4xx_hal_tim_ex.c **** /**
2619:Drivers/STM32L4xx_HAL_Driver/Src/stm32l4xx_hal_tim_ex.c ****   * @brief  Return the TIM Hall Sensor interface handle state.
2620:Drivers/STM32L4xx_HAL_Driver/Src/stm32l4xx_hal_tim_ex.c ****   * @param  htim TIM Hall Sensor handle
2621:Drivers/STM32L4xx_HAL_Driver/Src/stm32l4xx_hal_tim_ex.c ****   * @retval HAL state
2622:Drivers/STM32L4xx_HAL_Driver/Src/stm32l4xx_hal_tim_ex.c ****   */
2623:Drivers/STM32L4xx_HAL_Driver/Src/stm32l4xx_hal_tim_ex.c **** HAL_TIM_StateTypeDef HAL_TIMEx_HallSensor_GetState(const TIM_HandleTypeDef *htim)
2624:Drivers/STM32L4xx_HAL_Driver/Src/stm32l4xx_hal_tim_ex.c **** {
2625:Drivers/STM32L4xx_HAL_Driver/Src/stm32l4xx_hal_tim_ex.c ****   return htim->State;
2626:Drivers/STM32L4xx_HAL_Driver/Src/stm32l4xx_hal_tim_ex.c **** }
2627:Drivers/STM32L4xx_HAL_Driver/Src/stm32l4xx_hal_tim_ex.c **** 
2628:Drivers/STM32L4xx_HAL_Driver/Src/stm32l4xx_hal_tim_ex.c **** /**
2629:Drivers/STM32L4xx_HAL_Driver/Src/stm32l4xx_hal_tim_ex.c ****   * @brief  Return actual state of the TIM complementary channel.
2630:Drivers/STM32L4xx_HAL_Driver/Src/stm32l4xx_hal_tim_ex.c ****   * @param  htim TIM handle
2631:Drivers/STM32L4xx_HAL_Driver/Src/stm32l4xx_hal_tim_ex.c ****   * @param  ChannelN TIM Complementary channel
2632:Drivers/STM32L4xx_HAL_Driver/Src/stm32l4xx_hal_tim_ex.c ****   *          This parameter can be one of the following values:
2633:Drivers/STM32L4xx_HAL_Driver/Src/stm32l4xx_hal_tim_ex.c ****   *            @arg TIM_CHANNEL_1: TIM Channel 1 selected
2634:Drivers/STM32L4xx_HAL_Driver/Src/stm32l4xx_hal_tim_ex.c ****   *            @arg TIM_CHANNEL_2: TIM Channel 2 selected
2635:Drivers/STM32L4xx_HAL_Driver/Src/stm32l4xx_hal_tim_ex.c ****   *            @arg TIM_CHANNEL_3: TIM Channel 3 selected
2636:Drivers/STM32L4xx_HAL_Driver/Src/stm32l4xx_hal_tim_ex.c ****   * @retval TIM Complementary channel state
2637:Drivers/STM32L4xx_HAL_Driver/Src/stm32l4xx_hal_tim_ex.c ****   */
2638:Drivers/STM32L4xx_HAL_Driver/Src/stm32l4xx_hal_tim_ex.c **** HAL_TIM_ChannelStateTypeDef HAL_TIMEx_GetChannelNState(const TIM_HandleTypeDef *htim,  uint32_t Cha
2639:Drivers/STM32L4xx_HAL_Driver/Src/stm32l4xx_hal_tim_ex.c **** {
2640:Drivers/STM32L4xx_HAL_Driver/Src/stm32l4xx_hal_tim_ex.c ****   HAL_TIM_ChannelStateTypeDef channel_state;
2641:Drivers/STM32L4xx_HAL_Driver/Src/stm32l4xx_hal_tim_ex.c **** 
2642:Drivers/STM32L4xx_HAL_Driver/Src/stm32l4xx_hal_tim_ex.c ****   /* Check the parameters */
2643:Drivers/STM32L4xx_HAL_Driver/Src/stm32l4xx_hal_tim_ex.c ****   assert_param(IS_TIM_CCXN_INSTANCE(htim->Instance, ChannelN));
2644:Drivers/STM32L4xx_HAL_Driver/Src/stm32l4xx_hal_tim_ex.c **** 
2645:Drivers/STM32L4xx_HAL_Driver/Src/stm32l4xx_hal_tim_ex.c ****   channel_state = TIM_CHANNEL_N_STATE_GET(htim, ChannelN);
2646:Drivers/STM32L4xx_HAL_Driver/Src/stm32l4xx_hal_tim_ex.c **** 
2647:Drivers/STM32L4xx_HAL_Driver/Src/stm32l4xx_hal_tim_ex.c ****   return channel_state;
2648:Drivers/STM32L4xx_HAL_Driver/Src/stm32l4xx_hal_tim_ex.c **** }
2649:Drivers/STM32L4xx_HAL_Driver/Src/stm32l4xx_hal_tim_ex.c **** /**
2650:Drivers/STM32L4xx_HAL_Driver/Src/stm32l4xx_hal_tim_ex.c ****   * @}
2651:Drivers/STM32L4xx_HAL_Driver/Src/stm32l4xx_hal_tim_ex.c ****   */
2652:Drivers/STM32L4xx_HAL_Driver/Src/stm32l4xx_hal_tim_ex.c **** 
ARM GAS  C:\Users\kerry\AppData\Local\Temp\ccWnk0Ym.s 			page 48


2653:Drivers/STM32L4xx_HAL_Driver/Src/stm32l4xx_hal_tim_ex.c **** /**
2654:Drivers/STM32L4xx_HAL_Driver/Src/stm32l4xx_hal_tim_ex.c ****   * @}
2655:Drivers/STM32L4xx_HAL_Driver/Src/stm32l4xx_hal_tim_ex.c ****   */
2656:Drivers/STM32L4xx_HAL_Driver/Src/stm32l4xx_hal_tim_ex.c **** 
2657:Drivers/STM32L4xx_HAL_Driver/Src/stm32l4xx_hal_tim_ex.c **** /* Private functions ---------------------------------------------------------*/
2658:Drivers/STM32L4xx_HAL_Driver/Src/stm32l4xx_hal_tim_ex.c **** /** @defgroup TIMEx_Private_Functions TIM Extended Private Functions
2659:Drivers/STM32L4xx_HAL_Driver/Src/stm32l4xx_hal_tim_ex.c ****   * @{
2660:Drivers/STM32L4xx_HAL_Driver/Src/stm32l4xx_hal_tim_ex.c ****   */
2661:Drivers/STM32L4xx_HAL_Driver/Src/stm32l4xx_hal_tim_ex.c **** 
2662:Drivers/STM32L4xx_HAL_Driver/Src/stm32l4xx_hal_tim_ex.c **** /**
2663:Drivers/STM32L4xx_HAL_Driver/Src/stm32l4xx_hal_tim_ex.c ****   * @brief  TIM DMA Commutation callback.
2664:Drivers/STM32L4xx_HAL_Driver/Src/stm32l4xx_hal_tim_ex.c ****   * @param  hdma pointer to DMA handle.
2665:Drivers/STM32L4xx_HAL_Driver/Src/stm32l4xx_hal_tim_ex.c ****   * @retval None
2666:Drivers/STM32L4xx_HAL_Driver/Src/stm32l4xx_hal_tim_ex.c ****   */
2667:Drivers/STM32L4xx_HAL_Driver/Src/stm32l4xx_hal_tim_ex.c **** void TIMEx_DMACommutationCplt(DMA_HandleTypeDef *hdma)
2668:Drivers/STM32L4xx_HAL_Driver/Src/stm32l4xx_hal_tim_ex.c **** {
2669:Drivers/STM32L4xx_HAL_Driver/Src/stm32l4xx_hal_tim_ex.c ****   TIM_HandleTypeDef *htim = (TIM_HandleTypeDef *)((DMA_HandleTypeDef *)hdma)->Parent;
2670:Drivers/STM32L4xx_HAL_Driver/Src/stm32l4xx_hal_tim_ex.c **** 
2671:Drivers/STM32L4xx_HAL_Driver/Src/stm32l4xx_hal_tim_ex.c ****   /* Change the htim state */
2672:Drivers/STM32L4xx_HAL_Driver/Src/stm32l4xx_hal_tim_ex.c ****   htim->State = HAL_TIM_STATE_READY;
2673:Drivers/STM32L4xx_HAL_Driver/Src/stm32l4xx_hal_tim_ex.c **** 
2674:Drivers/STM32L4xx_HAL_Driver/Src/stm32l4xx_hal_tim_ex.c **** #if (USE_HAL_TIM_REGISTER_CALLBACKS == 1)
2675:Drivers/STM32L4xx_HAL_Driver/Src/stm32l4xx_hal_tim_ex.c ****   htim->CommutationCallback(htim);
2676:Drivers/STM32L4xx_HAL_Driver/Src/stm32l4xx_hal_tim_ex.c **** #else
2677:Drivers/STM32L4xx_HAL_Driver/Src/stm32l4xx_hal_tim_ex.c ****   HAL_TIMEx_CommutCallback(htim);
2678:Drivers/STM32L4xx_HAL_Driver/Src/stm32l4xx_hal_tim_ex.c **** #endif /* USE_HAL_TIM_REGISTER_CALLBACKS */
2679:Drivers/STM32L4xx_HAL_Driver/Src/stm32l4xx_hal_tim_ex.c **** }
2680:Drivers/STM32L4xx_HAL_Driver/Src/stm32l4xx_hal_tim_ex.c **** 
2681:Drivers/STM32L4xx_HAL_Driver/Src/stm32l4xx_hal_tim_ex.c **** /**
2682:Drivers/STM32L4xx_HAL_Driver/Src/stm32l4xx_hal_tim_ex.c ****   * @brief  TIM DMA Commutation half complete callback.
2683:Drivers/STM32L4xx_HAL_Driver/Src/stm32l4xx_hal_tim_ex.c ****   * @param  hdma pointer to DMA handle.
2684:Drivers/STM32L4xx_HAL_Driver/Src/stm32l4xx_hal_tim_ex.c ****   * @retval None
2685:Drivers/STM32L4xx_HAL_Driver/Src/stm32l4xx_hal_tim_ex.c ****   */
2686:Drivers/STM32L4xx_HAL_Driver/Src/stm32l4xx_hal_tim_ex.c **** void TIMEx_DMACommutationHalfCplt(DMA_HandleTypeDef *hdma)
2687:Drivers/STM32L4xx_HAL_Driver/Src/stm32l4xx_hal_tim_ex.c **** {
2688:Drivers/STM32L4xx_HAL_Driver/Src/stm32l4xx_hal_tim_ex.c ****   TIM_HandleTypeDef *htim = (TIM_HandleTypeDef *)((DMA_HandleTypeDef *)hdma)->Parent;
2689:Drivers/STM32L4xx_HAL_Driver/Src/stm32l4xx_hal_tim_ex.c **** 
2690:Drivers/STM32L4xx_HAL_Driver/Src/stm32l4xx_hal_tim_ex.c ****   /* Change the htim state */
2691:Drivers/STM32L4xx_HAL_Driver/Src/stm32l4xx_hal_tim_ex.c ****   htim->State = HAL_TIM_STATE_READY;
2692:Drivers/STM32L4xx_HAL_Driver/Src/stm32l4xx_hal_tim_ex.c **** 
2693:Drivers/STM32L4xx_HAL_Driver/Src/stm32l4xx_hal_tim_ex.c **** #if (USE_HAL_TIM_REGISTER_CALLBACKS == 1)
2694:Drivers/STM32L4xx_HAL_Driver/Src/stm32l4xx_hal_tim_ex.c ****   htim->CommutationHalfCpltCallback(htim);
2695:Drivers/STM32L4xx_HAL_Driver/Src/stm32l4xx_hal_tim_ex.c **** #else
2696:Drivers/STM32L4xx_HAL_Driver/Src/stm32l4xx_hal_tim_ex.c ****   HAL_TIMEx_CommutHalfCpltCallback(htim);
2697:Drivers/STM32L4xx_HAL_Driver/Src/stm32l4xx_hal_tim_ex.c **** #endif /* USE_HAL_TIM_REGISTER_CALLBACKS */
2698:Drivers/STM32L4xx_HAL_Driver/Src/stm32l4xx_hal_tim_ex.c **** }
2699:Drivers/STM32L4xx_HAL_Driver/Src/stm32l4xx_hal_tim_ex.c **** 
2700:Drivers/STM32L4xx_HAL_Driver/Src/stm32l4xx_hal_tim_ex.c **** 
2701:Drivers/STM32L4xx_HAL_Driver/Src/stm32l4xx_hal_tim_ex.c **** /**
2702:Drivers/STM32L4xx_HAL_Driver/Src/stm32l4xx_hal_tim_ex.c ****   * @brief  TIM DMA Delay Pulse complete callback (complementary channel).
2703:Drivers/STM32L4xx_HAL_Driver/Src/stm32l4xx_hal_tim_ex.c ****   * @param  hdma pointer to DMA handle.
2704:Drivers/STM32L4xx_HAL_Driver/Src/stm32l4xx_hal_tim_ex.c ****   * @retval None
2705:Drivers/STM32L4xx_HAL_Driver/Src/stm32l4xx_hal_tim_ex.c ****   */
2706:Drivers/STM32L4xx_HAL_Driver/Src/stm32l4xx_hal_tim_ex.c **** static void TIM_DMADelayPulseNCplt(DMA_HandleTypeDef *hdma)
2707:Drivers/STM32L4xx_HAL_Driver/Src/stm32l4xx_hal_tim_ex.c **** {
2708:Drivers/STM32L4xx_HAL_Driver/Src/stm32l4xx_hal_tim_ex.c ****   TIM_HandleTypeDef *htim = (TIM_HandleTypeDef *)((DMA_HandleTypeDef *)hdma)->Parent;
2709:Drivers/STM32L4xx_HAL_Driver/Src/stm32l4xx_hal_tim_ex.c **** 
ARM GAS  C:\Users\kerry\AppData\Local\Temp\ccWnk0Ym.s 			page 49


2710:Drivers/STM32L4xx_HAL_Driver/Src/stm32l4xx_hal_tim_ex.c ****   if (hdma == htim->hdma[TIM_DMA_ID_CC1])
2711:Drivers/STM32L4xx_HAL_Driver/Src/stm32l4xx_hal_tim_ex.c ****   {
2712:Drivers/STM32L4xx_HAL_Driver/Src/stm32l4xx_hal_tim_ex.c ****     htim->Channel = HAL_TIM_ACTIVE_CHANNEL_1;
2713:Drivers/STM32L4xx_HAL_Driver/Src/stm32l4xx_hal_tim_ex.c **** 
2714:Drivers/STM32L4xx_HAL_Driver/Src/stm32l4xx_hal_tim_ex.c ****     if (hdma->Init.Mode == DMA_NORMAL)
2715:Drivers/STM32L4xx_HAL_Driver/Src/stm32l4xx_hal_tim_ex.c ****     {
2716:Drivers/STM32L4xx_HAL_Driver/Src/stm32l4xx_hal_tim_ex.c ****       TIM_CHANNEL_N_STATE_SET(htim, TIM_CHANNEL_1, HAL_TIM_CHANNEL_STATE_READY);
2717:Drivers/STM32L4xx_HAL_Driver/Src/stm32l4xx_hal_tim_ex.c ****     }
2718:Drivers/STM32L4xx_HAL_Driver/Src/stm32l4xx_hal_tim_ex.c ****   }
2719:Drivers/STM32L4xx_HAL_Driver/Src/stm32l4xx_hal_tim_ex.c ****   else if (hdma == htim->hdma[TIM_DMA_ID_CC2])
2720:Drivers/STM32L4xx_HAL_Driver/Src/stm32l4xx_hal_tim_ex.c ****   {
2721:Drivers/STM32L4xx_HAL_Driver/Src/stm32l4xx_hal_tim_ex.c ****     htim->Channel = HAL_TIM_ACTIVE_CHANNEL_2;
2722:Drivers/STM32L4xx_HAL_Driver/Src/stm32l4xx_hal_tim_ex.c **** 
2723:Drivers/STM32L4xx_HAL_Driver/Src/stm32l4xx_hal_tim_ex.c ****     if (hdma->Init.Mode == DMA_NORMAL)
2724:Drivers/STM32L4xx_HAL_Driver/Src/stm32l4xx_hal_tim_ex.c ****     {
2725:Drivers/STM32L4xx_HAL_Driver/Src/stm32l4xx_hal_tim_ex.c ****       TIM_CHANNEL_N_STATE_SET(htim, TIM_CHANNEL_2, HAL_TIM_CHANNEL_STATE_READY);
2726:Drivers/STM32L4xx_HAL_Driver/Src/stm32l4xx_hal_tim_ex.c ****     }
2727:Drivers/STM32L4xx_HAL_Driver/Src/stm32l4xx_hal_tim_ex.c ****   }
2728:Drivers/STM32L4xx_HAL_Driver/Src/stm32l4xx_hal_tim_ex.c ****   else if (hdma == htim->hdma[TIM_DMA_ID_CC3])
2729:Drivers/STM32L4xx_HAL_Driver/Src/stm32l4xx_hal_tim_ex.c ****   {
2730:Drivers/STM32L4xx_HAL_Driver/Src/stm32l4xx_hal_tim_ex.c ****     htim->Channel = HAL_TIM_ACTIVE_CHANNEL_3;
2731:Drivers/STM32L4xx_HAL_Driver/Src/stm32l4xx_hal_tim_ex.c **** 
2732:Drivers/STM32L4xx_HAL_Driver/Src/stm32l4xx_hal_tim_ex.c ****     if (hdma->Init.Mode == DMA_NORMAL)
2733:Drivers/STM32L4xx_HAL_Driver/Src/stm32l4xx_hal_tim_ex.c ****     {
2734:Drivers/STM32L4xx_HAL_Driver/Src/stm32l4xx_hal_tim_ex.c ****       TIM_CHANNEL_N_STATE_SET(htim, TIM_CHANNEL_3, HAL_TIM_CHANNEL_STATE_READY);
2735:Drivers/STM32L4xx_HAL_Driver/Src/stm32l4xx_hal_tim_ex.c ****     }
2736:Drivers/STM32L4xx_HAL_Driver/Src/stm32l4xx_hal_tim_ex.c ****   }
2737:Drivers/STM32L4xx_HAL_Driver/Src/stm32l4xx_hal_tim_ex.c ****   else
2738:Drivers/STM32L4xx_HAL_Driver/Src/stm32l4xx_hal_tim_ex.c ****   {
2739:Drivers/STM32L4xx_HAL_Driver/Src/stm32l4xx_hal_tim_ex.c ****     /* nothing to do */
2740:Drivers/STM32L4xx_HAL_Driver/Src/stm32l4xx_hal_tim_ex.c ****   }
2741:Drivers/STM32L4xx_HAL_Driver/Src/stm32l4xx_hal_tim_ex.c **** 
2742:Drivers/STM32L4xx_HAL_Driver/Src/stm32l4xx_hal_tim_ex.c **** #if (USE_HAL_TIM_REGISTER_CALLBACKS == 1)
2743:Drivers/STM32L4xx_HAL_Driver/Src/stm32l4xx_hal_tim_ex.c ****   htim->PWM_PulseFinishedCallback(htim);
2744:Drivers/STM32L4xx_HAL_Driver/Src/stm32l4xx_hal_tim_ex.c **** #else
2745:Drivers/STM32L4xx_HAL_Driver/Src/stm32l4xx_hal_tim_ex.c ****   HAL_TIM_PWM_PulseFinishedCallback(htim);
2746:Drivers/STM32L4xx_HAL_Driver/Src/stm32l4xx_hal_tim_ex.c **** #endif /* USE_HAL_TIM_REGISTER_CALLBACKS */
2747:Drivers/STM32L4xx_HAL_Driver/Src/stm32l4xx_hal_tim_ex.c **** 
2748:Drivers/STM32L4xx_HAL_Driver/Src/stm32l4xx_hal_tim_ex.c ****   htim->Channel = HAL_TIM_ACTIVE_CHANNEL_CLEARED;
2749:Drivers/STM32L4xx_HAL_Driver/Src/stm32l4xx_hal_tim_ex.c **** }
2750:Drivers/STM32L4xx_HAL_Driver/Src/stm32l4xx_hal_tim_ex.c **** 
2751:Drivers/STM32L4xx_HAL_Driver/Src/stm32l4xx_hal_tim_ex.c **** /**
2752:Drivers/STM32L4xx_HAL_Driver/Src/stm32l4xx_hal_tim_ex.c ****   * @brief  TIM DMA error callback (complementary channel)
2753:Drivers/STM32L4xx_HAL_Driver/Src/stm32l4xx_hal_tim_ex.c ****   * @param  hdma pointer to DMA handle.
2754:Drivers/STM32L4xx_HAL_Driver/Src/stm32l4xx_hal_tim_ex.c ****   * @retval None
2755:Drivers/STM32L4xx_HAL_Driver/Src/stm32l4xx_hal_tim_ex.c ****   */
2756:Drivers/STM32L4xx_HAL_Driver/Src/stm32l4xx_hal_tim_ex.c **** static void TIM_DMAErrorCCxN(DMA_HandleTypeDef *hdma)
2757:Drivers/STM32L4xx_HAL_Driver/Src/stm32l4xx_hal_tim_ex.c **** {
2758:Drivers/STM32L4xx_HAL_Driver/Src/stm32l4xx_hal_tim_ex.c ****   TIM_HandleTypeDef *htim = (TIM_HandleTypeDef *)((DMA_HandleTypeDef *)hdma)->Parent;
2759:Drivers/STM32L4xx_HAL_Driver/Src/stm32l4xx_hal_tim_ex.c **** 
2760:Drivers/STM32L4xx_HAL_Driver/Src/stm32l4xx_hal_tim_ex.c ****   if (hdma == htim->hdma[TIM_DMA_ID_CC1])
2761:Drivers/STM32L4xx_HAL_Driver/Src/stm32l4xx_hal_tim_ex.c ****   {
2762:Drivers/STM32L4xx_HAL_Driver/Src/stm32l4xx_hal_tim_ex.c ****     htim->Channel = HAL_TIM_ACTIVE_CHANNEL_1;
2763:Drivers/STM32L4xx_HAL_Driver/Src/stm32l4xx_hal_tim_ex.c ****     TIM_CHANNEL_N_STATE_SET(htim, TIM_CHANNEL_1, HAL_TIM_CHANNEL_STATE_READY);
2764:Drivers/STM32L4xx_HAL_Driver/Src/stm32l4xx_hal_tim_ex.c ****   }
2765:Drivers/STM32L4xx_HAL_Driver/Src/stm32l4xx_hal_tim_ex.c ****   else if (hdma == htim->hdma[TIM_DMA_ID_CC2])
2766:Drivers/STM32L4xx_HAL_Driver/Src/stm32l4xx_hal_tim_ex.c ****   {
ARM GAS  C:\Users\kerry\AppData\Local\Temp\ccWnk0Ym.s 			page 50


2767:Drivers/STM32L4xx_HAL_Driver/Src/stm32l4xx_hal_tim_ex.c ****     htim->Channel = HAL_TIM_ACTIVE_CHANNEL_2;
2768:Drivers/STM32L4xx_HAL_Driver/Src/stm32l4xx_hal_tim_ex.c ****     TIM_CHANNEL_N_STATE_SET(htim, TIM_CHANNEL_2, HAL_TIM_CHANNEL_STATE_READY);
2769:Drivers/STM32L4xx_HAL_Driver/Src/stm32l4xx_hal_tim_ex.c ****   }
2770:Drivers/STM32L4xx_HAL_Driver/Src/stm32l4xx_hal_tim_ex.c ****   else if (hdma == htim->hdma[TIM_DMA_ID_CC3])
2771:Drivers/STM32L4xx_HAL_Driver/Src/stm32l4xx_hal_tim_ex.c ****   {
2772:Drivers/STM32L4xx_HAL_Driver/Src/stm32l4xx_hal_tim_ex.c ****     htim->Channel = HAL_TIM_ACTIVE_CHANNEL_3;
2773:Drivers/STM32L4xx_HAL_Driver/Src/stm32l4xx_hal_tim_ex.c ****     TIM_CHANNEL_N_STATE_SET(htim, TIM_CHANNEL_3, HAL_TIM_CHANNEL_STATE_READY);
2774:Drivers/STM32L4xx_HAL_Driver/Src/stm32l4xx_hal_tim_ex.c ****   }
2775:Drivers/STM32L4xx_HAL_Driver/Src/stm32l4xx_hal_tim_ex.c ****   else
2776:Drivers/STM32L4xx_HAL_Driver/Src/stm32l4xx_hal_tim_ex.c ****   {
2777:Drivers/STM32L4xx_HAL_Driver/Src/stm32l4xx_hal_tim_ex.c ****     /* nothing to do */
2778:Drivers/STM32L4xx_HAL_Driver/Src/stm32l4xx_hal_tim_ex.c ****   }
2779:Drivers/STM32L4xx_HAL_Driver/Src/stm32l4xx_hal_tim_ex.c **** 
2780:Drivers/STM32L4xx_HAL_Driver/Src/stm32l4xx_hal_tim_ex.c **** #if (USE_HAL_TIM_REGISTER_CALLBACKS == 1)
2781:Drivers/STM32L4xx_HAL_Driver/Src/stm32l4xx_hal_tim_ex.c ****   htim->ErrorCallback(htim);
2782:Drivers/STM32L4xx_HAL_Driver/Src/stm32l4xx_hal_tim_ex.c **** #else
2783:Drivers/STM32L4xx_HAL_Driver/Src/stm32l4xx_hal_tim_ex.c ****   HAL_TIM_ErrorCallback(htim);
2784:Drivers/STM32L4xx_HAL_Driver/Src/stm32l4xx_hal_tim_ex.c **** #endif /* USE_HAL_TIM_REGISTER_CALLBACKS */
2785:Drivers/STM32L4xx_HAL_Driver/Src/stm32l4xx_hal_tim_ex.c **** 
2786:Drivers/STM32L4xx_HAL_Driver/Src/stm32l4xx_hal_tim_ex.c ****   htim->Channel = HAL_TIM_ACTIVE_CHANNEL_CLEARED;
2787:Drivers/STM32L4xx_HAL_Driver/Src/stm32l4xx_hal_tim_ex.c **** }
2788:Drivers/STM32L4xx_HAL_Driver/Src/stm32l4xx_hal_tim_ex.c **** 
2789:Drivers/STM32L4xx_HAL_Driver/Src/stm32l4xx_hal_tim_ex.c **** /**
2790:Drivers/STM32L4xx_HAL_Driver/Src/stm32l4xx_hal_tim_ex.c ****   * @brief  Enables or disables the TIM Capture Compare Channel xN.
2791:Drivers/STM32L4xx_HAL_Driver/Src/stm32l4xx_hal_tim_ex.c ****   * @param  TIMx to select the TIM peripheral
2792:Drivers/STM32L4xx_HAL_Driver/Src/stm32l4xx_hal_tim_ex.c ****   * @param  Channel specifies the TIM Channel
2793:Drivers/STM32L4xx_HAL_Driver/Src/stm32l4xx_hal_tim_ex.c ****   *          This parameter can be one of the following values:
2794:Drivers/STM32L4xx_HAL_Driver/Src/stm32l4xx_hal_tim_ex.c ****   *            @arg TIM_CHANNEL_1: TIM Channel 1 selected
2795:Drivers/STM32L4xx_HAL_Driver/Src/stm32l4xx_hal_tim_ex.c ****   *            @arg TIM_CHANNEL_2: TIM Channel 2 selected
2796:Drivers/STM32L4xx_HAL_Driver/Src/stm32l4xx_hal_tim_ex.c ****   *            @arg TIM_CHANNEL_3: TIM Channel 3 selected
2797:Drivers/STM32L4xx_HAL_Driver/Src/stm32l4xx_hal_tim_ex.c ****   * @param  ChannelNState specifies the TIM Channel CCxNE bit new state.
2798:Drivers/STM32L4xx_HAL_Driver/Src/stm32l4xx_hal_tim_ex.c ****   *          This parameter can be: TIM_CCxN_ENABLE or TIM_CCxN_Disable.
2799:Drivers/STM32L4xx_HAL_Driver/Src/stm32l4xx_hal_tim_ex.c ****   * @retval None
2800:Drivers/STM32L4xx_HAL_Driver/Src/stm32l4xx_hal_tim_ex.c ****   */
2801:Drivers/STM32L4xx_HAL_Driver/Src/stm32l4xx_hal_tim_ex.c **** static void TIM_CCxNChannelCmd(TIM_TypeDef *TIMx, uint32_t Channel, uint32_t ChannelNState)
2802:Drivers/STM32L4xx_HAL_Driver/Src/stm32l4xx_hal_tim_ex.c **** {
  29              		.loc 1 2802 1 view -0
  30              		.cfi_startproc
  31              		@ args = 0, pretend = 0, frame = 0
  32              		@ frame_needed = 0, uses_anonymous_args = 0
  33              		@ link register save eliminated.
2803:Drivers/STM32L4xx_HAL_Driver/Src/stm32l4xx_hal_tim_ex.c ****   uint32_t tmp;
  34              		.loc 1 2803 3 view .LVU1
2804:Drivers/STM32L4xx_HAL_Driver/Src/stm32l4xx_hal_tim_ex.c **** 
2805:Drivers/STM32L4xx_HAL_Driver/Src/stm32l4xx_hal_tim_ex.c ****   tmp = TIM_CCER_CC1NE << (Channel & 0xFU); /* 0xFU = 15 bits max shift */
  35              		.loc 1 2805 3 view .LVU2
  36              		.loc 1 2805 36 is_stmt 0 view .LVU3
  37 0000 01F00F01 		and	r1, r1, #15
  38              	.LVL1:
  39              		.loc 1 2805 7 view .LVU4
  40 0004 4FF0040C 		mov	ip, #4
  41 0008 0CFA01FC 		lsl	ip, ip, r1
  42              	.LVL2:
2806:Drivers/STM32L4xx_HAL_Driver/Src/stm32l4xx_hal_tim_ex.c **** 
2807:Drivers/STM32L4xx_HAL_Driver/Src/stm32l4xx_hal_tim_ex.c ****   /* Reset the CCxNE Bit */
2808:Drivers/STM32L4xx_HAL_Driver/Src/stm32l4xx_hal_tim_ex.c ****   TIMx->CCER &=  ~tmp;
  43              		.loc 1 2808 3 is_stmt 1 view .LVU5
ARM GAS  C:\Users\kerry\AppData\Local\Temp\ccWnk0Ym.s 			page 51


  44              		.loc 1 2808 7 is_stmt 0 view .LVU6
  45 000c 036A     		ldr	r3, [r0, #32]
  46              		.loc 1 2808 14 view .LVU7
  47 000e 23EA0C03 		bic	r3, r3, ip
  48 0012 0362     		str	r3, [r0, #32]
2809:Drivers/STM32L4xx_HAL_Driver/Src/stm32l4xx_hal_tim_ex.c **** 
2810:Drivers/STM32L4xx_HAL_Driver/Src/stm32l4xx_hal_tim_ex.c ****   /* Set or reset the CCxNE Bit */
2811:Drivers/STM32L4xx_HAL_Driver/Src/stm32l4xx_hal_tim_ex.c ****   TIMx->CCER |= (uint32_t)(ChannelNState << (Channel & 0xFU)); /* 0xFU = 15 bits max shift */
  49              		.loc 1 2811 3 is_stmt 1 view .LVU8
  50              		.loc 1 2811 7 is_stmt 0 view .LVU9
  51 0014 036A     		ldr	r3, [r0, #32]
  52              		.loc 1 2811 42 view .LVU10
  53 0016 8A40     		lsls	r2, r2, r1
  54              	.LVL3:
  55              		.loc 1 2811 14 view .LVU11
  56 0018 1343     		orrs	r3, r3, r2
  57 001a 0362     		str	r3, [r0, #32]
2812:Drivers/STM32L4xx_HAL_Driver/Src/stm32l4xx_hal_tim_ex.c **** }
  58              		.loc 1 2812 1 view .LVU12
  59 001c 7047     		bx	lr
  60              		.cfi_endproc
  61              	.LFE428:
  63              		.section	.text.TIM_DMAErrorCCxN,"ax",%progbits
  64              		.align	1
  65              		.syntax unified
  66              		.thumb
  67              		.thumb_func
  69              	TIM_DMAErrorCCxN:
  70              	.LVL4:
  71              	.LFB427:
2757:Drivers/STM32L4xx_HAL_Driver/Src/stm32l4xx_hal_tim_ex.c ****   TIM_HandleTypeDef *htim = (TIM_HandleTypeDef *)((DMA_HandleTypeDef *)hdma)->Parent;
  72              		.loc 1 2757 1 is_stmt 1 view -0
  73              		.cfi_startproc
  74              		@ args = 0, pretend = 0, frame = 0
  75              		@ frame_needed = 0, uses_anonymous_args = 0
2757:Drivers/STM32L4xx_HAL_Driver/Src/stm32l4xx_hal_tim_ex.c ****   TIM_HandleTypeDef *htim = (TIM_HandleTypeDef *)((DMA_HandleTypeDef *)hdma)->Parent;
  76              		.loc 1 2757 1 is_stmt 0 view .LVU14
  77 0000 10B5     		push	{r4, lr}
  78              	.LCFI0:
  79              		.cfi_def_cfa_offset 8
  80              		.cfi_offset 4, -8
  81              		.cfi_offset 14, -4
2758:Drivers/STM32L4xx_HAL_Driver/Src/stm32l4xx_hal_tim_ex.c **** 
  82              		.loc 1 2758 3 is_stmt 1 view .LVU15
2758:Drivers/STM32L4xx_HAL_Driver/Src/stm32l4xx_hal_tim_ex.c **** 
  83              		.loc 1 2758 22 is_stmt 0 view .LVU16
  84 0002 846A     		ldr	r4, [r0, #40]
  85              	.LVL5:
2760:Drivers/STM32L4xx_HAL_Driver/Src/stm32l4xx_hal_tim_ex.c ****   {
  86              		.loc 1 2760 3 is_stmt 1 view .LVU17
2760:Drivers/STM32L4xx_HAL_Driver/Src/stm32l4xx_hal_tim_ex.c ****   {
  87              		.loc 1 2760 25 is_stmt 0 view .LVU18
  88 0004 636A     		ldr	r3, [r4, #36]
2760:Drivers/STM32L4xx_HAL_Driver/Src/stm32l4xx_hal_tim_ex.c ****   {
  89              		.loc 1 2760 6 view .LVU19
  90 0006 8342     		cmp	r3, r0
  91 0008 0BD0     		beq	.L7
ARM GAS  C:\Users\kerry\AppData\Local\Temp\ccWnk0Ym.s 			page 52


2765:Drivers/STM32L4xx_HAL_Driver/Src/stm32l4xx_hal_tim_ex.c ****   {
  92              		.loc 1 2765 8 is_stmt 1 view .LVU20
2765:Drivers/STM32L4xx_HAL_Driver/Src/stm32l4xx_hal_tim_ex.c ****   {
  93              		.loc 1 2765 30 is_stmt 0 view .LVU21
  94 000a A36A     		ldr	r3, [r4, #40]
2765:Drivers/STM32L4xx_HAL_Driver/Src/stm32l4xx_hal_tim_ex.c ****   {
  95              		.loc 1 2765 11 view .LVU22
  96 000c 8342     		cmp	r3, r0
  97 000e 0DD0     		beq	.L8
2770:Drivers/STM32L4xx_HAL_Driver/Src/stm32l4xx_hal_tim_ex.c ****   {
  98              		.loc 1 2770 8 is_stmt 1 view .LVU23
2770:Drivers/STM32L4xx_HAL_Driver/Src/stm32l4xx_hal_tim_ex.c ****   {
  99              		.loc 1 2770 30 is_stmt 0 view .LVU24
 100 0010 E36A     		ldr	r3, [r4, #44]
2770:Drivers/STM32L4xx_HAL_Driver/Src/stm32l4xx_hal_tim_ex.c ****   {
 101              		.loc 1 2770 11 view .LVU25
 102 0012 8342     		cmp	r3, r0
 103 0014 10D0     		beq	.L9
 104              	.L4:
2778:Drivers/STM32L4xx_HAL_Driver/Src/stm32l4xx_hal_tim_ex.c **** 
 105              		.loc 1 2778 3 is_stmt 1 view .LVU26
2783:Drivers/STM32L4xx_HAL_Driver/Src/stm32l4xx_hal_tim_ex.c **** #endif /* USE_HAL_TIM_REGISTER_CALLBACKS */
 106              		.loc 1 2783 3 view .LVU27
 107 0016 2046     		mov	r0, r4
 108              	.LVL6:
2783:Drivers/STM32L4xx_HAL_Driver/Src/stm32l4xx_hal_tim_ex.c **** #endif /* USE_HAL_TIM_REGISTER_CALLBACKS */
 109              		.loc 1 2783 3 is_stmt 0 view .LVU28
 110 0018 FFF7FEFF 		bl	HAL_TIM_ErrorCallback
 111              	.LVL7:
2786:Drivers/STM32L4xx_HAL_Driver/Src/stm32l4xx_hal_tim_ex.c **** }
 112              		.loc 1 2786 3 is_stmt 1 view .LVU29
2786:Drivers/STM32L4xx_HAL_Driver/Src/stm32l4xx_hal_tim_ex.c **** }
 113              		.loc 1 2786 17 is_stmt 0 view .LVU30
 114 001c 0023     		movs	r3, #0
 115 001e 2377     		strb	r3, [r4, #28]
2787:Drivers/STM32L4xx_HAL_Driver/Src/stm32l4xx_hal_tim_ex.c **** 
 116              		.loc 1 2787 1 view .LVU31
 117 0020 10BD     		pop	{r4, pc}
 118              	.LVL8:
 119              	.L7:
2762:Drivers/STM32L4xx_HAL_Driver/Src/stm32l4xx_hal_tim_ex.c ****     TIM_CHANNEL_N_STATE_SET(htim, TIM_CHANNEL_1, HAL_TIM_CHANNEL_STATE_READY);
 120              		.loc 1 2762 5 is_stmt 1 view .LVU32
2762:Drivers/STM32L4xx_HAL_Driver/Src/stm32l4xx_hal_tim_ex.c ****     TIM_CHANNEL_N_STATE_SET(htim, TIM_CHANNEL_1, HAL_TIM_CHANNEL_STATE_READY);
 121              		.loc 1 2762 19 is_stmt 0 view .LVU33
 122 0022 0123     		movs	r3, #1
 123 0024 2377     		strb	r3, [r4, #28]
2763:Drivers/STM32L4xx_HAL_Driver/Src/stm32l4xx_hal_tim_ex.c ****   }
 124              		.loc 1 2763 5 is_stmt 1 view .LVU34
 125 0026 84F84430 		strb	r3, [r4, #68]
 126 002a F4E7     		b	.L4
 127              	.L8:
2767:Drivers/STM32L4xx_HAL_Driver/Src/stm32l4xx_hal_tim_ex.c ****     TIM_CHANNEL_N_STATE_SET(htim, TIM_CHANNEL_2, HAL_TIM_CHANNEL_STATE_READY);
 128              		.loc 1 2767 5 view .LVU35
2767:Drivers/STM32L4xx_HAL_Driver/Src/stm32l4xx_hal_tim_ex.c ****     TIM_CHANNEL_N_STATE_SET(htim, TIM_CHANNEL_2, HAL_TIM_CHANNEL_STATE_READY);
 129              		.loc 1 2767 19 is_stmt 0 view .LVU36
 130 002c 0223     		movs	r3, #2
 131 002e 2377     		strb	r3, [r4, #28]
ARM GAS  C:\Users\kerry\AppData\Local\Temp\ccWnk0Ym.s 			page 53


2768:Drivers/STM32L4xx_HAL_Driver/Src/stm32l4xx_hal_tim_ex.c ****   }
 132              		.loc 1 2768 5 is_stmt 1 view .LVU37
 133 0030 0123     		movs	r3, #1
 134 0032 84F84530 		strb	r3, [r4, #69]
 135 0036 EEE7     		b	.L4
 136              	.L9:
2772:Drivers/STM32L4xx_HAL_Driver/Src/stm32l4xx_hal_tim_ex.c ****     TIM_CHANNEL_N_STATE_SET(htim, TIM_CHANNEL_3, HAL_TIM_CHANNEL_STATE_READY);
 137              		.loc 1 2772 5 view .LVU38
2772:Drivers/STM32L4xx_HAL_Driver/Src/stm32l4xx_hal_tim_ex.c ****     TIM_CHANNEL_N_STATE_SET(htim, TIM_CHANNEL_3, HAL_TIM_CHANNEL_STATE_READY);
 138              		.loc 1 2772 19 is_stmt 0 view .LVU39
 139 0038 0423     		movs	r3, #4
 140 003a 2377     		strb	r3, [r4, #28]
2773:Drivers/STM32L4xx_HAL_Driver/Src/stm32l4xx_hal_tim_ex.c ****   }
 141              		.loc 1 2773 5 is_stmt 1 view .LVU40
 142 003c 0123     		movs	r3, #1
 143 003e 84F84630 		strb	r3, [r4, #70]
 144 0042 E8E7     		b	.L4
 145              		.cfi_endproc
 146              	.LFE427:
 148              		.section	.text.TIM_DMADelayPulseNCplt,"ax",%progbits
 149              		.align	1
 150              		.syntax unified
 151              		.thumb
 152              		.thumb_func
 154              	TIM_DMADelayPulseNCplt:
 155              	.LVL9:
 156              	.LFB426:
2707:Drivers/STM32L4xx_HAL_Driver/Src/stm32l4xx_hal_tim_ex.c ****   TIM_HandleTypeDef *htim = (TIM_HandleTypeDef *)((DMA_HandleTypeDef *)hdma)->Parent;
 157              		.loc 1 2707 1 view -0
 158              		.cfi_startproc
 159              		@ args = 0, pretend = 0, frame = 0
 160              		@ frame_needed = 0, uses_anonymous_args = 0
2707:Drivers/STM32L4xx_HAL_Driver/Src/stm32l4xx_hal_tim_ex.c ****   TIM_HandleTypeDef *htim = (TIM_HandleTypeDef *)((DMA_HandleTypeDef *)hdma)->Parent;
 161              		.loc 1 2707 1 is_stmt 0 view .LVU42
 162 0000 10B5     		push	{r4, lr}
 163              	.LCFI1:
 164              		.cfi_def_cfa_offset 8
 165              		.cfi_offset 4, -8
 166              		.cfi_offset 14, -4
2708:Drivers/STM32L4xx_HAL_Driver/Src/stm32l4xx_hal_tim_ex.c **** 
 167              		.loc 1 2708 3 is_stmt 1 view .LVU43
2708:Drivers/STM32L4xx_HAL_Driver/Src/stm32l4xx_hal_tim_ex.c **** 
 168              		.loc 1 2708 22 is_stmt 0 view .LVU44
 169 0002 846A     		ldr	r4, [r0, #40]
 170              	.LVL10:
2710:Drivers/STM32L4xx_HAL_Driver/Src/stm32l4xx_hal_tim_ex.c ****   {
 171              		.loc 1 2710 3 is_stmt 1 view .LVU45
2710:Drivers/STM32L4xx_HAL_Driver/Src/stm32l4xx_hal_tim_ex.c ****   {
 172              		.loc 1 2710 25 is_stmt 0 view .LVU46
 173 0004 636A     		ldr	r3, [r4, #36]
2710:Drivers/STM32L4xx_HAL_Driver/Src/stm32l4xx_hal_tim_ex.c ****   {
 174              		.loc 1 2710 6 view .LVU47
 175 0006 8342     		cmp	r3, r0
 176 0008 0BD0     		beq	.L15
2719:Drivers/STM32L4xx_HAL_Driver/Src/stm32l4xx_hal_tim_ex.c ****   {
 177              		.loc 1 2719 8 is_stmt 1 view .LVU48
2719:Drivers/STM32L4xx_HAL_Driver/Src/stm32l4xx_hal_tim_ex.c ****   {
ARM GAS  C:\Users\kerry\AppData\Local\Temp\ccWnk0Ym.s 			page 54


 178              		.loc 1 2719 30 is_stmt 0 view .LVU49
 179 000a A36A     		ldr	r3, [r4, #40]
2719:Drivers/STM32L4xx_HAL_Driver/Src/stm32l4xx_hal_tim_ex.c ****   {
 180              		.loc 1 2719 11 view .LVU50
 181 000c 8342     		cmp	r3, r0
 182 000e 11D0     		beq	.L16
2728:Drivers/STM32L4xx_HAL_Driver/Src/stm32l4xx_hal_tim_ex.c ****   {
 183              		.loc 1 2728 8 is_stmt 1 view .LVU51
2728:Drivers/STM32L4xx_HAL_Driver/Src/stm32l4xx_hal_tim_ex.c ****   {
 184              		.loc 1 2728 30 is_stmt 0 view .LVU52
 185 0010 E36A     		ldr	r3, [r4, #44]
2728:Drivers/STM32L4xx_HAL_Driver/Src/stm32l4xx_hal_tim_ex.c ****   {
 186              		.loc 1 2728 11 view .LVU53
 187 0012 8342     		cmp	r3, r0
 188 0014 17D0     		beq	.L17
 189              	.L12:
2740:Drivers/STM32L4xx_HAL_Driver/Src/stm32l4xx_hal_tim_ex.c **** 
 190              		.loc 1 2740 3 is_stmt 1 view .LVU54
2745:Drivers/STM32L4xx_HAL_Driver/Src/stm32l4xx_hal_tim_ex.c **** #endif /* USE_HAL_TIM_REGISTER_CALLBACKS */
 191              		.loc 1 2745 3 view .LVU55
 192 0016 2046     		mov	r0, r4
 193              	.LVL11:
2745:Drivers/STM32L4xx_HAL_Driver/Src/stm32l4xx_hal_tim_ex.c **** #endif /* USE_HAL_TIM_REGISTER_CALLBACKS */
 194              		.loc 1 2745 3 is_stmt 0 view .LVU56
 195 0018 FFF7FEFF 		bl	HAL_TIM_PWM_PulseFinishedCallback
 196              	.LVL12:
2748:Drivers/STM32L4xx_HAL_Driver/Src/stm32l4xx_hal_tim_ex.c **** }
 197              		.loc 1 2748 3 is_stmt 1 view .LVU57
2748:Drivers/STM32L4xx_HAL_Driver/Src/stm32l4xx_hal_tim_ex.c **** }
 198              		.loc 1 2748 17 is_stmt 0 view .LVU58
 199 001c 0023     		movs	r3, #0
 200 001e 2377     		strb	r3, [r4, #28]
2749:Drivers/STM32L4xx_HAL_Driver/Src/stm32l4xx_hal_tim_ex.c **** 
 201              		.loc 1 2749 1 view .LVU59
 202 0020 10BD     		pop	{r4, pc}
 203              	.LVL13:
 204              	.L15:
2712:Drivers/STM32L4xx_HAL_Driver/Src/stm32l4xx_hal_tim_ex.c **** 
 205              		.loc 1 2712 5 is_stmt 1 view .LVU60
2712:Drivers/STM32L4xx_HAL_Driver/Src/stm32l4xx_hal_tim_ex.c **** 
 206              		.loc 1 2712 19 is_stmt 0 view .LVU61
 207 0022 0123     		movs	r3, #1
 208 0024 2377     		strb	r3, [r4, #28]
2714:Drivers/STM32L4xx_HAL_Driver/Src/stm32l4xx_hal_tim_ex.c ****     {
 209              		.loc 1 2714 5 is_stmt 1 view .LVU62
2714:Drivers/STM32L4xx_HAL_Driver/Src/stm32l4xx_hal_tim_ex.c ****     {
 210              		.loc 1 2714 19 is_stmt 0 view .LVU63
 211 0026 C369     		ldr	r3, [r0, #28]
2714:Drivers/STM32L4xx_HAL_Driver/Src/stm32l4xx_hal_tim_ex.c ****     {
 212              		.loc 1 2714 8 view .LVU64
 213 0028 002B     		cmp	r3, #0
 214 002a F4D1     		bne	.L12
2716:Drivers/STM32L4xx_HAL_Driver/Src/stm32l4xx_hal_tim_ex.c ****     }
 215              		.loc 1 2716 7 is_stmt 1 view .LVU65
 216 002c 0123     		movs	r3, #1
 217 002e 84F84430 		strb	r3, [r4, #68]
 218 0032 F0E7     		b	.L12
ARM GAS  C:\Users\kerry\AppData\Local\Temp\ccWnk0Ym.s 			page 55


 219              	.L16:
2721:Drivers/STM32L4xx_HAL_Driver/Src/stm32l4xx_hal_tim_ex.c **** 
 220              		.loc 1 2721 5 view .LVU66
2721:Drivers/STM32L4xx_HAL_Driver/Src/stm32l4xx_hal_tim_ex.c **** 
 221              		.loc 1 2721 19 is_stmt 0 view .LVU67
 222 0034 0223     		movs	r3, #2
 223 0036 2377     		strb	r3, [r4, #28]
2723:Drivers/STM32L4xx_HAL_Driver/Src/stm32l4xx_hal_tim_ex.c ****     {
 224              		.loc 1 2723 5 is_stmt 1 view .LVU68
2723:Drivers/STM32L4xx_HAL_Driver/Src/stm32l4xx_hal_tim_ex.c ****     {
 225              		.loc 1 2723 19 is_stmt 0 view .LVU69
 226 0038 C369     		ldr	r3, [r0, #28]
2723:Drivers/STM32L4xx_HAL_Driver/Src/stm32l4xx_hal_tim_ex.c ****     {
 227              		.loc 1 2723 8 view .LVU70
 228 003a 002B     		cmp	r3, #0
 229 003c EBD1     		bne	.L12
2725:Drivers/STM32L4xx_HAL_Driver/Src/stm32l4xx_hal_tim_ex.c ****     }
 230              		.loc 1 2725 7 is_stmt 1 view .LVU71
 231 003e 0123     		movs	r3, #1
 232 0040 84F84530 		strb	r3, [r4, #69]
 233 0044 E7E7     		b	.L12
 234              	.L17:
2730:Drivers/STM32L4xx_HAL_Driver/Src/stm32l4xx_hal_tim_ex.c **** 
 235              		.loc 1 2730 5 view .LVU72
2730:Drivers/STM32L4xx_HAL_Driver/Src/stm32l4xx_hal_tim_ex.c **** 
 236              		.loc 1 2730 19 is_stmt 0 view .LVU73
 237 0046 0423     		movs	r3, #4
 238 0048 2377     		strb	r3, [r4, #28]
2732:Drivers/STM32L4xx_HAL_Driver/Src/stm32l4xx_hal_tim_ex.c ****     {
 239              		.loc 1 2732 5 is_stmt 1 view .LVU74
2732:Drivers/STM32L4xx_HAL_Driver/Src/stm32l4xx_hal_tim_ex.c ****     {
 240              		.loc 1 2732 19 is_stmt 0 view .LVU75
 241 004a C369     		ldr	r3, [r0, #28]
2732:Drivers/STM32L4xx_HAL_Driver/Src/stm32l4xx_hal_tim_ex.c ****     {
 242              		.loc 1 2732 8 view .LVU76
 243 004c 002B     		cmp	r3, #0
 244 004e E2D1     		bne	.L12
2734:Drivers/STM32L4xx_HAL_Driver/Src/stm32l4xx_hal_tim_ex.c ****     }
 245              		.loc 1 2734 7 is_stmt 1 view .LVU77
 246 0050 0123     		movs	r3, #1
 247 0052 84F84630 		strb	r3, [r4, #70]
 248 0056 DEE7     		b	.L12
 249              		.cfi_endproc
 250              	.LFE426:
 252              		.section	.text.HAL_TIMEx_HallSensor_MspInit,"ax",%progbits
 253              		.align	1
 254              		.weak	HAL_TIMEx_HallSensor_MspInit
 255              		.syntax unified
 256              		.thumb
 257              		.thumb_func
 259              	HAL_TIMEx_HallSensor_MspInit:
 260              	.LVL14:
 261              	.LFB386:
 288:Drivers/STM32L4xx_HAL_Driver/Src/stm32l4xx_hal_tim_ex.c ****   /* Prevent unused argument(s) compilation warning */
 262              		.loc 1 288 1 view -0
 263              		.cfi_startproc
 264              		@ args = 0, pretend = 0, frame = 0
ARM GAS  C:\Users\kerry\AppData\Local\Temp\ccWnk0Ym.s 			page 56


 265              		@ frame_needed = 0, uses_anonymous_args = 0
 266              		@ link register save eliminated.
 290:Drivers/STM32L4xx_HAL_Driver/Src/stm32l4xx_hal_tim_ex.c **** 
 267              		.loc 1 290 3 view .LVU79
 295:Drivers/STM32L4xx_HAL_Driver/Src/stm32l4xx_hal_tim_ex.c **** 
 268              		.loc 1 295 1 is_stmt 0 view .LVU80
 269 0000 7047     		bx	lr
 270              		.cfi_endproc
 271              	.LFE386:
 273              		.section	.text.HAL_TIMEx_HallSensor_Init,"ax",%progbits
 274              		.align	1
 275              		.global	HAL_TIMEx_HallSensor_Init
 276              		.syntax unified
 277              		.thumb
 278              		.thumb_func
 280              	HAL_TIMEx_HallSensor_Init:
 281              	.LVL15:
 282              	.LFB384:
 141:Drivers/STM32L4xx_HAL_Driver/Src/stm32l4xx_hal_tim_ex.c ****   TIM_OC_InitTypeDef OC_Config;
 283              		.loc 1 141 1 is_stmt 1 view -0
 284              		.cfi_startproc
 285              		@ args = 0, pretend = 0, frame = 32
 286              		@ frame_needed = 0, uses_anonymous_args = 0
 142:Drivers/STM32L4xx_HAL_Driver/Src/stm32l4xx_hal_tim_ex.c **** 
 287              		.loc 1 142 3 view .LVU82
 145:Drivers/STM32L4xx_HAL_Driver/Src/stm32l4xx_hal_tim_ex.c ****   {
 288              		.loc 1 145 3 view .LVU83
 145:Drivers/STM32L4xx_HAL_Driver/Src/stm32l4xx_hal_tim_ex.c ****   {
 289              		.loc 1 145 6 is_stmt 0 view .LVU84
 290 0000 0028     		cmp	r0, #0
 291 0002 67D0     		beq	.L22
 141:Drivers/STM32L4xx_HAL_Driver/Src/stm32l4xx_hal_tim_ex.c ****   TIM_OC_InitTypeDef OC_Config;
 292              		.loc 1 141 1 view .LVU85
 293 0004 70B5     		push	{r4, r5, r6, lr}
 294              	.LCFI2:
 295              		.cfi_def_cfa_offset 16
 296              		.cfi_offset 4, -16
 297              		.cfi_offset 5, -12
 298              		.cfi_offset 6, -8
 299              		.cfi_offset 14, -4
 300 0006 88B0     		sub	sp, sp, #32
 301              	.LCFI3:
 302              		.cfi_def_cfa_offset 48
 303 0008 0E46     		mov	r6, r1
 304 000a 0446     		mov	r4, r0
 151:Drivers/STM32L4xx_HAL_Driver/Src/stm32l4xx_hal_tim_ex.c ****   assert_param(IS_TIM_COUNTER_MODE(htim->Init.CounterMode));
 305              		.loc 1 151 3 is_stmt 1 view .LVU86
 152:Drivers/STM32L4xx_HAL_Driver/Src/stm32l4xx_hal_tim_ex.c ****   assert_param(IS_TIM_CLOCKDIVISION_DIV(htim->Init.ClockDivision));
 306              		.loc 1 152 3 view .LVU87
 153:Drivers/STM32L4xx_HAL_Driver/Src/stm32l4xx_hal_tim_ex.c ****   assert_param(IS_TIM_AUTORELOAD_PRELOAD(htim->Init.AutoReloadPreload));
 307              		.loc 1 153 3 view .LVU88
 154:Drivers/STM32L4xx_HAL_Driver/Src/stm32l4xx_hal_tim_ex.c ****   assert_param(IS_TIM_IC_POLARITY(sConfig->IC1Polarity));
 308              		.loc 1 154 3 view .LVU89
 155:Drivers/STM32L4xx_HAL_Driver/Src/stm32l4xx_hal_tim_ex.c ****   assert_param(IS_TIM_PERIOD(htim, htim->Init.Period));
 309              		.loc 1 155 3 view .LVU90
 156:Drivers/STM32L4xx_HAL_Driver/Src/stm32l4xx_hal_tim_ex.c ****   assert_param(IS_TIM_IC_PRESCALER(sConfig->IC1Prescaler));
 310              		.loc 1 156 3 view .LVU91
ARM GAS  C:\Users\kerry\AppData\Local\Temp\ccWnk0Ym.s 			page 57


 157:Drivers/STM32L4xx_HAL_Driver/Src/stm32l4xx_hal_tim_ex.c ****   assert_param(IS_TIM_IC_FILTER(sConfig->IC1Filter));
 311              		.loc 1 157 3 view .LVU92
 158:Drivers/STM32L4xx_HAL_Driver/Src/stm32l4xx_hal_tim_ex.c **** 
 312              		.loc 1 158 3 view .LVU93
 160:Drivers/STM32L4xx_HAL_Driver/Src/stm32l4xx_hal_tim_ex.c ****   {
 313              		.loc 1 160 3 view .LVU94
 160:Drivers/STM32L4xx_HAL_Driver/Src/stm32l4xx_hal_tim_ex.c ****   {
 314              		.loc 1 160 11 is_stmt 0 view .LVU95
 315 000c 90F83D30 		ldrb	r3, [r0, #61]	@ zero_extendqisi2
 160:Drivers/STM32L4xx_HAL_Driver/Src/stm32l4xx_hal_tim_ex.c ****   {
 316              		.loc 1 160 6 view .LVU96
 317 0010 002B     		cmp	r3, #0
 318 0012 5AD0     		beq	.L27
 319              	.LVL16:
 320              	.L21:
 182:Drivers/STM32L4xx_HAL_Driver/Src/stm32l4xx_hal_tim_ex.c **** 
 321              		.loc 1 182 3 is_stmt 1 view .LVU97
 182:Drivers/STM32L4xx_HAL_Driver/Src/stm32l4xx_hal_tim_ex.c **** 
 322              		.loc 1 182 15 is_stmt 0 view .LVU98
 323 0014 0223     		movs	r3, #2
 324 0016 84F83D30 		strb	r3, [r4, #61]
 185:Drivers/STM32L4xx_HAL_Driver/Src/stm32l4xx_hal_tim_ex.c **** 
 325              		.loc 1 185 3 is_stmt 1 view .LVU99
 185:Drivers/STM32L4xx_HAL_Driver/Src/stm32l4xx_hal_tim_ex.c **** 
 326              		.loc 1 185 38 is_stmt 0 view .LVU100
 327 001a 2146     		mov	r1, r4
 185:Drivers/STM32L4xx_HAL_Driver/Src/stm32l4xx_hal_tim_ex.c **** 
 328              		.loc 1 185 3 view .LVU101
 329 001c 51F8040B 		ldr	r0, [r1], #4
 330 0020 FFF7FEFF 		bl	TIM_Base_SetConfig
 331              	.LVL17:
 188:Drivers/STM32L4xx_HAL_Driver/Src/stm32l4xx_hal_tim_ex.c **** 
 332              		.loc 1 188 3 is_stmt 1 view .LVU102
 333 0024 B368     		ldr	r3, [r6, #8]
 334 0026 0322     		movs	r2, #3
 335 0028 3168     		ldr	r1, [r6]
 336 002a 2068     		ldr	r0, [r4]
 337 002c FFF7FEFF 		bl	TIM_TI1_SetConfig
 338              	.LVL18:
 191:Drivers/STM32L4xx_HAL_Driver/Src/stm32l4xx_hal_tim_ex.c ****   /* Set the IC1PSC value */
 339              		.loc 1 191 3 view .LVU103
 191:Drivers/STM32L4xx_HAL_Driver/Src/stm32l4xx_hal_tim_ex.c ****   /* Set the IC1PSC value */
 340              		.loc 1 191 7 is_stmt 0 view .LVU104
 341 0030 2268     		ldr	r2, [r4]
 191:Drivers/STM32L4xx_HAL_Driver/Src/stm32l4xx_hal_tim_ex.c ****   /* Set the IC1PSC value */
 342              		.loc 1 191 17 view .LVU105
 343 0032 9369     		ldr	r3, [r2, #24]
 191:Drivers/STM32L4xx_HAL_Driver/Src/stm32l4xx_hal_tim_ex.c ****   /* Set the IC1PSC value */
 344              		.loc 1 191 25 view .LVU106
 345 0034 23F00C03 		bic	r3, r3, #12
 346 0038 9361     		str	r3, [r2, #24]
 193:Drivers/STM32L4xx_HAL_Driver/Src/stm32l4xx_hal_tim_ex.c **** 
 347              		.loc 1 193 3 is_stmt 1 view .LVU107
 193:Drivers/STM32L4xx_HAL_Driver/Src/stm32l4xx_hal_tim_ex.c **** 
 348              		.loc 1 193 7 is_stmt 0 view .LVU108
 349 003a 2268     		ldr	r2, [r4]
 193:Drivers/STM32L4xx_HAL_Driver/Src/stm32l4xx_hal_tim_ex.c **** 
ARM GAS  C:\Users\kerry\AppData\Local\Temp\ccWnk0Ym.s 			page 58


 350              		.loc 1 193 17 view .LVU109
 351 003c 9369     		ldr	r3, [r2, #24]
 193:Drivers/STM32L4xx_HAL_Driver/Src/stm32l4xx_hal_tim_ex.c **** 
 352              		.loc 1 193 35 view .LVU110
 353 003e 7168     		ldr	r1, [r6, #4]
 193:Drivers/STM32L4xx_HAL_Driver/Src/stm32l4xx_hal_tim_ex.c **** 
 354              		.loc 1 193 25 view .LVU111
 355 0040 0B43     		orrs	r3, r3, r1
 356 0042 9361     		str	r3, [r2, #24]
 196:Drivers/STM32L4xx_HAL_Driver/Src/stm32l4xx_hal_tim_ex.c **** 
 357              		.loc 1 196 3 is_stmt 1 view .LVU112
 196:Drivers/STM32L4xx_HAL_Driver/Src/stm32l4xx_hal_tim_ex.c **** 
 358              		.loc 1 196 7 is_stmt 0 view .LVU113
 359 0044 2268     		ldr	r2, [r4]
 196:Drivers/STM32L4xx_HAL_Driver/Src/stm32l4xx_hal_tim_ex.c **** 
 360              		.loc 1 196 17 view .LVU114
 361 0046 5368     		ldr	r3, [r2, #4]
 196:Drivers/STM32L4xx_HAL_Driver/Src/stm32l4xx_hal_tim_ex.c **** 
 362              		.loc 1 196 23 view .LVU115
 363 0048 43F08003 		orr	r3, r3, #128
 364 004c 5360     		str	r3, [r2, #4]
 199:Drivers/STM32L4xx_HAL_Driver/Src/stm32l4xx_hal_tim_ex.c ****   htim->Instance->SMCR |= TIM_TS_TI1F_ED;
 365              		.loc 1 199 3 is_stmt 1 view .LVU116
 199:Drivers/STM32L4xx_HAL_Driver/Src/stm32l4xx_hal_tim_ex.c ****   htim->Instance->SMCR |= TIM_TS_TI1F_ED;
 366              		.loc 1 199 7 is_stmt 0 view .LVU117
 367 004e 2268     		ldr	r2, [r4]
 199:Drivers/STM32L4xx_HAL_Driver/Src/stm32l4xx_hal_tim_ex.c ****   htim->Instance->SMCR |= TIM_TS_TI1F_ED;
 368              		.loc 1 199 17 view .LVU118
 369 0050 9368     		ldr	r3, [r2, #8]
 199:Drivers/STM32L4xx_HAL_Driver/Src/stm32l4xx_hal_tim_ex.c ****   htim->Instance->SMCR |= TIM_TS_TI1F_ED;
 370              		.loc 1 199 24 view .LVU119
 371 0052 23F07003 		bic	r3, r3, #112
 372 0056 9360     		str	r3, [r2, #8]
 200:Drivers/STM32L4xx_HAL_Driver/Src/stm32l4xx_hal_tim_ex.c **** 
 373              		.loc 1 200 3 is_stmt 1 view .LVU120
 200:Drivers/STM32L4xx_HAL_Driver/Src/stm32l4xx_hal_tim_ex.c **** 
 374              		.loc 1 200 7 is_stmt 0 view .LVU121
 375 0058 2268     		ldr	r2, [r4]
 200:Drivers/STM32L4xx_HAL_Driver/Src/stm32l4xx_hal_tim_ex.c **** 
 376              		.loc 1 200 17 view .LVU122
 377 005a 9368     		ldr	r3, [r2, #8]
 200:Drivers/STM32L4xx_HAL_Driver/Src/stm32l4xx_hal_tim_ex.c **** 
 378              		.loc 1 200 24 view .LVU123
 379 005c 43F04003 		orr	r3, r3, #64
 380 0060 9360     		str	r3, [r2, #8]
 203:Drivers/STM32L4xx_HAL_Driver/Src/stm32l4xx_hal_tim_ex.c ****   htim->Instance->SMCR |= TIM_SLAVEMODE_RESET;
 381              		.loc 1 203 3 is_stmt 1 view .LVU124
 203:Drivers/STM32L4xx_HAL_Driver/Src/stm32l4xx_hal_tim_ex.c ****   htim->Instance->SMCR |= TIM_SLAVEMODE_RESET;
 382              		.loc 1 203 7 is_stmt 0 view .LVU125
 383 0062 2268     		ldr	r2, [r4]
 203:Drivers/STM32L4xx_HAL_Driver/Src/stm32l4xx_hal_tim_ex.c ****   htim->Instance->SMCR |= TIM_SLAVEMODE_RESET;
 384              		.loc 1 203 17 view .LVU126
 385 0064 9368     		ldr	r3, [r2, #8]
 203:Drivers/STM32L4xx_HAL_Driver/Src/stm32l4xx_hal_tim_ex.c ****   htim->Instance->SMCR |= TIM_SLAVEMODE_RESET;
 386              		.loc 1 203 24 view .LVU127
 387 0066 23F48033 		bic	r3, r3, #65536
 388 006a 23F00703 		bic	r3, r3, #7
ARM GAS  C:\Users\kerry\AppData\Local\Temp\ccWnk0Ym.s 			page 59


 389 006e 9360     		str	r3, [r2, #8]
 204:Drivers/STM32L4xx_HAL_Driver/Src/stm32l4xx_hal_tim_ex.c **** 
 390              		.loc 1 204 3 is_stmt 1 view .LVU128
 204:Drivers/STM32L4xx_HAL_Driver/Src/stm32l4xx_hal_tim_ex.c **** 
 391              		.loc 1 204 7 is_stmt 0 view .LVU129
 392 0070 2268     		ldr	r2, [r4]
 204:Drivers/STM32L4xx_HAL_Driver/Src/stm32l4xx_hal_tim_ex.c **** 
 393              		.loc 1 204 17 view .LVU130
 394 0072 9368     		ldr	r3, [r2, #8]
 204:Drivers/STM32L4xx_HAL_Driver/Src/stm32l4xx_hal_tim_ex.c **** 
 395              		.loc 1 204 24 view .LVU131
 396 0074 43F00403 		orr	r3, r3, #4
 397 0078 9360     		str	r3, [r2, #8]
 207:Drivers/STM32L4xx_HAL_Driver/Src/stm32l4xx_hal_tim_ex.c ****   OC_Config.OCIdleState = TIM_OCIDLESTATE_RESET;
 398              		.loc 1 207 3 is_stmt 1 view .LVU132
 207:Drivers/STM32L4xx_HAL_Driver/Src/stm32l4xx_hal_tim_ex.c ****   OC_Config.OCIdleState = TIM_OCIDLESTATE_RESET;
 399              		.loc 1 207 24 is_stmt 0 view .LVU133
 400 007a 0025     		movs	r5, #0
 401 007c 0595     		str	r5, [sp, #20]
 208:Drivers/STM32L4xx_HAL_Driver/Src/stm32l4xx_hal_tim_ex.c ****   OC_Config.OCMode = TIM_OCMODE_PWM2;
 402              		.loc 1 208 3 is_stmt 1 view .LVU134
 208:Drivers/STM32L4xx_HAL_Driver/Src/stm32l4xx_hal_tim_ex.c ****   OC_Config.OCMode = TIM_OCMODE_PWM2;
 403              		.loc 1 208 25 is_stmt 0 view .LVU135
 404 007e 0695     		str	r5, [sp, #24]
 209:Drivers/STM32L4xx_HAL_Driver/Src/stm32l4xx_hal_tim_ex.c ****   OC_Config.OCNIdleState = TIM_OCNIDLESTATE_RESET;
 405              		.loc 1 209 3 is_stmt 1 view .LVU136
 209:Drivers/STM32L4xx_HAL_Driver/Src/stm32l4xx_hal_tim_ex.c ****   OC_Config.OCNIdleState = TIM_OCNIDLESTATE_RESET;
 406              		.loc 1 209 20 is_stmt 0 view .LVU137
 407 0080 7023     		movs	r3, #112
 408 0082 0193     		str	r3, [sp, #4]
 210:Drivers/STM32L4xx_HAL_Driver/Src/stm32l4xx_hal_tim_ex.c ****   OC_Config.OCNPolarity = TIM_OCNPOLARITY_HIGH;
 409              		.loc 1 210 3 is_stmt 1 view .LVU138
 210:Drivers/STM32L4xx_HAL_Driver/Src/stm32l4xx_hal_tim_ex.c ****   OC_Config.OCNPolarity = TIM_OCNPOLARITY_HIGH;
 410              		.loc 1 210 26 is_stmt 0 view .LVU139
 411 0084 0795     		str	r5, [sp, #28]
 211:Drivers/STM32L4xx_HAL_Driver/Src/stm32l4xx_hal_tim_ex.c ****   OC_Config.OCPolarity = TIM_OCPOLARITY_HIGH;
 412              		.loc 1 211 3 is_stmt 1 view .LVU140
 211:Drivers/STM32L4xx_HAL_Driver/Src/stm32l4xx_hal_tim_ex.c ****   OC_Config.OCPolarity = TIM_OCPOLARITY_HIGH;
 413              		.loc 1 211 25 is_stmt 0 view .LVU141
 414 0086 0495     		str	r5, [sp, #16]
 212:Drivers/STM32L4xx_HAL_Driver/Src/stm32l4xx_hal_tim_ex.c ****   OC_Config.Pulse = sConfig->Commutation_Delay;
 415              		.loc 1 212 3 is_stmt 1 view .LVU142
 212:Drivers/STM32L4xx_HAL_Driver/Src/stm32l4xx_hal_tim_ex.c ****   OC_Config.Pulse = sConfig->Commutation_Delay;
 416              		.loc 1 212 24 is_stmt 0 view .LVU143
 417 0088 0395     		str	r5, [sp, #12]
 213:Drivers/STM32L4xx_HAL_Driver/Src/stm32l4xx_hal_tim_ex.c **** 
 418              		.loc 1 213 3 is_stmt 1 view .LVU144
 213:Drivers/STM32L4xx_HAL_Driver/Src/stm32l4xx_hal_tim_ex.c **** 
 419              		.loc 1 213 28 is_stmt 0 view .LVU145
 420 008a F368     		ldr	r3, [r6, #12]
 213:Drivers/STM32L4xx_HAL_Driver/Src/stm32l4xx_hal_tim_ex.c **** 
 421              		.loc 1 213 19 view .LVU146
 422 008c 0293     		str	r3, [sp, #8]
 215:Drivers/STM32L4xx_HAL_Driver/Src/stm32l4xx_hal_tim_ex.c **** 
 423              		.loc 1 215 3 is_stmt 1 view .LVU147
 424 008e 01A9     		add	r1, sp, #4
 425 0090 2068     		ldr	r0, [r4]
ARM GAS  C:\Users\kerry\AppData\Local\Temp\ccWnk0Ym.s 			page 60


 426 0092 FFF7FEFF 		bl	TIM_OC2_SetConfig
 427              	.LVL19:
 219:Drivers/STM32L4xx_HAL_Driver/Src/stm32l4xx_hal_tim_ex.c ****   htim->Instance->CR2 |= TIM_TRGO_OC2REF;
 428              		.loc 1 219 3 view .LVU148
 219:Drivers/STM32L4xx_HAL_Driver/Src/stm32l4xx_hal_tim_ex.c ****   htim->Instance->CR2 |= TIM_TRGO_OC2REF;
 429              		.loc 1 219 7 is_stmt 0 view .LVU149
 430 0096 2268     		ldr	r2, [r4]
 219:Drivers/STM32L4xx_HAL_Driver/Src/stm32l4xx_hal_tim_ex.c ****   htim->Instance->CR2 |= TIM_TRGO_OC2REF;
 431              		.loc 1 219 17 view .LVU150
 432 0098 5368     		ldr	r3, [r2, #4]
 219:Drivers/STM32L4xx_HAL_Driver/Src/stm32l4xx_hal_tim_ex.c ****   htim->Instance->CR2 |= TIM_TRGO_OC2REF;
 433              		.loc 1 219 23 view .LVU151
 434 009a 23F07003 		bic	r3, r3, #112
 435 009e 5360     		str	r3, [r2, #4]
 220:Drivers/STM32L4xx_HAL_Driver/Src/stm32l4xx_hal_tim_ex.c **** 
 436              		.loc 1 220 3 is_stmt 1 view .LVU152
 220:Drivers/STM32L4xx_HAL_Driver/Src/stm32l4xx_hal_tim_ex.c **** 
 437              		.loc 1 220 7 is_stmt 0 view .LVU153
 438 00a0 2268     		ldr	r2, [r4]
 220:Drivers/STM32L4xx_HAL_Driver/Src/stm32l4xx_hal_tim_ex.c **** 
 439              		.loc 1 220 17 view .LVU154
 440 00a2 5368     		ldr	r3, [r2, #4]
 220:Drivers/STM32L4xx_HAL_Driver/Src/stm32l4xx_hal_tim_ex.c **** 
 441              		.loc 1 220 23 view .LVU155
 442 00a4 43F05003 		orr	r3, r3, #80
 443 00a8 5360     		str	r3, [r2, #4]
 223:Drivers/STM32L4xx_HAL_Driver/Src/stm32l4xx_hal_tim_ex.c **** 
 444              		.loc 1 223 3 is_stmt 1 view .LVU156
 223:Drivers/STM32L4xx_HAL_Driver/Src/stm32l4xx_hal_tim_ex.c **** 
 445              		.loc 1 223 23 is_stmt 0 view .LVU157
 446 00aa 0123     		movs	r3, #1
 447 00ac 84F84830 		strb	r3, [r4, #72]
 226:Drivers/STM32L4xx_HAL_Driver/Src/stm32l4xx_hal_tim_ex.c ****   TIM_CHANNEL_STATE_SET(htim, TIM_CHANNEL_2, HAL_TIM_CHANNEL_STATE_READY);
 448              		.loc 1 226 3 is_stmt 1 view .LVU158
 449 00b0 84F83E30 		strb	r3, [r4, #62]
 227:Drivers/STM32L4xx_HAL_Driver/Src/stm32l4xx_hal_tim_ex.c ****   TIM_CHANNEL_N_STATE_SET(htim, TIM_CHANNEL_1, HAL_TIM_CHANNEL_STATE_READY);
 450              		.loc 1 227 3 view .LVU159
 451 00b4 84F83F30 		strb	r3, [r4, #63]
 228:Drivers/STM32L4xx_HAL_Driver/Src/stm32l4xx_hal_tim_ex.c ****   TIM_CHANNEL_N_STATE_SET(htim, TIM_CHANNEL_2, HAL_TIM_CHANNEL_STATE_READY);
 452              		.loc 1 228 3 view .LVU160
 453 00b8 84F84430 		strb	r3, [r4, #68]
 229:Drivers/STM32L4xx_HAL_Driver/Src/stm32l4xx_hal_tim_ex.c **** 
 454              		.loc 1 229 3 view .LVU161
 455 00bc 84F84530 		strb	r3, [r4, #69]
 232:Drivers/STM32L4xx_HAL_Driver/Src/stm32l4xx_hal_tim_ex.c **** 
 456              		.loc 1 232 3 view .LVU162
 232:Drivers/STM32L4xx_HAL_Driver/Src/stm32l4xx_hal_tim_ex.c **** 
 457              		.loc 1 232 15 is_stmt 0 view .LVU163
 458 00c0 84F83D30 		strb	r3, [r4, #61]
 234:Drivers/STM32L4xx_HAL_Driver/Src/stm32l4xx_hal_tim_ex.c **** }
 459              		.loc 1 234 3 is_stmt 1 view .LVU164
 234:Drivers/STM32L4xx_HAL_Driver/Src/stm32l4xx_hal_tim_ex.c **** }
 460              		.loc 1 234 10 is_stmt 0 view .LVU165
 461 00c4 2846     		mov	r0, r5
 235:Drivers/STM32L4xx_HAL_Driver/Src/stm32l4xx_hal_tim_ex.c **** 
 462              		.loc 1 235 1 view .LVU166
 463 00c6 08B0     		add	sp, sp, #32
ARM GAS  C:\Users\kerry\AppData\Local\Temp\ccWnk0Ym.s 			page 61


 464              	.LCFI4:
 465              		.cfi_remember_state
 466              		.cfi_def_cfa_offset 16
 467              		@ sp needed
 468 00c8 70BD     		pop	{r4, r5, r6, pc}
 469              	.LVL20:
 470              	.L27:
 471              	.LCFI5:
 472              		.cfi_restore_state
 163:Drivers/STM32L4xx_HAL_Driver/Src/stm32l4xx_hal_tim_ex.c **** 
 473              		.loc 1 163 5 is_stmt 1 view .LVU167
 163:Drivers/STM32L4xx_HAL_Driver/Src/stm32l4xx_hal_tim_ex.c **** 
 474              		.loc 1 163 16 is_stmt 0 view .LVU168
 475 00ca 80F83C30 		strb	r3, [r0, #60]
 177:Drivers/STM32L4xx_HAL_Driver/Src/stm32l4xx_hal_tim_ex.c **** #endif /* USE_HAL_TIM_REGISTER_CALLBACKS */
 476              		.loc 1 177 5 is_stmt 1 view .LVU169
 477 00ce FFF7FEFF 		bl	HAL_TIMEx_HallSensor_MspInit
 478              	.LVL21:
 177:Drivers/STM32L4xx_HAL_Driver/Src/stm32l4xx_hal_tim_ex.c **** #endif /* USE_HAL_TIM_REGISTER_CALLBACKS */
 479              		.loc 1 177 5 is_stmt 0 view .LVU170
 480 00d2 9FE7     		b	.L21
 481              	.LVL22:
 482              	.L22:
 483              	.LCFI6:
 484              		.cfi_def_cfa_offset 0
 485              		.cfi_restore 4
 486              		.cfi_restore 5
 487              		.cfi_restore 6
 488              		.cfi_restore 14
 147:Drivers/STM32L4xx_HAL_Driver/Src/stm32l4xx_hal_tim_ex.c ****   }
 489              		.loc 1 147 12 view .LVU171
 490 00d4 0120     		movs	r0, #1
 491              	.LVL23:
 235:Drivers/STM32L4xx_HAL_Driver/Src/stm32l4xx_hal_tim_ex.c **** 
 492              		.loc 1 235 1 view .LVU172
 493 00d6 7047     		bx	lr
 494              		.cfi_endproc
 495              	.LFE384:
 497              		.section	.text.HAL_TIMEx_HallSensor_MspDeInit,"ax",%progbits
 498              		.align	1
 499              		.weak	HAL_TIMEx_HallSensor_MspDeInit
 500              		.syntax unified
 501              		.thumb
 502              		.thumb_func
 504              	HAL_TIMEx_HallSensor_MspDeInit:
 505              	.LVL24:
 506              	.LFB387:
 303:Drivers/STM32L4xx_HAL_Driver/Src/stm32l4xx_hal_tim_ex.c ****   /* Prevent unused argument(s) compilation warning */
 507              		.loc 1 303 1 is_stmt 1 view -0
 508              		.cfi_startproc
 509              		@ args = 0, pretend = 0, frame = 0
 510              		@ frame_needed = 0, uses_anonymous_args = 0
 511              		@ link register save eliminated.
 305:Drivers/STM32L4xx_HAL_Driver/Src/stm32l4xx_hal_tim_ex.c **** 
 512              		.loc 1 305 3 view .LVU174
 310:Drivers/STM32L4xx_HAL_Driver/Src/stm32l4xx_hal_tim_ex.c **** 
 513              		.loc 1 310 1 is_stmt 0 view .LVU175
ARM GAS  C:\Users\kerry\AppData\Local\Temp\ccWnk0Ym.s 			page 62


 514 0000 7047     		bx	lr
 515              		.cfi_endproc
 516              	.LFE387:
 518              		.section	.text.HAL_TIMEx_HallSensor_DeInit,"ax",%progbits
 519              		.align	1
 520              		.global	HAL_TIMEx_HallSensor_DeInit
 521              		.syntax unified
 522              		.thumb
 523              		.thumb_func
 525              	HAL_TIMEx_HallSensor_DeInit:
 526              	.LVL25:
 527              	.LFB385:
 243:Drivers/STM32L4xx_HAL_Driver/Src/stm32l4xx_hal_tim_ex.c ****   /* Check the parameters */
 528              		.loc 1 243 1 is_stmt 1 view -0
 529              		.cfi_startproc
 530              		@ args = 0, pretend = 0, frame = 0
 531              		@ frame_needed = 0, uses_anonymous_args = 0
 243:Drivers/STM32L4xx_HAL_Driver/Src/stm32l4xx_hal_tim_ex.c ****   /* Check the parameters */
 532              		.loc 1 243 1 is_stmt 0 view .LVU177
 533 0000 10B5     		push	{r4, lr}
 534              	.LCFI7:
 535              		.cfi_def_cfa_offset 8
 536              		.cfi_offset 4, -8
 537              		.cfi_offset 14, -4
 538 0002 0446     		mov	r4, r0
 245:Drivers/STM32L4xx_HAL_Driver/Src/stm32l4xx_hal_tim_ex.c **** 
 539              		.loc 1 245 3 is_stmt 1 view .LVU178
 247:Drivers/STM32L4xx_HAL_Driver/Src/stm32l4xx_hal_tim_ex.c **** 
 540              		.loc 1 247 3 view .LVU179
 247:Drivers/STM32L4xx_HAL_Driver/Src/stm32l4xx_hal_tim_ex.c **** 
 541              		.loc 1 247 15 is_stmt 0 view .LVU180
 542 0004 0223     		movs	r3, #2
 543 0006 80F83D30 		strb	r3, [r0, #61]
 250:Drivers/STM32L4xx_HAL_Driver/Src/stm32l4xx_hal_tim_ex.c **** 
 544              		.loc 1 250 3 is_stmt 1 view .LVU181
 250:Drivers/STM32L4xx_HAL_Driver/Src/stm32l4xx_hal_tim_ex.c **** 
 545              		.loc 1 250 3 view .LVU182
 546 000a 0268     		ldr	r2, [r0]
 547 000c 136A     		ldr	r3, [r2, #32]
 548 000e 03F01133 		and	r3, r3, #286331153
 549 0012 23F08853 		bic	r3, r3, #285212672
 550 0016 43B9     		cbnz	r3, .L30
 250:Drivers/STM32L4xx_HAL_Driver/Src/stm32l4xx_hal_tim_ex.c **** 
 551              		.loc 1 250 3 discriminator 1 view .LVU183
 552 0018 116A     		ldr	r1, [r2, #32]
 553 001a 40F24443 		movw	r3, #1092
 554 001e 1942     		tst	r1, r3
 555 0020 03D1     		bne	.L30
 250:Drivers/STM32L4xx_HAL_Driver/Src/stm32l4xx_hal_tim_ex.c **** 
 556              		.loc 1 250 3 discriminator 3 view .LVU184
 557 0022 1368     		ldr	r3, [r2]
 558 0024 23F00103 		bic	r3, r3, #1
 559 0028 1360     		str	r3, [r2]
 560              	.L30:
 250:Drivers/STM32L4xx_HAL_Driver/Src/stm32l4xx_hal_tim_ex.c **** 
 561              		.loc 1 250 3 discriminator 5 view .LVU185
 261:Drivers/STM32L4xx_HAL_Driver/Src/stm32l4xx_hal_tim_ex.c **** #endif /* USE_HAL_TIM_REGISTER_CALLBACKS */
ARM GAS  C:\Users\kerry\AppData\Local\Temp\ccWnk0Ym.s 			page 63


 562              		.loc 1 261 3 view .LVU186
 563 002a 2046     		mov	r0, r4
 564              	.LVL26:
 261:Drivers/STM32L4xx_HAL_Driver/Src/stm32l4xx_hal_tim_ex.c **** #endif /* USE_HAL_TIM_REGISTER_CALLBACKS */
 565              		.loc 1 261 3 is_stmt 0 view .LVU187
 566 002c FFF7FEFF 		bl	HAL_TIMEx_HallSensor_MspDeInit
 567              	.LVL27:
 265:Drivers/STM32L4xx_HAL_Driver/Src/stm32l4xx_hal_tim_ex.c **** 
 568              		.loc 1 265 3 is_stmt 1 view .LVU188
 265:Drivers/STM32L4xx_HAL_Driver/Src/stm32l4xx_hal_tim_ex.c **** 
 569              		.loc 1 265 23 is_stmt 0 view .LVU189
 570 0030 0020     		movs	r0, #0
 571 0032 84F84800 		strb	r0, [r4, #72]
 268:Drivers/STM32L4xx_HAL_Driver/Src/stm32l4xx_hal_tim_ex.c ****   TIM_CHANNEL_STATE_SET(htim, TIM_CHANNEL_2, HAL_TIM_CHANNEL_STATE_RESET);
 572              		.loc 1 268 3 is_stmt 1 view .LVU190
 573 0036 84F83E00 		strb	r0, [r4, #62]
 269:Drivers/STM32L4xx_HAL_Driver/Src/stm32l4xx_hal_tim_ex.c ****   TIM_CHANNEL_N_STATE_SET(htim, TIM_CHANNEL_1, HAL_TIM_CHANNEL_STATE_RESET);
 574              		.loc 1 269 3 view .LVU191
 575 003a 84F83F00 		strb	r0, [r4, #63]
 270:Drivers/STM32L4xx_HAL_Driver/Src/stm32l4xx_hal_tim_ex.c ****   TIM_CHANNEL_N_STATE_SET(htim, TIM_CHANNEL_2, HAL_TIM_CHANNEL_STATE_RESET);
 576              		.loc 1 270 3 view .LVU192
 577 003e 84F84400 		strb	r0, [r4, #68]
 271:Drivers/STM32L4xx_HAL_Driver/Src/stm32l4xx_hal_tim_ex.c **** 
 578              		.loc 1 271 3 view .LVU193
 579 0042 84F84500 		strb	r0, [r4, #69]
 274:Drivers/STM32L4xx_HAL_Driver/Src/stm32l4xx_hal_tim_ex.c **** 
 580              		.loc 1 274 3 view .LVU194
 274:Drivers/STM32L4xx_HAL_Driver/Src/stm32l4xx_hal_tim_ex.c **** 
 581              		.loc 1 274 15 is_stmt 0 view .LVU195
 582 0046 84F83D00 		strb	r0, [r4, #61]
 277:Drivers/STM32L4xx_HAL_Driver/Src/stm32l4xx_hal_tim_ex.c **** 
 583              		.loc 1 277 3 is_stmt 1 view .LVU196
 277:Drivers/STM32L4xx_HAL_Driver/Src/stm32l4xx_hal_tim_ex.c **** 
 584              		.loc 1 277 3 view .LVU197
 585 004a 84F83C00 		strb	r0, [r4, #60]
 277:Drivers/STM32L4xx_HAL_Driver/Src/stm32l4xx_hal_tim_ex.c **** 
 586              		.loc 1 277 3 view .LVU198
 279:Drivers/STM32L4xx_HAL_Driver/Src/stm32l4xx_hal_tim_ex.c **** }
 587              		.loc 1 279 3 view .LVU199
 280:Drivers/STM32L4xx_HAL_Driver/Src/stm32l4xx_hal_tim_ex.c **** 
 588              		.loc 1 280 1 is_stmt 0 view .LVU200
 589 004e 10BD     		pop	{r4, pc}
 280:Drivers/STM32L4xx_HAL_Driver/Src/stm32l4xx_hal_tim_ex.c **** 
 590              		.loc 1 280 1 view .LVU201
 591              		.cfi_endproc
 592              	.LFE385:
 594              		.section	.text.HAL_TIMEx_HallSensor_Start,"ax",%progbits
 595              		.align	1
 596              		.global	HAL_TIMEx_HallSensor_Start
 597              		.syntax unified
 598              		.thumb
 599              		.thumb_func
 601              	HAL_TIMEx_HallSensor_Start:
 602              	.LVL28:
 603              	.LFB388:
 318:Drivers/STM32L4xx_HAL_Driver/Src/stm32l4xx_hal_tim_ex.c ****   uint32_t tmpsmcr;
 604              		.loc 1 318 1 is_stmt 1 view -0
ARM GAS  C:\Users\kerry\AppData\Local\Temp\ccWnk0Ym.s 			page 64


 605              		.cfi_startproc
 606              		@ args = 0, pretend = 0, frame = 0
 607              		@ frame_needed = 0, uses_anonymous_args = 0
 318:Drivers/STM32L4xx_HAL_Driver/Src/stm32l4xx_hal_tim_ex.c ****   uint32_t tmpsmcr;
 608              		.loc 1 318 1 is_stmt 0 view .LVU203
 609 0000 10B5     		push	{r4, lr}
 610              	.LCFI8:
 611              		.cfi_def_cfa_offset 8
 612              		.cfi_offset 4, -8
 613              		.cfi_offset 14, -4
 614 0002 0446     		mov	r4, r0
 319:Drivers/STM32L4xx_HAL_Driver/Src/stm32l4xx_hal_tim_ex.c ****   HAL_TIM_ChannelStateTypeDef channel_1_state = TIM_CHANNEL_STATE_GET(htim, TIM_CHANNEL_1);
 615              		.loc 1 319 3 is_stmt 1 view .LVU204
 320:Drivers/STM32L4xx_HAL_Driver/Src/stm32l4xx_hal_tim_ex.c ****   HAL_TIM_ChannelStateTypeDef channel_2_state = TIM_CHANNEL_STATE_GET(htim, TIM_CHANNEL_2);
 616              		.loc 1 320 3 view .LVU205
 320:Drivers/STM32L4xx_HAL_Driver/Src/stm32l4xx_hal_tim_ex.c ****   HAL_TIM_ChannelStateTypeDef channel_2_state = TIM_CHANNEL_STATE_GET(htim, TIM_CHANNEL_2);
 617              		.loc 1 320 31 is_stmt 0 view .LVU206
 618 0004 90F83EC0 		ldrb	ip, [r0, #62]	@ zero_extendqisi2
 619              	.LVL29:
 321:Drivers/STM32L4xx_HAL_Driver/Src/stm32l4xx_hal_tim_ex.c ****   HAL_TIM_ChannelStateTypeDef complementary_channel_1_state = TIM_CHANNEL_N_STATE_GET(htim, TIM_CHA
 620              		.loc 1 321 3 is_stmt 1 view .LVU207
 321:Drivers/STM32L4xx_HAL_Driver/Src/stm32l4xx_hal_tim_ex.c ****   HAL_TIM_ChannelStateTypeDef complementary_channel_1_state = TIM_CHANNEL_N_STATE_GET(htim, TIM_CHA
 621              		.loc 1 321 31 is_stmt 0 view .LVU208
 622 0008 90F83F30 		ldrb	r3, [r0, #63]	@ zero_extendqisi2
 623              	.LVL30:
 322:Drivers/STM32L4xx_HAL_Driver/Src/stm32l4xx_hal_tim_ex.c ****   HAL_TIM_ChannelStateTypeDef complementary_channel_2_state = TIM_CHANNEL_N_STATE_GET(htim, TIM_CHA
 624              		.loc 1 322 3 is_stmt 1 view .LVU209
 322:Drivers/STM32L4xx_HAL_Driver/Src/stm32l4xx_hal_tim_ex.c ****   HAL_TIM_ChannelStateTypeDef complementary_channel_2_state = TIM_CHANNEL_N_STATE_GET(htim, TIM_CHA
 625              		.loc 1 322 31 is_stmt 0 view .LVU210
 626 000c 90F84420 		ldrb	r2, [r0, #68]	@ zero_extendqisi2
 627              	.LVL31:
 323:Drivers/STM32L4xx_HAL_Driver/Src/stm32l4xx_hal_tim_ex.c **** 
 628              		.loc 1 323 3 is_stmt 1 view .LVU211
 323:Drivers/STM32L4xx_HAL_Driver/Src/stm32l4xx_hal_tim_ex.c **** 
 629              		.loc 1 323 31 is_stmt 0 view .LVU212
 630 0010 90F84510 		ldrb	r1, [r0, #69]	@ zero_extendqisi2
 631              	.LVL32:
 326:Drivers/STM32L4xx_HAL_Driver/Src/stm32l4xx_hal_tim_ex.c **** 
 632              		.loc 1 326 3 is_stmt 1 view .LVU213
 329:Drivers/STM32L4xx_HAL_Driver/Src/stm32l4xx_hal_tim_ex.c ****       || (channel_2_state != HAL_TIM_CHANNEL_STATE_READY)
 633              		.loc 1 329 3 view .LVU214
 329:Drivers/STM32L4xx_HAL_Driver/Src/stm32l4xx_hal_tim_ex.c ****       || (channel_2_state != HAL_TIM_CHANNEL_STATE_READY)
 634              		.loc 1 329 6 is_stmt 0 view .LVU215
 635 0014 BCF1010F 		cmp	ip, #1
 636 0018 38D1     		bne	.L36
 637 001a 5FFA8CF0 		uxtb	r0, ip
 638              	.LVL33:
 329:Drivers/STM32L4xx_HAL_Driver/Src/stm32l4xx_hal_tim_ex.c ****       || (channel_2_state != HAL_TIM_CHANNEL_STATE_READY)
 639              		.loc 1 329 6 view .LVU216
 640 001e DBB2     		uxtb	r3, r3
 329:Drivers/STM32L4xx_HAL_Driver/Src/stm32l4xx_hal_tim_ex.c ****       || (channel_2_state != HAL_TIM_CHANNEL_STATE_READY)
 641              		.loc 1 329 6 view .LVU217
 642 0020 D2B2     		uxtb	r2, r2
 329:Drivers/STM32L4xx_HAL_Driver/Src/stm32l4xx_hal_tim_ex.c ****       || (channel_2_state != HAL_TIM_CHANNEL_STATE_READY)
 643              		.loc 1 329 6 view .LVU218
 644 0022 C9B2     		uxtb	r1, r1
 330:Drivers/STM32L4xx_HAL_Driver/Src/stm32l4xx_hal_tim_ex.c ****       || (complementary_channel_1_state != HAL_TIM_CHANNEL_STATE_READY)
ARM GAS  C:\Users\kerry\AppData\Local\Temp\ccWnk0Ym.s 			page 65


 645              		.loc 1 330 7 view .LVU219
 646 0024 012B     		cmp	r3, #1
 647 0026 32D1     		bne	.L33
 331:Drivers/STM32L4xx_HAL_Driver/Src/stm32l4xx_hal_tim_ex.c ****       || (complementary_channel_2_state != HAL_TIM_CHANNEL_STATE_READY))
 648              		.loc 1 331 7 view .LVU220
 649 0028 012A     		cmp	r2, #1
 650 002a 31D1     		bne	.L37
 332:Drivers/STM32L4xx_HAL_Driver/Src/stm32l4xx_hal_tim_ex.c ****   {
 651              		.loc 1 332 7 view .LVU221
 652 002c 0129     		cmp	r1, #1
 653 002e 01D0     		beq	.L42
 334:Drivers/STM32L4xx_HAL_Driver/Src/stm32l4xx_hal_tim_ex.c ****   }
 654              		.loc 1 334 12 view .LVU222
 655 0030 1046     		mov	r0, r2
 656 0032 2CE0     		b	.L33
 657              	.L42:
 338:Drivers/STM32L4xx_HAL_Driver/Src/stm32l4xx_hal_tim_ex.c ****   TIM_CHANNEL_STATE_SET(htim, TIM_CHANNEL_2, HAL_TIM_CHANNEL_STATE_BUSY);
 658              		.loc 1 338 3 is_stmt 1 view .LVU223
 659 0034 0223     		movs	r3, #2
 660              	.LVL34:
 338:Drivers/STM32L4xx_HAL_Driver/Src/stm32l4xx_hal_tim_ex.c ****   TIM_CHANNEL_STATE_SET(htim, TIM_CHANNEL_2, HAL_TIM_CHANNEL_STATE_BUSY);
 661              		.loc 1 338 3 is_stmt 0 view .LVU224
 662 0036 84F83E30 		strb	r3, [r4, #62]
 339:Drivers/STM32L4xx_HAL_Driver/Src/stm32l4xx_hal_tim_ex.c ****   TIM_CHANNEL_N_STATE_SET(htim, TIM_CHANNEL_1, HAL_TIM_CHANNEL_STATE_BUSY);
 663              		.loc 1 339 3 is_stmt 1 view .LVU225
 664 003a 84F83F30 		strb	r3, [r4, #63]
 340:Drivers/STM32L4xx_HAL_Driver/Src/stm32l4xx_hal_tim_ex.c ****   TIM_CHANNEL_N_STATE_SET(htim, TIM_CHANNEL_2, HAL_TIM_CHANNEL_STATE_BUSY);
 665              		.loc 1 340 3 view .LVU226
 666 003e 84F84430 		strb	r3, [r4, #68]
 341:Drivers/STM32L4xx_HAL_Driver/Src/stm32l4xx_hal_tim_ex.c **** 
 667              		.loc 1 341 3 view .LVU227
 668 0042 84F84530 		strb	r3, [r4, #69]
 346:Drivers/STM32L4xx_HAL_Driver/Src/stm32l4xx_hal_tim_ex.c **** 
 669              		.loc 1 346 3 view .LVU228
 670 0046 0021     		movs	r1, #0
 671              	.LVL35:
 346:Drivers/STM32L4xx_HAL_Driver/Src/stm32l4xx_hal_tim_ex.c **** 
 672              		.loc 1 346 3 is_stmt 0 view .LVU229
 673 0048 2068     		ldr	r0, [r4]
 674 004a FFF7FEFF 		bl	TIM_CCxChannelCmd
 675              	.LVL36:
 349:Drivers/STM32L4xx_HAL_Driver/Src/stm32l4xx_hal_tim_ex.c ****   {
 676              		.loc 1 349 3 is_stmt 1 view .LVU230
 349:Drivers/STM32L4xx_HAL_Driver/Src/stm32l4xx_hal_tim_ex.c ****   {
 677              		.loc 1 349 7 is_stmt 0 view .LVU231
 678 004e 2368     		ldr	r3, [r4]
 349:Drivers/STM32L4xx_HAL_Driver/Src/stm32l4xx_hal_tim_ex.c ****   {
 679              		.loc 1 349 6 view .LVU232
 680 0050 124A     		ldr	r2, .L43
 681 0052 9342     		cmp	r3, r2
 682 0054 0CD0     		beq	.L34
 349:Drivers/STM32L4xx_HAL_Driver/Src/stm32l4xx_hal_tim_ex.c ****   {
 683              		.loc 1 349 7 discriminator 1 view .LVU233
 684 0056 B3F1804F 		cmp	r3, #1073741824
 685 005a 09D0     		beq	.L34
 349:Drivers/STM32L4xx_HAL_Driver/Src/stm32l4xx_hal_tim_ex.c ****   {
 686              		.loc 1 349 7 discriminator 2 view .LVU234
ARM GAS  C:\Users\kerry\AppData\Local\Temp\ccWnk0Ym.s 			page 66


 687 005c 02F5A052 		add	r2, r2, #5120
 688 0060 9342     		cmp	r3, r2
 689 0062 05D0     		beq	.L34
 359:Drivers/STM32L4xx_HAL_Driver/Src/stm32l4xx_hal_tim_ex.c ****   }
 690              		.loc 1 359 5 is_stmt 1 view .LVU235
 691 0064 1A68     		ldr	r2, [r3]
 692 0066 42F00102 		orr	r2, r2, #1
 693 006a 1A60     		str	r2, [r3]
 363:Drivers/STM32L4xx_HAL_Driver/Src/stm32l4xx_hal_tim_ex.c **** }
 694              		.loc 1 363 10 is_stmt 0 view .LVU236
 695 006c 0020     		movs	r0, #0
 696 006e 0EE0     		b	.L33
 697              	.L34:
 351:Drivers/STM32L4xx_HAL_Driver/Src/stm32l4xx_hal_tim_ex.c ****     if (!IS_TIM_SLAVEMODE_TRIGGER_ENABLED(tmpsmcr))
 698              		.loc 1 351 5 is_stmt 1 view .LVU237
 351:Drivers/STM32L4xx_HAL_Driver/Src/stm32l4xx_hal_tim_ex.c ****     if (!IS_TIM_SLAVEMODE_TRIGGER_ENABLED(tmpsmcr))
 699              		.loc 1 351 29 is_stmt 0 view .LVU238
 700 0070 9968     		ldr	r1, [r3, #8]
 351:Drivers/STM32L4xx_HAL_Driver/Src/stm32l4xx_hal_tim_ex.c ****     if (!IS_TIM_SLAVEMODE_TRIGGER_ENABLED(tmpsmcr))
 701              		.loc 1 351 13 view .LVU239
 702 0072 0B4A     		ldr	r2, .L43+4
 703 0074 0A40     		ands	r2, r2, r1
 704              	.LVL37:
 352:Drivers/STM32L4xx_HAL_Driver/Src/stm32l4xx_hal_tim_ex.c ****     {
 705              		.loc 1 352 5 is_stmt 1 view .LVU240
 352:Drivers/STM32L4xx_HAL_Driver/Src/stm32l4xx_hal_tim_ex.c ****     {
 706              		.loc 1 352 8 is_stmt 0 view .LVU241
 707 0076 062A     		cmp	r2, #6
 708 0078 0CD0     		beq	.L39
 352:Drivers/STM32L4xx_HAL_Driver/Src/stm32l4xx_hal_tim_ex.c ****     {
 709              		.loc 1 352 9 discriminator 1 view .LVU242
 710 007a B2F5803F 		cmp	r2, #65536
 711 007e 0BD0     		beq	.L40
 354:Drivers/STM32L4xx_HAL_Driver/Src/stm32l4xx_hal_tim_ex.c ****     }
 712              		.loc 1 354 7 is_stmt 1 view .LVU243
 713 0080 1A68     		ldr	r2, [r3]
 714              	.LVL38:
 354:Drivers/STM32L4xx_HAL_Driver/Src/stm32l4xx_hal_tim_ex.c ****     }
 715              		.loc 1 354 7 is_stmt 0 view .LVU244
 716 0082 42F00102 		orr	r2, r2, #1
 717 0086 1A60     		str	r2, [r3]
 363:Drivers/STM32L4xx_HAL_Driver/Src/stm32l4xx_hal_tim_ex.c **** }
 718              		.loc 1 363 10 view .LVU245
 719 0088 0020     		movs	r0, #0
 720 008a 00E0     		b	.L33
 721              	.LVL39:
 722              	.L36:
 334:Drivers/STM32L4xx_HAL_Driver/Src/stm32l4xx_hal_tim_ex.c ****   }
 723              		.loc 1 334 12 view .LVU246
 724 008c 0120     		movs	r0, #1
 725              	.LVL40:
 726              	.L33:
 364:Drivers/STM32L4xx_HAL_Driver/Src/stm32l4xx_hal_tim_ex.c **** 
 727              		.loc 1 364 1 view .LVU247
 728 008e 10BD     		pop	{r4, pc}
 729              	.LVL41:
 730              	.L37:
ARM GAS  C:\Users\kerry\AppData\Local\Temp\ccWnk0Ym.s 			page 67


 334:Drivers/STM32L4xx_HAL_Driver/Src/stm32l4xx_hal_tim_ex.c ****   }
 731              		.loc 1 334 12 view .LVU248
 732 0090 1846     		mov	r0, r3
 733 0092 FCE7     		b	.L33
 734              	.LVL42:
 735              	.L39:
 363:Drivers/STM32L4xx_HAL_Driver/Src/stm32l4xx_hal_tim_ex.c **** }
 736              		.loc 1 363 10 view .LVU249
 737 0094 0020     		movs	r0, #0
 738 0096 FAE7     		b	.L33
 739              	.L40:
 740 0098 0020     		movs	r0, #0
 741 009a F8E7     		b	.L33
 742              	.L44:
 743              		.align	2
 744              	.L43:
 745 009c 002C0140 		.word	1073818624
 746 00a0 07000100 		.word	65543
 747              		.cfi_endproc
 748              	.LFE388:
 750              		.section	.text.HAL_TIMEx_HallSensor_Stop,"ax",%progbits
 751              		.align	1
 752              		.global	HAL_TIMEx_HallSensor_Stop
 753              		.syntax unified
 754              		.thumb
 755              		.thumb_func
 757              	HAL_TIMEx_HallSensor_Stop:
 758              	.LVL43:
 759              	.LFB389:
 372:Drivers/STM32L4xx_HAL_Driver/Src/stm32l4xx_hal_tim_ex.c ****   /* Check the parameters */
 760              		.loc 1 372 1 is_stmt 1 view -0
 761              		.cfi_startproc
 762              		@ args = 0, pretend = 0, frame = 0
 763              		@ frame_needed = 0, uses_anonymous_args = 0
 372:Drivers/STM32L4xx_HAL_Driver/Src/stm32l4xx_hal_tim_ex.c ****   /* Check the parameters */
 764              		.loc 1 372 1 is_stmt 0 view .LVU251
 765 0000 10B5     		push	{r4, lr}
 766              	.LCFI9:
 767              		.cfi_def_cfa_offset 8
 768              		.cfi_offset 4, -8
 769              		.cfi_offset 14, -4
 770 0002 0446     		mov	r4, r0
 374:Drivers/STM32L4xx_HAL_Driver/Src/stm32l4xx_hal_tim_ex.c **** 
 771              		.loc 1 374 3 is_stmt 1 view .LVU252
 379:Drivers/STM32L4xx_HAL_Driver/Src/stm32l4xx_hal_tim_ex.c **** 
 772              		.loc 1 379 3 view .LVU253
 773 0004 0022     		movs	r2, #0
 774 0006 1146     		mov	r1, r2
 775 0008 0068     		ldr	r0, [r0]
 776              	.LVL44:
 379:Drivers/STM32L4xx_HAL_Driver/Src/stm32l4xx_hal_tim_ex.c **** 
 777              		.loc 1 379 3 is_stmt 0 view .LVU254
 778 000a FFF7FEFF 		bl	TIM_CCxChannelCmd
 779              	.LVL45:
 382:Drivers/STM32L4xx_HAL_Driver/Src/stm32l4xx_hal_tim_ex.c **** 
 780              		.loc 1 382 3 is_stmt 1 view .LVU255
 382:Drivers/STM32L4xx_HAL_Driver/Src/stm32l4xx_hal_tim_ex.c **** 
ARM GAS  C:\Users\kerry\AppData\Local\Temp\ccWnk0Ym.s 			page 68


 781              		.loc 1 382 3 view .LVU256
 782 000e 2268     		ldr	r2, [r4]
 783 0010 136A     		ldr	r3, [r2, #32]
 784 0012 03F01133 		and	r3, r3, #286331153
 785 0016 23F08853 		bic	r3, r3, #285212672
 786 001a 43B9     		cbnz	r3, .L46
 382:Drivers/STM32L4xx_HAL_Driver/Src/stm32l4xx_hal_tim_ex.c **** 
 787              		.loc 1 382 3 discriminator 1 view .LVU257
 788 001c 116A     		ldr	r1, [r2, #32]
 789 001e 40F24443 		movw	r3, #1092
 790 0022 1942     		tst	r1, r3
 791 0024 03D1     		bne	.L46
 382:Drivers/STM32L4xx_HAL_Driver/Src/stm32l4xx_hal_tim_ex.c **** 
 792              		.loc 1 382 3 discriminator 3 view .LVU258
 793 0026 1368     		ldr	r3, [r2]
 794 0028 23F00103 		bic	r3, r3, #1
 795 002c 1360     		str	r3, [r2]
 796              	.L46:
 382:Drivers/STM32L4xx_HAL_Driver/Src/stm32l4xx_hal_tim_ex.c **** 
 797              		.loc 1 382 3 discriminator 5 view .LVU259
 385:Drivers/STM32L4xx_HAL_Driver/Src/stm32l4xx_hal_tim_ex.c ****   TIM_CHANNEL_STATE_SET(htim, TIM_CHANNEL_2, HAL_TIM_CHANNEL_STATE_READY);
 798              		.loc 1 385 3 view .LVU260
 799 002e 0123     		movs	r3, #1
 800 0030 84F83E30 		strb	r3, [r4, #62]
 386:Drivers/STM32L4xx_HAL_Driver/Src/stm32l4xx_hal_tim_ex.c ****   TIM_CHANNEL_N_STATE_SET(htim, TIM_CHANNEL_1, HAL_TIM_CHANNEL_STATE_READY);
 801              		.loc 1 386 3 view .LVU261
 802 0034 84F83F30 		strb	r3, [r4, #63]
 387:Drivers/STM32L4xx_HAL_Driver/Src/stm32l4xx_hal_tim_ex.c ****   TIM_CHANNEL_N_STATE_SET(htim, TIM_CHANNEL_2, HAL_TIM_CHANNEL_STATE_READY);
 803              		.loc 1 387 3 view .LVU262
 804 0038 84F84430 		strb	r3, [r4, #68]
 388:Drivers/STM32L4xx_HAL_Driver/Src/stm32l4xx_hal_tim_ex.c **** 
 805              		.loc 1 388 3 view .LVU263
 806 003c 84F84530 		strb	r3, [r4, #69]
 391:Drivers/STM32L4xx_HAL_Driver/Src/stm32l4xx_hal_tim_ex.c **** }
 807              		.loc 1 391 3 view .LVU264
 392:Drivers/STM32L4xx_HAL_Driver/Src/stm32l4xx_hal_tim_ex.c **** 
 808              		.loc 1 392 1 is_stmt 0 view .LVU265
 809 0040 0020     		movs	r0, #0
 810 0042 10BD     		pop	{r4, pc}
 392:Drivers/STM32L4xx_HAL_Driver/Src/stm32l4xx_hal_tim_ex.c **** 
 811              		.loc 1 392 1 view .LVU266
 812              		.cfi_endproc
 813              	.LFE389:
 815              		.section	.text.HAL_TIMEx_HallSensor_Start_IT,"ax",%progbits
 816              		.align	1
 817              		.global	HAL_TIMEx_HallSensor_Start_IT
 818              		.syntax unified
 819              		.thumb
 820              		.thumb_func
 822              	HAL_TIMEx_HallSensor_Start_IT:
 823              	.LVL46:
 824              	.LFB390:
 400:Drivers/STM32L4xx_HAL_Driver/Src/stm32l4xx_hal_tim_ex.c ****   uint32_t tmpsmcr;
 825              		.loc 1 400 1 is_stmt 1 view -0
 826              		.cfi_startproc
 827              		@ args = 0, pretend = 0, frame = 0
 828              		@ frame_needed = 0, uses_anonymous_args = 0
ARM GAS  C:\Users\kerry\AppData\Local\Temp\ccWnk0Ym.s 			page 69


 400:Drivers/STM32L4xx_HAL_Driver/Src/stm32l4xx_hal_tim_ex.c ****   uint32_t tmpsmcr;
 829              		.loc 1 400 1 is_stmt 0 view .LVU268
 830 0000 10B5     		push	{r4, lr}
 831              	.LCFI10:
 832              		.cfi_def_cfa_offset 8
 833              		.cfi_offset 4, -8
 834              		.cfi_offset 14, -4
 835 0002 0446     		mov	r4, r0
 401:Drivers/STM32L4xx_HAL_Driver/Src/stm32l4xx_hal_tim_ex.c ****   HAL_TIM_ChannelStateTypeDef channel_1_state = TIM_CHANNEL_STATE_GET(htim, TIM_CHANNEL_1);
 836              		.loc 1 401 3 is_stmt 1 view .LVU269
 402:Drivers/STM32L4xx_HAL_Driver/Src/stm32l4xx_hal_tim_ex.c ****   HAL_TIM_ChannelStateTypeDef channel_2_state = TIM_CHANNEL_STATE_GET(htim, TIM_CHANNEL_2);
 837              		.loc 1 402 3 view .LVU270
 402:Drivers/STM32L4xx_HAL_Driver/Src/stm32l4xx_hal_tim_ex.c ****   HAL_TIM_ChannelStateTypeDef channel_2_state = TIM_CHANNEL_STATE_GET(htim, TIM_CHANNEL_2);
 838              		.loc 1 402 31 is_stmt 0 view .LVU271
 839 0004 90F83EC0 		ldrb	ip, [r0, #62]	@ zero_extendqisi2
 840              	.LVL47:
 403:Drivers/STM32L4xx_HAL_Driver/Src/stm32l4xx_hal_tim_ex.c ****   HAL_TIM_ChannelStateTypeDef complementary_channel_1_state = TIM_CHANNEL_N_STATE_GET(htim, TIM_CHA
 841              		.loc 1 403 3 is_stmt 1 view .LVU272
 403:Drivers/STM32L4xx_HAL_Driver/Src/stm32l4xx_hal_tim_ex.c ****   HAL_TIM_ChannelStateTypeDef complementary_channel_1_state = TIM_CHANNEL_N_STATE_GET(htim, TIM_CHA
 842              		.loc 1 403 31 is_stmt 0 view .LVU273
 843 0008 90F83F30 		ldrb	r3, [r0, #63]	@ zero_extendqisi2
 844              	.LVL48:
 404:Drivers/STM32L4xx_HAL_Driver/Src/stm32l4xx_hal_tim_ex.c ****   HAL_TIM_ChannelStateTypeDef complementary_channel_2_state = TIM_CHANNEL_N_STATE_GET(htim, TIM_CHA
 845              		.loc 1 404 3 is_stmt 1 view .LVU274
 404:Drivers/STM32L4xx_HAL_Driver/Src/stm32l4xx_hal_tim_ex.c ****   HAL_TIM_ChannelStateTypeDef complementary_channel_2_state = TIM_CHANNEL_N_STATE_GET(htim, TIM_CHA
 846              		.loc 1 404 31 is_stmt 0 view .LVU275
 847 000c 90F84420 		ldrb	r2, [r0, #68]	@ zero_extendqisi2
 848              	.LVL49:
 405:Drivers/STM32L4xx_HAL_Driver/Src/stm32l4xx_hal_tim_ex.c **** 
 849              		.loc 1 405 3 is_stmt 1 view .LVU276
 405:Drivers/STM32L4xx_HAL_Driver/Src/stm32l4xx_hal_tim_ex.c **** 
 850              		.loc 1 405 31 is_stmt 0 view .LVU277
 851 0010 90F84510 		ldrb	r1, [r0, #69]	@ zero_extendqisi2
 852              	.LVL50:
 408:Drivers/STM32L4xx_HAL_Driver/Src/stm32l4xx_hal_tim_ex.c **** 
 853              		.loc 1 408 3 is_stmt 1 view .LVU278
 411:Drivers/STM32L4xx_HAL_Driver/Src/stm32l4xx_hal_tim_ex.c ****       || (channel_2_state != HAL_TIM_CHANNEL_STATE_READY)
 854              		.loc 1 411 3 view .LVU279
 411:Drivers/STM32L4xx_HAL_Driver/Src/stm32l4xx_hal_tim_ex.c ****       || (channel_2_state != HAL_TIM_CHANNEL_STATE_READY)
 855              		.loc 1 411 6 is_stmt 0 view .LVU280
 856 0014 BCF1010F 		cmp	ip, #1
 857 0018 3ED1     		bne	.L52
 858 001a 5FFA8CF0 		uxtb	r0, ip
 859              	.LVL51:
 411:Drivers/STM32L4xx_HAL_Driver/Src/stm32l4xx_hal_tim_ex.c ****       || (channel_2_state != HAL_TIM_CHANNEL_STATE_READY)
 860              		.loc 1 411 6 view .LVU281
 861 001e DBB2     		uxtb	r3, r3
 411:Drivers/STM32L4xx_HAL_Driver/Src/stm32l4xx_hal_tim_ex.c ****       || (channel_2_state != HAL_TIM_CHANNEL_STATE_READY)
 862              		.loc 1 411 6 view .LVU282
 863 0020 D2B2     		uxtb	r2, r2
 411:Drivers/STM32L4xx_HAL_Driver/Src/stm32l4xx_hal_tim_ex.c ****       || (channel_2_state != HAL_TIM_CHANNEL_STATE_READY)
 864              		.loc 1 411 6 view .LVU283
 865 0022 C9B2     		uxtb	r1, r1
 412:Drivers/STM32L4xx_HAL_Driver/Src/stm32l4xx_hal_tim_ex.c ****       || (complementary_channel_1_state != HAL_TIM_CHANNEL_STATE_READY)
 866              		.loc 1 412 7 view .LVU284
 867 0024 012B     		cmp	r3, #1
 868 0026 38D1     		bne	.L49
ARM GAS  C:\Users\kerry\AppData\Local\Temp\ccWnk0Ym.s 			page 70


 413:Drivers/STM32L4xx_HAL_Driver/Src/stm32l4xx_hal_tim_ex.c ****       || (complementary_channel_2_state != HAL_TIM_CHANNEL_STATE_READY))
 869              		.loc 1 413 7 view .LVU285
 870 0028 012A     		cmp	r2, #1
 871 002a 37D1     		bne	.L53
 414:Drivers/STM32L4xx_HAL_Driver/Src/stm32l4xx_hal_tim_ex.c ****   {
 872              		.loc 1 414 7 view .LVU286
 873 002c 0129     		cmp	r1, #1
 874 002e 01D0     		beq	.L58
 416:Drivers/STM32L4xx_HAL_Driver/Src/stm32l4xx_hal_tim_ex.c ****   }
 875              		.loc 1 416 12 view .LVU287
 876 0030 1046     		mov	r0, r2
 877 0032 32E0     		b	.L49
 878              	.L58:
 420:Drivers/STM32L4xx_HAL_Driver/Src/stm32l4xx_hal_tim_ex.c ****   TIM_CHANNEL_STATE_SET(htim, TIM_CHANNEL_2, HAL_TIM_CHANNEL_STATE_BUSY);
 879              		.loc 1 420 3 is_stmt 1 view .LVU288
 880 0034 0223     		movs	r3, #2
 881              	.LVL52:
 420:Drivers/STM32L4xx_HAL_Driver/Src/stm32l4xx_hal_tim_ex.c ****   TIM_CHANNEL_STATE_SET(htim, TIM_CHANNEL_2, HAL_TIM_CHANNEL_STATE_BUSY);
 882              		.loc 1 420 3 is_stmt 0 view .LVU289
 883 0036 84F83E30 		strb	r3, [r4, #62]
 421:Drivers/STM32L4xx_HAL_Driver/Src/stm32l4xx_hal_tim_ex.c ****   TIM_CHANNEL_N_STATE_SET(htim, TIM_CHANNEL_1, HAL_TIM_CHANNEL_STATE_BUSY);
 884              		.loc 1 421 3 is_stmt 1 view .LVU290
 885 003a 84F83F30 		strb	r3, [r4, #63]
 422:Drivers/STM32L4xx_HAL_Driver/Src/stm32l4xx_hal_tim_ex.c ****   TIM_CHANNEL_N_STATE_SET(htim, TIM_CHANNEL_2, HAL_TIM_CHANNEL_STATE_BUSY);
 886              		.loc 1 422 3 view .LVU291
 887 003e 84F84430 		strb	r3, [r4, #68]
 423:Drivers/STM32L4xx_HAL_Driver/Src/stm32l4xx_hal_tim_ex.c **** 
 888              		.loc 1 423 3 view .LVU292
 889 0042 84F84530 		strb	r3, [r4, #69]
 426:Drivers/STM32L4xx_HAL_Driver/Src/stm32l4xx_hal_tim_ex.c **** 
 890              		.loc 1 426 3 view .LVU293
 891 0046 2268     		ldr	r2, [r4]
 892              	.LVL53:
 426:Drivers/STM32L4xx_HAL_Driver/Src/stm32l4xx_hal_tim_ex.c **** 
 893              		.loc 1 426 3 is_stmt 0 view .LVU294
 894 0048 D368     		ldr	r3, [r2, #12]
 895 004a 43F00203 		orr	r3, r3, #2
 896 004e D360     		str	r3, [r2, #12]
 431:Drivers/STM32L4xx_HAL_Driver/Src/stm32l4xx_hal_tim_ex.c **** 
 897              		.loc 1 431 3 is_stmt 1 view .LVU295
 898 0050 0122     		movs	r2, #1
 899 0052 0021     		movs	r1, #0
 900              	.LVL54:
 431:Drivers/STM32L4xx_HAL_Driver/Src/stm32l4xx_hal_tim_ex.c **** 
 901              		.loc 1 431 3 is_stmt 0 view .LVU296
 902 0054 2068     		ldr	r0, [r4]
 903 0056 FFF7FEFF 		bl	TIM_CCxChannelCmd
 904              	.LVL55:
 434:Drivers/STM32L4xx_HAL_Driver/Src/stm32l4xx_hal_tim_ex.c ****   {
 905              		.loc 1 434 3 is_stmt 1 view .LVU297
 434:Drivers/STM32L4xx_HAL_Driver/Src/stm32l4xx_hal_tim_ex.c ****   {
 906              		.loc 1 434 7 is_stmt 0 view .LVU298
 907 005a 2368     		ldr	r3, [r4]
 434:Drivers/STM32L4xx_HAL_Driver/Src/stm32l4xx_hal_tim_ex.c ****   {
 908              		.loc 1 434 6 view .LVU299
 909 005c 124A     		ldr	r2, .L59
 910 005e 9342     		cmp	r3, r2
ARM GAS  C:\Users\kerry\AppData\Local\Temp\ccWnk0Ym.s 			page 71


 911 0060 0CD0     		beq	.L50
 434:Drivers/STM32L4xx_HAL_Driver/Src/stm32l4xx_hal_tim_ex.c ****   {
 912              		.loc 1 434 7 discriminator 1 view .LVU300
 913 0062 B3F1804F 		cmp	r3, #1073741824
 914 0066 09D0     		beq	.L50
 434:Drivers/STM32L4xx_HAL_Driver/Src/stm32l4xx_hal_tim_ex.c ****   {
 915              		.loc 1 434 7 discriminator 2 view .LVU301
 916 0068 02F5A052 		add	r2, r2, #5120
 917 006c 9342     		cmp	r3, r2
 918 006e 05D0     		beq	.L50
 444:Drivers/STM32L4xx_HAL_Driver/Src/stm32l4xx_hal_tim_ex.c ****   }
 919              		.loc 1 444 5 is_stmt 1 view .LVU302
 920 0070 1A68     		ldr	r2, [r3]
 921 0072 42F00102 		orr	r2, r2, #1
 922 0076 1A60     		str	r2, [r3]
 448:Drivers/STM32L4xx_HAL_Driver/Src/stm32l4xx_hal_tim_ex.c **** }
 923              		.loc 1 448 10 is_stmt 0 view .LVU303
 924 0078 0020     		movs	r0, #0
 925 007a 0EE0     		b	.L49
 926              	.L50:
 436:Drivers/STM32L4xx_HAL_Driver/Src/stm32l4xx_hal_tim_ex.c ****     if (!IS_TIM_SLAVEMODE_TRIGGER_ENABLED(tmpsmcr))
 927              		.loc 1 436 5 is_stmt 1 view .LVU304
 436:Drivers/STM32L4xx_HAL_Driver/Src/stm32l4xx_hal_tim_ex.c ****     if (!IS_TIM_SLAVEMODE_TRIGGER_ENABLED(tmpsmcr))
 928              		.loc 1 436 29 is_stmt 0 view .LVU305
 929 007c 9968     		ldr	r1, [r3, #8]
 436:Drivers/STM32L4xx_HAL_Driver/Src/stm32l4xx_hal_tim_ex.c ****     if (!IS_TIM_SLAVEMODE_TRIGGER_ENABLED(tmpsmcr))
 930              		.loc 1 436 13 view .LVU306
 931 007e 0B4A     		ldr	r2, .L59+4
 932 0080 0A40     		ands	r2, r2, r1
 933              	.LVL56:
 437:Drivers/STM32L4xx_HAL_Driver/Src/stm32l4xx_hal_tim_ex.c ****     {
 934              		.loc 1 437 5 is_stmt 1 view .LVU307
 437:Drivers/STM32L4xx_HAL_Driver/Src/stm32l4xx_hal_tim_ex.c ****     {
 935              		.loc 1 437 8 is_stmt 0 view .LVU308
 936 0082 062A     		cmp	r2, #6
 937 0084 0CD0     		beq	.L55
 437:Drivers/STM32L4xx_HAL_Driver/Src/stm32l4xx_hal_tim_ex.c ****     {
 938              		.loc 1 437 9 discriminator 1 view .LVU309
 939 0086 B2F5803F 		cmp	r2, #65536
 940 008a 0BD0     		beq	.L56
 439:Drivers/STM32L4xx_HAL_Driver/Src/stm32l4xx_hal_tim_ex.c ****     }
 941              		.loc 1 439 7 is_stmt 1 view .LVU310
 942 008c 1A68     		ldr	r2, [r3]
 943              	.LVL57:
 439:Drivers/STM32L4xx_HAL_Driver/Src/stm32l4xx_hal_tim_ex.c ****     }
 944              		.loc 1 439 7 is_stmt 0 view .LVU311
 945 008e 42F00102 		orr	r2, r2, #1
 946 0092 1A60     		str	r2, [r3]
 448:Drivers/STM32L4xx_HAL_Driver/Src/stm32l4xx_hal_tim_ex.c **** }
 947              		.loc 1 448 10 view .LVU312
 948 0094 0020     		movs	r0, #0
 949 0096 00E0     		b	.L49
 950              	.LVL58:
 951              	.L52:
 416:Drivers/STM32L4xx_HAL_Driver/Src/stm32l4xx_hal_tim_ex.c ****   }
 952              		.loc 1 416 12 view .LVU313
 953 0098 0120     		movs	r0, #1
ARM GAS  C:\Users\kerry\AppData\Local\Temp\ccWnk0Ym.s 			page 72


 954              	.LVL59:
 955              	.L49:
 449:Drivers/STM32L4xx_HAL_Driver/Src/stm32l4xx_hal_tim_ex.c **** 
 956              		.loc 1 449 1 view .LVU314
 957 009a 10BD     		pop	{r4, pc}
 958              	.LVL60:
 959              	.L53:
 416:Drivers/STM32L4xx_HAL_Driver/Src/stm32l4xx_hal_tim_ex.c ****   }
 960              		.loc 1 416 12 view .LVU315
 961 009c 1846     		mov	r0, r3
 962 009e FCE7     		b	.L49
 963              	.LVL61:
 964              	.L55:
 448:Drivers/STM32L4xx_HAL_Driver/Src/stm32l4xx_hal_tim_ex.c **** }
 965              		.loc 1 448 10 view .LVU316
 966 00a0 0020     		movs	r0, #0
 967 00a2 FAE7     		b	.L49
 968              	.L56:
 969 00a4 0020     		movs	r0, #0
 970 00a6 F8E7     		b	.L49
 971              	.L60:
 972              		.align	2
 973              	.L59:
 974 00a8 002C0140 		.word	1073818624
 975 00ac 07000100 		.word	65543
 976              		.cfi_endproc
 977              	.LFE390:
 979              		.section	.text.HAL_TIMEx_HallSensor_Stop_IT,"ax",%progbits
 980              		.align	1
 981              		.global	HAL_TIMEx_HallSensor_Stop_IT
 982              		.syntax unified
 983              		.thumb
 984              		.thumb_func
 986              	HAL_TIMEx_HallSensor_Stop_IT:
 987              	.LVL62:
 988              	.LFB391:
 457:Drivers/STM32L4xx_HAL_Driver/Src/stm32l4xx_hal_tim_ex.c ****   /* Check the parameters */
 989              		.loc 1 457 1 is_stmt 1 view -0
 990              		.cfi_startproc
 991              		@ args = 0, pretend = 0, frame = 0
 992              		@ frame_needed = 0, uses_anonymous_args = 0
 457:Drivers/STM32L4xx_HAL_Driver/Src/stm32l4xx_hal_tim_ex.c ****   /* Check the parameters */
 993              		.loc 1 457 1 is_stmt 0 view .LVU318
 994 0000 10B5     		push	{r4, lr}
 995              	.LCFI11:
 996              		.cfi_def_cfa_offset 8
 997              		.cfi_offset 4, -8
 998              		.cfi_offset 14, -4
 999 0002 0446     		mov	r4, r0
 459:Drivers/STM32L4xx_HAL_Driver/Src/stm32l4xx_hal_tim_ex.c **** 
 1000              		.loc 1 459 3 is_stmt 1 view .LVU319
 464:Drivers/STM32L4xx_HAL_Driver/Src/stm32l4xx_hal_tim_ex.c **** 
 1001              		.loc 1 464 3 view .LVU320
 1002 0004 0022     		movs	r2, #0
 1003 0006 1146     		mov	r1, r2
 1004 0008 0068     		ldr	r0, [r0]
 1005              	.LVL63:
ARM GAS  C:\Users\kerry\AppData\Local\Temp\ccWnk0Ym.s 			page 73


 464:Drivers/STM32L4xx_HAL_Driver/Src/stm32l4xx_hal_tim_ex.c **** 
 1006              		.loc 1 464 3 is_stmt 0 view .LVU321
 1007 000a FFF7FEFF 		bl	TIM_CCxChannelCmd
 1008              	.LVL64:
 467:Drivers/STM32L4xx_HAL_Driver/Src/stm32l4xx_hal_tim_ex.c **** 
 1009              		.loc 1 467 3 is_stmt 1 view .LVU322
 1010 000e 2268     		ldr	r2, [r4]
 1011 0010 D368     		ldr	r3, [r2, #12]
 1012 0012 23F00203 		bic	r3, r3, #2
 1013 0016 D360     		str	r3, [r2, #12]
 470:Drivers/STM32L4xx_HAL_Driver/Src/stm32l4xx_hal_tim_ex.c **** 
 1014              		.loc 1 470 3 view .LVU323
 470:Drivers/STM32L4xx_HAL_Driver/Src/stm32l4xx_hal_tim_ex.c **** 
 1015              		.loc 1 470 3 view .LVU324
 1016 0018 2268     		ldr	r2, [r4]
 1017 001a 136A     		ldr	r3, [r2, #32]
 1018 001c 03F01133 		and	r3, r3, #286331153
 1019 0020 23F08853 		bic	r3, r3, #285212672
 1020 0024 43B9     		cbnz	r3, .L62
 470:Drivers/STM32L4xx_HAL_Driver/Src/stm32l4xx_hal_tim_ex.c **** 
 1021              		.loc 1 470 3 discriminator 1 view .LVU325
 1022 0026 116A     		ldr	r1, [r2, #32]
 1023 0028 40F24443 		movw	r3, #1092
 1024 002c 1942     		tst	r1, r3
 1025 002e 03D1     		bne	.L62
 470:Drivers/STM32L4xx_HAL_Driver/Src/stm32l4xx_hal_tim_ex.c **** 
 1026              		.loc 1 470 3 discriminator 3 view .LVU326
 1027 0030 1368     		ldr	r3, [r2]
 1028 0032 23F00103 		bic	r3, r3, #1
 1029 0036 1360     		str	r3, [r2]
 1030              	.L62:
 470:Drivers/STM32L4xx_HAL_Driver/Src/stm32l4xx_hal_tim_ex.c **** 
 1031              		.loc 1 470 3 discriminator 5 view .LVU327
 473:Drivers/STM32L4xx_HAL_Driver/Src/stm32l4xx_hal_tim_ex.c ****   TIM_CHANNEL_STATE_SET(htim, TIM_CHANNEL_2, HAL_TIM_CHANNEL_STATE_READY);
 1032              		.loc 1 473 3 view .LVU328
 1033 0038 0123     		movs	r3, #1
 1034 003a 84F83E30 		strb	r3, [r4, #62]
 474:Drivers/STM32L4xx_HAL_Driver/Src/stm32l4xx_hal_tim_ex.c ****   TIM_CHANNEL_N_STATE_SET(htim, TIM_CHANNEL_1, HAL_TIM_CHANNEL_STATE_READY);
 1035              		.loc 1 474 3 view .LVU329
 1036 003e 84F83F30 		strb	r3, [r4, #63]
 475:Drivers/STM32L4xx_HAL_Driver/Src/stm32l4xx_hal_tim_ex.c ****   TIM_CHANNEL_N_STATE_SET(htim, TIM_CHANNEL_2, HAL_TIM_CHANNEL_STATE_READY);
 1037              		.loc 1 475 3 view .LVU330
 1038 0042 84F84430 		strb	r3, [r4, #68]
 476:Drivers/STM32L4xx_HAL_Driver/Src/stm32l4xx_hal_tim_ex.c **** 
 1039              		.loc 1 476 3 view .LVU331
 1040 0046 84F84530 		strb	r3, [r4, #69]
 479:Drivers/STM32L4xx_HAL_Driver/Src/stm32l4xx_hal_tim_ex.c **** }
 1041              		.loc 1 479 3 view .LVU332
 480:Drivers/STM32L4xx_HAL_Driver/Src/stm32l4xx_hal_tim_ex.c **** 
 1042              		.loc 1 480 1 is_stmt 0 view .LVU333
 1043 004a 0020     		movs	r0, #0
 1044 004c 10BD     		pop	{r4, pc}
 480:Drivers/STM32L4xx_HAL_Driver/Src/stm32l4xx_hal_tim_ex.c **** 
 1045              		.loc 1 480 1 view .LVU334
 1046              		.cfi_endproc
 1047              	.LFE391:
 1049              		.section	.text.HAL_TIMEx_HallSensor_Start_DMA,"ax",%progbits
ARM GAS  C:\Users\kerry\AppData\Local\Temp\ccWnk0Ym.s 			page 74


 1050              		.align	1
 1051              		.global	HAL_TIMEx_HallSensor_Start_DMA
 1052              		.syntax unified
 1053              		.thumb
 1054              		.thumb_func
 1056              	HAL_TIMEx_HallSensor_Start_DMA:
 1057              	.LVL65:
 1058              	.LFB392:
 490:Drivers/STM32L4xx_HAL_Driver/Src/stm32l4xx_hal_tim_ex.c ****   uint32_t tmpsmcr;
 1059              		.loc 1 490 1 is_stmt 1 view -0
 1060              		.cfi_startproc
 1061              		@ args = 0, pretend = 0, frame = 0
 1062              		@ frame_needed = 0, uses_anonymous_args = 0
 490:Drivers/STM32L4xx_HAL_Driver/Src/stm32l4xx_hal_tim_ex.c ****   uint32_t tmpsmcr;
 1063              		.loc 1 490 1 is_stmt 0 view .LVU336
 1064 0000 F8B5     		push	{r3, r4, r5, r6, r7, lr}
 1065              	.LCFI12:
 1066              		.cfi_def_cfa_offset 24
 1067              		.cfi_offset 3, -24
 1068              		.cfi_offset 4, -20
 1069              		.cfi_offset 5, -16
 1070              		.cfi_offset 6, -12
 1071              		.cfi_offset 7, -8
 1072              		.cfi_offset 14, -4
 1073 0002 0446     		mov	r4, r0
 491:Drivers/STM32L4xx_HAL_Driver/Src/stm32l4xx_hal_tim_ex.c ****   HAL_TIM_ChannelStateTypeDef channel_1_state = TIM_CHANNEL_STATE_GET(htim, TIM_CHANNEL_1);
 1074              		.loc 1 491 3 is_stmt 1 view .LVU337
 492:Drivers/STM32L4xx_HAL_Driver/Src/stm32l4xx_hal_tim_ex.c ****   HAL_TIM_ChannelStateTypeDef complementary_channel_1_state = TIM_CHANNEL_N_STATE_GET(htim, TIM_CHA
 1075              		.loc 1 492 3 view .LVU338
 492:Drivers/STM32L4xx_HAL_Driver/Src/stm32l4xx_hal_tim_ex.c ****   HAL_TIM_ChannelStateTypeDef complementary_channel_1_state = TIM_CHANNEL_N_STATE_GET(htim, TIM_CHA
 1076              		.loc 1 492 31 is_stmt 0 view .LVU339
 1077 0004 90F83EC0 		ldrb	ip, [r0, #62]	@ zero_extendqisi2
 1078 0008 5FFA8CF0 		uxtb	r0, ip
 1079              	.LVL66:
 493:Drivers/STM32L4xx_HAL_Driver/Src/stm32l4xx_hal_tim_ex.c **** 
 1080              		.loc 1 493 3 is_stmt 1 view .LVU340
 493:Drivers/STM32L4xx_HAL_Driver/Src/stm32l4xx_hal_tim_ex.c **** 
 1081              		.loc 1 493 31 is_stmt 0 view .LVU341
 1082 000c 94F84450 		ldrb	r5, [r4, #68]	@ zero_extendqisi2
 1083              	.LVL67:
 496:Drivers/STM32L4xx_HAL_Driver/Src/stm32l4xx_hal_tim_ex.c **** 
 1084              		.loc 1 496 3 is_stmt 1 view .LVU342
 499:Drivers/STM32L4xx_HAL_Driver/Src/stm32l4xx_hal_tim_ex.c ****       || (complementary_channel_1_state == HAL_TIM_CHANNEL_STATE_BUSY))
 1085              		.loc 1 499 3 view .LVU343
 499:Drivers/STM32L4xx_HAL_Driver/Src/stm32l4xx_hal_tim_ex.c ****       || (complementary_channel_1_state == HAL_TIM_CHANNEL_STATE_BUSY))
 1086              		.loc 1 499 6 is_stmt 0 view .LVU344
 1087 0010 BCF1020F 		cmp	ip, #2
 1088 0014 4DD0     		beq	.L65
 1089 0016 0F46     		mov	r7, r1
 1090 0018 1646     		mov	r6, r2
 1091 001a EDB2     		uxtb	r5, r5
 500:Drivers/STM32L4xx_HAL_Driver/Src/stm32l4xx_hal_tim_ex.c ****   {
 1092              		.loc 1 500 7 view .LVU345
 1093 001c 022D     		cmp	r5, #2
 1094 001e 45D0     		beq	.L68
 504:Drivers/STM32L4xx_HAL_Driver/Src/stm32l4xx_hal_tim_ex.c ****            && (complementary_channel_1_state == HAL_TIM_CHANNEL_STATE_READY))
 1095              		.loc 1 504 8 is_stmt 1 view .LVU346
ARM GAS  C:\Users\kerry\AppData\Local\Temp\ccWnk0Ym.s 			page 75


 504:Drivers/STM32L4xx_HAL_Driver/Src/stm32l4xx_hal_tim_ex.c ****            && (complementary_channel_1_state == HAL_TIM_CHANNEL_STATE_READY))
 1096              		.loc 1 504 11 is_stmt 0 view .LVU347
 1097 0020 0128     		cmp	r0, #1
 1098 0022 45D1     		bne	.L69
 505:Drivers/STM32L4xx_HAL_Driver/Src/stm32l4xx_hal_tim_ex.c ****   {
 1099              		.loc 1 505 12 view .LVU348
 1100 0024 012D     		cmp	r5, #1
 1101 0026 44D1     		bne	.L65
 507:Drivers/STM32L4xx_HAL_Driver/Src/stm32l4xx_hal_tim_ex.c ****     {
 1102              		.loc 1 507 5 is_stmt 1 view .LVU349
 507:Drivers/STM32L4xx_HAL_Driver/Src/stm32l4xx_hal_tim_ex.c ****     {
 1103              		.loc 1 507 8 is_stmt 0 view .LVU350
 1104 0028 0029     		cmp	r1, #0
 1105 002a 43D0     		beq	.L70
 507:Drivers/STM32L4xx_HAL_Driver/Src/stm32l4xx_hal_tim_ex.c ****     {
 1106              		.loc 1 507 25 discriminator 1 view .LVU351
 1107 002c 0AB9     		cbnz	r2, .L74
 509:Drivers/STM32L4xx_HAL_Driver/Src/stm32l4xx_hal_tim_ex.c ****     }
 1108              		.loc 1 509 14 view .LVU352
 1109 002e 2846     		mov	r0, r5
 1110              	.LVL68:
 509:Drivers/STM32L4xx_HAL_Driver/Src/stm32l4xx_hal_tim_ex.c ****     }
 1111              		.loc 1 509 14 view .LVU353
 1112 0030 3FE0     		b	.L65
 1113              	.LVL69:
 1114              	.L74:
 513:Drivers/STM32L4xx_HAL_Driver/Src/stm32l4xx_hal_tim_ex.c ****       TIM_CHANNEL_N_STATE_SET(htim, TIM_CHANNEL_1, HAL_TIM_CHANNEL_STATE_BUSY);
 1115              		.loc 1 513 7 is_stmt 1 view .LVU354
 1116 0032 0223     		movs	r3, #2
 1117 0034 84F83E30 		strb	r3, [r4, #62]
 514:Drivers/STM32L4xx_HAL_Driver/Src/stm32l4xx_hal_tim_ex.c ****     }
 1118              		.loc 1 514 7 view .LVU355
 1119 0038 84F84430 		strb	r3, [r4, #68]
 525:Drivers/STM32L4xx_HAL_Driver/Src/stm32l4xx_hal_tim_ex.c **** 
 1120              		.loc 1 525 3 view .LVU356
 1121 003c 0122     		movs	r2, #1
 1122              	.LVL70:
 525:Drivers/STM32L4xx_HAL_Driver/Src/stm32l4xx_hal_tim_ex.c **** 
 1123              		.loc 1 525 3 is_stmt 0 view .LVU357
 1124 003e 0021     		movs	r1, #0
 1125              	.LVL71:
 525:Drivers/STM32L4xx_HAL_Driver/Src/stm32l4xx_hal_tim_ex.c **** 
 1126              		.loc 1 525 3 view .LVU358
 1127 0040 2068     		ldr	r0, [r4]
 1128              	.LVL72:
 525:Drivers/STM32L4xx_HAL_Driver/Src/stm32l4xx_hal_tim_ex.c **** 
 1129              		.loc 1 525 3 view .LVU359
 1130 0042 FFF7FEFF 		bl	TIM_CCxChannelCmd
 1131              	.LVL73:
 528:Drivers/STM32L4xx_HAL_Driver/Src/stm32l4xx_hal_tim_ex.c ****   htim->hdma[TIM_DMA_ID_CC1]->XferHalfCpltCallback = TIM_DMACaptureHalfCplt;
 1132              		.loc 1 528 3 is_stmt 1 view .LVU360
 528:Drivers/STM32L4xx_HAL_Driver/Src/stm32l4xx_hal_tim_ex.c ****   htim->hdma[TIM_DMA_ID_CC1]->XferHalfCpltCallback = TIM_DMACaptureHalfCplt;
 1133              		.loc 1 528 13 is_stmt 0 view .LVU361
 1134 0046 636A     		ldr	r3, [r4, #36]
 528:Drivers/STM32L4xx_HAL_Driver/Src/stm32l4xx_hal_tim_ex.c ****   htim->hdma[TIM_DMA_ID_CC1]->XferHalfCpltCallback = TIM_DMACaptureHalfCplt;
 1135              		.loc 1 528 48 view .LVU362
 1136 0048 1C4A     		ldr	r2, .L75
ARM GAS  C:\Users\kerry\AppData\Local\Temp\ccWnk0Ym.s 			page 76


 1137 004a DA62     		str	r2, [r3, #44]
 529:Drivers/STM32L4xx_HAL_Driver/Src/stm32l4xx_hal_tim_ex.c ****   /* Set the DMA error callback */
 1138              		.loc 1 529 3 is_stmt 1 view .LVU363
 529:Drivers/STM32L4xx_HAL_Driver/Src/stm32l4xx_hal_tim_ex.c ****   /* Set the DMA error callback */
 1139              		.loc 1 529 13 is_stmt 0 view .LVU364
 1140 004c 636A     		ldr	r3, [r4, #36]
 529:Drivers/STM32L4xx_HAL_Driver/Src/stm32l4xx_hal_tim_ex.c ****   /* Set the DMA error callback */
 1141              		.loc 1 529 52 view .LVU365
 1142 004e 1C4A     		ldr	r2, .L75+4
 1143 0050 1A63     		str	r2, [r3, #48]
 531:Drivers/STM32L4xx_HAL_Driver/Src/stm32l4xx_hal_tim_ex.c **** 
 1144              		.loc 1 531 3 is_stmt 1 view .LVU366
 531:Drivers/STM32L4xx_HAL_Driver/Src/stm32l4xx_hal_tim_ex.c **** 
 1145              		.loc 1 531 13 is_stmt 0 view .LVU367
 1146 0052 636A     		ldr	r3, [r4, #36]
 531:Drivers/STM32L4xx_HAL_Driver/Src/stm32l4xx_hal_tim_ex.c **** 
 1147              		.loc 1 531 49 view .LVU368
 1148 0054 1B4A     		ldr	r2, .L75+8
 1149 0056 5A63     		str	r2, [r3, #52]
 534:Drivers/STM32L4xx_HAL_Driver/Src/stm32l4xx_hal_tim_ex.c ****   {
 1150              		.loc 1 534 3 is_stmt 1 view .LVU369
 534:Drivers/STM32L4xx_HAL_Driver/Src/stm32l4xx_hal_tim_ex.c ****   {
 1151              		.loc 1 534 67 is_stmt 0 view .LVU370
 1152 0058 2168     		ldr	r1, [r4]
 534:Drivers/STM32L4xx_HAL_Driver/Src/stm32l4xx_hal_tim_ex.c ****   {
 1153              		.loc 1 534 7 view .LVU371
 1154 005a 3346     		mov	r3, r6
 1155 005c 3A46     		mov	r2, r7
 1156 005e 3431     		adds	r1, r1, #52
 1157 0060 606A     		ldr	r0, [r4, #36]
 1158 0062 FFF7FEFF 		bl	HAL_DMA_Start_IT
 1159              	.LVL74:
 534:Drivers/STM32L4xx_HAL_Driver/Src/stm32l4xx_hal_tim_ex.c ****   {
 1160              		.loc 1 534 6 discriminator 1 view .LVU372
 1161 0066 38BB     		cbnz	r0, .L72
 540:Drivers/STM32L4xx_HAL_Driver/Src/stm32l4xx_hal_tim_ex.c **** 
 1162              		.loc 1 540 3 is_stmt 1 view .LVU373
 1163 0068 2268     		ldr	r2, [r4]
 1164 006a D368     		ldr	r3, [r2, #12]
 1165 006c 43F40073 		orr	r3, r3, #512
 1166 0070 D360     		str	r3, [r2, #12]
 543:Drivers/STM32L4xx_HAL_Driver/Src/stm32l4xx_hal_tim_ex.c ****   {
 1167              		.loc 1 543 3 view .LVU374
 543:Drivers/STM32L4xx_HAL_Driver/Src/stm32l4xx_hal_tim_ex.c ****   {
 1168              		.loc 1 543 7 is_stmt 0 view .LVU375
 1169 0072 2368     		ldr	r3, [r4]
 543:Drivers/STM32L4xx_HAL_Driver/Src/stm32l4xx_hal_tim_ex.c ****   {
 1170              		.loc 1 543 6 view .LVU376
 1171 0074 144A     		ldr	r2, .L75+12
 1172 0076 9342     		cmp	r3, r2
 1173 0078 0BD0     		beq	.L66
 543:Drivers/STM32L4xx_HAL_Driver/Src/stm32l4xx_hal_tim_ex.c ****   {
 1174              		.loc 1 543 7 discriminator 1 view .LVU377
 1175 007a B3F1804F 		cmp	r3, #1073741824
 1176 007e 08D0     		beq	.L66
 543:Drivers/STM32L4xx_HAL_Driver/Src/stm32l4xx_hal_tim_ex.c ****   {
 1177              		.loc 1 543 7 discriminator 2 view .LVU378
ARM GAS  C:\Users\kerry\AppData\Local\Temp\ccWnk0Ym.s 			page 77


 1178 0080 02F5A052 		add	r2, r2, #5120
 1179 0084 9342     		cmp	r3, r2
 1180 0086 04D0     		beq	.L66
 553:Drivers/STM32L4xx_HAL_Driver/Src/stm32l4xx_hal_tim_ex.c ****   }
 1181              		.loc 1 553 5 is_stmt 1 view .LVU379
 1182 0088 1A68     		ldr	r2, [r3]
 1183 008a 42F00102 		orr	r2, r2, #1
 1184 008e 1A60     		str	r2, [r3]
 1185 0090 0FE0     		b	.L65
 1186              	.L66:
 545:Drivers/STM32L4xx_HAL_Driver/Src/stm32l4xx_hal_tim_ex.c ****     if (!IS_TIM_SLAVEMODE_TRIGGER_ENABLED(tmpsmcr))
 1187              		.loc 1 545 5 view .LVU380
 545:Drivers/STM32L4xx_HAL_Driver/Src/stm32l4xx_hal_tim_ex.c ****     if (!IS_TIM_SLAVEMODE_TRIGGER_ENABLED(tmpsmcr))
 1188              		.loc 1 545 29 is_stmt 0 view .LVU381
 1189 0092 9968     		ldr	r1, [r3, #8]
 545:Drivers/STM32L4xx_HAL_Driver/Src/stm32l4xx_hal_tim_ex.c ****     if (!IS_TIM_SLAVEMODE_TRIGGER_ENABLED(tmpsmcr))
 1190              		.loc 1 545 13 view .LVU382
 1191 0094 0D4A     		ldr	r2, .L75+16
 1192 0096 0A40     		ands	r2, r2, r1
 1193              	.LVL75:
 546:Drivers/STM32L4xx_HAL_Driver/Src/stm32l4xx_hal_tim_ex.c ****     {
 1194              		.loc 1 546 5 is_stmt 1 view .LVU383
 546:Drivers/STM32L4xx_HAL_Driver/Src/stm32l4xx_hal_tim_ex.c ****     {
 1195              		.loc 1 546 8 is_stmt 0 view .LVU384
 1196 0098 062A     		cmp	r2, #6
 1197 009a 0AD0     		beq	.L65
 546:Drivers/STM32L4xx_HAL_Driver/Src/stm32l4xx_hal_tim_ex.c ****     {
 1198              		.loc 1 546 9 discriminator 1 view .LVU385
 1199 009c B2F5803F 		cmp	r2, #65536
 1200 00a0 07D0     		beq	.L65
 548:Drivers/STM32L4xx_HAL_Driver/Src/stm32l4xx_hal_tim_ex.c ****     }
 1201              		.loc 1 548 7 is_stmt 1 view .LVU386
 1202 00a2 1A68     		ldr	r2, [r3]
 1203              	.LVL76:
 548:Drivers/STM32L4xx_HAL_Driver/Src/stm32l4xx_hal_tim_ex.c ****     }
 1204              		.loc 1 548 7 is_stmt 0 view .LVU387
 1205 00a4 42F00102 		orr	r2, r2, #1
 1206 00a8 1A60     		str	r2, [r3]
 1207 00aa 02E0     		b	.L65
 1208              	.LVL77:
 1209              	.L68:
 502:Drivers/STM32L4xx_HAL_Driver/Src/stm32l4xx_hal_tim_ex.c ****   }
 1210              		.loc 1 502 12 view .LVU388
 1211 00ac 2846     		mov	r0, r5
 1212              	.LVL78:
 502:Drivers/STM32L4xx_HAL_Driver/Src/stm32l4xx_hal_tim_ex.c ****   }
 1213              		.loc 1 502 12 view .LVU389
 1214 00ae 00E0     		b	.L65
 1215              	.LVL79:
 1216              	.L69:
 519:Drivers/STM32L4xx_HAL_Driver/Src/stm32l4xx_hal_tim_ex.c ****   }
 1217              		.loc 1 519 12 view .LVU390
 1218 00b0 0120     		movs	r0, #1
 1219              	.LVL80:
 1220              	.L65:
 558:Drivers/STM32L4xx_HAL_Driver/Src/stm32l4xx_hal_tim_ex.c **** 
 1221              		.loc 1 558 1 view .LVU391
ARM GAS  C:\Users\kerry\AppData\Local\Temp\ccWnk0Ym.s 			page 78


 1222 00b2 F8BD     		pop	{r3, r4, r5, r6, r7, pc}
 1223              	.LVL81:
 1224              	.L70:
 509:Drivers/STM32L4xx_HAL_Driver/Src/stm32l4xx_hal_tim_ex.c ****     }
 1225              		.loc 1 509 14 view .LVU392
 1226 00b4 2846     		mov	r0, r5
 1227              	.LVL82:
 509:Drivers/STM32L4xx_HAL_Driver/Src/stm32l4xx_hal_tim_ex.c ****     }
 1228              		.loc 1 509 14 view .LVU393
 1229 00b6 FCE7     		b	.L65
 1230              	.LVL83:
 1231              	.L72:
 537:Drivers/STM32L4xx_HAL_Driver/Src/stm32l4xx_hal_tim_ex.c ****   }
 1232              		.loc 1 537 12 view .LVU394
 1233 00b8 2846     		mov	r0, r5
 1234 00ba FAE7     		b	.L65
 1235              	.L76:
 1236              		.align	2
 1237              	.L75:
 1238 00bc 00000000 		.word	TIM_DMACaptureCplt
 1239 00c0 00000000 		.word	TIM_DMACaptureHalfCplt
 1240 00c4 00000000 		.word	TIM_DMAError
 1241 00c8 002C0140 		.word	1073818624
 1242 00cc 07000100 		.word	65543
 1243              		.cfi_endproc
 1244              	.LFE392:
 1246              		.section	.text.HAL_TIMEx_HallSensor_Stop_DMA,"ax",%progbits
 1247              		.align	1
 1248              		.global	HAL_TIMEx_HallSensor_Stop_DMA
 1249              		.syntax unified
 1250              		.thumb
 1251              		.thumb_func
 1253              	HAL_TIMEx_HallSensor_Stop_DMA:
 1254              	.LVL84:
 1255              	.LFB393:
 566:Drivers/STM32L4xx_HAL_Driver/Src/stm32l4xx_hal_tim_ex.c ****   /* Check the parameters */
 1256              		.loc 1 566 1 is_stmt 1 view -0
 1257              		.cfi_startproc
 1258              		@ args = 0, pretend = 0, frame = 0
 1259              		@ frame_needed = 0, uses_anonymous_args = 0
 566:Drivers/STM32L4xx_HAL_Driver/Src/stm32l4xx_hal_tim_ex.c ****   /* Check the parameters */
 1260              		.loc 1 566 1 is_stmt 0 view .LVU396
 1261 0000 10B5     		push	{r4, lr}
 1262              	.LCFI13:
 1263              		.cfi_def_cfa_offset 8
 1264              		.cfi_offset 4, -8
 1265              		.cfi_offset 14, -4
 1266 0002 0446     		mov	r4, r0
 568:Drivers/STM32L4xx_HAL_Driver/Src/stm32l4xx_hal_tim_ex.c **** 
 1267              		.loc 1 568 3 is_stmt 1 view .LVU397
 573:Drivers/STM32L4xx_HAL_Driver/Src/stm32l4xx_hal_tim_ex.c **** 
 1268              		.loc 1 573 3 view .LVU398
 1269 0004 0022     		movs	r2, #0
 1270 0006 1146     		mov	r1, r2
 1271 0008 0068     		ldr	r0, [r0]
 1272              	.LVL85:
 573:Drivers/STM32L4xx_HAL_Driver/Src/stm32l4xx_hal_tim_ex.c **** 
ARM GAS  C:\Users\kerry\AppData\Local\Temp\ccWnk0Ym.s 			page 79


 1273              		.loc 1 573 3 is_stmt 0 view .LVU399
 1274 000a FFF7FEFF 		bl	TIM_CCxChannelCmd
 1275              	.LVL86:
 577:Drivers/STM32L4xx_HAL_Driver/Src/stm32l4xx_hal_tim_ex.c **** 
 1276              		.loc 1 577 3 is_stmt 1 view .LVU400
 1277 000e 2268     		ldr	r2, [r4]
 1278 0010 D368     		ldr	r3, [r2, #12]
 1279 0012 23F40073 		bic	r3, r3, #512
 1280 0016 D360     		str	r3, [r2, #12]
 579:Drivers/STM32L4xx_HAL_Driver/Src/stm32l4xx_hal_tim_ex.c **** 
 1281              		.loc 1 579 3 view .LVU401
 579:Drivers/STM32L4xx_HAL_Driver/Src/stm32l4xx_hal_tim_ex.c **** 
 1282              		.loc 1 579 9 is_stmt 0 view .LVU402
 1283 0018 606A     		ldr	r0, [r4, #36]
 1284 001a FFF7FEFF 		bl	HAL_DMA_Abort_IT
 1285              	.LVL87:
 582:Drivers/STM32L4xx_HAL_Driver/Src/stm32l4xx_hal_tim_ex.c **** 
 1286              		.loc 1 582 3 is_stmt 1 view .LVU403
 582:Drivers/STM32L4xx_HAL_Driver/Src/stm32l4xx_hal_tim_ex.c **** 
 1287              		.loc 1 582 3 view .LVU404
 1288 001e 2268     		ldr	r2, [r4]
 1289 0020 136A     		ldr	r3, [r2, #32]
 1290 0022 03F01133 		and	r3, r3, #286331153
 1291 0026 23F08853 		bic	r3, r3, #285212672
 1292 002a 43B9     		cbnz	r3, .L78
 582:Drivers/STM32L4xx_HAL_Driver/Src/stm32l4xx_hal_tim_ex.c **** 
 1293              		.loc 1 582 3 discriminator 1 view .LVU405
 1294 002c 116A     		ldr	r1, [r2, #32]
 1295 002e 40F24443 		movw	r3, #1092
 1296 0032 1942     		tst	r1, r3
 1297 0034 03D1     		bne	.L78
 582:Drivers/STM32L4xx_HAL_Driver/Src/stm32l4xx_hal_tim_ex.c **** 
 1298              		.loc 1 582 3 discriminator 3 view .LVU406
 1299 0036 1368     		ldr	r3, [r2]
 1300 0038 23F00103 		bic	r3, r3, #1
 1301 003c 1360     		str	r3, [r2]
 1302              	.L78:
 582:Drivers/STM32L4xx_HAL_Driver/Src/stm32l4xx_hal_tim_ex.c **** 
 1303              		.loc 1 582 3 discriminator 5 view .LVU407
 585:Drivers/STM32L4xx_HAL_Driver/Src/stm32l4xx_hal_tim_ex.c ****   TIM_CHANNEL_N_STATE_SET(htim, TIM_CHANNEL_1, HAL_TIM_CHANNEL_STATE_READY);
 1304              		.loc 1 585 3 view .LVU408
 1305 003e 0123     		movs	r3, #1
 1306 0040 84F83E30 		strb	r3, [r4, #62]
 586:Drivers/STM32L4xx_HAL_Driver/Src/stm32l4xx_hal_tim_ex.c **** 
 1307              		.loc 1 586 3 view .LVU409
 1308 0044 84F84430 		strb	r3, [r4, #68]
 589:Drivers/STM32L4xx_HAL_Driver/Src/stm32l4xx_hal_tim_ex.c **** }
 1309              		.loc 1 589 3 view .LVU410
 590:Drivers/STM32L4xx_HAL_Driver/Src/stm32l4xx_hal_tim_ex.c **** 
 1310              		.loc 1 590 1 is_stmt 0 view .LVU411
 1311 0048 0020     		movs	r0, #0
 1312 004a 10BD     		pop	{r4, pc}
 590:Drivers/STM32L4xx_HAL_Driver/Src/stm32l4xx_hal_tim_ex.c **** 
 1313              		.loc 1 590 1 view .LVU412
 1314              		.cfi_endproc
 1315              	.LFE393:
 1317              		.section	.text.HAL_TIMEx_OCN_Start,"ax",%progbits
ARM GAS  C:\Users\kerry\AppData\Local\Temp\ccWnk0Ym.s 			page 80


 1318              		.align	1
 1319              		.global	HAL_TIMEx_OCN_Start
 1320              		.syntax unified
 1321              		.thumb
 1322              		.thumb_func
 1324              	HAL_TIMEx_OCN_Start:
 1325              	.LVL88:
 1326              	.LFB394:
 628:Drivers/STM32L4xx_HAL_Driver/Src/stm32l4xx_hal_tim_ex.c ****   uint32_t tmpsmcr;
 1327              		.loc 1 628 1 is_stmt 1 view -0
 1328              		.cfi_startproc
 1329              		@ args = 0, pretend = 0, frame = 0
 1330              		@ frame_needed = 0, uses_anonymous_args = 0
 628:Drivers/STM32L4xx_HAL_Driver/Src/stm32l4xx_hal_tim_ex.c ****   uint32_t tmpsmcr;
 1331              		.loc 1 628 1 is_stmt 0 view .LVU414
 1332 0000 10B5     		push	{r4, lr}
 1333              	.LCFI14:
 1334              		.cfi_def_cfa_offset 8
 1335              		.cfi_offset 4, -8
 1336              		.cfi_offset 14, -4
 1337 0002 0446     		mov	r4, r0
 629:Drivers/STM32L4xx_HAL_Driver/Src/stm32l4xx_hal_tim_ex.c **** 
 1338              		.loc 1 629 3 is_stmt 1 view .LVU415
 632:Drivers/STM32L4xx_HAL_Driver/Src/stm32l4xx_hal_tim_ex.c **** 
 1339              		.loc 1 632 3 view .LVU416
 635:Drivers/STM32L4xx_HAL_Driver/Src/stm32l4xx_hal_tim_ex.c ****   {
 1340              		.loc 1 635 3 view .LVU417
 635:Drivers/STM32L4xx_HAL_Driver/Src/stm32l4xx_hal_tim_ex.c ****   {
 1341              		.loc 1 635 46 is_stmt 0 view .LVU418
 1342 0004 0846     		mov	r0, r1
 1343              	.LVL89:
 635:Drivers/STM32L4xx_HAL_Driver/Src/stm32l4xx_hal_tim_ex.c ****   {
 1344              		.loc 1 635 46 view .LVU419
 1345 0006 31BB     		cbnz	r1, .L81
 635:Drivers/STM32L4xx_HAL_Driver/Src/stm32l4xx_hal_tim_ex.c ****   {
 1346              		.loc 1 635 7 discriminator 1 view .LVU420
 1347 0008 94F84430 		ldrb	r3, [r4, #68]	@ zero_extendqisi2
 635:Drivers/STM32L4xx_HAL_Driver/Src/stm32l4xx_hal_tim_ex.c ****   {
 1348              		.loc 1 635 46 discriminator 1 view .LVU421
 1349 000c 013B     		subs	r3, r3, #1
 1350 000e 18BF     		it	ne
 1351 0010 0123     		movne	r3, #1
 1352              	.L82:
 635:Drivers/STM32L4xx_HAL_Driver/Src/stm32l4xx_hal_tim_ex.c ****   {
 1353              		.loc 1 635 6 discriminator 12 view .LVU422
 1354 0012 002B     		cmp	r3, #0
 1355 0014 53D1     		bne	.L92
 641:Drivers/STM32L4xx_HAL_Driver/Src/stm32l4xx_hal_tim_ex.c **** 
 1356              		.loc 1 641 3 is_stmt 1 view .LVU423
 1357 0016 0028     		cmp	r0, #0
 1358 0018 33D1     		bne	.L86
 641:Drivers/STM32L4xx_HAL_Driver/Src/stm32l4xx_hal_tim_ex.c **** 
 1359              		.loc 1 641 3 is_stmt 0 discriminator 1 view .LVU424
 1360 001a 0223     		movs	r3, #2
 1361 001c 84F84430 		strb	r3, [r4, #68]
 1362              	.L87:
 644:Drivers/STM32L4xx_HAL_Driver/Src/stm32l4xx_hal_tim_ex.c **** 
ARM GAS  C:\Users\kerry\AppData\Local\Temp\ccWnk0Ym.s 			page 81


 1363              		.loc 1 644 3 is_stmt 1 view .LVU425
 1364 0020 0422     		movs	r2, #4
 1365 0022 0146     		mov	r1, r0
 1366              	.LVL90:
 644:Drivers/STM32L4xx_HAL_Driver/Src/stm32l4xx_hal_tim_ex.c **** 
 1367              		.loc 1 644 3 is_stmt 0 view .LVU426
 1368 0024 2068     		ldr	r0, [r4]
 1369              	.LVL91:
 644:Drivers/STM32L4xx_HAL_Driver/Src/stm32l4xx_hal_tim_ex.c **** 
 1370              		.loc 1 644 3 view .LVU427
 1371 0026 FFF7FEFF 		bl	TIM_CCxNChannelCmd
 1372              	.LVL92:
 647:Drivers/STM32L4xx_HAL_Driver/Src/stm32l4xx_hal_tim_ex.c **** 
 1373              		.loc 1 647 3 is_stmt 1 view .LVU428
 1374 002a 2268     		ldr	r2, [r4]
 1375 002c 536C     		ldr	r3, [r2, #68]
 1376 002e 43F40043 		orr	r3, r3, #32768
 1377 0032 5364     		str	r3, [r2, #68]
 650:Drivers/STM32L4xx_HAL_Driver/Src/stm32l4xx_hal_tim_ex.c ****   {
 1378              		.loc 1 650 3 view .LVU429
 650:Drivers/STM32L4xx_HAL_Driver/Src/stm32l4xx_hal_tim_ex.c ****   {
 1379              		.loc 1 650 7 is_stmt 0 view .LVU430
 1380 0034 2368     		ldr	r3, [r4]
 650:Drivers/STM32L4xx_HAL_Driver/Src/stm32l4xx_hal_tim_ex.c ****   {
 1381              		.loc 1 650 6 view .LVU431
 1382 0036 254A     		ldr	r2, .L100
 1383 0038 9342     		cmp	r3, r2
 1384 003a 32D0     		beq	.L90
 650:Drivers/STM32L4xx_HAL_Driver/Src/stm32l4xx_hal_tim_ex.c ****   {
 1385              		.loc 1 650 7 discriminator 1 view .LVU432
 1386 003c B3F1804F 		cmp	r3, #1073741824
 1387 0040 2FD0     		beq	.L90
 650:Drivers/STM32L4xx_HAL_Driver/Src/stm32l4xx_hal_tim_ex.c ****   {
 1388              		.loc 1 650 7 discriminator 2 view .LVU433
 1389 0042 02F5A052 		add	r2, r2, #5120
 1390 0046 9342     		cmp	r3, r2
 1391 0048 2BD0     		beq	.L90
 660:Drivers/STM32L4xx_HAL_Driver/Src/stm32l4xx_hal_tim_ex.c ****   }
 1392              		.loc 1 660 5 is_stmt 1 view .LVU434
 1393 004a 1A68     		ldr	r2, [r3]
 1394 004c 42F00102 		orr	r2, r2, #1
 1395 0050 1A60     		str	r2, [r3]
 664:Drivers/STM32L4xx_HAL_Driver/Src/stm32l4xx_hal_tim_ex.c **** }
 1396              		.loc 1 664 10 is_stmt 0 view .LVU435
 1397 0052 0020     		movs	r0, #0
 1398 0054 34E0     		b	.L85
 1399              	.LVL93:
 1400              	.L81:
 635:Drivers/STM32L4xx_HAL_Driver/Src/stm32l4xx_hal_tim_ex.c ****   {
 1401              		.loc 1 635 46 discriminator 2 view .LVU436
 1402 0056 0429     		cmp	r1, #4
 1403 0058 07D0     		beq	.L96
 635:Drivers/STM32L4xx_HAL_Driver/Src/stm32l4xx_hal_tim_ex.c ****   {
 1404              		.loc 1 635 46 discriminator 5 view .LVU437
 1405 005a 0829     		cmp	r1, #8
 1406 005c 0BD0     		beq	.L97
 635:Drivers/STM32L4xx_HAL_Driver/Src/stm32l4xx_hal_tim_ex.c ****   {
ARM GAS  C:\Users\kerry\AppData\Local\Temp\ccWnk0Ym.s 			page 82


 1407              		.loc 1 635 7 discriminator 8 view .LVU438
 1408 005e 94F84730 		ldrb	r3, [r4, #71]	@ zero_extendqisi2
 635:Drivers/STM32L4xx_HAL_Driver/Src/stm32l4xx_hal_tim_ex.c ****   {
 1409              		.loc 1 635 46 discriminator 8 view .LVU439
 1410 0062 013B     		subs	r3, r3, #1
 1411 0064 18BF     		it	ne
 1412 0066 0123     		movne	r3, #1
 1413 0068 D3E7     		b	.L82
 1414              	.L96:
 635:Drivers/STM32L4xx_HAL_Driver/Src/stm32l4xx_hal_tim_ex.c ****   {
 1415              		.loc 1 635 7 discriminator 4 view .LVU440
 1416 006a 94F84530 		ldrb	r3, [r4, #69]	@ zero_extendqisi2
 635:Drivers/STM32L4xx_HAL_Driver/Src/stm32l4xx_hal_tim_ex.c ****   {
 1417              		.loc 1 635 46 discriminator 4 view .LVU441
 1418 006e 013B     		subs	r3, r3, #1
 1419 0070 18BF     		it	ne
 1420 0072 0123     		movne	r3, #1
 1421 0074 CDE7     		b	.L82
 1422              	.L97:
 635:Drivers/STM32L4xx_HAL_Driver/Src/stm32l4xx_hal_tim_ex.c ****   {
 1423              		.loc 1 635 7 discriminator 7 view .LVU442
 1424 0076 94F84630 		ldrb	r3, [r4, #70]	@ zero_extendqisi2
 635:Drivers/STM32L4xx_HAL_Driver/Src/stm32l4xx_hal_tim_ex.c ****   {
 1425              		.loc 1 635 46 discriminator 7 view .LVU443
 1426 007a 013B     		subs	r3, r3, #1
 1427 007c 18BF     		it	ne
 1428 007e 0123     		movne	r3, #1
 1429 0080 C7E7     		b	.L82
 1430              	.L86:
 641:Drivers/STM32L4xx_HAL_Driver/Src/stm32l4xx_hal_tim_ex.c **** 
 1431              		.loc 1 641 3 discriminator 2 view .LVU444
 1432 0082 0428     		cmp	r0, #4
 1433 0084 05D0     		beq	.L98
 641:Drivers/STM32L4xx_HAL_Driver/Src/stm32l4xx_hal_tim_ex.c **** 
 1434              		.loc 1 641 3 discriminator 4 view .LVU445
 1435 0086 0828     		cmp	r0, #8
 1436 0088 07D0     		beq	.L99
 641:Drivers/STM32L4xx_HAL_Driver/Src/stm32l4xx_hal_tim_ex.c **** 
 1437              		.loc 1 641 3 discriminator 7 view .LVU446
 1438 008a 0223     		movs	r3, #2
 1439 008c 84F84730 		strb	r3, [r4, #71]
 1440 0090 C6E7     		b	.L87
 1441              	.L98:
 641:Drivers/STM32L4xx_HAL_Driver/Src/stm32l4xx_hal_tim_ex.c **** 
 1442              		.loc 1 641 3 discriminator 3 view .LVU447
 1443 0092 0223     		movs	r3, #2
 1444 0094 84F84530 		strb	r3, [r4, #69]
 1445 0098 C2E7     		b	.L87
 1446              	.L99:
 641:Drivers/STM32L4xx_HAL_Driver/Src/stm32l4xx_hal_tim_ex.c **** 
 1447              		.loc 1 641 3 discriminator 6 view .LVU448
 1448 009a 0223     		movs	r3, #2
 1449 009c 84F84630 		strb	r3, [r4, #70]
 1450 00a0 BEE7     		b	.L87
 1451              	.LVL94:
 1452              	.L90:
 652:Drivers/STM32L4xx_HAL_Driver/Src/stm32l4xx_hal_tim_ex.c ****     if (!IS_TIM_SLAVEMODE_TRIGGER_ENABLED(tmpsmcr))
ARM GAS  C:\Users\kerry\AppData\Local\Temp\ccWnk0Ym.s 			page 83


 1453              		.loc 1 652 5 is_stmt 1 view .LVU449
 652:Drivers/STM32L4xx_HAL_Driver/Src/stm32l4xx_hal_tim_ex.c ****     if (!IS_TIM_SLAVEMODE_TRIGGER_ENABLED(tmpsmcr))
 1454              		.loc 1 652 29 is_stmt 0 view .LVU450
 1455 00a2 9968     		ldr	r1, [r3, #8]
 652:Drivers/STM32L4xx_HAL_Driver/Src/stm32l4xx_hal_tim_ex.c ****     if (!IS_TIM_SLAVEMODE_TRIGGER_ENABLED(tmpsmcr))
 1456              		.loc 1 652 13 view .LVU451
 1457 00a4 0A4A     		ldr	r2, .L100+4
 1458 00a6 0A40     		ands	r2, r2, r1
 1459              	.LVL95:
 653:Drivers/STM32L4xx_HAL_Driver/Src/stm32l4xx_hal_tim_ex.c ****     {
 1460              		.loc 1 653 5 is_stmt 1 view .LVU452
 653:Drivers/STM32L4xx_HAL_Driver/Src/stm32l4xx_hal_tim_ex.c ****     {
 1461              		.loc 1 653 8 is_stmt 0 view .LVU453
 1462 00a8 062A     		cmp	r2, #6
 1463 00aa 0AD0     		beq	.L93
 653:Drivers/STM32L4xx_HAL_Driver/Src/stm32l4xx_hal_tim_ex.c ****     {
 1464              		.loc 1 653 9 discriminator 1 view .LVU454
 1465 00ac B2F5803F 		cmp	r2, #65536
 1466 00b0 09D0     		beq	.L94
 655:Drivers/STM32L4xx_HAL_Driver/Src/stm32l4xx_hal_tim_ex.c ****     }
 1467              		.loc 1 655 7 is_stmt 1 view .LVU455
 1468 00b2 1A68     		ldr	r2, [r3]
 1469              	.LVL96:
 655:Drivers/STM32L4xx_HAL_Driver/Src/stm32l4xx_hal_tim_ex.c ****     }
 1470              		.loc 1 655 7 is_stmt 0 view .LVU456
 1471 00b4 42F00102 		orr	r2, r2, #1
 1472 00b8 1A60     		str	r2, [r3]
 664:Drivers/STM32L4xx_HAL_Driver/Src/stm32l4xx_hal_tim_ex.c **** }
 1473              		.loc 1 664 10 view .LVU457
 1474 00ba 0020     		movs	r0, #0
 1475 00bc 00E0     		b	.L85
 1476              	.LVL97:
 1477              	.L92:
 637:Drivers/STM32L4xx_HAL_Driver/Src/stm32l4xx_hal_tim_ex.c ****   }
 1478              		.loc 1 637 12 view .LVU458
 1479 00be 0120     		movs	r0, #1
 1480              	.LVL98:
 1481              	.L85:
 665:Drivers/STM32L4xx_HAL_Driver/Src/stm32l4xx_hal_tim_ex.c **** 
 1482              		.loc 1 665 1 view .LVU459
 1483 00c0 10BD     		pop	{r4, pc}
 1484              	.LVL99:
 1485              	.L93:
 664:Drivers/STM32L4xx_HAL_Driver/Src/stm32l4xx_hal_tim_ex.c **** }
 1486              		.loc 1 664 10 view .LVU460
 1487 00c2 0020     		movs	r0, #0
 1488 00c4 FCE7     		b	.L85
 1489              	.L94:
 1490 00c6 0020     		movs	r0, #0
 1491 00c8 FAE7     		b	.L85
 1492              	.L101:
 1493 00ca 00BF     		.align	2
 1494              	.L100:
 1495 00cc 002C0140 		.word	1073818624
 1496 00d0 07000100 		.word	65543
 1497              		.cfi_endproc
 1498              	.LFE394:
ARM GAS  C:\Users\kerry\AppData\Local\Temp\ccWnk0Ym.s 			page 84


 1500              		.section	.text.HAL_TIMEx_OCN_Stop,"ax",%progbits
 1501              		.align	1
 1502              		.global	HAL_TIMEx_OCN_Stop
 1503              		.syntax unified
 1504              		.thumb
 1505              		.thumb_func
 1507              	HAL_TIMEx_OCN_Stop:
 1508              	.LVL100:
 1509              	.LFB395:
 679:Drivers/STM32L4xx_HAL_Driver/Src/stm32l4xx_hal_tim_ex.c ****   /* Check the parameters */
 1510              		.loc 1 679 1 is_stmt 1 view -0
 1511              		.cfi_startproc
 1512              		@ args = 0, pretend = 0, frame = 0
 1513              		@ frame_needed = 0, uses_anonymous_args = 0
 679:Drivers/STM32L4xx_HAL_Driver/Src/stm32l4xx_hal_tim_ex.c ****   /* Check the parameters */
 1514              		.loc 1 679 1 is_stmt 0 view .LVU462
 1515 0000 38B5     		push	{r3, r4, r5, lr}
 1516              	.LCFI15:
 1517              		.cfi_def_cfa_offset 16
 1518              		.cfi_offset 3, -16
 1519              		.cfi_offset 4, -12
 1520              		.cfi_offset 5, -8
 1521              		.cfi_offset 14, -4
 1522 0002 0446     		mov	r4, r0
 1523 0004 0D46     		mov	r5, r1
 681:Drivers/STM32L4xx_HAL_Driver/Src/stm32l4xx_hal_tim_ex.c **** 
 1524              		.loc 1 681 3 is_stmt 1 view .LVU463
 684:Drivers/STM32L4xx_HAL_Driver/Src/stm32l4xx_hal_tim_ex.c **** 
 1525              		.loc 1 684 3 view .LVU464
 1526 0006 0022     		movs	r2, #0
 1527 0008 0068     		ldr	r0, [r0]
 1528              	.LVL101:
 684:Drivers/STM32L4xx_HAL_Driver/Src/stm32l4xx_hal_tim_ex.c **** 
 1529              		.loc 1 684 3 is_stmt 0 view .LVU465
 1530 000a FFF7FEFF 		bl	TIM_CCxNChannelCmd
 1531              	.LVL102:
 687:Drivers/STM32L4xx_HAL_Driver/Src/stm32l4xx_hal_tim_ex.c **** 
 1532              		.loc 1 687 3 is_stmt 1 view .LVU466
 687:Drivers/STM32L4xx_HAL_Driver/Src/stm32l4xx_hal_tim_ex.c **** 
 1533              		.loc 1 687 3 view .LVU467
 1534 000e 2268     		ldr	r2, [r4]
 1535 0010 136A     		ldr	r3, [r2, #32]
 1536 0012 03F01133 		and	r3, r3, #286331153
 1537 0016 23F08853 		bic	r3, r3, #285212672
 1538 001a 43B9     		cbnz	r3, .L103
 687:Drivers/STM32L4xx_HAL_Driver/Src/stm32l4xx_hal_tim_ex.c **** 
 1539              		.loc 1 687 3 discriminator 1 view .LVU468
 1540 001c 116A     		ldr	r1, [r2, #32]
 1541 001e 40F24443 		movw	r3, #1092
 1542 0022 1942     		tst	r1, r3
 1543 0024 03D1     		bne	.L103
 687:Drivers/STM32L4xx_HAL_Driver/Src/stm32l4xx_hal_tim_ex.c **** 
 1544              		.loc 1 687 3 discriminator 3 view .LVU469
 1545 0026 536C     		ldr	r3, [r2, #68]
 1546 0028 23F40043 		bic	r3, r3, #32768
 1547 002c 5364     		str	r3, [r2, #68]
 1548              	.L103:
ARM GAS  C:\Users\kerry\AppData\Local\Temp\ccWnk0Ym.s 			page 85


 687:Drivers/STM32L4xx_HAL_Driver/Src/stm32l4xx_hal_tim_ex.c **** 
 1549              		.loc 1 687 3 discriminator 5 view .LVU470
 690:Drivers/STM32L4xx_HAL_Driver/Src/stm32l4xx_hal_tim_ex.c **** 
 1550              		.loc 1 690 3 view .LVU471
 690:Drivers/STM32L4xx_HAL_Driver/Src/stm32l4xx_hal_tim_ex.c **** 
 1551              		.loc 1 690 3 view .LVU472
 1552 002e 2268     		ldr	r2, [r4]
 1553 0030 136A     		ldr	r3, [r2, #32]
 1554 0032 03F01133 		and	r3, r3, #286331153
 1555 0036 23F08853 		bic	r3, r3, #285212672
 1556 003a 43B9     		cbnz	r3, .L104
 690:Drivers/STM32L4xx_HAL_Driver/Src/stm32l4xx_hal_tim_ex.c **** 
 1557              		.loc 1 690 3 discriminator 1 view .LVU473
 1558 003c 116A     		ldr	r1, [r2, #32]
 1559 003e 40F24443 		movw	r3, #1092
 1560 0042 1942     		tst	r1, r3
 1561 0044 03D1     		bne	.L104
 690:Drivers/STM32L4xx_HAL_Driver/Src/stm32l4xx_hal_tim_ex.c **** 
 1562              		.loc 1 690 3 discriminator 3 view .LVU474
 1563 0046 1368     		ldr	r3, [r2]
 1564 0048 23F00103 		bic	r3, r3, #1
 1565 004c 1360     		str	r3, [r2]
 1566              	.L104:
 690:Drivers/STM32L4xx_HAL_Driver/Src/stm32l4xx_hal_tim_ex.c **** 
 1567              		.loc 1 690 3 discriminator 5 view .LVU475
 693:Drivers/STM32L4xx_HAL_Driver/Src/stm32l4xx_hal_tim_ex.c **** 
 1568              		.loc 1 693 3 view .LVU476
 1569 004e 25B9     		cbnz	r5, .L105
 693:Drivers/STM32L4xx_HAL_Driver/Src/stm32l4xx_hal_tim_ex.c **** 
 1570              		.loc 1 693 3 is_stmt 0 discriminator 1 view .LVU477
 1571 0050 0123     		movs	r3, #1
 1572 0052 84F84430 		strb	r3, [r4, #68]
 1573              	.L106:
 696:Drivers/STM32L4xx_HAL_Driver/Src/stm32l4xx_hal_tim_ex.c **** }
 1574              		.loc 1 696 3 is_stmt 1 view .LVU478
 697:Drivers/STM32L4xx_HAL_Driver/Src/stm32l4xx_hal_tim_ex.c **** 
 1575              		.loc 1 697 1 is_stmt 0 view .LVU479
 1576 0056 0020     		movs	r0, #0
 1577 0058 38BD     		pop	{r3, r4, r5, pc}
 1578              	.LVL103:
 1579              	.L105:
 693:Drivers/STM32L4xx_HAL_Driver/Src/stm32l4xx_hal_tim_ex.c **** 
 1580              		.loc 1 693 3 discriminator 2 view .LVU480
 1581 005a 042D     		cmp	r5, #4
 1582 005c 05D0     		beq	.L110
 693:Drivers/STM32L4xx_HAL_Driver/Src/stm32l4xx_hal_tim_ex.c **** 
 1583              		.loc 1 693 3 discriminator 4 view .LVU481
 1584 005e 082D     		cmp	r5, #8
 1585 0060 07D0     		beq	.L111
 693:Drivers/STM32L4xx_HAL_Driver/Src/stm32l4xx_hal_tim_ex.c **** 
 1586              		.loc 1 693 3 discriminator 7 view .LVU482
 1587 0062 0123     		movs	r3, #1
 1588 0064 84F84730 		strb	r3, [r4, #71]
 1589 0068 F5E7     		b	.L106
 1590              	.L110:
 693:Drivers/STM32L4xx_HAL_Driver/Src/stm32l4xx_hal_tim_ex.c **** 
 1591              		.loc 1 693 3 discriminator 3 view .LVU483
ARM GAS  C:\Users\kerry\AppData\Local\Temp\ccWnk0Ym.s 			page 86


 1592 006a 0123     		movs	r3, #1
 1593 006c 84F84530 		strb	r3, [r4, #69]
 1594 0070 F1E7     		b	.L106
 1595              	.L111:
 693:Drivers/STM32L4xx_HAL_Driver/Src/stm32l4xx_hal_tim_ex.c **** 
 1596              		.loc 1 693 3 discriminator 6 view .LVU484
 1597 0072 0123     		movs	r3, #1
 1598 0074 84F84630 		strb	r3, [r4, #70]
 1599 0078 EDE7     		b	.L106
 1600              		.cfi_endproc
 1601              	.LFE395:
 1603              		.section	.text.HAL_TIMEx_OCN_Start_IT,"ax",%progbits
 1604              		.align	1
 1605              		.global	HAL_TIMEx_OCN_Start_IT
 1606              		.syntax unified
 1607              		.thumb
 1608              		.thumb_func
 1610              	HAL_TIMEx_OCN_Start_IT:
 1611              	.LVL104:
 1612              	.LFB396:
 711:Drivers/STM32L4xx_HAL_Driver/Src/stm32l4xx_hal_tim_ex.c ****   HAL_StatusTypeDef status = HAL_OK;
 1613              		.loc 1 711 1 is_stmt 1 view -0
 1614              		.cfi_startproc
 1615              		@ args = 0, pretend = 0, frame = 0
 1616              		@ frame_needed = 0, uses_anonymous_args = 0
 711:Drivers/STM32L4xx_HAL_Driver/Src/stm32l4xx_hal_tim_ex.c ****   HAL_StatusTypeDef status = HAL_OK;
 1617              		.loc 1 711 1 is_stmt 0 view .LVU486
 1618 0000 10B5     		push	{r4, lr}
 1619              	.LCFI16:
 1620              		.cfi_def_cfa_offset 8
 1621              		.cfi_offset 4, -8
 1622              		.cfi_offset 14, -4
 1623 0002 0446     		mov	r4, r0
 712:Drivers/STM32L4xx_HAL_Driver/Src/stm32l4xx_hal_tim_ex.c ****   uint32_t tmpsmcr;
 1624              		.loc 1 712 3 is_stmt 1 view .LVU487
 1625              	.LVL105:
 713:Drivers/STM32L4xx_HAL_Driver/Src/stm32l4xx_hal_tim_ex.c **** 
 1626              		.loc 1 713 3 view .LVU488
 716:Drivers/STM32L4xx_HAL_Driver/Src/stm32l4xx_hal_tim_ex.c **** 
 1627              		.loc 1 716 3 view .LVU489
 719:Drivers/STM32L4xx_HAL_Driver/Src/stm32l4xx_hal_tim_ex.c ****   {
 1628              		.loc 1 719 3 view .LVU490
 719:Drivers/STM32L4xx_HAL_Driver/Src/stm32l4xx_hal_tim_ex.c ****   {
 1629              		.loc 1 719 46 is_stmt 0 view .LVU491
 1630 0004 0846     		mov	r0, r1
 1631              	.LVL106:
 719:Drivers/STM32L4xx_HAL_Driver/Src/stm32l4xx_hal_tim_ex.c ****   {
 1632              		.loc 1 719 46 view .LVU492
 1633 0006 0029     		cmp	r1, #0
 1634 0008 30D1     		bne	.L113
 719:Drivers/STM32L4xx_HAL_Driver/Src/stm32l4xx_hal_tim_ex.c ****   {
 1635              		.loc 1 719 7 discriminator 1 view .LVU493
 1636 000a 94F84430 		ldrb	r3, [r4, #68]	@ zero_extendqisi2
 719:Drivers/STM32L4xx_HAL_Driver/Src/stm32l4xx_hal_tim_ex.c ****   {
 1637              		.loc 1 719 46 discriminator 1 view .LVU494
 1638 000e 013B     		subs	r3, r3, #1
 1639 0010 18BF     		it	ne
ARM GAS  C:\Users\kerry\AppData\Local\Temp\ccWnk0Ym.s 			page 87


 1640 0012 0123     		movne	r3, #1
 1641              	.L114:
 719:Drivers/STM32L4xx_HAL_Driver/Src/stm32l4xx_hal_tim_ex.c ****   {
 1642              		.loc 1 719 6 discriminator 12 view .LVU495
 1643 0014 002B     		cmp	r3, #0
 1644 0016 6ED1     		bne	.L127
 725:Drivers/STM32L4xx_HAL_Driver/Src/stm32l4xx_hal_tim_ex.c **** 
 1645              		.loc 1 725 3 is_stmt 1 view .LVU496
 1646 0018 0028     		cmp	r0, #0
 1647 001a 3DD1     		bne	.L118
 725:Drivers/STM32L4xx_HAL_Driver/Src/stm32l4xx_hal_tim_ex.c **** 
 1648              		.loc 1 725 3 is_stmt 0 discriminator 1 view .LVU497
 1649 001c 0223     		movs	r3, #2
 1650 001e 84F84430 		strb	r3, [r4, #68]
 727:Drivers/STM32L4xx_HAL_Driver/Src/stm32l4xx_hal_tim_ex.c ****   {
 1651              		.loc 1 727 3 is_stmt 1 view .LVU498
 1652              	.L119:
 732:Drivers/STM32L4xx_HAL_Driver/Src/stm32l4xx_hal_tim_ex.c ****       break;
 1653              		.loc 1 732 7 view .LVU499
 1654 0022 2268     		ldr	r2, [r4]
 1655 0024 D368     		ldr	r3, [r2, #12]
 1656 0026 43F00203 		orr	r3, r3, #2
 1657 002a D360     		str	r3, [r2, #12]
 733:Drivers/STM32L4xx_HAL_Driver/Src/stm32l4xx_hal_tim_ex.c ****     }
 1658              		.loc 1 733 7 view .LVU500
 756:Drivers/STM32L4xx_HAL_Driver/Src/stm32l4xx_hal_tim_ex.c ****   {
 1659              		.loc 1 756 3 view .LVU501
 1660              	.L124:
 759:Drivers/STM32L4xx_HAL_Driver/Src/stm32l4xx_hal_tim_ex.c **** 
 1661              		.loc 1 759 5 view .LVU502
 1662 002c 2268     		ldr	r2, [r4]
 1663 002e D368     		ldr	r3, [r2, #12]
 1664 0030 43F08003 		orr	r3, r3, #128
 1665 0034 D360     		str	r3, [r2, #12]
 762:Drivers/STM32L4xx_HAL_Driver/Src/stm32l4xx_hal_tim_ex.c **** 
 1666              		.loc 1 762 5 view .LVU503
 1667 0036 0422     		movs	r2, #4
 1668 0038 0146     		mov	r1, r0
 1669              	.LVL107:
 762:Drivers/STM32L4xx_HAL_Driver/Src/stm32l4xx_hal_tim_ex.c **** 
 1670              		.loc 1 762 5 is_stmt 0 view .LVU504
 1671 003a 2068     		ldr	r0, [r4]
 1672              	.LVL108:
 762:Drivers/STM32L4xx_HAL_Driver/Src/stm32l4xx_hal_tim_ex.c **** 
 1673              		.loc 1 762 5 view .LVU505
 1674 003c FFF7FEFF 		bl	TIM_CCxNChannelCmd
 1675              	.LVL109:
 765:Drivers/STM32L4xx_HAL_Driver/Src/stm32l4xx_hal_tim_ex.c **** 
 1676              		.loc 1 765 5 is_stmt 1 view .LVU506
 1677 0040 2268     		ldr	r2, [r4]
 1678 0042 536C     		ldr	r3, [r2, #68]
 1679 0044 43F40043 		orr	r3, r3, #32768
 1680 0048 5364     		str	r3, [r2, #68]
 768:Drivers/STM32L4xx_HAL_Driver/Src/stm32l4xx_hal_tim_ex.c ****     {
 1681              		.loc 1 768 5 view .LVU507
 768:Drivers/STM32L4xx_HAL_Driver/Src/stm32l4xx_hal_tim_ex.c ****     {
 1682              		.loc 1 768 9 is_stmt 0 view .LVU508
ARM GAS  C:\Users\kerry\AppData\Local\Temp\ccWnk0Ym.s 			page 88


 1683 004a 2368     		ldr	r3, [r4]
 768:Drivers/STM32L4xx_HAL_Driver/Src/stm32l4xx_hal_tim_ex.c ****     {
 1684              		.loc 1 768 8 view .LVU509
 1685 004c 2D4A     		ldr	r2, .L136
 1686 004e 9342     		cmp	r3, r2
 1687 0050 43D0     		beq	.L125
 768:Drivers/STM32L4xx_HAL_Driver/Src/stm32l4xx_hal_tim_ex.c ****     {
 1688              		.loc 1 768 9 discriminator 1 view .LVU510
 1689 0052 B3F1804F 		cmp	r3, #1073741824
 1690 0056 40D0     		beq	.L125
 768:Drivers/STM32L4xx_HAL_Driver/Src/stm32l4xx_hal_tim_ex.c ****     {
 1691              		.loc 1 768 9 discriminator 2 view .LVU511
 1692 0058 02F5A052 		add	r2, r2, #5120
 1693 005c 9342     		cmp	r3, r2
 1694 005e 3CD0     		beq	.L125
 778:Drivers/STM32L4xx_HAL_Driver/Src/stm32l4xx_hal_tim_ex.c ****     }
 1695              		.loc 1 778 7 is_stmt 1 view .LVU512
 1696 0060 1A68     		ldr	r2, [r3]
 1697 0062 42F00102 		orr	r2, r2, #1
 1698 0066 1A60     		str	r2, [r3]
 1699 0068 0020     		movs	r0, #0
 1700 006a 45E0     		b	.L117
 1701              	.LVL110:
 1702              	.L113:
 719:Drivers/STM32L4xx_HAL_Driver/Src/stm32l4xx_hal_tim_ex.c ****   {
 1703              		.loc 1 719 46 is_stmt 0 discriminator 2 view .LVU513
 1704 006c 0429     		cmp	r1, #4
 1705 006e 07D0     		beq	.L132
 719:Drivers/STM32L4xx_HAL_Driver/Src/stm32l4xx_hal_tim_ex.c ****   {
 1706              		.loc 1 719 46 discriminator 5 view .LVU514
 1707 0070 0829     		cmp	r1, #8
 1708 0072 0BD0     		beq	.L133
 719:Drivers/STM32L4xx_HAL_Driver/Src/stm32l4xx_hal_tim_ex.c ****   {
 1709              		.loc 1 719 7 discriminator 8 view .LVU515
 1710 0074 94F84730 		ldrb	r3, [r4, #71]	@ zero_extendqisi2
 719:Drivers/STM32L4xx_HAL_Driver/Src/stm32l4xx_hal_tim_ex.c ****   {
 1711              		.loc 1 719 46 discriminator 8 view .LVU516
 1712 0078 013B     		subs	r3, r3, #1
 1713 007a 18BF     		it	ne
 1714 007c 0123     		movne	r3, #1
 1715 007e C9E7     		b	.L114
 1716              	.L132:
 719:Drivers/STM32L4xx_HAL_Driver/Src/stm32l4xx_hal_tim_ex.c ****   {
 1717              		.loc 1 719 7 discriminator 4 view .LVU517
 1718 0080 94F84530 		ldrb	r3, [r4, #69]	@ zero_extendqisi2
 719:Drivers/STM32L4xx_HAL_Driver/Src/stm32l4xx_hal_tim_ex.c ****   {
 1719              		.loc 1 719 46 discriminator 4 view .LVU518
 1720 0084 013B     		subs	r3, r3, #1
 1721 0086 18BF     		it	ne
 1722 0088 0123     		movne	r3, #1
 1723 008a C3E7     		b	.L114
 1724              	.L133:
 719:Drivers/STM32L4xx_HAL_Driver/Src/stm32l4xx_hal_tim_ex.c ****   {
 1725              		.loc 1 719 7 discriminator 7 view .LVU519
 1726 008c 94F84630 		ldrb	r3, [r4, #70]	@ zero_extendqisi2
 719:Drivers/STM32L4xx_HAL_Driver/Src/stm32l4xx_hal_tim_ex.c ****   {
 1727              		.loc 1 719 46 discriminator 7 view .LVU520
ARM GAS  C:\Users\kerry\AppData\Local\Temp\ccWnk0Ym.s 			page 89


 1728 0090 013B     		subs	r3, r3, #1
 1729 0092 18BF     		it	ne
 1730 0094 0123     		movne	r3, #1
 1731 0096 BDE7     		b	.L114
 1732              	.L118:
 725:Drivers/STM32L4xx_HAL_Driver/Src/stm32l4xx_hal_tim_ex.c **** 
 1733              		.loc 1 725 3 discriminator 2 view .LVU521
 1734 0098 0428     		cmp	r0, #4
 1735 009a 0CD0     		beq	.L134
 725:Drivers/STM32L4xx_HAL_Driver/Src/stm32l4xx_hal_tim_ex.c **** 
 1736              		.loc 1 725 3 discriminator 4 view .LVU522
 1737 009c 0828     		cmp	r0, #8
 1738 009e 13D0     		beq	.L135
 725:Drivers/STM32L4xx_HAL_Driver/Src/stm32l4xx_hal_tim_ex.c **** 
 1739              		.loc 1 725 3 discriminator 7 view .LVU523
 1740 00a0 0223     		movs	r3, #2
 1741 00a2 84F84730 		strb	r3, [r4, #71]
 727:Drivers/STM32L4xx_HAL_Driver/Src/stm32l4xx_hal_tim_ex.c ****   {
 1742              		.loc 1 727 3 is_stmt 1 view .LVU524
 1743 00a6 0428     		cmp	r0, #4
 1744 00a8 08D0     		beq	.L121
 1745 00aa 0828     		cmp	r0, #8
 1746 00ac 0FD0     		beq	.L123
 1747 00ae 0028     		cmp	r0, #0
 1748 00b0 B7D0     		beq	.L119
 1749 00b2 0120     		movs	r0, #1
 1750              	.LVL111:
 727:Drivers/STM32L4xx_HAL_Driver/Src/stm32l4xx_hal_tim_ex.c ****   {
 1751              		.loc 1 727 3 is_stmt 0 view .LVU525
 1752 00b4 20E0     		b	.L117
 1753              	.LVL112:
 1754              	.L134:
 725:Drivers/STM32L4xx_HAL_Driver/Src/stm32l4xx_hal_tim_ex.c **** 
 1755              		.loc 1 725 3 discriminator 3 view .LVU526
 1756 00b6 0223     		movs	r3, #2
 1757 00b8 84F84530 		strb	r3, [r4, #69]
 727:Drivers/STM32L4xx_HAL_Driver/Src/stm32l4xx_hal_tim_ex.c ****   {
 1758              		.loc 1 727 3 is_stmt 1 view .LVU527
 1759              	.L121:
 739:Drivers/STM32L4xx_HAL_Driver/Src/stm32l4xx_hal_tim_ex.c ****       break;
 1760              		.loc 1 739 7 view .LVU528
 1761 00bc 2268     		ldr	r2, [r4]
 1762 00be D368     		ldr	r3, [r2, #12]
 1763 00c0 43F00403 		orr	r3, r3, #4
 1764 00c4 D360     		str	r3, [r2, #12]
 740:Drivers/STM32L4xx_HAL_Driver/Src/stm32l4xx_hal_tim_ex.c ****     }
 1765              		.loc 1 740 7 view .LVU529
 756:Drivers/STM32L4xx_HAL_Driver/Src/stm32l4xx_hal_tim_ex.c ****   {
 1766              		.loc 1 756 3 view .LVU530
 1767 00c6 B1E7     		b	.L124
 1768              	.L135:
 725:Drivers/STM32L4xx_HAL_Driver/Src/stm32l4xx_hal_tim_ex.c **** 
 1769              		.loc 1 725 3 is_stmt 0 discriminator 6 view .LVU531
 1770 00c8 0223     		movs	r3, #2
 1771 00ca 84F84630 		strb	r3, [r4, #70]
 727:Drivers/STM32L4xx_HAL_Driver/Src/stm32l4xx_hal_tim_ex.c ****   {
 1772              		.loc 1 727 3 is_stmt 1 view .LVU532
ARM GAS  C:\Users\kerry\AppData\Local\Temp\ccWnk0Ym.s 			page 90


 1773              	.L123:
 746:Drivers/STM32L4xx_HAL_Driver/Src/stm32l4xx_hal_tim_ex.c ****       break;
 1774              		.loc 1 746 7 view .LVU533
 1775 00ce 2268     		ldr	r2, [r4]
 1776 00d0 D368     		ldr	r3, [r2, #12]
 1777 00d2 43F00803 		orr	r3, r3, #8
 1778 00d6 D360     		str	r3, [r2, #12]
 747:Drivers/STM32L4xx_HAL_Driver/Src/stm32l4xx_hal_tim_ex.c ****     }
 1779              		.loc 1 747 7 view .LVU534
 756:Drivers/STM32L4xx_HAL_Driver/Src/stm32l4xx_hal_tim_ex.c ****   {
 1780              		.loc 1 756 3 view .LVU535
 1781 00d8 A8E7     		b	.L124
 1782              	.LVL113:
 1783              	.L125:
 770:Drivers/STM32L4xx_HAL_Driver/Src/stm32l4xx_hal_tim_ex.c ****       if (!IS_TIM_SLAVEMODE_TRIGGER_ENABLED(tmpsmcr))
 1784              		.loc 1 770 7 view .LVU536
 770:Drivers/STM32L4xx_HAL_Driver/Src/stm32l4xx_hal_tim_ex.c ****       if (!IS_TIM_SLAVEMODE_TRIGGER_ENABLED(tmpsmcr))
 1785              		.loc 1 770 31 is_stmt 0 view .LVU537
 1786 00da 9968     		ldr	r1, [r3, #8]
 770:Drivers/STM32L4xx_HAL_Driver/Src/stm32l4xx_hal_tim_ex.c ****       if (!IS_TIM_SLAVEMODE_TRIGGER_ENABLED(tmpsmcr))
 1787              		.loc 1 770 15 view .LVU538
 1788 00dc 0A4A     		ldr	r2, .L136+4
 1789 00de 0A40     		ands	r2, r2, r1
 1790              	.LVL114:
 771:Drivers/STM32L4xx_HAL_Driver/Src/stm32l4xx_hal_tim_ex.c ****       {
 1791              		.loc 1 771 7 is_stmt 1 view .LVU539
 771:Drivers/STM32L4xx_HAL_Driver/Src/stm32l4xx_hal_tim_ex.c ****       {
 1792              		.loc 1 771 10 is_stmt 0 view .LVU540
 1793 00e0 062A     		cmp	r2, #6
 1794 00e2 0AD0     		beq	.L129
 771:Drivers/STM32L4xx_HAL_Driver/Src/stm32l4xx_hal_tim_ex.c ****       {
 1795              		.loc 1 771 11 discriminator 1 view .LVU541
 1796 00e4 B2F5803F 		cmp	r2, #65536
 1797 00e8 09D0     		beq	.L130
 773:Drivers/STM32L4xx_HAL_Driver/Src/stm32l4xx_hal_tim_ex.c ****       }
 1798              		.loc 1 773 9 is_stmt 1 view .LVU542
 1799 00ea 1A68     		ldr	r2, [r3]
 1800              	.LVL115:
 773:Drivers/STM32L4xx_HAL_Driver/Src/stm32l4xx_hal_tim_ex.c ****       }
 1801              		.loc 1 773 9 is_stmt 0 view .LVU543
 1802 00ec 42F00102 		orr	r2, r2, #1
 1803 00f0 1A60     		str	r2, [r3]
 1804 00f2 0020     		movs	r0, #0
 1805 00f4 00E0     		b	.L117
 1806              	.LVL116:
 1807              	.L127:
 721:Drivers/STM32L4xx_HAL_Driver/Src/stm32l4xx_hal_tim_ex.c ****   }
 1808              		.loc 1 721 12 view .LVU544
 1809 00f6 0120     		movs	r0, #1
 1810              	.LVL117:
 1811              	.L117:
 784:Drivers/STM32L4xx_HAL_Driver/Src/stm32l4xx_hal_tim_ex.c **** 
 1812              		.loc 1 784 1 view .LVU545
 1813 00f8 10BD     		pop	{r4, pc}
 1814              	.LVL118:
 1815              	.L129:
 784:Drivers/STM32L4xx_HAL_Driver/Src/stm32l4xx_hal_tim_ex.c **** 
ARM GAS  C:\Users\kerry\AppData\Local\Temp\ccWnk0Ym.s 			page 91


 1816              		.loc 1 784 1 view .LVU546
 1817 00fa 0020     		movs	r0, #0
 1818 00fc FCE7     		b	.L117
 1819              	.L130:
 1820 00fe 0020     		movs	r0, #0
 1821 0100 FAE7     		b	.L117
 1822              	.L137:
 1823 0102 00BF     		.align	2
 1824              	.L136:
 1825 0104 002C0140 		.word	1073818624
 1826 0108 07000100 		.word	65543
 1827              		.cfi_endproc
 1828              	.LFE396:
 1830              		.section	.text.HAL_TIMEx_OCN_Stop_IT,"ax",%progbits
 1831              		.align	1
 1832              		.global	HAL_TIMEx_OCN_Stop_IT
 1833              		.syntax unified
 1834              		.thumb
 1835              		.thumb_func
 1837              	HAL_TIMEx_OCN_Stop_IT:
 1838              	.LVL119:
 1839              	.LFB397:
 798:Drivers/STM32L4xx_HAL_Driver/Src/stm32l4xx_hal_tim_ex.c ****   HAL_StatusTypeDef status = HAL_OK;
 1840              		.loc 1 798 1 is_stmt 1 view -0
 1841              		.cfi_startproc
 1842              		@ args = 0, pretend = 0, frame = 0
 1843              		@ frame_needed = 0, uses_anonymous_args = 0
 798:Drivers/STM32L4xx_HAL_Driver/Src/stm32l4xx_hal_tim_ex.c ****   HAL_StatusTypeDef status = HAL_OK;
 1844              		.loc 1 798 1 is_stmt 0 view .LVU548
 1845 0000 38B5     		push	{r3, r4, r5, lr}
 1846              	.LCFI17:
 1847              		.cfi_def_cfa_offset 16
 1848              		.cfi_offset 3, -16
 1849              		.cfi_offset 4, -12
 1850              		.cfi_offset 5, -8
 1851              		.cfi_offset 14, -4
 1852 0002 0446     		mov	r4, r0
 1853 0004 0D46     		mov	r5, r1
 799:Drivers/STM32L4xx_HAL_Driver/Src/stm32l4xx_hal_tim_ex.c ****   uint32_t tmpccer;
 1854              		.loc 1 799 3 is_stmt 1 view .LVU549
 1855              	.LVL120:
 800:Drivers/STM32L4xx_HAL_Driver/Src/stm32l4xx_hal_tim_ex.c **** 
 1856              		.loc 1 800 3 view .LVU550
 803:Drivers/STM32L4xx_HAL_Driver/Src/stm32l4xx_hal_tim_ex.c **** 
 1857              		.loc 1 803 3 view .LVU551
 805:Drivers/STM32L4xx_HAL_Driver/Src/stm32l4xx_hal_tim_ex.c ****   {
 1858              		.loc 1 805 3 view .LVU552
 1859 0006 0429     		cmp	r1, #4
 1860 0008 3DD0     		beq	.L139
 1861 000a 0829     		cmp	r1, #8
 1862 000c 41D0     		beq	.L140
 1863 000e 0029     		cmp	r1, #0
 1864 0010 58D1     		bne	.L149
 810:Drivers/STM32L4xx_HAL_Driver/Src/stm32l4xx_hal_tim_ex.c ****       break;
 1865              		.loc 1 810 7 view .LVU553
 1866 0012 0268     		ldr	r2, [r0]
 1867 0014 D368     		ldr	r3, [r2, #12]
ARM GAS  C:\Users\kerry\AppData\Local\Temp\ccWnk0Ym.s 			page 92


 1868 0016 23F00203 		bic	r3, r3, #2
 1869 001a D360     		str	r3, [r2, #12]
 811:Drivers/STM32L4xx_HAL_Driver/Src/stm32l4xx_hal_tim_ex.c ****     }
 1870              		.loc 1 811 7 view .LVU554
 833:Drivers/STM32L4xx_HAL_Driver/Src/stm32l4xx_hal_tim_ex.c ****   {
 1871              		.loc 1 833 3 view .LVU555
 1872              	.L142:
 836:Drivers/STM32L4xx_HAL_Driver/Src/stm32l4xx_hal_tim_ex.c **** 
 1873              		.loc 1 836 5 view .LVU556
 1874 001c 0022     		movs	r2, #0
 1875 001e 2946     		mov	r1, r5
 1876              	.LVL121:
 836:Drivers/STM32L4xx_HAL_Driver/Src/stm32l4xx_hal_tim_ex.c **** 
 1877              		.loc 1 836 5 is_stmt 0 view .LVU557
 1878 0020 2068     		ldr	r0, [r4]
 1879              	.LVL122:
 836:Drivers/STM32L4xx_HAL_Driver/Src/stm32l4xx_hal_tim_ex.c **** 
 1880              		.loc 1 836 5 view .LVU558
 1881 0022 FFF7FEFF 		bl	TIM_CCxNChannelCmd
 1882              	.LVL123:
 839:Drivers/STM32L4xx_HAL_Driver/Src/stm32l4xx_hal_tim_ex.c ****     if ((tmpccer & TIM_CCER_CCxNE_MASK) == (uint32_t)RESET)
 1883              		.loc 1 839 5 is_stmt 1 view .LVU559
 839:Drivers/STM32L4xx_HAL_Driver/Src/stm32l4xx_hal_tim_ex.c ****     if ((tmpccer & TIM_CCER_CCxNE_MASK) == (uint32_t)RESET)
 1884              		.loc 1 839 19 is_stmt 0 view .LVU560
 1885 0026 2368     		ldr	r3, [r4]
 839:Drivers/STM32L4xx_HAL_Driver/Src/stm32l4xx_hal_tim_ex.c ****     if ((tmpccer & TIM_CCER_CCxNE_MASK) == (uint32_t)RESET)
 1886              		.loc 1 839 13 view .LVU561
 1887 0028 196A     		ldr	r1, [r3, #32]
 1888              	.LVL124:
 840:Drivers/STM32L4xx_HAL_Driver/Src/stm32l4xx_hal_tim_ex.c ****     {
 1889              		.loc 1 840 5 is_stmt 1 view .LVU562
 840:Drivers/STM32L4xx_HAL_Driver/Src/stm32l4xx_hal_tim_ex.c ****     {
 1890              		.loc 1 840 8 is_stmt 0 view .LVU563
 1891 002a 40F24442 		movw	r2, #1092
 1892 002e 1142     		tst	r1, r2
 1893 0030 03D1     		bne	.L143
 842:Drivers/STM32L4xx_HAL_Driver/Src/stm32l4xx_hal_tim_ex.c ****     }
 1894              		.loc 1 842 7 is_stmt 1 view .LVU564
 1895 0032 DA68     		ldr	r2, [r3, #12]
 1896 0034 22F08002 		bic	r2, r2, #128
 1897 0038 DA60     		str	r2, [r3, #12]
 1898              	.L143:
 846:Drivers/STM32L4xx_HAL_Driver/Src/stm32l4xx_hal_tim_ex.c **** 
 1899              		.loc 1 846 5 view .LVU565
 846:Drivers/STM32L4xx_HAL_Driver/Src/stm32l4xx_hal_tim_ex.c **** 
 1900              		.loc 1 846 5 view .LVU566
 1901 003a 2268     		ldr	r2, [r4]
 1902 003c 136A     		ldr	r3, [r2, #32]
 1903 003e 03F01133 		and	r3, r3, #286331153
 1904 0042 23F08853 		bic	r3, r3, #285212672
 1905 0046 43B9     		cbnz	r3, .L144
 846:Drivers/STM32L4xx_HAL_Driver/Src/stm32l4xx_hal_tim_ex.c **** 
 1906              		.loc 1 846 5 discriminator 1 view .LVU567
 1907 0048 116A     		ldr	r1, [r2, #32]
 1908              	.LVL125:
 846:Drivers/STM32L4xx_HAL_Driver/Src/stm32l4xx_hal_tim_ex.c **** 
 1909              		.loc 1 846 5 is_stmt 0 discriminator 1 view .LVU568
ARM GAS  C:\Users\kerry\AppData\Local\Temp\ccWnk0Ym.s 			page 93


 1910 004a 40F24443 		movw	r3, #1092
 1911 004e 1942     		tst	r1, r3
 1912 0050 03D1     		bne	.L144
 846:Drivers/STM32L4xx_HAL_Driver/Src/stm32l4xx_hal_tim_ex.c **** 
 1913              		.loc 1 846 5 is_stmt 1 discriminator 3 view .LVU569
 1914 0052 536C     		ldr	r3, [r2, #68]
 1915 0054 23F40043 		bic	r3, r3, #32768
 1916 0058 5364     		str	r3, [r2, #68]
 1917              	.L144:
 846:Drivers/STM32L4xx_HAL_Driver/Src/stm32l4xx_hal_tim_ex.c **** 
 1918              		.loc 1 846 5 discriminator 5 view .LVU570
 849:Drivers/STM32L4xx_HAL_Driver/Src/stm32l4xx_hal_tim_ex.c **** 
 1919              		.loc 1 849 5 view .LVU571
 849:Drivers/STM32L4xx_HAL_Driver/Src/stm32l4xx_hal_tim_ex.c **** 
 1920              		.loc 1 849 5 view .LVU572
 1921 005a 2268     		ldr	r2, [r4]
 1922 005c 136A     		ldr	r3, [r2, #32]
 1923 005e 03F01133 		and	r3, r3, #286331153
 1924 0062 23F08853 		bic	r3, r3, #285212672
 1925 0066 43B9     		cbnz	r3, .L145
 849:Drivers/STM32L4xx_HAL_Driver/Src/stm32l4xx_hal_tim_ex.c **** 
 1926              		.loc 1 849 5 discriminator 1 view .LVU573
 1927 0068 116A     		ldr	r1, [r2, #32]
 1928 006a 40F24443 		movw	r3, #1092
 1929 006e 1942     		tst	r1, r3
 1930 0070 03D1     		bne	.L145
 849:Drivers/STM32L4xx_HAL_Driver/Src/stm32l4xx_hal_tim_ex.c **** 
 1931              		.loc 1 849 5 discriminator 3 view .LVU574
 1932 0072 1368     		ldr	r3, [r2]
 1933 0074 23F00103 		bic	r3, r3, #1
 1934 0078 1360     		str	r3, [r2]
 1935              	.L145:
 849:Drivers/STM32L4xx_HAL_Driver/Src/stm32l4xx_hal_tim_ex.c **** 
 1936              		.loc 1 849 5 discriminator 5 view .LVU575
 852:Drivers/STM32L4xx_HAL_Driver/Src/stm32l4xx_hal_tim_ex.c ****   }
 1937              		.loc 1 852 5 view .LVU576
 1938 007a 85B9     		cbnz	r5, .L146
 852:Drivers/STM32L4xx_HAL_Driver/Src/stm32l4xx_hal_tim_ex.c ****   }
 1939              		.loc 1 852 5 is_stmt 0 discriminator 1 view .LVU577
 1940 007c 0123     		movs	r3, #1
 1941 007e 84F84430 		strb	r3, [r4, #68]
 1942 0082 0020     		movs	r0, #0
 1943              	.LVL126:
 1944              	.L141:
 856:Drivers/STM32L4xx_HAL_Driver/Src/stm32l4xx_hal_tim_ex.c **** }
 1945              		.loc 1 856 3 is_stmt 1 view .LVU578
 857:Drivers/STM32L4xx_HAL_Driver/Src/stm32l4xx_hal_tim_ex.c **** 
 1946              		.loc 1 857 1 is_stmt 0 view .LVU579
 1947 0084 38BD     		pop	{r3, r4, r5, pc}
 1948              	.LVL127:
 1949              	.L139:
 817:Drivers/STM32L4xx_HAL_Driver/Src/stm32l4xx_hal_tim_ex.c ****       break;
 1950              		.loc 1 817 7 is_stmt 1 view .LVU580
 1951 0086 0268     		ldr	r2, [r0]
 1952 0088 D368     		ldr	r3, [r2, #12]
 1953 008a 23F00403 		bic	r3, r3, #4
 1954 008e D360     		str	r3, [r2, #12]
ARM GAS  C:\Users\kerry\AppData\Local\Temp\ccWnk0Ym.s 			page 94


 818:Drivers/STM32L4xx_HAL_Driver/Src/stm32l4xx_hal_tim_ex.c ****     }
 1955              		.loc 1 818 7 view .LVU581
 833:Drivers/STM32L4xx_HAL_Driver/Src/stm32l4xx_hal_tim_ex.c ****   {
 1956              		.loc 1 833 3 view .LVU582
 1957 0090 C4E7     		b	.L142
 1958              	.L140:
 824:Drivers/STM32L4xx_HAL_Driver/Src/stm32l4xx_hal_tim_ex.c ****       break;
 1959              		.loc 1 824 7 view .LVU583
 1960 0092 0268     		ldr	r2, [r0]
 1961 0094 D368     		ldr	r3, [r2, #12]
 1962 0096 23F00803 		bic	r3, r3, #8
 1963 009a D360     		str	r3, [r2, #12]
 825:Drivers/STM32L4xx_HAL_Driver/Src/stm32l4xx_hal_tim_ex.c ****     }
 1964              		.loc 1 825 7 view .LVU584
 833:Drivers/STM32L4xx_HAL_Driver/Src/stm32l4xx_hal_tim_ex.c ****   {
 1965              		.loc 1 833 3 view .LVU585
 1966 009c BEE7     		b	.L142
 1967              	.LVL128:
 1968              	.L146:
 852:Drivers/STM32L4xx_HAL_Driver/Src/stm32l4xx_hal_tim_ex.c ****   }
 1969              		.loc 1 852 5 is_stmt 0 discriminator 2 view .LVU586
 1970 009e 042D     		cmp	r5, #4
 1971 00a0 06D0     		beq	.L151
 852:Drivers/STM32L4xx_HAL_Driver/Src/stm32l4xx_hal_tim_ex.c ****   }
 1972              		.loc 1 852 5 discriminator 4 view .LVU587
 1973 00a2 082D     		cmp	r5, #8
 1974 00a4 09D0     		beq	.L152
 852:Drivers/STM32L4xx_HAL_Driver/Src/stm32l4xx_hal_tim_ex.c ****   }
 1975              		.loc 1 852 5 discriminator 7 view .LVU588
 1976 00a6 0123     		movs	r3, #1
 1977 00a8 84F84730 		strb	r3, [r4, #71]
 1978 00ac 0020     		movs	r0, #0
 1979 00ae E9E7     		b	.L141
 1980              	.L151:
 852:Drivers/STM32L4xx_HAL_Driver/Src/stm32l4xx_hal_tim_ex.c ****   }
 1981              		.loc 1 852 5 discriminator 3 view .LVU589
 1982 00b0 0123     		movs	r3, #1
 1983 00b2 84F84530 		strb	r3, [r4, #69]
 1984 00b6 0020     		movs	r0, #0
 1985 00b8 E4E7     		b	.L141
 1986              	.L152:
 852:Drivers/STM32L4xx_HAL_Driver/Src/stm32l4xx_hal_tim_ex.c ****   }
 1987              		.loc 1 852 5 discriminator 6 view .LVU590
 1988 00ba 0123     		movs	r3, #1
 1989 00bc 84F84630 		strb	r3, [r4, #70]
 1990 00c0 0020     		movs	r0, #0
 1991 00c2 DFE7     		b	.L141
 1992              	.LVL129:
 1993              	.L149:
 805:Drivers/STM32L4xx_HAL_Driver/Src/stm32l4xx_hal_tim_ex.c ****   {
 1994              		.loc 1 805 3 view .LVU591
 1995 00c4 0120     		movs	r0, #1
 1996              	.LVL130:
 805:Drivers/STM32L4xx_HAL_Driver/Src/stm32l4xx_hal_tim_ex.c ****   {
 1997              		.loc 1 805 3 view .LVU592
 1998 00c6 DDE7     		b	.L141
 1999              		.cfi_endproc
ARM GAS  C:\Users\kerry\AppData\Local\Temp\ccWnk0Ym.s 			page 95


 2000              	.LFE397:
 2002              		.section	.text.HAL_TIMEx_OCN_Start_DMA,"ax",%progbits
 2003              		.align	1
 2004              		.global	HAL_TIMEx_OCN_Start_DMA
 2005              		.syntax unified
 2006              		.thumb
 2007              		.thumb_func
 2009              	HAL_TIMEx_OCN_Start_DMA:
 2010              	.LVL131:
 2011              	.LFB398:
 874:Drivers/STM32L4xx_HAL_Driver/Src/stm32l4xx_hal_tim_ex.c ****   HAL_StatusTypeDef status = HAL_OK;
 2012              		.loc 1 874 1 is_stmt 1 view -0
 2013              		.cfi_startproc
 2014              		@ args = 0, pretend = 0, frame = 0
 2015              		@ frame_needed = 0, uses_anonymous_args = 0
 874:Drivers/STM32L4xx_HAL_Driver/Src/stm32l4xx_hal_tim_ex.c ****   HAL_StatusTypeDef status = HAL_OK;
 2016              		.loc 1 874 1 is_stmt 0 view .LVU594
 2017 0000 70B5     		push	{r4, r5, r6, lr}
 2018              	.LCFI18:
 2019              		.cfi_def_cfa_offset 16
 2020              		.cfi_offset 4, -16
 2021              		.cfi_offset 5, -12
 2022              		.cfi_offset 6, -8
 2023              		.cfi_offset 14, -4
 2024 0002 0446     		mov	r4, r0
 2025 0004 1646     		mov	r6, r2
 875:Drivers/STM32L4xx_HAL_Driver/Src/stm32l4xx_hal_tim_ex.c ****   uint32_t tmpsmcr;
 2026              		.loc 1 875 3 is_stmt 1 view .LVU595
 2027              	.LVL132:
 876:Drivers/STM32L4xx_HAL_Driver/Src/stm32l4xx_hal_tim_ex.c **** 
 2028              		.loc 1 876 3 view .LVU596
 879:Drivers/STM32L4xx_HAL_Driver/Src/stm32l4xx_hal_tim_ex.c **** 
 2029              		.loc 1 879 3 view .LVU597
 882:Drivers/STM32L4xx_HAL_Driver/Src/stm32l4xx_hal_tim_ex.c ****   {
 2030              		.loc 1 882 3 view .LVU598
 882:Drivers/STM32L4xx_HAL_Driver/Src/stm32l4xx_hal_tim_ex.c ****   {
 2031              		.loc 1 882 46 is_stmt 0 view .LVU599
 2032 0006 0D46     		mov	r5, r1
 2033 0008 0029     		cmp	r1, #0
 2034 000a 51D1     		bne	.L154
 882:Drivers/STM32L4xx_HAL_Driver/Src/stm32l4xx_hal_tim_ex.c ****   {
 2035              		.loc 1 882 7 discriminator 1 view .LVU600
 2036 000c 90F84400 		ldrb	r0, [r0, #68]	@ zero_extendqisi2
 2037              	.LVL133:
 882:Drivers/STM32L4xx_HAL_Driver/Src/stm32l4xx_hal_tim_ex.c ****   {
 2038              		.loc 1 882 46 discriminator 1 view .LVU601
 2039 0010 0228     		cmp	r0, #2
 2040 0012 14BF     		ite	ne
 2041 0014 0020     		movne	r0, #0
 2042 0016 0120     		moveq	r0, #1
 2043              	.L155:
 882:Drivers/STM32L4xx_HAL_Driver/Src/stm32l4xx_hal_tim_ex.c ****   {
 2044              		.loc 1 882 6 discriminator 12 view .LVU602
 2045 0018 0028     		cmp	r0, #0
 2046 001a 40F0CB80 		bne	.L172
 886:Drivers/STM32L4xx_HAL_Driver/Src/stm32l4xx_hal_tim_ex.c ****   {
 2047              		.loc 1 886 8 is_stmt 1 view .LVU603
ARM GAS  C:\Users\kerry\AppData\Local\Temp\ccWnk0Ym.s 			page 96


 886:Drivers/STM32L4xx_HAL_Driver/Src/stm32l4xx_hal_tim_ex.c ****   {
 2048              		.loc 1 886 51 is_stmt 0 view .LVU604
 2049 001e 002D     		cmp	r5, #0
 2050 0020 5FD1     		bne	.L159
 886:Drivers/STM32L4xx_HAL_Driver/Src/stm32l4xx_hal_tim_ex.c ****   {
 2051              		.loc 1 886 12 discriminator 1 view .LVU605
 2052 0022 94F84420 		ldrb	r2, [r4, #68]	@ zero_extendqisi2
 2053              	.LVL134:
 886:Drivers/STM32L4xx_HAL_Driver/Src/stm32l4xx_hal_tim_ex.c ****   {
 2054              		.loc 1 886 51 discriminator 1 view .LVU606
 2055 0026 012A     		cmp	r2, #1
 2056 0028 14BF     		ite	ne
 2057 002a 0022     		movne	r2, #0
 2058 002c 0122     		moveq	r2, #1
 2059              	.L160:
 886:Drivers/STM32L4xx_HAL_Driver/Src/stm32l4xx_hal_tim_ex.c ****   {
 2060              		.loc 1 886 11 discriminator 12 view .LVU607
 2061 002e 002A     		cmp	r2, #0
 2062 0030 00F0C280 		beq	.L173
 888:Drivers/STM32L4xx_HAL_Driver/Src/stm32l4xx_hal_tim_ex.c ****     {
 2063              		.loc 1 888 5 is_stmt 1 view .LVU608
 888:Drivers/STM32L4xx_HAL_Driver/Src/stm32l4xx_hal_tim_ex.c ****     {
 2064              		.loc 1 888 8 is_stmt 0 view .LVU609
 2065 0034 002E     		cmp	r6, #0
 2066 0036 00F0C180 		beq	.L174
 888:Drivers/STM32L4xx_HAL_Driver/Src/stm32l4xx_hal_tim_ex.c ****     {
 2067              		.loc 1 888 25 discriminator 1 view .LVU610
 2068 003a 002B     		cmp	r3, #0
 2069 003c 00F0C080 		beq	.L175
 894:Drivers/STM32L4xx_HAL_Driver/Src/stm32l4xx_hal_tim_ex.c ****     }
 2070              		.loc 1 894 7 is_stmt 1 view .LVU611
 2071 0040 002D     		cmp	r5, #0
 2072 0042 67D1     		bne	.L163
 894:Drivers/STM32L4xx_HAL_Driver/Src/stm32l4xx_hal_tim_ex.c ****     }
 2073              		.loc 1 894 7 is_stmt 0 discriminator 1 view .LVU612
 2074 0044 0222     		movs	r2, #2
 2075 0046 84F84420 		strb	r2, [r4, #68]
 902:Drivers/STM32L4xx_HAL_Driver/Src/stm32l4xx_hal_tim_ex.c ****   {
 2076              		.loc 1 902 3 is_stmt 1 view .LVU613
 2077              	.L164:
 907:Drivers/STM32L4xx_HAL_Driver/Src/stm32l4xx_hal_tim_ex.c ****       htim->hdma[TIM_DMA_ID_CC1]->XferHalfCpltCallback = TIM_DMADelayPulseHalfCplt;
 2078              		.loc 1 907 7 view .LVU614
 907:Drivers/STM32L4xx_HAL_Driver/Src/stm32l4xx_hal_tim_ex.c ****       htim->hdma[TIM_DMA_ID_CC1]->XferHalfCpltCallback = TIM_DMADelayPulseHalfCplt;
 2079              		.loc 1 907 17 is_stmt 0 view .LVU615
 2080 004a 626A     		ldr	r2, [r4, #36]
 907:Drivers/STM32L4xx_HAL_Driver/Src/stm32l4xx_hal_tim_ex.c ****       htim->hdma[TIM_DMA_ID_CC1]->XferHalfCpltCallback = TIM_DMADelayPulseHalfCplt;
 2081              		.loc 1 907 52 view .LVU616
 2082 004c 6249     		ldr	r1, .L189
 2083              	.LVL135:
 907:Drivers/STM32L4xx_HAL_Driver/Src/stm32l4xx_hal_tim_ex.c ****       htim->hdma[TIM_DMA_ID_CC1]->XferHalfCpltCallback = TIM_DMADelayPulseHalfCplt;
 2084              		.loc 1 907 52 view .LVU617
 2085 004e D162     		str	r1, [r2, #44]
 908:Drivers/STM32L4xx_HAL_Driver/Src/stm32l4xx_hal_tim_ex.c **** 
 2086              		.loc 1 908 7 is_stmt 1 view .LVU618
 908:Drivers/STM32L4xx_HAL_Driver/Src/stm32l4xx_hal_tim_ex.c **** 
 2087              		.loc 1 908 17 is_stmt 0 view .LVU619
 2088 0050 626A     		ldr	r2, [r4, #36]
ARM GAS  C:\Users\kerry\AppData\Local\Temp\ccWnk0Ym.s 			page 97


 908:Drivers/STM32L4xx_HAL_Driver/Src/stm32l4xx_hal_tim_ex.c **** 
 2089              		.loc 1 908 56 view .LVU620
 2090 0052 6249     		ldr	r1, .L189+4
 2091 0054 1163     		str	r1, [r2, #48]
 911:Drivers/STM32L4xx_HAL_Driver/Src/stm32l4xx_hal_tim_ex.c **** 
 2092              		.loc 1 911 7 is_stmt 1 view .LVU621
 911:Drivers/STM32L4xx_HAL_Driver/Src/stm32l4xx_hal_tim_ex.c **** 
 2093              		.loc 1 911 17 is_stmt 0 view .LVU622
 2094 0056 626A     		ldr	r2, [r4, #36]
 911:Drivers/STM32L4xx_HAL_Driver/Src/stm32l4xx_hal_tim_ex.c **** 
 2095              		.loc 1 911 53 view .LVU623
 2096 0058 6149     		ldr	r1, .L189+8
 2097 005a 5163     		str	r1, [r2, #52]
 914:Drivers/STM32L4xx_HAL_Driver/Src/stm32l4xx_hal_tim_ex.c ****                            Length) != HAL_OK)
 2098              		.loc 1 914 7 is_stmt 1 view .LVU624
 914:Drivers/STM32L4xx_HAL_Driver/Src/stm32l4xx_hal_tim_ex.c ****                            Length) != HAL_OK)
 2099              		.loc 1 914 88 is_stmt 0 view .LVU625
 2100 005c 2268     		ldr	r2, [r4]
 914:Drivers/STM32L4xx_HAL_Driver/Src/stm32l4xx_hal_tim_ex.c ****                            Length) != HAL_OK)
 2101              		.loc 1 914 11 view .LVU626
 2102 005e 3432     		adds	r2, r2, #52
 2103 0060 3146     		mov	r1, r6
 2104 0062 606A     		ldr	r0, [r4, #36]
 2105 0064 FFF7FEFF 		bl	HAL_DMA_Start_IT
 2106              	.LVL136:
 914:Drivers/STM32L4xx_HAL_Driver/Src/stm32l4xx_hal_tim_ex.c ****                            Length) != HAL_OK)
 2107              		.loc 1 914 10 discriminator 1 view .LVU627
 2108 0068 0028     		cmp	r0, #0
 2109 006a 40F0AB80 		bne	.L177
 921:Drivers/STM32L4xx_HAL_Driver/Src/stm32l4xx_hal_tim_ex.c ****       break;
 2110              		.loc 1 921 7 is_stmt 1 view .LVU628
 2111 006e 2268     		ldr	r2, [r4]
 2112 0070 D368     		ldr	r3, [r2, #12]
 2113 0072 43F40073 		orr	r3, r3, #512
 2114 0076 D360     		str	r3, [r2, #12]
 922:Drivers/STM32L4xx_HAL_Driver/Src/stm32l4xx_hal_tim_ex.c ****     }
 2115              		.loc 1 922 7 view .LVU629
 972:Drivers/STM32L4xx_HAL_Driver/Src/stm32l4xx_hal_tim_ex.c ****   {
 2116              		.loc 1 972 3 view .LVU630
 2117              	.L169:
 975:Drivers/STM32L4xx_HAL_Driver/Src/stm32l4xx_hal_tim_ex.c **** 
 2118              		.loc 1 975 5 view .LVU631
 2119 0078 0422     		movs	r2, #4
 2120 007a 2946     		mov	r1, r5
 2121 007c 2068     		ldr	r0, [r4]
 2122 007e FFF7FEFF 		bl	TIM_CCxNChannelCmd
 2123              	.LVL137:
 978:Drivers/STM32L4xx_HAL_Driver/Src/stm32l4xx_hal_tim_ex.c **** 
 2124              		.loc 1 978 5 view .LVU632
 2125 0082 2268     		ldr	r2, [r4]
 2126 0084 536C     		ldr	r3, [r2, #68]
 2127 0086 43F40043 		orr	r3, r3, #32768
 2128 008a 5364     		str	r3, [r2, #68]
 981:Drivers/STM32L4xx_HAL_Driver/Src/stm32l4xx_hal_tim_ex.c ****     {
 2129              		.loc 1 981 5 view .LVU633
 981:Drivers/STM32L4xx_HAL_Driver/Src/stm32l4xx_hal_tim_ex.c ****     {
 2130              		.loc 1 981 9 is_stmt 0 view .LVU634
ARM GAS  C:\Users\kerry\AppData\Local\Temp\ccWnk0Ym.s 			page 98


 2131 008c 2368     		ldr	r3, [r4]
 981:Drivers/STM32L4xx_HAL_Driver/Src/stm32l4xx_hal_tim_ex.c ****     {
 2132              		.loc 1 981 8 view .LVU635
 2133 008e 554A     		ldr	r2, .L189+12
 2134 0090 9342     		cmp	r3, r2
 2135 0092 00F08180 		beq	.L170
 981:Drivers/STM32L4xx_HAL_Driver/Src/stm32l4xx_hal_tim_ex.c ****     {
 2136              		.loc 1 981 9 discriminator 1 view .LVU636
 2137 0096 B3F1804F 		cmp	r3, #1073741824
 2138 009a 7DD0     		beq	.L170
 981:Drivers/STM32L4xx_HAL_Driver/Src/stm32l4xx_hal_tim_ex.c ****     {
 2139              		.loc 1 981 9 discriminator 2 view .LVU637
 2140 009c 02F5A052 		add	r2, r2, #5120
 2141 00a0 9342     		cmp	r3, r2
 2142 00a2 79D0     		beq	.L170
 991:Drivers/STM32L4xx_HAL_Driver/Src/stm32l4xx_hal_tim_ex.c ****     }
 2143              		.loc 1 991 7 is_stmt 1 view .LVU638
 2144 00a4 1A68     		ldr	r2, [r3]
 2145 00a6 42F00102 		orr	r2, r2, #1
 2146 00aa 1A60     		str	r2, [r3]
 2147 00ac 0020     		movs	r0, #0
 2148 00ae 84E0     		b	.L158
 2149              	.LVL138:
 2150              	.L154:
 882:Drivers/STM32L4xx_HAL_Driver/Src/stm32l4xx_hal_tim_ex.c ****   {
 2151              		.loc 1 882 46 is_stmt 0 discriminator 2 view .LVU639
 2152 00b0 0429     		cmp	r1, #4
 2153 00b2 08D0     		beq	.L183
 882:Drivers/STM32L4xx_HAL_Driver/Src/stm32l4xx_hal_tim_ex.c ****   {
 2154              		.loc 1 882 46 discriminator 5 view .LVU640
 2155 00b4 0829     		cmp	r1, #8
 2156 00b6 0DD0     		beq	.L184
 882:Drivers/STM32L4xx_HAL_Driver/Src/stm32l4xx_hal_tim_ex.c ****   {
 2157              		.loc 1 882 7 discriminator 8 view .LVU641
 2158 00b8 90F84700 		ldrb	r0, [r0, #71]	@ zero_extendqisi2
 2159              	.LVL139:
 882:Drivers/STM32L4xx_HAL_Driver/Src/stm32l4xx_hal_tim_ex.c ****   {
 2160              		.loc 1 882 46 discriminator 8 view .LVU642
 2161 00bc 0228     		cmp	r0, #2
 2162 00be 14BF     		ite	ne
 2163 00c0 0020     		movne	r0, #0
 2164 00c2 0120     		moveq	r0, #1
 2165 00c4 A8E7     		b	.L155
 2166              	.LVL140:
 2167              	.L183:
 882:Drivers/STM32L4xx_HAL_Driver/Src/stm32l4xx_hal_tim_ex.c ****   {
 2168              		.loc 1 882 7 discriminator 4 view .LVU643
 2169 00c6 90F84500 		ldrb	r0, [r0, #69]	@ zero_extendqisi2
 2170              	.LVL141:
 882:Drivers/STM32L4xx_HAL_Driver/Src/stm32l4xx_hal_tim_ex.c ****   {
 2171              		.loc 1 882 46 discriminator 4 view .LVU644
 2172 00ca 0228     		cmp	r0, #2
 2173 00cc 14BF     		ite	ne
 2174 00ce 0020     		movne	r0, #0
 2175 00d0 0120     		moveq	r0, #1
 2176 00d2 A1E7     		b	.L155
 2177              	.LVL142:
ARM GAS  C:\Users\kerry\AppData\Local\Temp\ccWnk0Ym.s 			page 99


 2178              	.L184:
 882:Drivers/STM32L4xx_HAL_Driver/Src/stm32l4xx_hal_tim_ex.c ****   {
 2179              		.loc 1 882 7 discriminator 7 view .LVU645
 2180 00d4 90F84600 		ldrb	r0, [r0, #70]	@ zero_extendqisi2
 2181              	.LVL143:
 882:Drivers/STM32L4xx_HAL_Driver/Src/stm32l4xx_hal_tim_ex.c ****   {
 2182              		.loc 1 882 46 discriminator 7 view .LVU646
 2183 00d8 0228     		cmp	r0, #2
 2184 00da 14BF     		ite	ne
 2185 00dc 0020     		movne	r0, #0
 2186 00de 0120     		moveq	r0, #1
 2187 00e0 9AE7     		b	.L155
 2188              	.L159:
 886:Drivers/STM32L4xx_HAL_Driver/Src/stm32l4xx_hal_tim_ex.c ****   {
 2189              		.loc 1 886 51 discriminator 2 view .LVU647
 2190 00e2 042D     		cmp	r5, #4
 2191 00e4 08D0     		beq	.L185
 886:Drivers/STM32L4xx_HAL_Driver/Src/stm32l4xx_hal_tim_ex.c ****   {
 2192              		.loc 1 886 51 discriminator 5 view .LVU648
 2193 00e6 082D     		cmp	r5, #8
 2194 00e8 0DD0     		beq	.L186
 886:Drivers/STM32L4xx_HAL_Driver/Src/stm32l4xx_hal_tim_ex.c ****   {
 2195              		.loc 1 886 12 discriminator 8 view .LVU649
 2196 00ea 94F84720 		ldrb	r2, [r4, #71]	@ zero_extendqisi2
 2197              	.LVL144:
 886:Drivers/STM32L4xx_HAL_Driver/Src/stm32l4xx_hal_tim_ex.c ****   {
 2198              		.loc 1 886 51 discriminator 8 view .LVU650
 2199 00ee 012A     		cmp	r2, #1
 2200 00f0 14BF     		ite	ne
 2201 00f2 0022     		movne	r2, #0
 2202 00f4 0122     		moveq	r2, #1
 2203 00f6 9AE7     		b	.L160
 2204              	.LVL145:
 2205              	.L185:
 886:Drivers/STM32L4xx_HAL_Driver/Src/stm32l4xx_hal_tim_ex.c ****   {
 2206              		.loc 1 886 12 discriminator 4 view .LVU651
 2207 00f8 94F84520 		ldrb	r2, [r4, #69]	@ zero_extendqisi2
 2208              	.LVL146:
 886:Drivers/STM32L4xx_HAL_Driver/Src/stm32l4xx_hal_tim_ex.c ****   {
 2209              		.loc 1 886 51 discriminator 4 view .LVU652
 2210 00fc 012A     		cmp	r2, #1
 2211 00fe 14BF     		ite	ne
 2212 0100 0022     		movne	r2, #0
 2213 0102 0122     		moveq	r2, #1
 2214 0104 93E7     		b	.L160
 2215              	.LVL147:
 2216              	.L186:
 886:Drivers/STM32L4xx_HAL_Driver/Src/stm32l4xx_hal_tim_ex.c ****   {
 2217              		.loc 1 886 12 discriminator 7 view .LVU653
 2218 0106 94F84620 		ldrb	r2, [r4, #70]	@ zero_extendqisi2
 2219              	.LVL148:
 886:Drivers/STM32L4xx_HAL_Driver/Src/stm32l4xx_hal_tim_ex.c ****   {
 2220              		.loc 1 886 51 discriminator 7 view .LVU654
 2221 010a 012A     		cmp	r2, #1
 2222 010c 14BF     		ite	ne
 2223 010e 0022     		movne	r2, #0
 2224 0110 0122     		moveq	r2, #1
ARM GAS  C:\Users\kerry\AppData\Local\Temp\ccWnk0Ym.s 			page 100


 2225 0112 8CE7     		b	.L160
 2226              	.L163:
 894:Drivers/STM32L4xx_HAL_Driver/Src/stm32l4xx_hal_tim_ex.c ****     }
 2227              		.loc 1 894 7 discriminator 2 view .LVU655
 2228 0114 042D     		cmp	r5, #4
 2229 0116 0CD0     		beq	.L187
 894:Drivers/STM32L4xx_HAL_Driver/Src/stm32l4xx_hal_tim_ex.c ****     }
 2230              		.loc 1 894 7 discriminator 4 view .LVU656
 2231 0118 082D     		cmp	r5, #8
 2232 011a 24D0     		beq	.L188
 894:Drivers/STM32L4xx_HAL_Driver/Src/stm32l4xx_hal_tim_ex.c ****     }
 2233              		.loc 1 894 7 discriminator 7 view .LVU657
 2234 011c 0222     		movs	r2, #2
 2235 011e 84F84720 		strb	r2, [r4, #71]
 902:Drivers/STM32L4xx_HAL_Driver/Src/stm32l4xx_hal_tim_ex.c ****   {
 2236              		.loc 1 902 3 is_stmt 1 view .LVU658
 2237 0122 042D     		cmp	r5, #4
 2238 0124 08D0     		beq	.L166
 2239 0126 082D     		cmp	r5, #8
 2240 0128 20D0     		beq	.L168
 2241 012a 002D     		cmp	r5, #0
 2242 012c 8DD0     		beq	.L164
 2243 012e 0120     		movs	r0, #1
 2244 0130 43E0     		b	.L158
 2245              	.L187:
 894:Drivers/STM32L4xx_HAL_Driver/Src/stm32l4xx_hal_tim_ex.c ****     }
 2246              		.loc 1 894 7 is_stmt 0 discriminator 3 view .LVU659
 2247 0132 0222     		movs	r2, #2
 2248 0134 84F84520 		strb	r2, [r4, #69]
 902:Drivers/STM32L4xx_HAL_Driver/Src/stm32l4xx_hal_tim_ex.c ****   {
 2249              		.loc 1 902 3 is_stmt 1 view .LVU660
 2250              	.L166:
 928:Drivers/STM32L4xx_HAL_Driver/Src/stm32l4xx_hal_tim_ex.c ****       htim->hdma[TIM_DMA_ID_CC2]->XferHalfCpltCallback = TIM_DMADelayPulseHalfCplt;
 2251              		.loc 1 928 7 view .LVU661
 928:Drivers/STM32L4xx_HAL_Driver/Src/stm32l4xx_hal_tim_ex.c ****       htim->hdma[TIM_DMA_ID_CC2]->XferHalfCpltCallback = TIM_DMADelayPulseHalfCplt;
 2252              		.loc 1 928 17 is_stmt 0 view .LVU662
 2253 0138 A26A     		ldr	r2, [r4, #40]
 928:Drivers/STM32L4xx_HAL_Driver/Src/stm32l4xx_hal_tim_ex.c ****       htim->hdma[TIM_DMA_ID_CC2]->XferHalfCpltCallback = TIM_DMADelayPulseHalfCplt;
 2254              		.loc 1 928 52 view .LVU663
 2255 013a 2749     		ldr	r1, .L189
 2256              	.LVL149:
 928:Drivers/STM32L4xx_HAL_Driver/Src/stm32l4xx_hal_tim_ex.c ****       htim->hdma[TIM_DMA_ID_CC2]->XferHalfCpltCallback = TIM_DMADelayPulseHalfCplt;
 2257              		.loc 1 928 52 view .LVU664
 2258 013c D162     		str	r1, [r2, #44]
 929:Drivers/STM32L4xx_HAL_Driver/Src/stm32l4xx_hal_tim_ex.c **** 
 2259              		.loc 1 929 7 is_stmt 1 view .LVU665
 929:Drivers/STM32L4xx_HAL_Driver/Src/stm32l4xx_hal_tim_ex.c **** 
 2260              		.loc 1 929 17 is_stmt 0 view .LVU666
 2261 013e A26A     		ldr	r2, [r4, #40]
 929:Drivers/STM32L4xx_HAL_Driver/Src/stm32l4xx_hal_tim_ex.c **** 
 2262              		.loc 1 929 56 view .LVU667
 2263 0140 2649     		ldr	r1, .L189+4
 2264 0142 1163     		str	r1, [r2, #48]
 932:Drivers/STM32L4xx_HAL_Driver/Src/stm32l4xx_hal_tim_ex.c **** 
 2265              		.loc 1 932 7 is_stmt 1 view .LVU668
 932:Drivers/STM32L4xx_HAL_Driver/Src/stm32l4xx_hal_tim_ex.c **** 
 2266              		.loc 1 932 17 is_stmt 0 view .LVU669
ARM GAS  C:\Users\kerry\AppData\Local\Temp\ccWnk0Ym.s 			page 101


 2267 0144 A26A     		ldr	r2, [r4, #40]
 932:Drivers/STM32L4xx_HAL_Driver/Src/stm32l4xx_hal_tim_ex.c **** 
 2268              		.loc 1 932 53 view .LVU670
 2269 0146 2649     		ldr	r1, .L189+8
 2270 0148 5163     		str	r1, [r2, #52]
 935:Drivers/STM32L4xx_HAL_Driver/Src/stm32l4xx_hal_tim_ex.c ****                            Length) != HAL_OK)
 2271              		.loc 1 935 7 is_stmt 1 view .LVU671
 935:Drivers/STM32L4xx_HAL_Driver/Src/stm32l4xx_hal_tim_ex.c ****                            Length) != HAL_OK)
 2272              		.loc 1 935 88 is_stmt 0 view .LVU672
 2273 014a 2268     		ldr	r2, [r4]
 935:Drivers/STM32L4xx_HAL_Driver/Src/stm32l4xx_hal_tim_ex.c ****                            Length) != HAL_OK)
 2274              		.loc 1 935 11 view .LVU673
 2275 014c 3832     		adds	r2, r2, #56
 2276 014e 3146     		mov	r1, r6
 2277 0150 A06A     		ldr	r0, [r4, #40]
 2278 0152 FFF7FEFF 		bl	HAL_DMA_Start_IT
 2279              	.LVL150:
 935:Drivers/STM32L4xx_HAL_Driver/Src/stm32l4xx_hal_tim_ex.c ****                            Length) != HAL_OK)
 2280              		.loc 1 935 10 discriminator 1 view .LVU674
 2281 0156 0028     		cmp	r0, #0
 2282 0158 36D1     		bne	.L178
 942:Drivers/STM32L4xx_HAL_Driver/Src/stm32l4xx_hal_tim_ex.c ****       break;
 2283              		.loc 1 942 7 is_stmt 1 view .LVU675
 2284 015a 2268     		ldr	r2, [r4]
 2285 015c D368     		ldr	r3, [r2, #12]
 2286 015e 43F48063 		orr	r3, r3, #1024
 2287 0162 D360     		str	r3, [r2, #12]
 943:Drivers/STM32L4xx_HAL_Driver/Src/stm32l4xx_hal_tim_ex.c ****     }
 2288              		.loc 1 943 7 view .LVU676
 972:Drivers/STM32L4xx_HAL_Driver/Src/stm32l4xx_hal_tim_ex.c ****   {
 2289              		.loc 1 972 3 view .LVU677
 2290 0164 88E7     		b	.L169
 2291              	.LVL151:
 2292              	.L188:
 894:Drivers/STM32L4xx_HAL_Driver/Src/stm32l4xx_hal_tim_ex.c ****     }
 2293              		.loc 1 894 7 is_stmt 0 discriminator 6 view .LVU678
 2294 0166 0222     		movs	r2, #2
 2295 0168 84F84620 		strb	r2, [r4, #70]
 902:Drivers/STM32L4xx_HAL_Driver/Src/stm32l4xx_hal_tim_ex.c ****   {
 2296              		.loc 1 902 3 is_stmt 1 view .LVU679
 2297              	.L168:
 949:Drivers/STM32L4xx_HAL_Driver/Src/stm32l4xx_hal_tim_ex.c ****       htim->hdma[TIM_DMA_ID_CC3]->XferHalfCpltCallback = TIM_DMADelayPulseHalfCplt;
 2298              		.loc 1 949 7 view .LVU680
 949:Drivers/STM32L4xx_HAL_Driver/Src/stm32l4xx_hal_tim_ex.c ****       htim->hdma[TIM_DMA_ID_CC3]->XferHalfCpltCallback = TIM_DMADelayPulseHalfCplt;
 2299              		.loc 1 949 17 is_stmt 0 view .LVU681
 2300 016c E26A     		ldr	r2, [r4, #44]
 949:Drivers/STM32L4xx_HAL_Driver/Src/stm32l4xx_hal_tim_ex.c ****       htim->hdma[TIM_DMA_ID_CC3]->XferHalfCpltCallback = TIM_DMADelayPulseHalfCplt;
 2301              		.loc 1 949 52 view .LVU682
 2302 016e 1A49     		ldr	r1, .L189
 2303              	.LVL152:
 949:Drivers/STM32L4xx_HAL_Driver/Src/stm32l4xx_hal_tim_ex.c ****       htim->hdma[TIM_DMA_ID_CC3]->XferHalfCpltCallback = TIM_DMADelayPulseHalfCplt;
 2304              		.loc 1 949 52 view .LVU683
 2305 0170 D162     		str	r1, [r2, #44]
 950:Drivers/STM32L4xx_HAL_Driver/Src/stm32l4xx_hal_tim_ex.c **** 
 2306              		.loc 1 950 7 is_stmt 1 view .LVU684
 950:Drivers/STM32L4xx_HAL_Driver/Src/stm32l4xx_hal_tim_ex.c **** 
 2307              		.loc 1 950 17 is_stmt 0 view .LVU685
ARM GAS  C:\Users\kerry\AppData\Local\Temp\ccWnk0Ym.s 			page 102


 2308 0172 E26A     		ldr	r2, [r4, #44]
 950:Drivers/STM32L4xx_HAL_Driver/Src/stm32l4xx_hal_tim_ex.c **** 
 2309              		.loc 1 950 56 view .LVU686
 2310 0174 1949     		ldr	r1, .L189+4
 2311 0176 1163     		str	r1, [r2, #48]
 953:Drivers/STM32L4xx_HAL_Driver/Src/stm32l4xx_hal_tim_ex.c **** 
 2312              		.loc 1 953 7 is_stmt 1 view .LVU687
 953:Drivers/STM32L4xx_HAL_Driver/Src/stm32l4xx_hal_tim_ex.c **** 
 2313              		.loc 1 953 17 is_stmt 0 view .LVU688
 2314 0178 E26A     		ldr	r2, [r4, #44]
 953:Drivers/STM32L4xx_HAL_Driver/Src/stm32l4xx_hal_tim_ex.c **** 
 2315              		.loc 1 953 53 view .LVU689
 2316 017a 1949     		ldr	r1, .L189+8
 2317 017c 5163     		str	r1, [r2, #52]
 956:Drivers/STM32L4xx_HAL_Driver/Src/stm32l4xx_hal_tim_ex.c ****                            Length) != HAL_OK)
 2318              		.loc 1 956 7 is_stmt 1 view .LVU690
 956:Drivers/STM32L4xx_HAL_Driver/Src/stm32l4xx_hal_tim_ex.c ****                            Length) != HAL_OK)
 2319              		.loc 1 956 88 is_stmt 0 view .LVU691
 2320 017e 2268     		ldr	r2, [r4]
 956:Drivers/STM32L4xx_HAL_Driver/Src/stm32l4xx_hal_tim_ex.c ****                            Length) != HAL_OK)
 2321              		.loc 1 956 11 view .LVU692
 2322 0180 3C32     		adds	r2, r2, #60
 2323 0182 3146     		mov	r1, r6
 2324 0184 E06A     		ldr	r0, [r4, #44]
 2325 0186 FFF7FEFF 		bl	HAL_DMA_Start_IT
 2326              	.LVL153:
 956:Drivers/STM32L4xx_HAL_Driver/Src/stm32l4xx_hal_tim_ex.c ****                            Length) != HAL_OK)
 2327              		.loc 1 956 10 discriminator 1 view .LVU693
 2328 018a F8B9     		cbnz	r0, .L179
 963:Drivers/STM32L4xx_HAL_Driver/Src/stm32l4xx_hal_tim_ex.c ****       break;
 2329              		.loc 1 963 7 is_stmt 1 view .LVU694
 2330 018c 2268     		ldr	r2, [r4]
 2331 018e D368     		ldr	r3, [r2, #12]
 2332 0190 43F40063 		orr	r3, r3, #2048
 2333 0194 D360     		str	r3, [r2, #12]
 964:Drivers/STM32L4xx_HAL_Driver/Src/stm32l4xx_hal_tim_ex.c ****     }
 2334              		.loc 1 964 7 view .LVU695
 972:Drivers/STM32L4xx_HAL_Driver/Src/stm32l4xx_hal_tim_ex.c ****   {
 2335              		.loc 1 972 3 view .LVU696
 2336 0196 6FE7     		b	.L169
 2337              	.L170:
 983:Drivers/STM32L4xx_HAL_Driver/Src/stm32l4xx_hal_tim_ex.c ****       if (!IS_TIM_SLAVEMODE_TRIGGER_ENABLED(tmpsmcr))
 2338              		.loc 1 983 7 view .LVU697
 983:Drivers/STM32L4xx_HAL_Driver/Src/stm32l4xx_hal_tim_ex.c ****       if (!IS_TIM_SLAVEMODE_TRIGGER_ENABLED(tmpsmcr))
 2339              		.loc 1 983 31 is_stmt 0 view .LVU698
 2340 0198 9968     		ldr	r1, [r3, #8]
 983:Drivers/STM32L4xx_HAL_Driver/Src/stm32l4xx_hal_tim_ex.c ****       if (!IS_TIM_SLAVEMODE_TRIGGER_ENABLED(tmpsmcr))
 2341              		.loc 1 983 15 view .LVU699
 2342 019a 134A     		ldr	r2, .L189+16
 2343 019c 0A40     		ands	r2, r2, r1
 2344              	.LVL154:
 984:Drivers/STM32L4xx_HAL_Driver/Src/stm32l4xx_hal_tim_ex.c ****       {
 2345              		.loc 1 984 7 is_stmt 1 view .LVU700
 984:Drivers/STM32L4xx_HAL_Driver/Src/stm32l4xx_hal_tim_ex.c ****       {
 2346              		.loc 1 984 10 is_stmt 0 view .LVU701
 2347 019e 062A     		cmp	r2, #6
 2348 01a0 16D0     		beq	.L180
ARM GAS  C:\Users\kerry\AppData\Local\Temp\ccWnk0Ym.s 			page 103


 984:Drivers/STM32L4xx_HAL_Driver/Src/stm32l4xx_hal_tim_ex.c ****       {
 2349              		.loc 1 984 11 discriminator 1 view .LVU702
 2350 01a2 B2F5803F 		cmp	r2, #65536
 2351 01a6 15D0     		beq	.L181
 986:Drivers/STM32L4xx_HAL_Driver/Src/stm32l4xx_hal_tim_ex.c ****       }
 2352              		.loc 1 986 9 is_stmt 1 view .LVU703
 2353 01a8 1A68     		ldr	r2, [r3]
 2354              	.LVL155:
 986:Drivers/STM32L4xx_HAL_Driver/Src/stm32l4xx_hal_tim_ex.c ****       }
 2355              		.loc 1 986 9 is_stmt 0 view .LVU704
 2356 01aa 42F00102 		orr	r2, r2, #1
 2357 01ae 1A60     		str	r2, [r3]
 2358 01b0 0020     		movs	r0, #0
 2359 01b2 02E0     		b	.L158
 2360              	.LVL156:
 2361              	.L172:
 884:Drivers/STM32L4xx_HAL_Driver/Src/stm32l4xx_hal_tim_ex.c ****   }
 2362              		.loc 1 884 12 view .LVU705
 2363 01b4 0220     		movs	r0, #2
 2364 01b6 00E0     		b	.L158
 2365              	.LVL157:
 2366              	.L173:
 899:Drivers/STM32L4xx_HAL_Driver/Src/stm32l4xx_hal_tim_ex.c ****   }
 2367              		.loc 1 899 12 view .LVU706
 2368 01b8 0120     		movs	r0, #1
 2369              	.LVL158:
 2370              	.L158:
 997:Drivers/STM32L4xx_HAL_Driver/Src/stm32l4xx_hal_tim_ex.c **** 
 2371              		.loc 1 997 1 view .LVU707
 2372 01ba 70BD     		pop	{r4, r5, r6, pc}
 2373              	.LVL159:
 2374              	.L174:
 890:Drivers/STM32L4xx_HAL_Driver/Src/stm32l4xx_hal_tim_ex.c ****     }
 2375              		.loc 1 890 14 view .LVU708
 2376 01bc 0120     		movs	r0, #1
 2377 01be FCE7     		b	.L158
 2378              	.L175:
 2379 01c0 0120     		movs	r0, #1
 2380 01c2 FAE7     		b	.L158
 2381              	.LVL160:
 2382              	.L177:
 918:Drivers/STM32L4xx_HAL_Driver/Src/stm32l4xx_hal_tim_ex.c ****       }
 2383              		.loc 1 918 16 view .LVU709
 2384 01c4 0120     		movs	r0, #1
 2385 01c6 F8E7     		b	.L158
 2386              	.L178:
 939:Drivers/STM32L4xx_HAL_Driver/Src/stm32l4xx_hal_tim_ex.c ****       }
 2387              		.loc 1 939 16 view .LVU710
 2388 01c8 0120     		movs	r0, #1
 2389 01ca F6E7     		b	.L158
 2390              	.L179:
 960:Drivers/STM32L4xx_HAL_Driver/Src/stm32l4xx_hal_tim_ex.c ****       }
 2391              		.loc 1 960 16 view .LVU711
 2392 01cc 0120     		movs	r0, #1
 2393 01ce F4E7     		b	.L158
 2394              	.LVL161:
 2395              	.L180:
ARM GAS  C:\Users\kerry\AppData\Local\Temp\ccWnk0Ym.s 			page 104


 960:Drivers/STM32L4xx_HAL_Driver/Src/stm32l4xx_hal_tim_ex.c ****       }
 2396              		.loc 1 960 16 view .LVU712
 2397 01d0 0020     		movs	r0, #0
 2398 01d2 F2E7     		b	.L158
 2399              	.L181:
 2400 01d4 0020     		movs	r0, #0
 2401 01d6 F0E7     		b	.L158
 2402              	.L190:
 2403              		.align	2
 2404              	.L189:
 2405 01d8 00000000 		.word	TIM_DMADelayPulseNCplt
 2406 01dc 00000000 		.word	TIM_DMADelayPulseHalfCplt
 2407 01e0 00000000 		.word	TIM_DMAErrorCCxN
 2408 01e4 002C0140 		.word	1073818624
 2409 01e8 07000100 		.word	65543
 2410              		.cfi_endproc
 2411              	.LFE398:
 2413              		.section	.text.HAL_TIMEx_OCN_Stop_DMA,"ax",%progbits
 2414              		.align	1
 2415              		.global	HAL_TIMEx_OCN_Stop_DMA
 2416              		.syntax unified
 2417              		.thumb
 2418              		.thumb_func
 2420              	HAL_TIMEx_OCN_Stop_DMA:
 2421              	.LVL162:
 2422              	.LFB399:
1011:Drivers/STM32L4xx_HAL_Driver/Src/stm32l4xx_hal_tim_ex.c ****   HAL_StatusTypeDef status = HAL_OK;
 2423              		.loc 1 1011 1 is_stmt 1 view -0
 2424              		.cfi_startproc
 2425              		@ args = 0, pretend = 0, frame = 0
 2426              		@ frame_needed = 0, uses_anonymous_args = 0
1011:Drivers/STM32L4xx_HAL_Driver/Src/stm32l4xx_hal_tim_ex.c ****   HAL_StatusTypeDef status = HAL_OK;
 2427              		.loc 1 1011 1 is_stmt 0 view .LVU714
 2428 0000 38B5     		push	{r3, r4, r5, lr}
 2429              	.LCFI19:
 2430              		.cfi_def_cfa_offset 16
 2431              		.cfi_offset 3, -16
 2432              		.cfi_offset 4, -12
 2433              		.cfi_offset 5, -8
 2434              		.cfi_offset 14, -4
 2435 0002 0446     		mov	r4, r0
 2436 0004 0D46     		mov	r5, r1
1012:Drivers/STM32L4xx_HAL_Driver/Src/stm32l4xx_hal_tim_ex.c **** 
 2437              		.loc 1 1012 3 is_stmt 1 view .LVU715
 2438              	.LVL163:
1015:Drivers/STM32L4xx_HAL_Driver/Src/stm32l4xx_hal_tim_ex.c **** 
 2439              		.loc 1 1015 3 view .LVU716
1017:Drivers/STM32L4xx_HAL_Driver/Src/stm32l4xx_hal_tim_ex.c ****   {
 2440              		.loc 1 1017 3 view .LVU717
 2441 0006 0429     		cmp	r1, #4
 2442 0008 36D0     		beq	.L192
 2443 000a 0829     		cmp	r1, #8
 2444 000c 3DD0     		beq	.L193
 2445 000e 0029     		cmp	r1, #0
 2446 0010 57D1     		bne	.L201
1022:Drivers/STM32L4xx_HAL_Driver/Src/stm32l4xx_hal_tim_ex.c ****       (void)HAL_DMA_Abort_IT(htim->hdma[TIM_DMA_ID_CC1]);
 2447              		.loc 1 1022 7 view .LVU718
ARM GAS  C:\Users\kerry\AppData\Local\Temp\ccWnk0Ym.s 			page 105


 2448 0012 0268     		ldr	r2, [r0]
 2449 0014 D368     		ldr	r3, [r2, #12]
 2450 0016 23F40073 		bic	r3, r3, #512
 2451 001a D360     		str	r3, [r2, #12]
1023:Drivers/STM32L4xx_HAL_Driver/Src/stm32l4xx_hal_tim_ex.c ****       break;
 2452              		.loc 1 1023 7 view .LVU719
1023:Drivers/STM32L4xx_HAL_Driver/Src/stm32l4xx_hal_tim_ex.c ****       break;
 2453              		.loc 1 1023 13 is_stmt 0 view .LVU720
 2454 001c 406A     		ldr	r0, [r0, #36]
 2455              	.LVL164:
1023:Drivers/STM32L4xx_HAL_Driver/Src/stm32l4xx_hal_tim_ex.c ****       break;
 2456              		.loc 1 1023 13 view .LVU721
 2457 001e FFF7FEFF 		bl	HAL_DMA_Abort_IT
 2458              	.LVL165:
1024:Drivers/STM32L4xx_HAL_Driver/Src/stm32l4xx_hal_tim_ex.c ****     }
 2459              		.loc 1 1024 7 is_stmt 1 view .LVU722
1048:Drivers/STM32L4xx_HAL_Driver/Src/stm32l4xx_hal_tim_ex.c ****   {
 2460              		.loc 1 1048 3 view .LVU723
 2461              	.L195:
1051:Drivers/STM32L4xx_HAL_Driver/Src/stm32l4xx_hal_tim_ex.c **** 
 2462              		.loc 1 1051 5 view .LVU724
 2463 0022 0022     		movs	r2, #0
 2464 0024 2946     		mov	r1, r5
 2465 0026 2068     		ldr	r0, [r4]
 2466 0028 FFF7FEFF 		bl	TIM_CCxNChannelCmd
 2467              	.LVL166:
1054:Drivers/STM32L4xx_HAL_Driver/Src/stm32l4xx_hal_tim_ex.c **** 
 2468              		.loc 1 1054 5 view .LVU725
1054:Drivers/STM32L4xx_HAL_Driver/Src/stm32l4xx_hal_tim_ex.c **** 
 2469              		.loc 1 1054 5 view .LVU726
 2470 002c 2268     		ldr	r2, [r4]
 2471 002e 136A     		ldr	r3, [r2, #32]
 2472 0030 03F01133 		and	r3, r3, #286331153
 2473 0034 23F08853 		bic	r3, r3, #285212672
 2474 0038 43B9     		cbnz	r3, .L196
1054:Drivers/STM32L4xx_HAL_Driver/Src/stm32l4xx_hal_tim_ex.c **** 
 2475              		.loc 1 1054 5 discriminator 1 view .LVU727
 2476 003a 116A     		ldr	r1, [r2, #32]
 2477 003c 40F24443 		movw	r3, #1092
 2478 0040 1942     		tst	r1, r3
 2479 0042 03D1     		bne	.L196
1054:Drivers/STM32L4xx_HAL_Driver/Src/stm32l4xx_hal_tim_ex.c **** 
 2480              		.loc 1 1054 5 discriminator 3 view .LVU728
 2481 0044 536C     		ldr	r3, [r2, #68]
 2482 0046 23F40043 		bic	r3, r3, #32768
 2483 004a 5364     		str	r3, [r2, #68]
 2484              	.L196:
1054:Drivers/STM32L4xx_HAL_Driver/Src/stm32l4xx_hal_tim_ex.c **** 
 2485              		.loc 1 1054 5 discriminator 5 view .LVU729
1057:Drivers/STM32L4xx_HAL_Driver/Src/stm32l4xx_hal_tim_ex.c **** 
 2486              		.loc 1 1057 5 view .LVU730
1057:Drivers/STM32L4xx_HAL_Driver/Src/stm32l4xx_hal_tim_ex.c **** 
 2487              		.loc 1 1057 5 view .LVU731
 2488 004c 2268     		ldr	r2, [r4]
 2489 004e 136A     		ldr	r3, [r2, #32]
 2490 0050 03F01133 		and	r3, r3, #286331153
 2491 0054 23F08853 		bic	r3, r3, #285212672
ARM GAS  C:\Users\kerry\AppData\Local\Temp\ccWnk0Ym.s 			page 106


 2492 0058 43B9     		cbnz	r3, .L197
1057:Drivers/STM32L4xx_HAL_Driver/Src/stm32l4xx_hal_tim_ex.c **** 
 2493              		.loc 1 1057 5 discriminator 1 view .LVU732
 2494 005a 116A     		ldr	r1, [r2, #32]
 2495 005c 40F24443 		movw	r3, #1092
 2496 0060 1942     		tst	r1, r3
 2497 0062 03D1     		bne	.L197
1057:Drivers/STM32L4xx_HAL_Driver/Src/stm32l4xx_hal_tim_ex.c **** 
 2498              		.loc 1 1057 5 discriminator 3 view .LVU733
 2499 0064 1368     		ldr	r3, [r2]
 2500 0066 23F00103 		bic	r3, r3, #1
 2501 006a 1360     		str	r3, [r2]
 2502              	.L197:
1057:Drivers/STM32L4xx_HAL_Driver/Src/stm32l4xx_hal_tim_ex.c **** 
 2503              		.loc 1 1057 5 discriminator 5 view .LVU734
1060:Drivers/STM32L4xx_HAL_Driver/Src/stm32l4xx_hal_tim_ex.c ****   }
 2504              		.loc 1 1060 5 view .LVU735
 2505 006c B5B9     		cbnz	r5, .L198
1060:Drivers/STM32L4xx_HAL_Driver/Src/stm32l4xx_hal_tim_ex.c ****   }
 2506              		.loc 1 1060 5 is_stmt 0 discriminator 1 view .LVU736
 2507 006e 0123     		movs	r3, #1
 2508 0070 84F84430 		strb	r3, [r4, #68]
 2509 0074 0020     		movs	r0, #0
 2510              	.L194:
 2511              	.LVL167:
1064:Drivers/STM32L4xx_HAL_Driver/Src/stm32l4xx_hal_tim_ex.c **** }
 2512              		.loc 1 1064 3 is_stmt 1 view .LVU737
1065:Drivers/STM32L4xx_HAL_Driver/Src/stm32l4xx_hal_tim_ex.c **** 
 2513              		.loc 1 1065 1 is_stmt 0 view .LVU738
 2514 0076 38BD     		pop	{r3, r4, r5, pc}
 2515              	.LVL168:
 2516              	.L192:
1030:Drivers/STM32L4xx_HAL_Driver/Src/stm32l4xx_hal_tim_ex.c ****       (void)HAL_DMA_Abort_IT(htim->hdma[TIM_DMA_ID_CC2]);
 2517              		.loc 1 1030 7 is_stmt 1 view .LVU739
 2518 0078 0268     		ldr	r2, [r0]
 2519 007a D368     		ldr	r3, [r2, #12]
 2520 007c 23F48063 		bic	r3, r3, #1024
 2521 0080 D360     		str	r3, [r2, #12]
1031:Drivers/STM32L4xx_HAL_Driver/Src/stm32l4xx_hal_tim_ex.c ****       break;
 2522              		.loc 1 1031 7 view .LVU740
1031:Drivers/STM32L4xx_HAL_Driver/Src/stm32l4xx_hal_tim_ex.c ****       break;
 2523              		.loc 1 1031 13 is_stmt 0 view .LVU741
 2524 0082 806A     		ldr	r0, [r0, #40]
 2525              	.LVL169:
1031:Drivers/STM32L4xx_HAL_Driver/Src/stm32l4xx_hal_tim_ex.c ****       break;
 2526              		.loc 1 1031 13 view .LVU742
 2527 0084 FFF7FEFF 		bl	HAL_DMA_Abort_IT
 2528              	.LVL170:
1032:Drivers/STM32L4xx_HAL_Driver/Src/stm32l4xx_hal_tim_ex.c ****     }
 2529              		.loc 1 1032 7 is_stmt 1 view .LVU743
1048:Drivers/STM32L4xx_HAL_Driver/Src/stm32l4xx_hal_tim_ex.c ****   {
 2530              		.loc 1 1048 3 view .LVU744
 2531 0088 CBE7     		b	.L195
 2532              	.LVL171:
 2533              	.L193:
1038:Drivers/STM32L4xx_HAL_Driver/Src/stm32l4xx_hal_tim_ex.c ****       (void)HAL_DMA_Abort_IT(htim->hdma[TIM_DMA_ID_CC3]);
 2534              		.loc 1 1038 7 view .LVU745
ARM GAS  C:\Users\kerry\AppData\Local\Temp\ccWnk0Ym.s 			page 107


 2535 008a 0268     		ldr	r2, [r0]
 2536 008c D368     		ldr	r3, [r2, #12]
 2537 008e 23F40063 		bic	r3, r3, #2048
 2538 0092 D360     		str	r3, [r2, #12]
1039:Drivers/STM32L4xx_HAL_Driver/Src/stm32l4xx_hal_tim_ex.c ****       break;
 2539              		.loc 1 1039 7 view .LVU746
1039:Drivers/STM32L4xx_HAL_Driver/Src/stm32l4xx_hal_tim_ex.c ****       break;
 2540              		.loc 1 1039 13 is_stmt 0 view .LVU747
 2541 0094 C06A     		ldr	r0, [r0, #44]
 2542              	.LVL172:
1039:Drivers/STM32L4xx_HAL_Driver/Src/stm32l4xx_hal_tim_ex.c ****       break;
 2543              		.loc 1 1039 13 view .LVU748
 2544 0096 FFF7FEFF 		bl	HAL_DMA_Abort_IT
 2545              	.LVL173:
1040:Drivers/STM32L4xx_HAL_Driver/Src/stm32l4xx_hal_tim_ex.c ****     }
 2546              		.loc 1 1040 7 is_stmt 1 view .LVU749
1048:Drivers/STM32L4xx_HAL_Driver/Src/stm32l4xx_hal_tim_ex.c ****   {
 2547              		.loc 1 1048 3 view .LVU750
 2548 009a C2E7     		b	.L195
 2549              	.L198:
1060:Drivers/STM32L4xx_HAL_Driver/Src/stm32l4xx_hal_tim_ex.c ****   }
 2550              		.loc 1 1060 5 is_stmt 0 discriminator 2 view .LVU751
 2551 009c 042D     		cmp	r5, #4
 2552 009e 06D0     		beq	.L203
1060:Drivers/STM32L4xx_HAL_Driver/Src/stm32l4xx_hal_tim_ex.c ****   }
 2553              		.loc 1 1060 5 discriminator 4 view .LVU752
 2554 00a0 082D     		cmp	r5, #8
 2555 00a2 09D0     		beq	.L204
1060:Drivers/STM32L4xx_HAL_Driver/Src/stm32l4xx_hal_tim_ex.c ****   }
 2556              		.loc 1 1060 5 discriminator 7 view .LVU753
 2557 00a4 0123     		movs	r3, #1
 2558 00a6 84F84730 		strb	r3, [r4, #71]
 2559 00aa 0020     		movs	r0, #0
 2560 00ac E3E7     		b	.L194
 2561              	.L203:
1060:Drivers/STM32L4xx_HAL_Driver/Src/stm32l4xx_hal_tim_ex.c ****   }
 2562              		.loc 1 1060 5 discriminator 3 view .LVU754
 2563 00ae 0123     		movs	r3, #1
 2564 00b0 84F84530 		strb	r3, [r4, #69]
 2565 00b4 0020     		movs	r0, #0
 2566 00b6 DEE7     		b	.L194
 2567              	.L204:
1060:Drivers/STM32L4xx_HAL_Driver/Src/stm32l4xx_hal_tim_ex.c ****   }
 2568              		.loc 1 1060 5 discriminator 6 view .LVU755
 2569 00b8 0123     		movs	r3, #1
 2570 00ba 84F84630 		strb	r3, [r4, #70]
 2571 00be 0020     		movs	r0, #0
 2572 00c0 D9E7     		b	.L194
 2573              	.LVL174:
 2574              	.L201:
1017:Drivers/STM32L4xx_HAL_Driver/Src/stm32l4xx_hal_tim_ex.c ****   {
 2575              		.loc 1 1017 3 view .LVU756
 2576 00c2 0120     		movs	r0, #1
 2577              	.LVL175:
1017:Drivers/STM32L4xx_HAL_Driver/Src/stm32l4xx_hal_tim_ex.c ****   {
 2578              		.loc 1 1017 3 view .LVU757
 2579 00c4 D7E7     		b	.L194
ARM GAS  C:\Users\kerry\AppData\Local\Temp\ccWnk0Ym.s 			page 108


 2580              		.cfi_endproc
 2581              	.LFE399:
 2583              		.section	.text.HAL_TIMEx_PWMN_Start,"ax",%progbits
 2584              		.align	1
 2585              		.global	HAL_TIMEx_PWMN_Start
 2586              		.syntax unified
 2587              		.thumb
 2588              		.thumb_func
 2590              	HAL_TIMEx_PWMN_Start:
 2591              	.LVL176:
 2592              	.LFB400:
1101:Drivers/STM32L4xx_HAL_Driver/Src/stm32l4xx_hal_tim_ex.c ****   uint32_t tmpsmcr;
 2593              		.loc 1 1101 1 is_stmt 1 view -0
 2594              		.cfi_startproc
 2595              		@ args = 0, pretend = 0, frame = 0
 2596              		@ frame_needed = 0, uses_anonymous_args = 0
1101:Drivers/STM32L4xx_HAL_Driver/Src/stm32l4xx_hal_tim_ex.c ****   uint32_t tmpsmcr;
 2597              		.loc 1 1101 1 is_stmt 0 view .LVU759
 2598 0000 10B5     		push	{r4, lr}
 2599              	.LCFI20:
 2600              		.cfi_def_cfa_offset 8
 2601              		.cfi_offset 4, -8
 2602              		.cfi_offset 14, -4
 2603 0002 0446     		mov	r4, r0
1102:Drivers/STM32L4xx_HAL_Driver/Src/stm32l4xx_hal_tim_ex.c **** 
 2604              		.loc 1 1102 3 is_stmt 1 view .LVU760
1105:Drivers/STM32L4xx_HAL_Driver/Src/stm32l4xx_hal_tim_ex.c **** 
 2605              		.loc 1 1105 3 view .LVU761
1108:Drivers/STM32L4xx_HAL_Driver/Src/stm32l4xx_hal_tim_ex.c ****   {
 2606              		.loc 1 1108 3 view .LVU762
1108:Drivers/STM32L4xx_HAL_Driver/Src/stm32l4xx_hal_tim_ex.c ****   {
 2607              		.loc 1 1108 46 is_stmt 0 view .LVU763
 2608 0004 0846     		mov	r0, r1
 2609              	.LVL177:
1108:Drivers/STM32L4xx_HAL_Driver/Src/stm32l4xx_hal_tim_ex.c ****   {
 2610              		.loc 1 1108 46 view .LVU764
 2611 0006 31BB     		cbnz	r1, .L206
1108:Drivers/STM32L4xx_HAL_Driver/Src/stm32l4xx_hal_tim_ex.c ****   {
 2612              		.loc 1 1108 7 discriminator 1 view .LVU765
 2613 0008 94F84430 		ldrb	r3, [r4, #68]	@ zero_extendqisi2
1108:Drivers/STM32L4xx_HAL_Driver/Src/stm32l4xx_hal_tim_ex.c ****   {
 2614              		.loc 1 1108 46 discriminator 1 view .LVU766
 2615 000c 013B     		subs	r3, r3, #1
 2616 000e 18BF     		it	ne
 2617 0010 0123     		movne	r3, #1
 2618              	.L207:
1108:Drivers/STM32L4xx_HAL_Driver/Src/stm32l4xx_hal_tim_ex.c ****   {
 2619              		.loc 1 1108 6 discriminator 12 view .LVU767
 2620 0012 002B     		cmp	r3, #0
 2621 0014 53D1     		bne	.L217
1114:Drivers/STM32L4xx_HAL_Driver/Src/stm32l4xx_hal_tim_ex.c **** 
 2622              		.loc 1 1114 3 is_stmt 1 view .LVU768
 2623 0016 0028     		cmp	r0, #0
 2624 0018 33D1     		bne	.L211
1114:Drivers/STM32L4xx_HAL_Driver/Src/stm32l4xx_hal_tim_ex.c **** 
 2625              		.loc 1 1114 3 is_stmt 0 discriminator 1 view .LVU769
 2626 001a 0223     		movs	r3, #2
ARM GAS  C:\Users\kerry\AppData\Local\Temp\ccWnk0Ym.s 			page 109


 2627 001c 84F84430 		strb	r3, [r4, #68]
 2628              	.L212:
1117:Drivers/STM32L4xx_HAL_Driver/Src/stm32l4xx_hal_tim_ex.c **** 
 2629              		.loc 1 1117 3 is_stmt 1 view .LVU770
 2630 0020 0422     		movs	r2, #4
 2631 0022 0146     		mov	r1, r0
 2632              	.LVL178:
1117:Drivers/STM32L4xx_HAL_Driver/Src/stm32l4xx_hal_tim_ex.c **** 
 2633              		.loc 1 1117 3 is_stmt 0 view .LVU771
 2634 0024 2068     		ldr	r0, [r4]
 2635              	.LVL179:
1117:Drivers/STM32L4xx_HAL_Driver/Src/stm32l4xx_hal_tim_ex.c **** 
 2636              		.loc 1 1117 3 view .LVU772
 2637 0026 FFF7FEFF 		bl	TIM_CCxNChannelCmd
 2638              	.LVL180:
1120:Drivers/STM32L4xx_HAL_Driver/Src/stm32l4xx_hal_tim_ex.c **** 
 2639              		.loc 1 1120 3 is_stmt 1 view .LVU773
 2640 002a 2268     		ldr	r2, [r4]
 2641 002c 536C     		ldr	r3, [r2, #68]
 2642 002e 43F40043 		orr	r3, r3, #32768
 2643 0032 5364     		str	r3, [r2, #68]
1123:Drivers/STM32L4xx_HAL_Driver/Src/stm32l4xx_hal_tim_ex.c ****   {
 2644              		.loc 1 1123 3 view .LVU774
1123:Drivers/STM32L4xx_HAL_Driver/Src/stm32l4xx_hal_tim_ex.c ****   {
 2645              		.loc 1 1123 7 is_stmt 0 view .LVU775
 2646 0034 2368     		ldr	r3, [r4]
1123:Drivers/STM32L4xx_HAL_Driver/Src/stm32l4xx_hal_tim_ex.c ****   {
 2647              		.loc 1 1123 6 view .LVU776
 2648 0036 254A     		ldr	r2, .L225
 2649 0038 9342     		cmp	r3, r2
 2650 003a 32D0     		beq	.L215
1123:Drivers/STM32L4xx_HAL_Driver/Src/stm32l4xx_hal_tim_ex.c ****   {
 2651              		.loc 1 1123 7 discriminator 1 view .LVU777
 2652 003c B3F1804F 		cmp	r3, #1073741824
 2653 0040 2FD0     		beq	.L215
1123:Drivers/STM32L4xx_HAL_Driver/Src/stm32l4xx_hal_tim_ex.c ****   {
 2654              		.loc 1 1123 7 discriminator 2 view .LVU778
 2655 0042 02F5A052 		add	r2, r2, #5120
 2656 0046 9342     		cmp	r3, r2
 2657 0048 2BD0     		beq	.L215
1133:Drivers/STM32L4xx_HAL_Driver/Src/stm32l4xx_hal_tim_ex.c ****   }
 2658              		.loc 1 1133 5 is_stmt 1 view .LVU779
 2659 004a 1A68     		ldr	r2, [r3]
 2660 004c 42F00102 		orr	r2, r2, #1
 2661 0050 1A60     		str	r2, [r3]
1137:Drivers/STM32L4xx_HAL_Driver/Src/stm32l4xx_hal_tim_ex.c **** }
 2662              		.loc 1 1137 10 is_stmt 0 view .LVU780
 2663 0052 0020     		movs	r0, #0
 2664 0054 34E0     		b	.L210
 2665              	.LVL181:
 2666              	.L206:
1108:Drivers/STM32L4xx_HAL_Driver/Src/stm32l4xx_hal_tim_ex.c ****   {
 2667              		.loc 1 1108 46 discriminator 2 view .LVU781
 2668 0056 0429     		cmp	r1, #4
 2669 0058 07D0     		beq	.L221
1108:Drivers/STM32L4xx_HAL_Driver/Src/stm32l4xx_hal_tim_ex.c ****   {
 2670              		.loc 1 1108 46 discriminator 5 view .LVU782
ARM GAS  C:\Users\kerry\AppData\Local\Temp\ccWnk0Ym.s 			page 110


 2671 005a 0829     		cmp	r1, #8
 2672 005c 0BD0     		beq	.L222
1108:Drivers/STM32L4xx_HAL_Driver/Src/stm32l4xx_hal_tim_ex.c ****   {
 2673              		.loc 1 1108 7 discriminator 8 view .LVU783
 2674 005e 94F84730 		ldrb	r3, [r4, #71]	@ zero_extendqisi2
1108:Drivers/STM32L4xx_HAL_Driver/Src/stm32l4xx_hal_tim_ex.c ****   {
 2675              		.loc 1 1108 46 discriminator 8 view .LVU784
 2676 0062 013B     		subs	r3, r3, #1
 2677 0064 18BF     		it	ne
 2678 0066 0123     		movne	r3, #1
 2679 0068 D3E7     		b	.L207
 2680              	.L221:
1108:Drivers/STM32L4xx_HAL_Driver/Src/stm32l4xx_hal_tim_ex.c ****   {
 2681              		.loc 1 1108 7 discriminator 4 view .LVU785
 2682 006a 94F84530 		ldrb	r3, [r4, #69]	@ zero_extendqisi2
1108:Drivers/STM32L4xx_HAL_Driver/Src/stm32l4xx_hal_tim_ex.c ****   {
 2683              		.loc 1 1108 46 discriminator 4 view .LVU786
 2684 006e 013B     		subs	r3, r3, #1
 2685 0070 18BF     		it	ne
 2686 0072 0123     		movne	r3, #1
 2687 0074 CDE7     		b	.L207
 2688              	.L222:
1108:Drivers/STM32L4xx_HAL_Driver/Src/stm32l4xx_hal_tim_ex.c ****   {
 2689              		.loc 1 1108 7 discriminator 7 view .LVU787
 2690 0076 94F84630 		ldrb	r3, [r4, #70]	@ zero_extendqisi2
1108:Drivers/STM32L4xx_HAL_Driver/Src/stm32l4xx_hal_tim_ex.c ****   {
 2691              		.loc 1 1108 46 discriminator 7 view .LVU788
 2692 007a 013B     		subs	r3, r3, #1
 2693 007c 18BF     		it	ne
 2694 007e 0123     		movne	r3, #1
 2695 0080 C7E7     		b	.L207
 2696              	.L211:
1114:Drivers/STM32L4xx_HAL_Driver/Src/stm32l4xx_hal_tim_ex.c **** 
 2697              		.loc 1 1114 3 discriminator 2 view .LVU789
 2698 0082 0428     		cmp	r0, #4
 2699 0084 05D0     		beq	.L223
1114:Drivers/STM32L4xx_HAL_Driver/Src/stm32l4xx_hal_tim_ex.c **** 
 2700              		.loc 1 1114 3 discriminator 4 view .LVU790
 2701 0086 0828     		cmp	r0, #8
 2702 0088 07D0     		beq	.L224
1114:Drivers/STM32L4xx_HAL_Driver/Src/stm32l4xx_hal_tim_ex.c **** 
 2703              		.loc 1 1114 3 discriminator 7 view .LVU791
 2704 008a 0223     		movs	r3, #2
 2705 008c 84F84730 		strb	r3, [r4, #71]
 2706 0090 C6E7     		b	.L212
 2707              	.L223:
1114:Drivers/STM32L4xx_HAL_Driver/Src/stm32l4xx_hal_tim_ex.c **** 
 2708              		.loc 1 1114 3 discriminator 3 view .LVU792
 2709 0092 0223     		movs	r3, #2
 2710 0094 84F84530 		strb	r3, [r4, #69]
 2711 0098 C2E7     		b	.L212
 2712              	.L224:
1114:Drivers/STM32L4xx_HAL_Driver/Src/stm32l4xx_hal_tim_ex.c **** 
 2713              		.loc 1 1114 3 discriminator 6 view .LVU793
 2714 009a 0223     		movs	r3, #2
 2715 009c 84F84630 		strb	r3, [r4, #70]
 2716 00a0 BEE7     		b	.L212
ARM GAS  C:\Users\kerry\AppData\Local\Temp\ccWnk0Ym.s 			page 111


 2717              	.LVL182:
 2718              	.L215:
1125:Drivers/STM32L4xx_HAL_Driver/Src/stm32l4xx_hal_tim_ex.c ****     if (!IS_TIM_SLAVEMODE_TRIGGER_ENABLED(tmpsmcr))
 2719              		.loc 1 1125 5 is_stmt 1 view .LVU794
1125:Drivers/STM32L4xx_HAL_Driver/Src/stm32l4xx_hal_tim_ex.c ****     if (!IS_TIM_SLAVEMODE_TRIGGER_ENABLED(tmpsmcr))
 2720              		.loc 1 1125 29 is_stmt 0 view .LVU795
 2721 00a2 9968     		ldr	r1, [r3, #8]
1125:Drivers/STM32L4xx_HAL_Driver/Src/stm32l4xx_hal_tim_ex.c ****     if (!IS_TIM_SLAVEMODE_TRIGGER_ENABLED(tmpsmcr))
 2722              		.loc 1 1125 13 view .LVU796
 2723 00a4 0A4A     		ldr	r2, .L225+4
 2724 00a6 0A40     		ands	r2, r2, r1
 2725              	.LVL183:
1126:Drivers/STM32L4xx_HAL_Driver/Src/stm32l4xx_hal_tim_ex.c ****     {
 2726              		.loc 1 1126 5 is_stmt 1 view .LVU797
1126:Drivers/STM32L4xx_HAL_Driver/Src/stm32l4xx_hal_tim_ex.c ****     {
 2727              		.loc 1 1126 8 is_stmt 0 view .LVU798
 2728 00a8 062A     		cmp	r2, #6
 2729 00aa 0AD0     		beq	.L218
1126:Drivers/STM32L4xx_HAL_Driver/Src/stm32l4xx_hal_tim_ex.c ****     {
 2730              		.loc 1 1126 9 discriminator 1 view .LVU799
 2731 00ac B2F5803F 		cmp	r2, #65536
 2732 00b0 09D0     		beq	.L219
1128:Drivers/STM32L4xx_HAL_Driver/Src/stm32l4xx_hal_tim_ex.c ****     }
 2733              		.loc 1 1128 7 is_stmt 1 view .LVU800
 2734 00b2 1A68     		ldr	r2, [r3]
 2735              	.LVL184:
1128:Drivers/STM32L4xx_HAL_Driver/Src/stm32l4xx_hal_tim_ex.c ****     }
 2736              		.loc 1 1128 7 is_stmt 0 view .LVU801
 2737 00b4 42F00102 		orr	r2, r2, #1
 2738 00b8 1A60     		str	r2, [r3]
1137:Drivers/STM32L4xx_HAL_Driver/Src/stm32l4xx_hal_tim_ex.c **** }
 2739              		.loc 1 1137 10 view .LVU802
 2740 00ba 0020     		movs	r0, #0
 2741 00bc 00E0     		b	.L210
 2742              	.LVL185:
 2743              	.L217:
1110:Drivers/STM32L4xx_HAL_Driver/Src/stm32l4xx_hal_tim_ex.c ****   }
 2744              		.loc 1 1110 12 view .LVU803
 2745 00be 0120     		movs	r0, #1
 2746              	.LVL186:
 2747              	.L210:
1138:Drivers/STM32L4xx_HAL_Driver/Src/stm32l4xx_hal_tim_ex.c **** 
 2748              		.loc 1 1138 1 view .LVU804
 2749 00c0 10BD     		pop	{r4, pc}
 2750              	.LVL187:
 2751              	.L218:
1137:Drivers/STM32L4xx_HAL_Driver/Src/stm32l4xx_hal_tim_ex.c **** }
 2752              		.loc 1 1137 10 view .LVU805
 2753 00c2 0020     		movs	r0, #0
 2754 00c4 FCE7     		b	.L210
 2755              	.L219:
 2756 00c6 0020     		movs	r0, #0
 2757 00c8 FAE7     		b	.L210
 2758              	.L226:
 2759 00ca 00BF     		.align	2
 2760              	.L225:
 2761 00cc 002C0140 		.word	1073818624
ARM GAS  C:\Users\kerry\AppData\Local\Temp\ccWnk0Ym.s 			page 112


 2762 00d0 07000100 		.word	65543
 2763              		.cfi_endproc
 2764              	.LFE400:
 2766              		.section	.text.HAL_TIMEx_PWMN_Stop,"ax",%progbits
 2767              		.align	1
 2768              		.global	HAL_TIMEx_PWMN_Stop
 2769              		.syntax unified
 2770              		.thumb
 2771              		.thumb_func
 2773              	HAL_TIMEx_PWMN_Stop:
 2774              	.LVL188:
 2775              	.LFB401:
1151:Drivers/STM32L4xx_HAL_Driver/Src/stm32l4xx_hal_tim_ex.c ****   /* Check the parameters */
 2776              		.loc 1 1151 1 is_stmt 1 view -0
 2777              		.cfi_startproc
 2778              		@ args = 0, pretend = 0, frame = 0
 2779              		@ frame_needed = 0, uses_anonymous_args = 0
1151:Drivers/STM32L4xx_HAL_Driver/Src/stm32l4xx_hal_tim_ex.c ****   /* Check the parameters */
 2780              		.loc 1 1151 1 is_stmt 0 view .LVU807
 2781 0000 38B5     		push	{r3, r4, r5, lr}
 2782              	.LCFI21:
 2783              		.cfi_def_cfa_offset 16
 2784              		.cfi_offset 3, -16
 2785              		.cfi_offset 4, -12
 2786              		.cfi_offset 5, -8
 2787              		.cfi_offset 14, -4
 2788 0002 0446     		mov	r4, r0
 2789 0004 0D46     		mov	r5, r1
1153:Drivers/STM32L4xx_HAL_Driver/Src/stm32l4xx_hal_tim_ex.c **** 
 2790              		.loc 1 1153 3 is_stmt 1 view .LVU808
1156:Drivers/STM32L4xx_HAL_Driver/Src/stm32l4xx_hal_tim_ex.c **** 
 2791              		.loc 1 1156 3 view .LVU809
 2792 0006 0022     		movs	r2, #0
 2793 0008 0068     		ldr	r0, [r0]
 2794              	.LVL189:
1156:Drivers/STM32L4xx_HAL_Driver/Src/stm32l4xx_hal_tim_ex.c **** 
 2795              		.loc 1 1156 3 is_stmt 0 view .LVU810
 2796 000a FFF7FEFF 		bl	TIM_CCxNChannelCmd
 2797              	.LVL190:
1159:Drivers/STM32L4xx_HAL_Driver/Src/stm32l4xx_hal_tim_ex.c **** 
 2798              		.loc 1 1159 3 is_stmt 1 view .LVU811
1159:Drivers/STM32L4xx_HAL_Driver/Src/stm32l4xx_hal_tim_ex.c **** 
 2799              		.loc 1 1159 3 view .LVU812
 2800 000e 2268     		ldr	r2, [r4]
 2801 0010 136A     		ldr	r3, [r2, #32]
 2802 0012 03F01133 		and	r3, r3, #286331153
 2803 0016 23F08853 		bic	r3, r3, #285212672
 2804 001a 43B9     		cbnz	r3, .L228
1159:Drivers/STM32L4xx_HAL_Driver/Src/stm32l4xx_hal_tim_ex.c **** 
 2805              		.loc 1 1159 3 discriminator 1 view .LVU813
 2806 001c 116A     		ldr	r1, [r2, #32]
 2807 001e 40F24443 		movw	r3, #1092
 2808 0022 1942     		tst	r1, r3
 2809 0024 03D1     		bne	.L228
1159:Drivers/STM32L4xx_HAL_Driver/Src/stm32l4xx_hal_tim_ex.c **** 
 2810              		.loc 1 1159 3 discriminator 3 view .LVU814
 2811 0026 536C     		ldr	r3, [r2, #68]
ARM GAS  C:\Users\kerry\AppData\Local\Temp\ccWnk0Ym.s 			page 113


 2812 0028 23F40043 		bic	r3, r3, #32768
 2813 002c 5364     		str	r3, [r2, #68]
 2814              	.L228:
1159:Drivers/STM32L4xx_HAL_Driver/Src/stm32l4xx_hal_tim_ex.c **** 
 2815              		.loc 1 1159 3 discriminator 5 view .LVU815
1162:Drivers/STM32L4xx_HAL_Driver/Src/stm32l4xx_hal_tim_ex.c **** 
 2816              		.loc 1 1162 3 view .LVU816
1162:Drivers/STM32L4xx_HAL_Driver/Src/stm32l4xx_hal_tim_ex.c **** 
 2817              		.loc 1 1162 3 view .LVU817
 2818 002e 2268     		ldr	r2, [r4]
 2819 0030 136A     		ldr	r3, [r2, #32]
 2820 0032 03F01133 		and	r3, r3, #286331153
 2821 0036 23F08853 		bic	r3, r3, #285212672
 2822 003a 43B9     		cbnz	r3, .L229
1162:Drivers/STM32L4xx_HAL_Driver/Src/stm32l4xx_hal_tim_ex.c **** 
 2823              		.loc 1 1162 3 discriminator 1 view .LVU818
 2824 003c 116A     		ldr	r1, [r2, #32]
 2825 003e 40F24443 		movw	r3, #1092
 2826 0042 1942     		tst	r1, r3
 2827 0044 03D1     		bne	.L229
1162:Drivers/STM32L4xx_HAL_Driver/Src/stm32l4xx_hal_tim_ex.c **** 
 2828              		.loc 1 1162 3 discriminator 3 view .LVU819
 2829 0046 1368     		ldr	r3, [r2]
 2830 0048 23F00103 		bic	r3, r3, #1
 2831 004c 1360     		str	r3, [r2]
 2832              	.L229:
1162:Drivers/STM32L4xx_HAL_Driver/Src/stm32l4xx_hal_tim_ex.c **** 
 2833              		.loc 1 1162 3 discriminator 5 view .LVU820
1165:Drivers/STM32L4xx_HAL_Driver/Src/stm32l4xx_hal_tim_ex.c **** 
 2834              		.loc 1 1165 3 view .LVU821
 2835 004e 25B9     		cbnz	r5, .L230
1165:Drivers/STM32L4xx_HAL_Driver/Src/stm32l4xx_hal_tim_ex.c **** 
 2836              		.loc 1 1165 3 is_stmt 0 discriminator 1 view .LVU822
 2837 0050 0123     		movs	r3, #1
 2838 0052 84F84430 		strb	r3, [r4, #68]
 2839              	.L231:
1168:Drivers/STM32L4xx_HAL_Driver/Src/stm32l4xx_hal_tim_ex.c **** }
 2840              		.loc 1 1168 3 is_stmt 1 view .LVU823
1169:Drivers/STM32L4xx_HAL_Driver/Src/stm32l4xx_hal_tim_ex.c **** 
 2841              		.loc 1 1169 1 is_stmt 0 view .LVU824
 2842 0056 0020     		movs	r0, #0
 2843 0058 38BD     		pop	{r3, r4, r5, pc}
 2844              	.LVL191:
 2845              	.L230:
1165:Drivers/STM32L4xx_HAL_Driver/Src/stm32l4xx_hal_tim_ex.c **** 
 2846              		.loc 1 1165 3 discriminator 2 view .LVU825
 2847 005a 042D     		cmp	r5, #4
 2848 005c 05D0     		beq	.L235
1165:Drivers/STM32L4xx_HAL_Driver/Src/stm32l4xx_hal_tim_ex.c **** 
 2849              		.loc 1 1165 3 discriminator 4 view .LVU826
 2850 005e 082D     		cmp	r5, #8
 2851 0060 07D0     		beq	.L236
1165:Drivers/STM32L4xx_HAL_Driver/Src/stm32l4xx_hal_tim_ex.c **** 
 2852              		.loc 1 1165 3 discriminator 7 view .LVU827
 2853 0062 0123     		movs	r3, #1
 2854 0064 84F84730 		strb	r3, [r4, #71]
 2855 0068 F5E7     		b	.L231
ARM GAS  C:\Users\kerry\AppData\Local\Temp\ccWnk0Ym.s 			page 114


 2856              	.L235:
1165:Drivers/STM32L4xx_HAL_Driver/Src/stm32l4xx_hal_tim_ex.c **** 
 2857              		.loc 1 1165 3 discriminator 3 view .LVU828
 2858 006a 0123     		movs	r3, #1
 2859 006c 84F84530 		strb	r3, [r4, #69]
 2860 0070 F1E7     		b	.L231
 2861              	.L236:
1165:Drivers/STM32L4xx_HAL_Driver/Src/stm32l4xx_hal_tim_ex.c **** 
 2862              		.loc 1 1165 3 discriminator 6 view .LVU829
 2863 0072 0123     		movs	r3, #1
 2864 0074 84F84630 		strb	r3, [r4, #70]
 2865 0078 EDE7     		b	.L231
 2866              		.cfi_endproc
 2867              	.LFE401:
 2869              		.section	.text.HAL_TIMEx_PWMN_Start_IT,"ax",%progbits
 2870              		.align	1
 2871              		.global	HAL_TIMEx_PWMN_Start_IT
 2872              		.syntax unified
 2873              		.thumb
 2874              		.thumb_func
 2876              	HAL_TIMEx_PWMN_Start_IT:
 2877              	.LVL192:
 2878              	.LFB402:
1183:Drivers/STM32L4xx_HAL_Driver/Src/stm32l4xx_hal_tim_ex.c ****   HAL_StatusTypeDef status = HAL_OK;
 2879              		.loc 1 1183 1 is_stmt 1 view -0
 2880              		.cfi_startproc
 2881              		@ args = 0, pretend = 0, frame = 0
 2882              		@ frame_needed = 0, uses_anonymous_args = 0
1183:Drivers/STM32L4xx_HAL_Driver/Src/stm32l4xx_hal_tim_ex.c ****   HAL_StatusTypeDef status = HAL_OK;
 2883              		.loc 1 1183 1 is_stmt 0 view .LVU831
 2884 0000 10B5     		push	{r4, lr}
 2885              	.LCFI22:
 2886              		.cfi_def_cfa_offset 8
 2887              		.cfi_offset 4, -8
 2888              		.cfi_offset 14, -4
 2889 0002 0446     		mov	r4, r0
1184:Drivers/STM32L4xx_HAL_Driver/Src/stm32l4xx_hal_tim_ex.c ****   uint32_t tmpsmcr;
 2890              		.loc 1 1184 3 is_stmt 1 view .LVU832
 2891              	.LVL193:
1185:Drivers/STM32L4xx_HAL_Driver/Src/stm32l4xx_hal_tim_ex.c **** 
 2892              		.loc 1 1185 3 view .LVU833
1188:Drivers/STM32L4xx_HAL_Driver/Src/stm32l4xx_hal_tim_ex.c **** 
 2893              		.loc 1 1188 3 view .LVU834
1191:Drivers/STM32L4xx_HAL_Driver/Src/stm32l4xx_hal_tim_ex.c ****   {
 2894              		.loc 1 1191 3 view .LVU835
1191:Drivers/STM32L4xx_HAL_Driver/Src/stm32l4xx_hal_tim_ex.c ****   {
 2895              		.loc 1 1191 46 is_stmt 0 view .LVU836
 2896 0004 0846     		mov	r0, r1
 2897              	.LVL194:
1191:Drivers/STM32L4xx_HAL_Driver/Src/stm32l4xx_hal_tim_ex.c ****   {
 2898              		.loc 1 1191 46 view .LVU837
 2899 0006 0029     		cmp	r1, #0
 2900 0008 30D1     		bne	.L238
1191:Drivers/STM32L4xx_HAL_Driver/Src/stm32l4xx_hal_tim_ex.c ****   {
 2901              		.loc 1 1191 7 discriminator 1 view .LVU838
 2902 000a 94F84430 		ldrb	r3, [r4, #68]	@ zero_extendqisi2
1191:Drivers/STM32L4xx_HAL_Driver/Src/stm32l4xx_hal_tim_ex.c ****   {
ARM GAS  C:\Users\kerry\AppData\Local\Temp\ccWnk0Ym.s 			page 115


 2903              		.loc 1 1191 46 discriminator 1 view .LVU839
 2904 000e 013B     		subs	r3, r3, #1
 2905 0010 18BF     		it	ne
 2906 0012 0123     		movne	r3, #1
 2907              	.L239:
1191:Drivers/STM32L4xx_HAL_Driver/Src/stm32l4xx_hal_tim_ex.c ****   {
 2908              		.loc 1 1191 6 discriminator 12 view .LVU840
 2909 0014 002B     		cmp	r3, #0
 2910 0016 6ED1     		bne	.L252
1197:Drivers/STM32L4xx_HAL_Driver/Src/stm32l4xx_hal_tim_ex.c **** 
 2911              		.loc 1 1197 3 is_stmt 1 view .LVU841
 2912 0018 0028     		cmp	r0, #0
 2913 001a 3DD1     		bne	.L243
1197:Drivers/STM32L4xx_HAL_Driver/Src/stm32l4xx_hal_tim_ex.c **** 
 2914              		.loc 1 1197 3 is_stmt 0 discriminator 1 view .LVU842
 2915 001c 0223     		movs	r3, #2
 2916 001e 84F84430 		strb	r3, [r4, #68]
1199:Drivers/STM32L4xx_HAL_Driver/Src/stm32l4xx_hal_tim_ex.c ****   {
 2917              		.loc 1 1199 3 is_stmt 1 view .LVU843
 2918              	.L244:
1204:Drivers/STM32L4xx_HAL_Driver/Src/stm32l4xx_hal_tim_ex.c ****       break;
 2919              		.loc 1 1204 7 view .LVU844
 2920 0022 2268     		ldr	r2, [r4]
 2921 0024 D368     		ldr	r3, [r2, #12]
 2922 0026 43F00203 		orr	r3, r3, #2
 2923 002a D360     		str	r3, [r2, #12]
1205:Drivers/STM32L4xx_HAL_Driver/Src/stm32l4xx_hal_tim_ex.c ****     }
 2924              		.loc 1 1205 7 view .LVU845
1227:Drivers/STM32L4xx_HAL_Driver/Src/stm32l4xx_hal_tim_ex.c ****   {
 2925              		.loc 1 1227 3 view .LVU846
 2926              	.L249:
1230:Drivers/STM32L4xx_HAL_Driver/Src/stm32l4xx_hal_tim_ex.c **** 
 2927              		.loc 1 1230 5 view .LVU847
 2928 002c 2268     		ldr	r2, [r4]
 2929 002e D368     		ldr	r3, [r2, #12]
 2930 0030 43F08003 		orr	r3, r3, #128
 2931 0034 D360     		str	r3, [r2, #12]
1233:Drivers/STM32L4xx_HAL_Driver/Src/stm32l4xx_hal_tim_ex.c **** 
 2932              		.loc 1 1233 5 view .LVU848
 2933 0036 0422     		movs	r2, #4
 2934 0038 0146     		mov	r1, r0
 2935              	.LVL195:
1233:Drivers/STM32L4xx_HAL_Driver/Src/stm32l4xx_hal_tim_ex.c **** 
 2936              		.loc 1 1233 5 is_stmt 0 view .LVU849
 2937 003a 2068     		ldr	r0, [r4]
 2938              	.LVL196:
1233:Drivers/STM32L4xx_HAL_Driver/Src/stm32l4xx_hal_tim_ex.c **** 
 2939              		.loc 1 1233 5 view .LVU850
 2940 003c FFF7FEFF 		bl	TIM_CCxNChannelCmd
 2941              	.LVL197:
1236:Drivers/STM32L4xx_HAL_Driver/Src/stm32l4xx_hal_tim_ex.c **** 
 2942              		.loc 1 1236 5 is_stmt 1 view .LVU851
 2943 0040 2268     		ldr	r2, [r4]
 2944 0042 536C     		ldr	r3, [r2, #68]
 2945 0044 43F40043 		orr	r3, r3, #32768
 2946 0048 5364     		str	r3, [r2, #68]
1239:Drivers/STM32L4xx_HAL_Driver/Src/stm32l4xx_hal_tim_ex.c ****     {
ARM GAS  C:\Users\kerry\AppData\Local\Temp\ccWnk0Ym.s 			page 116


 2947              		.loc 1 1239 5 view .LVU852
1239:Drivers/STM32L4xx_HAL_Driver/Src/stm32l4xx_hal_tim_ex.c ****     {
 2948              		.loc 1 1239 9 is_stmt 0 view .LVU853
 2949 004a 2368     		ldr	r3, [r4]
1239:Drivers/STM32L4xx_HAL_Driver/Src/stm32l4xx_hal_tim_ex.c ****     {
 2950              		.loc 1 1239 8 view .LVU854
 2951 004c 2D4A     		ldr	r2, .L261
 2952 004e 9342     		cmp	r3, r2
 2953 0050 43D0     		beq	.L250
1239:Drivers/STM32L4xx_HAL_Driver/Src/stm32l4xx_hal_tim_ex.c ****     {
 2954              		.loc 1 1239 9 discriminator 1 view .LVU855
 2955 0052 B3F1804F 		cmp	r3, #1073741824
 2956 0056 40D0     		beq	.L250
1239:Drivers/STM32L4xx_HAL_Driver/Src/stm32l4xx_hal_tim_ex.c ****     {
 2957              		.loc 1 1239 9 discriminator 2 view .LVU856
 2958 0058 02F5A052 		add	r2, r2, #5120
 2959 005c 9342     		cmp	r3, r2
 2960 005e 3CD0     		beq	.L250
1249:Drivers/STM32L4xx_HAL_Driver/Src/stm32l4xx_hal_tim_ex.c ****     }
 2961              		.loc 1 1249 7 is_stmt 1 view .LVU857
 2962 0060 1A68     		ldr	r2, [r3]
 2963 0062 42F00102 		orr	r2, r2, #1
 2964 0066 1A60     		str	r2, [r3]
 2965 0068 0020     		movs	r0, #0
 2966 006a 45E0     		b	.L242
 2967              	.LVL198:
 2968              	.L238:
1191:Drivers/STM32L4xx_HAL_Driver/Src/stm32l4xx_hal_tim_ex.c ****   {
 2969              		.loc 1 1191 46 is_stmt 0 discriminator 2 view .LVU858
 2970 006c 0429     		cmp	r1, #4
 2971 006e 07D0     		beq	.L257
1191:Drivers/STM32L4xx_HAL_Driver/Src/stm32l4xx_hal_tim_ex.c ****   {
 2972              		.loc 1 1191 46 discriminator 5 view .LVU859
 2973 0070 0829     		cmp	r1, #8
 2974 0072 0BD0     		beq	.L258
1191:Drivers/STM32L4xx_HAL_Driver/Src/stm32l4xx_hal_tim_ex.c ****   {
 2975              		.loc 1 1191 7 discriminator 8 view .LVU860
 2976 0074 94F84730 		ldrb	r3, [r4, #71]	@ zero_extendqisi2
1191:Drivers/STM32L4xx_HAL_Driver/Src/stm32l4xx_hal_tim_ex.c ****   {
 2977              		.loc 1 1191 46 discriminator 8 view .LVU861
 2978 0078 013B     		subs	r3, r3, #1
 2979 007a 18BF     		it	ne
 2980 007c 0123     		movne	r3, #1
 2981 007e C9E7     		b	.L239
 2982              	.L257:
1191:Drivers/STM32L4xx_HAL_Driver/Src/stm32l4xx_hal_tim_ex.c ****   {
 2983              		.loc 1 1191 7 discriminator 4 view .LVU862
 2984 0080 94F84530 		ldrb	r3, [r4, #69]	@ zero_extendqisi2
1191:Drivers/STM32L4xx_HAL_Driver/Src/stm32l4xx_hal_tim_ex.c ****   {
 2985              		.loc 1 1191 46 discriminator 4 view .LVU863
 2986 0084 013B     		subs	r3, r3, #1
 2987 0086 18BF     		it	ne
 2988 0088 0123     		movne	r3, #1
 2989 008a C3E7     		b	.L239
 2990              	.L258:
1191:Drivers/STM32L4xx_HAL_Driver/Src/stm32l4xx_hal_tim_ex.c ****   {
 2991              		.loc 1 1191 7 discriminator 7 view .LVU864
ARM GAS  C:\Users\kerry\AppData\Local\Temp\ccWnk0Ym.s 			page 117


 2992 008c 94F84630 		ldrb	r3, [r4, #70]	@ zero_extendqisi2
1191:Drivers/STM32L4xx_HAL_Driver/Src/stm32l4xx_hal_tim_ex.c ****   {
 2993              		.loc 1 1191 46 discriminator 7 view .LVU865
 2994 0090 013B     		subs	r3, r3, #1
 2995 0092 18BF     		it	ne
 2996 0094 0123     		movne	r3, #1
 2997 0096 BDE7     		b	.L239
 2998              	.L243:
1197:Drivers/STM32L4xx_HAL_Driver/Src/stm32l4xx_hal_tim_ex.c **** 
 2999              		.loc 1 1197 3 discriminator 2 view .LVU866
 3000 0098 0428     		cmp	r0, #4
 3001 009a 0CD0     		beq	.L259
1197:Drivers/STM32L4xx_HAL_Driver/Src/stm32l4xx_hal_tim_ex.c **** 
 3002              		.loc 1 1197 3 discriminator 4 view .LVU867
 3003 009c 0828     		cmp	r0, #8
 3004 009e 13D0     		beq	.L260
1197:Drivers/STM32L4xx_HAL_Driver/Src/stm32l4xx_hal_tim_ex.c **** 
 3005              		.loc 1 1197 3 discriminator 7 view .LVU868
 3006 00a0 0223     		movs	r3, #2
 3007 00a2 84F84730 		strb	r3, [r4, #71]
1199:Drivers/STM32L4xx_HAL_Driver/Src/stm32l4xx_hal_tim_ex.c ****   {
 3008              		.loc 1 1199 3 is_stmt 1 view .LVU869
 3009 00a6 0428     		cmp	r0, #4
 3010 00a8 08D0     		beq	.L246
 3011 00aa 0828     		cmp	r0, #8
 3012 00ac 0FD0     		beq	.L248
 3013 00ae 0028     		cmp	r0, #0
 3014 00b0 B7D0     		beq	.L244
 3015 00b2 0120     		movs	r0, #1
 3016              	.LVL199:
1199:Drivers/STM32L4xx_HAL_Driver/Src/stm32l4xx_hal_tim_ex.c ****   {
 3017              		.loc 1 1199 3 is_stmt 0 view .LVU870
 3018 00b4 20E0     		b	.L242
 3019              	.LVL200:
 3020              	.L259:
1197:Drivers/STM32L4xx_HAL_Driver/Src/stm32l4xx_hal_tim_ex.c **** 
 3021              		.loc 1 1197 3 discriminator 3 view .LVU871
 3022 00b6 0223     		movs	r3, #2
 3023 00b8 84F84530 		strb	r3, [r4, #69]
1199:Drivers/STM32L4xx_HAL_Driver/Src/stm32l4xx_hal_tim_ex.c ****   {
 3024              		.loc 1 1199 3 is_stmt 1 view .LVU872
 3025              	.L246:
1211:Drivers/STM32L4xx_HAL_Driver/Src/stm32l4xx_hal_tim_ex.c ****       break;
 3026              		.loc 1 1211 7 view .LVU873
 3027 00bc 2268     		ldr	r2, [r4]
 3028 00be D368     		ldr	r3, [r2, #12]
 3029 00c0 43F00403 		orr	r3, r3, #4
 3030 00c4 D360     		str	r3, [r2, #12]
1212:Drivers/STM32L4xx_HAL_Driver/Src/stm32l4xx_hal_tim_ex.c ****     }
 3031              		.loc 1 1212 7 view .LVU874
1227:Drivers/STM32L4xx_HAL_Driver/Src/stm32l4xx_hal_tim_ex.c ****   {
 3032              		.loc 1 1227 3 view .LVU875
 3033 00c6 B1E7     		b	.L249
 3034              	.L260:
1197:Drivers/STM32L4xx_HAL_Driver/Src/stm32l4xx_hal_tim_ex.c **** 
 3035              		.loc 1 1197 3 is_stmt 0 discriminator 6 view .LVU876
 3036 00c8 0223     		movs	r3, #2
ARM GAS  C:\Users\kerry\AppData\Local\Temp\ccWnk0Ym.s 			page 118


 3037 00ca 84F84630 		strb	r3, [r4, #70]
1199:Drivers/STM32L4xx_HAL_Driver/Src/stm32l4xx_hal_tim_ex.c ****   {
 3038              		.loc 1 1199 3 is_stmt 1 view .LVU877
 3039              	.L248:
1218:Drivers/STM32L4xx_HAL_Driver/Src/stm32l4xx_hal_tim_ex.c ****       break;
 3040              		.loc 1 1218 7 view .LVU878
 3041 00ce 2268     		ldr	r2, [r4]
 3042 00d0 D368     		ldr	r3, [r2, #12]
 3043 00d2 43F00803 		orr	r3, r3, #8
 3044 00d6 D360     		str	r3, [r2, #12]
1219:Drivers/STM32L4xx_HAL_Driver/Src/stm32l4xx_hal_tim_ex.c ****     }
 3045              		.loc 1 1219 7 view .LVU879
1227:Drivers/STM32L4xx_HAL_Driver/Src/stm32l4xx_hal_tim_ex.c ****   {
 3046              		.loc 1 1227 3 view .LVU880
 3047 00d8 A8E7     		b	.L249
 3048              	.LVL201:
 3049              	.L250:
1241:Drivers/STM32L4xx_HAL_Driver/Src/stm32l4xx_hal_tim_ex.c ****       if (!IS_TIM_SLAVEMODE_TRIGGER_ENABLED(tmpsmcr))
 3050              		.loc 1 1241 7 view .LVU881
1241:Drivers/STM32L4xx_HAL_Driver/Src/stm32l4xx_hal_tim_ex.c ****       if (!IS_TIM_SLAVEMODE_TRIGGER_ENABLED(tmpsmcr))
 3051              		.loc 1 1241 31 is_stmt 0 view .LVU882
 3052 00da 9968     		ldr	r1, [r3, #8]
1241:Drivers/STM32L4xx_HAL_Driver/Src/stm32l4xx_hal_tim_ex.c ****       if (!IS_TIM_SLAVEMODE_TRIGGER_ENABLED(tmpsmcr))
 3053              		.loc 1 1241 15 view .LVU883
 3054 00dc 0A4A     		ldr	r2, .L261+4
 3055 00de 0A40     		ands	r2, r2, r1
 3056              	.LVL202:
1242:Drivers/STM32L4xx_HAL_Driver/Src/stm32l4xx_hal_tim_ex.c ****       {
 3057              		.loc 1 1242 7 is_stmt 1 view .LVU884
1242:Drivers/STM32L4xx_HAL_Driver/Src/stm32l4xx_hal_tim_ex.c ****       {
 3058              		.loc 1 1242 10 is_stmt 0 view .LVU885
 3059 00e0 062A     		cmp	r2, #6
 3060 00e2 0AD0     		beq	.L254
1242:Drivers/STM32L4xx_HAL_Driver/Src/stm32l4xx_hal_tim_ex.c ****       {
 3061              		.loc 1 1242 11 discriminator 1 view .LVU886
 3062 00e4 B2F5803F 		cmp	r2, #65536
 3063 00e8 09D0     		beq	.L255
1244:Drivers/STM32L4xx_HAL_Driver/Src/stm32l4xx_hal_tim_ex.c ****       }
 3064              		.loc 1 1244 9 is_stmt 1 view .LVU887
 3065 00ea 1A68     		ldr	r2, [r3]
 3066              	.LVL203:
1244:Drivers/STM32L4xx_HAL_Driver/Src/stm32l4xx_hal_tim_ex.c ****       }
 3067              		.loc 1 1244 9 is_stmt 0 view .LVU888
 3068 00ec 42F00102 		orr	r2, r2, #1
 3069 00f0 1A60     		str	r2, [r3]
 3070 00f2 0020     		movs	r0, #0
 3071 00f4 00E0     		b	.L242
 3072              	.LVL204:
 3073              	.L252:
1193:Drivers/STM32L4xx_HAL_Driver/Src/stm32l4xx_hal_tim_ex.c ****   }
 3074              		.loc 1 1193 12 view .LVU889
 3075 00f6 0120     		movs	r0, #1
 3076              	.LVL205:
 3077              	.L242:
1255:Drivers/STM32L4xx_HAL_Driver/Src/stm32l4xx_hal_tim_ex.c **** 
 3078              		.loc 1 1255 1 view .LVU890
 3079 00f8 10BD     		pop	{r4, pc}
ARM GAS  C:\Users\kerry\AppData\Local\Temp\ccWnk0Ym.s 			page 119


 3080              	.LVL206:
 3081              	.L254:
1255:Drivers/STM32L4xx_HAL_Driver/Src/stm32l4xx_hal_tim_ex.c **** 
 3082              		.loc 1 1255 1 view .LVU891
 3083 00fa 0020     		movs	r0, #0
 3084 00fc FCE7     		b	.L242
 3085              	.L255:
 3086 00fe 0020     		movs	r0, #0
 3087 0100 FAE7     		b	.L242
 3088              	.L262:
 3089 0102 00BF     		.align	2
 3090              	.L261:
 3091 0104 002C0140 		.word	1073818624
 3092 0108 07000100 		.word	65543
 3093              		.cfi_endproc
 3094              	.LFE402:
 3096              		.section	.text.HAL_TIMEx_PWMN_Stop_IT,"ax",%progbits
 3097              		.align	1
 3098              		.global	HAL_TIMEx_PWMN_Stop_IT
 3099              		.syntax unified
 3100              		.thumb
 3101              		.thumb_func
 3103              	HAL_TIMEx_PWMN_Stop_IT:
 3104              	.LVL207:
 3105              	.LFB403:
1269:Drivers/STM32L4xx_HAL_Driver/Src/stm32l4xx_hal_tim_ex.c ****   HAL_StatusTypeDef status = HAL_OK;
 3106              		.loc 1 1269 1 is_stmt 1 view -0
 3107              		.cfi_startproc
 3108              		@ args = 0, pretend = 0, frame = 0
 3109              		@ frame_needed = 0, uses_anonymous_args = 0
1269:Drivers/STM32L4xx_HAL_Driver/Src/stm32l4xx_hal_tim_ex.c ****   HAL_StatusTypeDef status = HAL_OK;
 3110              		.loc 1 1269 1 is_stmt 0 view .LVU893
 3111 0000 38B5     		push	{r3, r4, r5, lr}
 3112              	.LCFI23:
 3113              		.cfi_def_cfa_offset 16
 3114              		.cfi_offset 3, -16
 3115              		.cfi_offset 4, -12
 3116              		.cfi_offset 5, -8
 3117              		.cfi_offset 14, -4
 3118 0002 0446     		mov	r4, r0
 3119 0004 0D46     		mov	r5, r1
1270:Drivers/STM32L4xx_HAL_Driver/Src/stm32l4xx_hal_tim_ex.c ****   uint32_t tmpccer;
 3120              		.loc 1 1270 3 is_stmt 1 view .LVU894
 3121              	.LVL208:
1271:Drivers/STM32L4xx_HAL_Driver/Src/stm32l4xx_hal_tim_ex.c **** 
 3122              		.loc 1 1271 3 view .LVU895
1274:Drivers/STM32L4xx_HAL_Driver/Src/stm32l4xx_hal_tim_ex.c **** 
 3123              		.loc 1 1274 3 view .LVU896
1276:Drivers/STM32L4xx_HAL_Driver/Src/stm32l4xx_hal_tim_ex.c ****   {
 3124              		.loc 1 1276 3 view .LVU897
 3125 0006 0429     		cmp	r1, #4
 3126 0008 3DD0     		beq	.L264
 3127 000a 0829     		cmp	r1, #8
 3128 000c 41D0     		beq	.L265
 3129 000e 0029     		cmp	r1, #0
 3130 0010 58D1     		bne	.L274
1281:Drivers/STM32L4xx_HAL_Driver/Src/stm32l4xx_hal_tim_ex.c ****       break;
ARM GAS  C:\Users\kerry\AppData\Local\Temp\ccWnk0Ym.s 			page 120


 3131              		.loc 1 1281 7 view .LVU898
 3132 0012 0268     		ldr	r2, [r0]
 3133 0014 D368     		ldr	r3, [r2, #12]
 3134 0016 23F00203 		bic	r3, r3, #2
 3135 001a D360     		str	r3, [r2, #12]
1282:Drivers/STM32L4xx_HAL_Driver/Src/stm32l4xx_hal_tim_ex.c ****     }
 3136              		.loc 1 1282 7 view .LVU899
1304:Drivers/STM32L4xx_HAL_Driver/Src/stm32l4xx_hal_tim_ex.c ****   {
 3137              		.loc 1 1304 3 view .LVU900
 3138              	.L267:
1307:Drivers/STM32L4xx_HAL_Driver/Src/stm32l4xx_hal_tim_ex.c **** 
 3139              		.loc 1 1307 5 view .LVU901
 3140 001c 0022     		movs	r2, #0
 3141 001e 2946     		mov	r1, r5
 3142              	.LVL209:
1307:Drivers/STM32L4xx_HAL_Driver/Src/stm32l4xx_hal_tim_ex.c **** 
 3143              		.loc 1 1307 5 is_stmt 0 view .LVU902
 3144 0020 2068     		ldr	r0, [r4]
 3145              	.LVL210:
1307:Drivers/STM32L4xx_HAL_Driver/Src/stm32l4xx_hal_tim_ex.c **** 
 3146              		.loc 1 1307 5 view .LVU903
 3147 0022 FFF7FEFF 		bl	TIM_CCxNChannelCmd
 3148              	.LVL211:
1310:Drivers/STM32L4xx_HAL_Driver/Src/stm32l4xx_hal_tim_ex.c ****     if ((tmpccer & TIM_CCER_CCxNE_MASK) == (uint32_t)RESET)
 3149              		.loc 1 1310 5 is_stmt 1 view .LVU904
1310:Drivers/STM32L4xx_HAL_Driver/Src/stm32l4xx_hal_tim_ex.c ****     if ((tmpccer & TIM_CCER_CCxNE_MASK) == (uint32_t)RESET)
 3150              		.loc 1 1310 19 is_stmt 0 view .LVU905
 3151 0026 2368     		ldr	r3, [r4]
1310:Drivers/STM32L4xx_HAL_Driver/Src/stm32l4xx_hal_tim_ex.c ****     if ((tmpccer & TIM_CCER_CCxNE_MASK) == (uint32_t)RESET)
 3152              		.loc 1 1310 13 view .LVU906
 3153 0028 196A     		ldr	r1, [r3, #32]
 3154              	.LVL212:
1311:Drivers/STM32L4xx_HAL_Driver/Src/stm32l4xx_hal_tim_ex.c ****     {
 3155              		.loc 1 1311 5 is_stmt 1 view .LVU907
1311:Drivers/STM32L4xx_HAL_Driver/Src/stm32l4xx_hal_tim_ex.c ****     {
 3156              		.loc 1 1311 8 is_stmt 0 view .LVU908
 3157 002a 40F24442 		movw	r2, #1092
 3158 002e 1142     		tst	r1, r2
 3159 0030 03D1     		bne	.L268
1313:Drivers/STM32L4xx_HAL_Driver/Src/stm32l4xx_hal_tim_ex.c ****     }
 3160              		.loc 1 1313 7 is_stmt 1 view .LVU909
 3161 0032 DA68     		ldr	r2, [r3, #12]
 3162 0034 22F08002 		bic	r2, r2, #128
 3163 0038 DA60     		str	r2, [r3, #12]
 3164              	.L268:
1317:Drivers/STM32L4xx_HAL_Driver/Src/stm32l4xx_hal_tim_ex.c **** 
 3165              		.loc 1 1317 5 view .LVU910
1317:Drivers/STM32L4xx_HAL_Driver/Src/stm32l4xx_hal_tim_ex.c **** 
 3166              		.loc 1 1317 5 view .LVU911
 3167 003a 2268     		ldr	r2, [r4]
 3168 003c 136A     		ldr	r3, [r2, #32]
 3169 003e 03F01133 		and	r3, r3, #286331153
 3170 0042 23F08853 		bic	r3, r3, #285212672
 3171 0046 43B9     		cbnz	r3, .L269
1317:Drivers/STM32L4xx_HAL_Driver/Src/stm32l4xx_hal_tim_ex.c **** 
 3172              		.loc 1 1317 5 discriminator 1 view .LVU912
 3173 0048 116A     		ldr	r1, [r2, #32]
ARM GAS  C:\Users\kerry\AppData\Local\Temp\ccWnk0Ym.s 			page 121


 3174              	.LVL213:
1317:Drivers/STM32L4xx_HAL_Driver/Src/stm32l4xx_hal_tim_ex.c **** 
 3175              		.loc 1 1317 5 is_stmt 0 discriminator 1 view .LVU913
 3176 004a 40F24443 		movw	r3, #1092
 3177 004e 1942     		tst	r1, r3
 3178 0050 03D1     		bne	.L269
1317:Drivers/STM32L4xx_HAL_Driver/Src/stm32l4xx_hal_tim_ex.c **** 
 3179              		.loc 1 1317 5 is_stmt 1 discriminator 3 view .LVU914
 3180 0052 536C     		ldr	r3, [r2, #68]
 3181 0054 23F40043 		bic	r3, r3, #32768
 3182 0058 5364     		str	r3, [r2, #68]
 3183              	.L269:
1317:Drivers/STM32L4xx_HAL_Driver/Src/stm32l4xx_hal_tim_ex.c **** 
 3184              		.loc 1 1317 5 discriminator 5 view .LVU915
1320:Drivers/STM32L4xx_HAL_Driver/Src/stm32l4xx_hal_tim_ex.c **** 
 3185              		.loc 1 1320 5 view .LVU916
1320:Drivers/STM32L4xx_HAL_Driver/Src/stm32l4xx_hal_tim_ex.c **** 
 3186              		.loc 1 1320 5 view .LVU917
 3187 005a 2268     		ldr	r2, [r4]
 3188 005c 136A     		ldr	r3, [r2, #32]
 3189 005e 03F01133 		and	r3, r3, #286331153
 3190 0062 23F08853 		bic	r3, r3, #285212672
 3191 0066 43B9     		cbnz	r3, .L270
1320:Drivers/STM32L4xx_HAL_Driver/Src/stm32l4xx_hal_tim_ex.c **** 
 3192              		.loc 1 1320 5 discriminator 1 view .LVU918
 3193 0068 116A     		ldr	r1, [r2, #32]
 3194 006a 40F24443 		movw	r3, #1092
 3195 006e 1942     		tst	r1, r3
 3196 0070 03D1     		bne	.L270
1320:Drivers/STM32L4xx_HAL_Driver/Src/stm32l4xx_hal_tim_ex.c **** 
 3197              		.loc 1 1320 5 discriminator 3 view .LVU919
 3198 0072 1368     		ldr	r3, [r2]
 3199 0074 23F00103 		bic	r3, r3, #1
 3200 0078 1360     		str	r3, [r2]
 3201              	.L270:
1320:Drivers/STM32L4xx_HAL_Driver/Src/stm32l4xx_hal_tim_ex.c **** 
 3202              		.loc 1 1320 5 discriminator 5 view .LVU920
1323:Drivers/STM32L4xx_HAL_Driver/Src/stm32l4xx_hal_tim_ex.c ****   }
 3203              		.loc 1 1323 5 view .LVU921
 3204 007a 85B9     		cbnz	r5, .L271
1323:Drivers/STM32L4xx_HAL_Driver/Src/stm32l4xx_hal_tim_ex.c ****   }
 3205              		.loc 1 1323 5 is_stmt 0 discriminator 1 view .LVU922
 3206 007c 0123     		movs	r3, #1
 3207 007e 84F84430 		strb	r3, [r4, #68]
 3208 0082 0020     		movs	r0, #0
 3209              	.LVL214:
 3210              	.L266:
1327:Drivers/STM32L4xx_HAL_Driver/Src/stm32l4xx_hal_tim_ex.c **** }
 3211              		.loc 1 1327 3 is_stmt 1 view .LVU923
1328:Drivers/STM32L4xx_HAL_Driver/Src/stm32l4xx_hal_tim_ex.c **** 
 3212              		.loc 1 1328 1 is_stmt 0 view .LVU924
 3213 0084 38BD     		pop	{r3, r4, r5, pc}
 3214              	.LVL215:
 3215              	.L264:
1288:Drivers/STM32L4xx_HAL_Driver/Src/stm32l4xx_hal_tim_ex.c ****       break;
 3216              		.loc 1 1288 7 is_stmt 1 view .LVU925
 3217 0086 0268     		ldr	r2, [r0]
ARM GAS  C:\Users\kerry\AppData\Local\Temp\ccWnk0Ym.s 			page 122


 3218 0088 D368     		ldr	r3, [r2, #12]
 3219 008a 23F00403 		bic	r3, r3, #4
 3220 008e D360     		str	r3, [r2, #12]
1289:Drivers/STM32L4xx_HAL_Driver/Src/stm32l4xx_hal_tim_ex.c ****     }
 3221              		.loc 1 1289 7 view .LVU926
1304:Drivers/STM32L4xx_HAL_Driver/Src/stm32l4xx_hal_tim_ex.c ****   {
 3222              		.loc 1 1304 3 view .LVU927
 3223 0090 C4E7     		b	.L267
 3224              	.L265:
1295:Drivers/STM32L4xx_HAL_Driver/Src/stm32l4xx_hal_tim_ex.c ****       break;
 3225              		.loc 1 1295 7 view .LVU928
 3226 0092 0268     		ldr	r2, [r0]
 3227 0094 D368     		ldr	r3, [r2, #12]
 3228 0096 23F00803 		bic	r3, r3, #8
 3229 009a D360     		str	r3, [r2, #12]
1296:Drivers/STM32L4xx_HAL_Driver/Src/stm32l4xx_hal_tim_ex.c ****     }
 3230              		.loc 1 1296 7 view .LVU929
1304:Drivers/STM32L4xx_HAL_Driver/Src/stm32l4xx_hal_tim_ex.c ****   {
 3231              		.loc 1 1304 3 view .LVU930
 3232 009c BEE7     		b	.L267
 3233              	.LVL216:
 3234              	.L271:
1323:Drivers/STM32L4xx_HAL_Driver/Src/stm32l4xx_hal_tim_ex.c ****   }
 3235              		.loc 1 1323 5 is_stmt 0 discriminator 2 view .LVU931
 3236 009e 042D     		cmp	r5, #4
 3237 00a0 06D0     		beq	.L276
1323:Drivers/STM32L4xx_HAL_Driver/Src/stm32l4xx_hal_tim_ex.c ****   }
 3238              		.loc 1 1323 5 discriminator 4 view .LVU932
 3239 00a2 082D     		cmp	r5, #8
 3240 00a4 09D0     		beq	.L277
1323:Drivers/STM32L4xx_HAL_Driver/Src/stm32l4xx_hal_tim_ex.c ****   }
 3241              		.loc 1 1323 5 discriminator 7 view .LVU933
 3242 00a6 0123     		movs	r3, #1
 3243 00a8 84F84730 		strb	r3, [r4, #71]
 3244 00ac 0020     		movs	r0, #0
 3245 00ae E9E7     		b	.L266
 3246              	.L276:
1323:Drivers/STM32L4xx_HAL_Driver/Src/stm32l4xx_hal_tim_ex.c ****   }
 3247              		.loc 1 1323 5 discriminator 3 view .LVU934
 3248 00b0 0123     		movs	r3, #1
 3249 00b2 84F84530 		strb	r3, [r4, #69]
 3250 00b6 0020     		movs	r0, #0
 3251 00b8 E4E7     		b	.L266
 3252              	.L277:
1323:Drivers/STM32L4xx_HAL_Driver/Src/stm32l4xx_hal_tim_ex.c ****   }
 3253              		.loc 1 1323 5 discriminator 6 view .LVU935
 3254 00ba 0123     		movs	r3, #1
 3255 00bc 84F84630 		strb	r3, [r4, #70]
 3256 00c0 0020     		movs	r0, #0
 3257 00c2 DFE7     		b	.L266
 3258              	.LVL217:
 3259              	.L274:
1276:Drivers/STM32L4xx_HAL_Driver/Src/stm32l4xx_hal_tim_ex.c ****   {
 3260              		.loc 1 1276 3 view .LVU936
 3261 00c4 0120     		movs	r0, #1
 3262              	.LVL218:
1276:Drivers/STM32L4xx_HAL_Driver/Src/stm32l4xx_hal_tim_ex.c ****   {
ARM GAS  C:\Users\kerry\AppData\Local\Temp\ccWnk0Ym.s 			page 123


 3263              		.loc 1 1276 3 view .LVU937
 3264 00c6 DDE7     		b	.L266
 3265              		.cfi_endproc
 3266              	.LFE403:
 3268              		.section	.text.HAL_TIMEx_PWMN_Start_DMA,"ax",%progbits
 3269              		.align	1
 3270              		.global	HAL_TIMEx_PWMN_Start_DMA
 3271              		.syntax unified
 3272              		.thumb
 3273              		.thumb_func
 3275              	HAL_TIMEx_PWMN_Start_DMA:
 3276              	.LVL219:
 3277              	.LFB404:
1345:Drivers/STM32L4xx_HAL_Driver/Src/stm32l4xx_hal_tim_ex.c ****   HAL_StatusTypeDef status = HAL_OK;
 3278              		.loc 1 1345 1 is_stmt 1 view -0
 3279              		.cfi_startproc
 3280              		@ args = 0, pretend = 0, frame = 0
 3281              		@ frame_needed = 0, uses_anonymous_args = 0
1345:Drivers/STM32L4xx_HAL_Driver/Src/stm32l4xx_hal_tim_ex.c ****   HAL_StatusTypeDef status = HAL_OK;
 3282              		.loc 1 1345 1 is_stmt 0 view .LVU939
 3283 0000 70B5     		push	{r4, r5, r6, lr}
 3284              	.LCFI24:
 3285              		.cfi_def_cfa_offset 16
 3286              		.cfi_offset 4, -16
 3287              		.cfi_offset 5, -12
 3288              		.cfi_offset 6, -8
 3289              		.cfi_offset 14, -4
 3290 0002 0446     		mov	r4, r0
 3291 0004 1646     		mov	r6, r2
1346:Drivers/STM32L4xx_HAL_Driver/Src/stm32l4xx_hal_tim_ex.c ****   uint32_t tmpsmcr;
 3292              		.loc 1 1346 3 is_stmt 1 view .LVU940
 3293              	.LVL220:
1347:Drivers/STM32L4xx_HAL_Driver/Src/stm32l4xx_hal_tim_ex.c **** 
 3294              		.loc 1 1347 3 view .LVU941
1350:Drivers/STM32L4xx_HAL_Driver/Src/stm32l4xx_hal_tim_ex.c **** 
 3295              		.loc 1 1350 3 view .LVU942
1353:Drivers/STM32L4xx_HAL_Driver/Src/stm32l4xx_hal_tim_ex.c ****   {
 3296              		.loc 1 1353 3 view .LVU943
1353:Drivers/STM32L4xx_HAL_Driver/Src/stm32l4xx_hal_tim_ex.c ****   {
 3297              		.loc 1 1353 46 is_stmt 0 view .LVU944
 3298 0006 0D46     		mov	r5, r1
 3299 0008 0029     		cmp	r1, #0
 3300 000a 51D1     		bne	.L279
1353:Drivers/STM32L4xx_HAL_Driver/Src/stm32l4xx_hal_tim_ex.c ****   {
 3301              		.loc 1 1353 7 discriminator 1 view .LVU945
 3302 000c 90F84400 		ldrb	r0, [r0, #68]	@ zero_extendqisi2
 3303              	.LVL221:
1353:Drivers/STM32L4xx_HAL_Driver/Src/stm32l4xx_hal_tim_ex.c ****   {
 3304              		.loc 1 1353 46 discriminator 1 view .LVU946
 3305 0010 0228     		cmp	r0, #2
 3306 0012 14BF     		ite	ne
 3307 0014 0020     		movne	r0, #0
 3308 0016 0120     		moveq	r0, #1
 3309              	.L280:
1353:Drivers/STM32L4xx_HAL_Driver/Src/stm32l4xx_hal_tim_ex.c ****   {
 3310              		.loc 1 1353 6 discriminator 12 view .LVU947
 3311 0018 0028     		cmp	r0, #0
ARM GAS  C:\Users\kerry\AppData\Local\Temp\ccWnk0Ym.s 			page 124


 3312 001a 40F0CB80 		bne	.L297
1357:Drivers/STM32L4xx_HAL_Driver/Src/stm32l4xx_hal_tim_ex.c ****   {
 3313              		.loc 1 1357 8 is_stmt 1 view .LVU948
1357:Drivers/STM32L4xx_HAL_Driver/Src/stm32l4xx_hal_tim_ex.c ****   {
 3314              		.loc 1 1357 51 is_stmt 0 view .LVU949
 3315 001e 002D     		cmp	r5, #0
 3316 0020 5FD1     		bne	.L284
1357:Drivers/STM32L4xx_HAL_Driver/Src/stm32l4xx_hal_tim_ex.c ****   {
 3317              		.loc 1 1357 12 discriminator 1 view .LVU950
 3318 0022 94F84420 		ldrb	r2, [r4, #68]	@ zero_extendqisi2
 3319              	.LVL222:
1357:Drivers/STM32L4xx_HAL_Driver/Src/stm32l4xx_hal_tim_ex.c ****   {
 3320              		.loc 1 1357 51 discriminator 1 view .LVU951
 3321 0026 012A     		cmp	r2, #1
 3322 0028 14BF     		ite	ne
 3323 002a 0022     		movne	r2, #0
 3324 002c 0122     		moveq	r2, #1
 3325              	.L285:
1357:Drivers/STM32L4xx_HAL_Driver/Src/stm32l4xx_hal_tim_ex.c ****   {
 3326              		.loc 1 1357 11 discriminator 12 view .LVU952
 3327 002e 002A     		cmp	r2, #0
 3328 0030 00F0C280 		beq	.L298
1359:Drivers/STM32L4xx_HAL_Driver/Src/stm32l4xx_hal_tim_ex.c ****     {
 3329              		.loc 1 1359 5 is_stmt 1 view .LVU953
1359:Drivers/STM32L4xx_HAL_Driver/Src/stm32l4xx_hal_tim_ex.c ****     {
 3330              		.loc 1 1359 8 is_stmt 0 view .LVU954
 3331 0034 002E     		cmp	r6, #0
 3332 0036 00F0C180 		beq	.L299
1359:Drivers/STM32L4xx_HAL_Driver/Src/stm32l4xx_hal_tim_ex.c ****     {
 3333              		.loc 1 1359 25 discriminator 1 view .LVU955
 3334 003a 002B     		cmp	r3, #0
 3335 003c 00F0C080 		beq	.L300
1365:Drivers/STM32L4xx_HAL_Driver/Src/stm32l4xx_hal_tim_ex.c ****     }
 3336              		.loc 1 1365 7 is_stmt 1 view .LVU956
 3337 0040 002D     		cmp	r5, #0
 3338 0042 67D1     		bne	.L288
1365:Drivers/STM32L4xx_HAL_Driver/Src/stm32l4xx_hal_tim_ex.c ****     }
 3339              		.loc 1 1365 7 is_stmt 0 discriminator 1 view .LVU957
 3340 0044 0222     		movs	r2, #2
 3341 0046 84F84420 		strb	r2, [r4, #68]
1373:Drivers/STM32L4xx_HAL_Driver/Src/stm32l4xx_hal_tim_ex.c ****   {
 3342              		.loc 1 1373 3 is_stmt 1 view .LVU958
 3343              	.L289:
1378:Drivers/STM32L4xx_HAL_Driver/Src/stm32l4xx_hal_tim_ex.c ****       htim->hdma[TIM_DMA_ID_CC1]->XferHalfCpltCallback = TIM_DMADelayPulseHalfCplt;
 3344              		.loc 1 1378 7 view .LVU959
1378:Drivers/STM32L4xx_HAL_Driver/Src/stm32l4xx_hal_tim_ex.c ****       htim->hdma[TIM_DMA_ID_CC1]->XferHalfCpltCallback = TIM_DMADelayPulseHalfCplt;
 3345              		.loc 1 1378 17 is_stmt 0 view .LVU960
 3346 004a 626A     		ldr	r2, [r4, #36]
1378:Drivers/STM32L4xx_HAL_Driver/Src/stm32l4xx_hal_tim_ex.c ****       htim->hdma[TIM_DMA_ID_CC1]->XferHalfCpltCallback = TIM_DMADelayPulseHalfCplt;
 3347              		.loc 1 1378 52 view .LVU961
 3348 004c 6249     		ldr	r1, .L314
 3349              	.LVL223:
1378:Drivers/STM32L4xx_HAL_Driver/Src/stm32l4xx_hal_tim_ex.c ****       htim->hdma[TIM_DMA_ID_CC1]->XferHalfCpltCallback = TIM_DMADelayPulseHalfCplt;
 3350              		.loc 1 1378 52 view .LVU962
 3351 004e D162     		str	r1, [r2, #44]
1379:Drivers/STM32L4xx_HAL_Driver/Src/stm32l4xx_hal_tim_ex.c **** 
 3352              		.loc 1 1379 7 is_stmt 1 view .LVU963
ARM GAS  C:\Users\kerry\AppData\Local\Temp\ccWnk0Ym.s 			page 125


1379:Drivers/STM32L4xx_HAL_Driver/Src/stm32l4xx_hal_tim_ex.c **** 
 3353              		.loc 1 1379 17 is_stmt 0 view .LVU964
 3354 0050 626A     		ldr	r2, [r4, #36]
1379:Drivers/STM32L4xx_HAL_Driver/Src/stm32l4xx_hal_tim_ex.c **** 
 3355              		.loc 1 1379 56 view .LVU965
 3356 0052 6249     		ldr	r1, .L314+4
 3357 0054 1163     		str	r1, [r2, #48]
1382:Drivers/STM32L4xx_HAL_Driver/Src/stm32l4xx_hal_tim_ex.c **** 
 3358              		.loc 1 1382 7 is_stmt 1 view .LVU966
1382:Drivers/STM32L4xx_HAL_Driver/Src/stm32l4xx_hal_tim_ex.c **** 
 3359              		.loc 1 1382 17 is_stmt 0 view .LVU967
 3360 0056 626A     		ldr	r2, [r4, #36]
1382:Drivers/STM32L4xx_HAL_Driver/Src/stm32l4xx_hal_tim_ex.c **** 
 3361              		.loc 1 1382 53 view .LVU968
 3362 0058 6149     		ldr	r1, .L314+8
 3363 005a 5163     		str	r1, [r2, #52]
1385:Drivers/STM32L4xx_HAL_Driver/Src/stm32l4xx_hal_tim_ex.c ****                            Length) != HAL_OK)
 3364              		.loc 1 1385 7 is_stmt 1 view .LVU969
1385:Drivers/STM32L4xx_HAL_Driver/Src/stm32l4xx_hal_tim_ex.c ****                            Length) != HAL_OK)
 3365              		.loc 1 1385 88 is_stmt 0 view .LVU970
 3366 005c 2268     		ldr	r2, [r4]
1385:Drivers/STM32L4xx_HAL_Driver/Src/stm32l4xx_hal_tim_ex.c ****                            Length) != HAL_OK)
 3367              		.loc 1 1385 11 view .LVU971
 3368 005e 3432     		adds	r2, r2, #52
 3369 0060 3146     		mov	r1, r6
 3370 0062 606A     		ldr	r0, [r4, #36]
 3371 0064 FFF7FEFF 		bl	HAL_DMA_Start_IT
 3372              	.LVL224:
1385:Drivers/STM32L4xx_HAL_Driver/Src/stm32l4xx_hal_tim_ex.c ****                            Length) != HAL_OK)
 3373              		.loc 1 1385 10 discriminator 1 view .LVU972
 3374 0068 0028     		cmp	r0, #0
 3375 006a 40F0AB80 		bne	.L302
1392:Drivers/STM32L4xx_HAL_Driver/Src/stm32l4xx_hal_tim_ex.c ****       break;
 3376              		.loc 1 1392 7 is_stmt 1 view .LVU973
 3377 006e 2268     		ldr	r2, [r4]
 3378 0070 D368     		ldr	r3, [r2, #12]
 3379 0072 43F40073 		orr	r3, r3, #512
 3380 0076 D360     		str	r3, [r2, #12]
1393:Drivers/STM32L4xx_HAL_Driver/Src/stm32l4xx_hal_tim_ex.c ****     }
 3381              		.loc 1 1393 7 view .LVU974
1443:Drivers/STM32L4xx_HAL_Driver/Src/stm32l4xx_hal_tim_ex.c ****   {
 3382              		.loc 1 1443 3 view .LVU975
 3383              	.L294:
1446:Drivers/STM32L4xx_HAL_Driver/Src/stm32l4xx_hal_tim_ex.c **** 
 3384              		.loc 1 1446 5 view .LVU976
 3385 0078 0422     		movs	r2, #4
 3386 007a 2946     		mov	r1, r5
 3387 007c 2068     		ldr	r0, [r4]
 3388 007e FFF7FEFF 		bl	TIM_CCxNChannelCmd
 3389              	.LVL225:
1449:Drivers/STM32L4xx_HAL_Driver/Src/stm32l4xx_hal_tim_ex.c **** 
 3390              		.loc 1 1449 5 view .LVU977
 3391 0082 2268     		ldr	r2, [r4]
 3392 0084 536C     		ldr	r3, [r2, #68]
 3393 0086 43F40043 		orr	r3, r3, #32768
 3394 008a 5364     		str	r3, [r2, #68]
1452:Drivers/STM32L4xx_HAL_Driver/Src/stm32l4xx_hal_tim_ex.c ****     {
ARM GAS  C:\Users\kerry\AppData\Local\Temp\ccWnk0Ym.s 			page 126


 3395              		.loc 1 1452 5 view .LVU978
1452:Drivers/STM32L4xx_HAL_Driver/Src/stm32l4xx_hal_tim_ex.c ****     {
 3396              		.loc 1 1452 9 is_stmt 0 view .LVU979
 3397 008c 2368     		ldr	r3, [r4]
1452:Drivers/STM32L4xx_HAL_Driver/Src/stm32l4xx_hal_tim_ex.c ****     {
 3398              		.loc 1 1452 8 view .LVU980
 3399 008e 554A     		ldr	r2, .L314+12
 3400 0090 9342     		cmp	r3, r2
 3401 0092 00F08180 		beq	.L295
1452:Drivers/STM32L4xx_HAL_Driver/Src/stm32l4xx_hal_tim_ex.c ****     {
 3402              		.loc 1 1452 9 discriminator 1 view .LVU981
 3403 0096 B3F1804F 		cmp	r3, #1073741824
 3404 009a 7DD0     		beq	.L295
1452:Drivers/STM32L4xx_HAL_Driver/Src/stm32l4xx_hal_tim_ex.c ****     {
 3405              		.loc 1 1452 9 discriminator 2 view .LVU982
 3406 009c 02F5A052 		add	r2, r2, #5120
 3407 00a0 9342     		cmp	r3, r2
 3408 00a2 79D0     		beq	.L295
1462:Drivers/STM32L4xx_HAL_Driver/Src/stm32l4xx_hal_tim_ex.c ****     }
 3409              		.loc 1 1462 7 is_stmt 1 view .LVU983
 3410 00a4 1A68     		ldr	r2, [r3]
 3411 00a6 42F00102 		orr	r2, r2, #1
 3412 00aa 1A60     		str	r2, [r3]
 3413 00ac 0020     		movs	r0, #0
 3414 00ae 84E0     		b	.L283
 3415              	.LVL226:
 3416              	.L279:
1353:Drivers/STM32L4xx_HAL_Driver/Src/stm32l4xx_hal_tim_ex.c ****   {
 3417              		.loc 1 1353 46 is_stmt 0 discriminator 2 view .LVU984
 3418 00b0 0429     		cmp	r1, #4
 3419 00b2 08D0     		beq	.L308
1353:Drivers/STM32L4xx_HAL_Driver/Src/stm32l4xx_hal_tim_ex.c ****   {
 3420              		.loc 1 1353 46 discriminator 5 view .LVU985
 3421 00b4 0829     		cmp	r1, #8
 3422 00b6 0DD0     		beq	.L309
1353:Drivers/STM32L4xx_HAL_Driver/Src/stm32l4xx_hal_tim_ex.c ****   {
 3423              		.loc 1 1353 7 discriminator 8 view .LVU986
 3424 00b8 90F84700 		ldrb	r0, [r0, #71]	@ zero_extendqisi2
 3425              	.LVL227:
1353:Drivers/STM32L4xx_HAL_Driver/Src/stm32l4xx_hal_tim_ex.c ****   {
 3426              		.loc 1 1353 46 discriminator 8 view .LVU987
 3427 00bc 0228     		cmp	r0, #2
 3428 00be 14BF     		ite	ne
 3429 00c0 0020     		movne	r0, #0
 3430 00c2 0120     		moveq	r0, #1
 3431 00c4 A8E7     		b	.L280
 3432              	.LVL228:
 3433              	.L308:
1353:Drivers/STM32L4xx_HAL_Driver/Src/stm32l4xx_hal_tim_ex.c ****   {
 3434              		.loc 1 1353 7 discriminator 4 view .LVU988
 3435 00c6 90F84500 		ldrb	r0, [r0, #69]	@ zero_extendqisi2
 3436              	.LVL229:
1353:Drivers/STM32L4xx_HAL_Driver/Src/stm32l4xx_hal_tim_ex.c ****   {
 3437              		.loc 1 1353 46 discriminator 4 view .LVU989
 3438 00ca 0228     		cmp	r0, #2
 3439 00cc 14BF     		ite	ne
 3440 00ce 0020     		movne	r0, #0
ARM GAS  C:\Users\kerry\AppData\Local\Temp\ccWnk0Ym.s 			page 127


 3441 00d0 0120     		moveq	r0, #1
 3442 00d2 A1E7     		b	.L280
 3443              	.LVL230:
 3444              	.L309:
1353:Drivers/STM32L4xx_HAL_Driver/Src/stm32l4xx_hal_tim_ex.c ****   {
 3445              		.loc 1 1353 7 discriminator 7 view .LVU990
 3446 00d4 90F84600 		ldrb	r0, [r0, #70]	@ zero_extendqisi2
 3447              	.LVL231:
1353:Drivers/STM32L4xx_HAL_Driver/Src/stm32l4xx_hal_tim_ex.c ****   {
 3448              		.loc 1 1353 46 discriminator 7 view .LVU991
 3449 00d8 0228     		cmp	r0, #2
 3450 00da 14BF     		ite	ne
 3451 00dc 0020     		movne	r0, #0
 3452 00de 0120     		moveq	r0, #1
 3453 00e0 9AE7     		b	.L280
 3454              	.L284:
1357:Drivers/STM32L4xx_HAL_Driver/Src/stm32l4xx_hal_tim_ex.c ****   {
 3455              		.loc 1 1357 51 discriminator 2 view .LVU992
 3456 00e2 042D     		cmp	r5, #4
 3457 00e4 08D0     		beq	.L310
1357:Drivers/STM32L4xx_HAL_Driver/Src/stm32l4xx_hal_tim_ex.c ****   {
 3458              		.loc 1 1357 51 discriminator 5 view .LVU993
 3459 00e6 082D     		cmp	r5, #8
 3460 00e8 0DD0     		beq	.L311
1357:Drivers/STM32L4xx_HAL_Driver/Src/stm32l4xx_hal_tim_ex.c ****   {
 3461              		.loc 1 1357 12 discriminator 8 view .LVU994
 3462 00ea 94F84720 		ldrb	r2, [r4, #71]	@ zero_extendqisi2
 3463              	.LVL232:
1357:Drivers/STM32L4xx_HAL_Driver/Src/stm32l4xx_hal_tim_ex.c ****   {
 3464              		.loc 1 1357 51 discriminator 8 view .LVU995
 3465 00ee 012A     		cmp	r2, #1
 3466 00f0 14BF     		ite	ne
 3467 00f2 0022     		movne	r2, #0
 3468 00f4 0122     		moveq	r2, #1
 3469 00f6 9AE7     		b	.L285
 3470              	.LVL233:
 3471              	.L310:
1357:Drivers/STM32L4xx_HAL_Driver/Src/stm32l4xx_hal_tim_ex.c ****   {
 3472              		.loc 1 1357 12 discriminator 4 view .LVU996
 3473 00f8 94F84520 		ldrb	r2, [r4, #69]	@ zero_extendqisi2
 3474              	.LVL234:
1357:Drivers/STM32L4xx_HAL_Driver/Src/stm32l4xx_hal_tim_ex.c ****   {
 3475              		.loc 1 1357 51 discriminator 4 view .LVU997
 3476 00fc 012A     		cmp	r2, #1
 3477 00fe 14BF     		ite	ne
 3478 0100 0022     		movne	r2, #0
 3479 0102 0122     		moveq	r2, #1
 3480 0104 93E7     		b	.L285
 3481              	.LVL235:
 3482              	.L311:
1357:Drivers/STM32L4xx_HAL_Driver/Src/stm32l4xx_hal_tim_ex.c ****   {
 3483              		.loc 1 1357 12 discriminator 7 view .LVU998
 3484 0106 94F84620 		ldrb	r2, [r4, #70]	@ zero_extendqisi2
 3485              	.LVL236:
1357:Drivers/STM32L4xx_HAL_Driver/Src/stm32l4xx_hal_tim_ex.c ****   {
 3486              		.loc 1 1357 51 discriminator 7 view .LVU999
 3487 010a 012A     		cmp	r2, #1
ARM GAS  C:\Users\kerry\AppData\Local\Temp\ccWnk0Ym.s 			page 128


 3488 010c 14BF     		ite	ne
 3489 010e 0022     		movne	r2, #0
 3490 0110 0122     		moveq	r2, #1
 3491 0112 8CE7     		b	.L285
 3492              	.L288:
1365:Drivers/STM32L4xx_HAL_Driver/Src/stm32l4xx_hal_tim_ex.c ****     }
 3493              		.loc 1 1365 7 discriminator 2 view .LVU1000
 3494 0114 042D     		cmp	r5, #4
 3495 0116 0CD0     		beq	.L312
1365:Drivers/STM32L4xx_HAL_Driver/Src/stm32l4xx_hal_tim_ex.c ****     }
 3496              		.loc 1 1365 7 discriminator 4 view .LVU1001
 3497 0118 082D     		cmp	r5, #8
 3498 011a 24D0     		beq	.L313
1365:Drivers/STM32L4xx_HAL_Driver/Src/stm32l4xx_hal_tim_ex.c ****     }
 3499              		.loc 1 1365 7 discriminator 7 view .LVU1002
 3500 011c 0222     		movs	r2, #2
 3501 011e 84F84720 		strb	r2, [r4, #71]
1373:Drivers/STM32L4xx_HAL_Driver/Src/stm32l4xx_hal_tim_ex.c ****   {
 3502              		.loc 1 1373 3 is_stmt 1 view .LVU1003
 3503 0122 042D     		cmp	r5, #4
 3504 0124 08D0     		beq	.L291
 3505 0126 082D     		cmp	r5, #8
 3506 0128 20D0     		beq	.L293
 3507 012a 002D     		cmp	r5, #0
 3508 012c 8DD0     		beq	.L289
 3509 012e 0120     		movs	r0, #1
 3510 0130 43E0     		b	.L283
 3511              	.L312:
1365:Drivers/STM32L4xx_HAL_Driver/Src/stm32l4xx_hal_tim_ex.c ****     }
 3512              		.loc 1 1365 7 is_stmt 0 discriminator 3 view .LVU1004
 3513 0132 0222     		movs	r2, #2
 3514 0134 84F84520 		strb	r2, [r4, #69]
1373:Drivers/STM32L4xx_HAL_Driver/Src/stm32l4xx_hal_tim_ex.c ****   {
 3515              		.loc 1 1373 3 is_stmt 1 view .LVU1005
 3516              	.L291:
1399:Drivers/STM32L4xx_HAL_Driver/Src/stm32l4xx_hal_tim_ex.c ****       htim->hdma[TIM_DMA_ID_CC2]->XferHalfCpltCallback = TIM_DMADelayPulseHalfCplt;
 3517              		.loc 1 1399 7 view .LVU1006
1399:Drivers/STM32L4xx_HAL_Driver/Src/stm32l4xx_hal_tim_ex.c ****       htim->hdma[TIM_DMA_ID_CC2]->XferHalfCpltCallback = TIM_DMADelayPulseHalfCplt;
 3518              		.loc 1 1399 17 is_stmt 0 view .LVU1007
 3519 0138 A26A     		ldr	r2, [r4, #40]
1399:Drivers/STM32L4xx_HAL_Driver/Src/stm32l4xx_hal_tim_ex.c ****       htim->hdma[TIM_DMA_ID_CC2]->XferHalfCpltCallback = TIM_DMADelayPulseHalfCplt;
 3520              		.loc 1 1399 52 view .LVU1008
 3521 013a 2749     		ldr	r1, .L314
 3522              	.LVL237:
1399:Drivers/STM32L4xx_HAL_Driver/Src/stm32l4xx_hal_tim_ex.c ****       htim->hdma[TIM_DMA_ID_CC2]->XferHalfCpltCallback = TIM_DMADelayPulseHalfCplt;
 3523              		.loc 1 1399 52 view .LVU1009
 3524 013c D162     		str	r1, [r2, #44]
1400:Drivers/STM32L4xx_HAL_Driver/Src/stm32l4xx_hal_tim_ex.c **** 
 3525              		.loc 1 1400 7 is_stmt 1 view .LVU1010
1400:Drivers/STM32L4xx_HAL_Driver/Src/stm32l4xx_hal_tim_ex.c **** 
 3526              		.loc 1 1400 17 is_stmt 0 view .LVU1011
 3527 013e A26A     		ldr	r2, [r4, #40]
1400:Drivers/STM32L4xx_HAL_Driver/Src/stm32l4xx_hal_tim_ex.c **** 
 3528              		.loc 1 1400 56 view .LVU1012
 3529 0140 2649     		ldr	r1, .L314+4
 3530 0142 1163     		str	r1, [r2, #48]
1403:Drivers/STM32L4xx_HAL_Driver/Src/stm32l4xx_hal_tim_ex.c **** 
ARM GAS  C:\Users\kerry\AppData\Local\Temp\ccWnk0Ym.s 			page 129


 3531              		.loc 1 1403 7 is_stmt 1 view .LVU1013
1403:Drivers/STM32L4xx_HAL_Driver/Src/stm32l4xx_hal_tim_ex.c **** 
 3532              		.loc 1 1403 17 is_stmt 0 view .LVU1014
 3533 0144 A26A     		ldr	r2, [r4, #40]
1403:Drivers/STM32L4xx_HAL_Driver/Src/stm32l4xx_hal_tim_ex.c **** 
 3534              		.loc 1 1403 53 view .LVU1015
 3535 0146 2649     		ldr	r1, .L314+8
 3536 0148 5163     		str	r1, [r2, #52]
1406:Drivers/STM32L4xx_HAL_Driver/Src/stm32l4xx_hal_tim_ex.c ****                            Length) != HAL_OK)
 3537              		.loc 1 1406 7 is_stmt 1 view .LVU1016
1406:Drivers/STM32L4xx_HAL_Driver/Src/stm32l4xx_hal_tim_ex.c ****                            Length) != HAL_OK)
 3538              		.loc 1 1406 88 is_stmt 0 view .LVU1017
 3539 014a 2268     		ldr	r2, [r4]
1406:Drivers/STM32L4xx_HAL_Driver/Src/stm32l4xx_hal_tim_ex.c ****                            Length) != HAL_OK)
 3540              		.loc 1 1406 11 view .LVU1018
 3541 014c 3832     		adds	r2, r2, #56
 3542 014e 3146     		mov	r1, r6
 3543 0150 A06A     		ldr	r0, [r4, #40]
 3544 0152 FFF7FEFF 		bl	HAL_DMA_Start_IT
 3545              	.LVL238:
1406:Drivers/STM32L4xx_HAL_Driver/Src/stm32l4xx_hal_tim_ex.c ****                            Length) != HAL_OK)
 3546              		.loc 1 1406 10 discriminator 1 view .LVU1019
 3547 0156 0028     		cmp	r0, #0
 3548 0158 36D1     		bne	.L303
1413:Drivers/STM32L4xx_HAL_Driver/Src/stm32l4xx_hal_tim_ex.c ****       break;
 3549              		.loc 1 1413 7 is_stmt 1 view .LVU1020
 3550 015a 2268     		ldr	r2, [r4]
 3551 015c D368     		ldr	r3, [r2, #12]
 3552 015e 43F48063 		orr	r3, r3, #1024
 3553 0162 D360     		str	r3, [r2, #12]
1414:Drivers/STM32L4xx_HAL_Driver/Src/stm32l4xx_hal_tim_ex.c ****     }
 3554              		.loc 1 1414 7 view .LVU1021
1443:Drivers/STM32L4xx_HAL_Driver/Src/stm32l4xx_hal_tim_ex.c ****   {
 3555              		.loc 1 1443 3 view .LVU1022
 3556 0164 88E7     		b	.L294
 3557              	.LVL239:
 3558              	.L313:
1365:Drivers/STM32L4xx_HAL_Driver/Src/stm32l4xx_hal_tim_ex.c ****     }
 3559              		.loc 1 1365 7 is_stmt 0 discriminator 6 view .LVU1023
 3560 0166 0222     		movs	r2, #2
 3561 0168 84F84620 		strb	r2, [r4, #70]
1373:Drivers/STM32L4xx_HAL_Driver/Src/stm32l4xx_hal_tim_ex.c ****   {
 3562              		.loc 1 1373 3 is_stmt 1 view .LVU1024
 3563              	.L293:
1420:Drivers/STM32L4xx_HAL_Driver/Src/stm32l4xx_hal_tim_ex.c ****       htim->hdma[TIM_DMA_ID_CC3]->XferHalfCpltCallback = TIM_DMADelayPulseHalfCplt;
 3564              		.loc 1 1420 7 view .LVU1025
1420:Drivers/STM32L4xx_HAL_Driver/Src/stm32l4xx_hal_tim_ex.c ****       htim->hdma[TIM_DMA_ID_CC3]->XferHalfCpltCallback = TIM_DMADelayPulseHalfCplt;
 3565              		.loc 1 1420 17 is_stmt 0 view .LVU1026
 3566 016c E26A     		ldr	r2, [r4, #44]
1420:Drivers/STM32L4xx_HAL_Driver/Src/stm32l4xx_hal_tim_ex.c ****       htim->hdma[TIM_DMA_ID_CC3]->XferHalfCpltCallback = TIM_DMADelayPulseHalfCplt;
 3567              		.loc 1 1420 52 view .LVU1027
 3568 016e 1A49     		ldr	r1, .L314
 3569              	.LVL240:
1420:Drivers/STM32L4xx_HAL_Driver/Src/stm32l4xx_hal_tim_ex.c ****       htim->hdma[TIM_DMA_ID_CC3]->XferHalfCpltCallback = TIM_DMADelayPulseHalfCplt;
 3570              		.loc 1 1420 52 view .LVU1028
 3571 0170 D162     		str	r1, [r2, #44]
1421:Drivers/STM32L4xx_HAL_Driver/Src/stm32l4xx_hal_tim_ex.c **** 
ARM GAS  C:\Users\kerry\AppData\Local\Temp\ccWnk0Ym.s 			page 130


 3572              		.loc 1 1421 7 is_stmt 1 view .LVU1029
1421:Drivers/STM32L4xx_HAL_Driver/Src/stm32l4xx_hal_tim_ex.c **** 
 3573              		.loc 1 1421 17 is_stmt 0 view .LVU1030
 3574 0172 E26A     		ldr	r2, [r4, #44]
1421:Drivers/STM32L4xx_HAL_Driver/Src/stm32l4xx_hal_tim_ex.c **** 
 3575              		.loc 1 1421 56 view .LVU1031
 3576 0174 1949     		ldr	r1, .L314+4
 3577 0176 1163     		str	r1, [r2, #48]
1424:Drivers/STM32L4xx_HAL_Driver/Src/stm32l4xx_hal_tim_ex.c **** 
 3578              		.loc 1 1424 7 is_stmt 1 view .LVU1032
1424:Drivers/STM32L4xx_HAL_Driver/Src/stm32l4xx_hal_tim_ex.c **** 
 3579              		.loc 1 1424 17 is_stmt 0 view .LVU1033
 3580 0178 E26A     		ldr	r2, [r4, #44]
1424:Drivers/STM32L4xx_HAL_Driver/Src/stm32l4xx_hal_tim_ex.c **** 
 3581              		.loc 1 1424 53 view .LVU1034
 3582 017a 1949     		ldr	r1, .L314+8
 3583 017c 5163     		str	r1, [r2, #52]
1427:Drivers/STM32L4xx_HAL_Driver/Src/stm32l4xx_hal_tim_ex.c ****                            Length) != HAL_OK)
 3584              		.loc 1 1427 7 is_stmt 1 view .LVU1035
1427:Drivers/STM32L4xx_HAL_Driver/Src/stm32l4xx_hal_tim_ex.c ****                            Length) != HAL_OK)
 3585              		.loc 1 1427 88 is_stmt 0 view .LVU1036
 3586 017e 2268     		ldr	r2, [r4]
1427:Drivers/STM32L4xx_HAL_Driver/Src/stm32l4xx_hal_tim_ex.c ****                            Length) != HAL_OK)
 3587              		.loc 1 1427 11 view .LVU1037
 3588 0180 3C32     		adds	r2, r2, #60
 3589 0182 3146     		mov	r1, r6
 3590 0184 E06A     		ldr	r0, [r4, #44]
 3591 0186 FFF7FEFF 		bl	HAL_DMA_Start_IT
 3592              	.LVL241:
1427:Drivers/STM32L4xx_HAL_Driver/Src/stm32l4xx_hal_tim_ex.c ****                            Length) != HAL_OK)
 3593              		.loc 1 1427 10 discriminator 1 view .LVU1038
 3594 018a F8B9     		cbnz	r0, .L304
1434:Drivers/STM32L4xx_HAL_Driver/Src/stm32l4xx_hal_tim_ex.c ****       break;
 3595              		.loc 1 1434 7 is_stmt 1 view .LVU1039
 3596 018c 2268     		ldr	r2, [r4]
 3597 018e D368     		ldr	r3, [r2, #12]
 3598 0190 43F40063 		orr	r3, r3, #2048
 3599 0194 D360     		str	r3, [r2, #12]
1435:Drivers/STM32L4xx_HAL_Driver/Src/stm32l4xx_hal_tim_ex.c ****     }
 3600              		.loc 1 1435 7 view .LVU1040
1443:Drivers/STM32L4xx_HAL_Driver/Src/stm32l4xx_hal_tim_ex.c ****   {
 3601              		.loc 1 1443 3 view .LVU1041
 3602 0196 6FE7     		b	.L294
 3603              	.L295:
1454:Drivers/STM32L4xx_HAL_Driver/Src/stm32l4xx_hal_tim_ex.c ****       if (!IS_TIM_SLAVEMODE_TRIGGER_ENABLED(tmpsmcr))
 3604              		.loc 1 1454 7 view .LVU1042
1454:Drivers/STM32L4xx_HAL_Driver/Src/stm32l4xx_hal_tim_ex.c ****       if (!IS_TIM_SLAVEMODE_TRIGGER_ENABLED(tmpsmcr))
 3605              		.loc 1 1454 31 is_stmt 0 view .LVU1043
 3606 0198 9968     		ldr	r1, [r3, #8]
1454:Drivers/STM32L4xx_HAL_Driver/Src/stm32l4xx_hal_tim_ex.c ****       if (!IS_TIM_SLAVEMODE_TRIGGER_ENABLED(tmpsmcr))
 3607              		.loc 1 1454 15 view .LVU1044
 3608 019a 134A     		ldr	r2, .L314+16
 3609 019c 0A40     		ands	r2, r2, r1
 3610              	.LVL242:
1455:Drivers/STM32L4xx_HAL_Driver/Src/stm32l4xx_hal_tim_ex.c ****       {
 3611              		.loc 1 1455 7 is_stmt 1 view .LVU1045
1455:Drivers/STM32L4xx_HAL_Driver/Src/stm32l4xx_hal_tim_ex.c ****       {
ARM GAS  C:\Users\kerry\AppData\Local\Temp\ccWnk0Ym.s 			page 131


 3612              		.loc 1 1455 10 is_stmt 0 view .LVU1046
 3613 019e 062A     		cmp	r2, #6
 3614 01a0 16D0     		beq	.L305
1455:Drivers/STM32L4xx_HAL_Driver/Src/stm32l4xx_hal_tim_ex.c ****       {
 3615              		.loc 1 1455 11 discriminator 1 view .LVU1047
 3616 01a2 B2F5803F 		cmp	r2, #65536
 3617 01a6 15D0     		beq	.L306
1457:Drivers/STM32L4xx_HAL_Driver/Src/stm32l4xx_hal_tim_ex.c ****       }
 3618              		.loc 1 1457 9 is_stmt 1 view .LVU1048
 3619 01a8 1A68     		ldr	r2, [r3]
 3620              	.LVL243:
1457:Drivers/STM32L4xx_HAL_Driver/Src/stm32l4xx_hal_tim_ex.c ****       }
 3621              		.loc 1 1457 9 is_stmt 0 view .LVU1049
 3622 01aa 42F00102 		orr	r2, r2, #1
 3623 01ae 1A60     		str	r2, [r3]
 3624 01b0 0020     		movs	r0, #0
 3625 01b2 02E0     		b	.L283
 3626              	.LVL244:
 3627              	.L297:
1355:Drivers/STM32L4xx_HAL_Driver/Src/stm32l4xx_hal_tim_ex.c ****   }
 3628              		.loc 1 1355 12 view .LVU1050
 3629 01b4 0220     		movs	r0, #2
 3630 01b6 00E0     		b	.L283
 3631              	.LVL245:
 3632              	.L298:
1370:Drivers/STM32L4xx_HAL_Driver/Src/stm32l4xx_hal_tim_ex.c ****   }
 3633              		.loc 1 1370 12 view .LVU1051
 3634 01b8 0120     		movs	r0, #1
 3635              	.LVL246:
 3636              	.L283:
1468:Drivers/STM32L4xx_HAL_Driver/Src/stm32l4xx_hal_tim_ex.c **** 
 3637              		.loc 1 1468 1 view .LVU1052
 3638 01ba 70BD     		pop	{r4, r5, r6, pc}
 3639              	.LVL247:
 3640              	.L299:
1361:Drivers/STM32L4xx_HAL_Driver/Src/stm32l4xx_hal_tim_ex.c ****     }
 3641              		.loc 1 1361 14 view .LVU1053
 3642 01bc 0120     		movs	r0, #1
 3643 01be FCE7     		b	.L283
 3644              	.L300:
 3645 01c0 0120     		movs	r0, #1
 3646 01c2 FAE7     		b	.L283
 3647              	.LVL248:
 3648              	.L302:
1389:Drivers/STM32L4xx_HAL_Driver/Src/stm32l4xx_hal_tim_ex.c ****       }
 3649              		.loc 1 1389 16 view .LVU1054
 3650 01c4 0120     		movs	r0, #1
 3651 01c6 F8E7     		b	.L283
 3652              	.L303:
1410:Drivers/STM32L4xx_HAL_Driver/Src/stm32l4xx_hal_tim_ex.c ****       }
 3653              		.loc 1 1410 16 view .LVU1055
 3654 01c8 0120     		movs	r0, #1
 3655 01ca F6E7     		b	.L283
 3656              	.L304:
1431:Drivers/STM32L4xx_HAL_Driver/Src/stm32l4xx_hal_tim_ex.c ****       }
 3657              		.loc 1 1431 16 view .LVU1056
 3658 01cc 0120     		movs	r0, #1
ARM GAS  C:\Users\kerry\AppData\Local\Temp\ccWnk0Ym.s 			page 132


 3659 01ce F4E7     		b	.L283
 3660              	.LVL249:
 3661              	.L305:
1431:Drivers/STM32L4xx_HAL_Driver/Src/stm32l4xx_hal_tim_ex.c ****       }
 3662              		.loc 1 1431 16 view .LVU1057
 3663 01d0 0020     		movs	r0, #0
 3664 01d2 F2E7     		b	.L283
 3665              	.L306:
 3666 01d4 0020     		movs	r0, #0
 3667 01d6 F0E7     		b	.L283
 3668              	.L315:
 3669              		.align	2
 3670              	.L314:
 3671 01d8 00000000 		.word	TIM_DMADelayPulseNCplt
 3672 01dc 00000000 		.word	TIM_DMADelayPulseHalfCplt
 3673 01e0 00000000 		.word	TIM_DMAErrorCCxN
 3674 01e4 002C0140 		.word	1073818624
 3675 01e8 07000100 		.word	65543
 3676              		.cfi_endproc
 3677              	.LFE404:
 3679              		.section	.text.HAL_TIMEx_PWMN_Stop_DMA,"ax",%progbits
 3680              		.align	1
 3681              		.global	HAL_TIMEx_PWMN_Stop_DMA
 3682              		.syntax unified
 3683              		.thumb
 3684              		.thumb_func
 3686              	HAL_TIMEx_PWMN_Stop_DMA:
 3687              	.LVL250:
 3688              	.LFB405:
1482:Drivers/STM32L4xx_HAL_Driver/Src/stm32l4xx_hal_tim_ex.c ****   HAL_StatusTypeDef status = HAL_OK;
 3689              		.loc 1 1482 1 is_stmt 1 view -0
 3690              		.cfi_startproc
 3691              		@ args = 0, pretend = 0, frame = 0
 3692              		@ frame_needed = 0, uses_anonymous_args = 0
1482:Drivers/STM32L4xx_HAL_Driver/Src/stm32l4xx_hal_tim_ex.c ****   HAL_StatusTypeDef status = HAL_OK;
 3693              		.loc 1 1482 1 is_stmt 0 view .LVU1059
 3694 0000 38B5     		push	{r3, r4, r5, lr}
 3695              	.LCFI25:
 3696              		.cfi_def_cfa_offset 16
 3697              		.cfi_offset 3, -16
 3698              		.cfi_offset 4, -12
 3699              		.cfi_offset 5, -8
 3700              		.cfi_offset 14, -4
 3701 0002 0446     		mov	r4, r0
 3702 0004 0D46     		mov	r5, r1
1483:Drivers/STM32L4xx_HAL_Driver/Src/stm32l4xx_hal_tim_ex.c **** 
 3703              		.loc 1 1483 3 is_stmt 1 view .LVU1060
 3704              	.LVL251:
1486:Drivers/STM32L4xx_HAL_Driver/Src/stm32l4xx_hal_tim_ex.c **** 
 3705              		.loc 1 1486 3 view .LVU1061
1488:Drivers/STM32L4xx_HAL_Driver/Src/stm32l4xx_hal_tim_ex.c ****   {
 3706              		.loc 1 1488 3 view .LVU1062
 3707 0006 0429     		cmp	r1, #4
 3708 0008 36D0     		beq	.L317
 3709 000a 0829     		cmp	r1, #8
 3710 000c 3DD0     		beq	.L318
 3711 000e 0029     		cmp	r1, #0
ARM GAS  C:\Users\kerry\AppData\Local\Temp\ccWnk0Ym.s 			page 133


 3712 0010 57D1     		bne	.L326
1493:Drivers/STM32L4xx_HAL_Driver/Src/stm32l4xx_hal_tim_ex.c ****       (void)HAL_DMA_Abort_IT(htim->hdma[TIM_DMA_ID_CC1]);
 3713              		.loc 1 1493 7 view .LVU1063
 3714 0012 0268     		ldr	r2, [r0]
 3715 0014 D368     		ldr	r3, [r2, #12]
 3716 0016 23F40073 		bic	r3, r3, #512
 3717 001a D360     		str	r3, [r2, #12]
1494:Drivers/STM32L4xx_HAL_Driver/Src/stm32l4xx_hal_tim_ex.c ****       break;
 3718              		.loc 1 1494 7 view .LVU1064
1494:Drivers/STM32L4xx_HAL_Driver/Src/stm32l4xx_hal_tim_ex.c ****       break;
 3719              		.loc 1 1494 13 is_stmt 0 view .LVU1065
 3720 001c 406A     		ldr	r0, [r0, #36]
 3721              	.LVL252:
1494:Drivers/STM32L4xx_HAL_Driver/Src/stm32l4xx_hal_tim_ex.c ****       break;
 3722              		.loc 1 1494 13 view .LVU1066
 3723 001e FFF7FEFF 		bl	HAL_DMA_Abort_IT
 3724              	.LVL253:
1495:Drivers/STM32L4xx_HAL_Driver/Src/stm32l4xx_hal_tim_ex.c ****     }
 3725              		.loc 1 1495 7 is_stmt 1 view .LVU1067
1519:Drivers/STM32L4xx_HAL_Driver/Src/stm32l4xx_hal_tim_ex.c ****   {
 3726              		.loc 1 1519 3 view .LVU1068
 3727              	.L320:
1522:Drivers/STM32L4xx_HAL_Driver/Src/stm32l4xx_hal_tim_ex.c **** 
 3728              		.loc 1 1522 5 view .LVU1069
 3729 0022 0022     		movs	r2, #0
 3730 0024 2946     		mov	r1, r5
 3731 0026 2068     		ldr	r0, [r4]
 3732 0028 FFF7FEFF 		bl	TIM_CCxNChannelCmd
 3733              	.LVL254:
1525:Drivers/STM32L4xx_HAL_Driver/Src/stm32l4xx_hal_tim_ex.c **** 
 3734              		.loc 1 1525 5 view .LVU1070
1525:Drivers/STM32L4xx_HAL_Driver/Src/stm32l4xx_hal_tim_ex.c **** 
 3735              		.loc 1 1525 5 view .LVU1071
 3736 002c 2268     		ldr	r2, [r4]
 3737 002e 136A     		ldr	r3, [r2, #32]
 3738 0030 03F01133 		and	r3, r3, #286331153
 3739 0034 23F08853 		bic	r3, r3, #285212672
 3740 0038 43B9     		cbnz	r3, .L321
1525:Drivers/STM32L4xx_HAL_Driver/Src/stm32l4xx_hal_tim_ex.c **** 
 3741              		.loc 1 1525 5 discriminator 1 view .LVU1072
 3742 003a 116A     		ldr	r1, [r2, #32]
 3743 003c 40F24443 		movw	r3, #1092
 3744 0040 1942     		tst	r1, r3
 3745 0042 03D1     		bne	.L321
1525:Drivers/STM32L4xx_HAL_Driver/Src/stm32l4xx_hal_tim_ex.c **** 
 3746              		.loc 1 1525 5 discriminator 3 view .LVU1073
 3747 0044 536C     		ldr	r3, [r2, #68]
 3748 0046 23F40043 		bic	r3, r3, #32768
 3749 004a 5364     		str	r3, [r2, #68]
 3750              	.L321:
1525:Drivers/STM32L4xx_HAL_Driver/Src/stm32l4xx_hal_tim_ex.c **** 
 3751              		.loc 1 1525 5 discriminator 5 view .LVU1074
1528:Drivers/STM32L4xx_HAL_Driver/Src/stm32l4xx_hal_tim_ex.c **** 
 3752              		.loc 1 1528 5 view .LVU1075
1528:Drivers/STM32L4xx_HAL_Driver/Src/stm32l4xx_hal_tim_ex.c **** 
 3753              		.loc 1 1528 5 view .LVU1076
 3754 004c 2268     		ldr	r2, [r4]
ARM GAS  C:\Users\kerry\AppData\Local\Temp\ccWnk0Ym.s 			page 134


 3755 004e 136A     		ldr	r3, [r2, #32]
 3756 0050 03F01133 		and	r3, r3, #286331153
 3757 0054 23F08853 		bic	r3, r3, #285212672
 3758 0058 43B9     		cbnz	r3, .L322
1528:Drivers/STM32L4xx_HAL_Driver/Src/stm32l4xx_hal_tim_ex.c **** 
 3759              		.loc 1 1528 5 discriminator 1 view .LVU1077
 3760 005a 116A     		ldr	r1, [r2, #32]
 3761 005c 40F24443 		movw	r3, #1092
 3762 0060 1942     		tst	r1, r3
 3763 0062 03D1     		bne	.L322
1528:Drivers/STM32L4xx_HAL_Driver/Src/stm32l4xx_hal_tim_ex.c **** 
 3764              		.loc 1 1528 5 discriminator 3 view .LVU1078
 3765 0064 1368     		ldr	r3, [r2]
 3766 0066 23F00103 		bic	r3, r3, #1
 3767 006a 1360     		str	r3, [r2]
 3768              	.L322:
1528:Drivers/STM32L4xx_HAL_Driver/Src/stm32l4xx_hal_tim_ex.c **** 
 3769              		.loc 1 1528 5 discriminator 5 view .LVU1079
1531:Drivers/STM32L4xx_HAL_Driver/Src/stm32l4xx_hal_tim_ex.c ****   }
 3770              		.loc 1 1531 5 view .LVU1080
 3771 006c B5B9     		cbnz	r5, .L323
1531:Drivers/STM32L4xx_HAL_Driver/Src/stm32l4xx_hal_tim_ex.c ****   }
 3772              		.loc 1 1531 5 is_stmt 0 discriminator 1 view .LVU1081
 3773 006e 0123     		movs	r3, #1
 3774 0070 84F84430 		strb	r3, [r4, #68]
 3775 0074 0020     		movs	r0, #0
 3776              	.L319:
 3777              	.LVL255:
1535:Drivers/STM32L4xx_HAL_Driver/Src/stm32l4xx_hal_tim_ex.c **** }
 3778              		.loc 1 1535 3 is_stmt 1 view .LVU1082
1536:Drivers/STM32L4xx_HAL_Driver/Src/stm32l4xx_hal_tim_ex.c **** 
 3779              		.loc 1 1536 1 is_stmt 0 view .LVU1083
 3780 0076 38BD     		pop	{r3, r4, r5, pc}
 3781              	.LVL256:
 3782              	.L317:
1501:Drivers/STM32L4xx_HAL_Driver/Src/stm32l4xx_hal_tim_ex.c ****       (void)HAL_DMA_Abort_IT(htim->hdma[TIM_DMA_ID_CC2]);
 3783              		.loc 1 1501 7 is_stmt 1 view .LVU1084
 3784 0078 0268     		ldr	r2, [r0]
 3785 007a D368     		ldr	r3, [r2, #12]
 3786 007c 23F48063 		bic	r3, r3, #1024
 3787 0080 D360     		str	r3, [r2, #12]
1502:Drivers/STM32L4xx_HAL_Driver/Src/stm32l4xx_hal_tim_ex.c ****       break;
 3788              		.loc 1 1502 7 view .LVU1085
1502:Drivers/STM32L4xx_HAL_Driver/Src/stm32l4xx_hal_tim_ex.c ****       break;
 3789              		.loc 1 1502 13 is_stmt 0 view .LVU1086
 3790 0082 806A     		ldr	r0, [r0, #40]
 3791              	.LVL257:
1502:Drivers/STM32L4xx_HAL_Driver/Src/stm32l4xx_hal_tim_ex.c ****       break;
 3792              		.loc 1 1502 13 view .LVU1087
 3793 0084 FFF7FEFF 		bl	HAL_DMA_Abort_IT
 3794              	.LVL258:
1503:Drivers/STM32L4xx_HAL_Driver/Src/stm32l4xx_hal_tim_ex.c ****     }
 3795              		.loc 1 1503 7 is_stmt 1 view .LVU1088
1519:Drivers/STM32L4xx_HAL_Driver/Src/stm32l4xx_hal_tim_ex.c ****   {
 3796              		.loc 1 1519 3 view .LVU1089
 3797 0088 CBE7     		b	.L320
 3798              	.LVL259:
ARM GAS  C:\Users\kerry\AppData\Local\Temp\ccWnk0Ym.s 			page 135


 3799              	.L318:
1509:Drivers/STM32L4xx_HAL_Driver/Src/stm32l4xx_hal_tim_ex.c ****       (void)HAL_DMA_Abort_IT(htim->hdma[TIM_DMA_ID_CC3]);
 3800              		.loc 1 1509 7 view .LVU1090
 3801 008a 0268     		ldr	r2, [r0]
 3802 008c D368     		ldr	r3, [r2, #12]
 3803 008e 23F40063 		bic	r3, r3, #2048
 3804 0092 D360     		str	r3, [r2, #12]
1510:Drivers/STM32L4xx_HAL_Driver/Src/stm32l4xx_hal_tim_ex.c ****       break;
 3805              		.loc 1 1510 7 view .LVU1091
1510:Drivers/STM32L4xx_HAL_Driver/Src/stm32l4xx_hal_tim_ex.c ****       break;
 3806              		.loc 1 1510 13 is_stmt 0 view .LVU1092
 3807 0094 C06A     		ldr	r0, [r0, #44]
 3808              	.LVL260:
1510:Drivers/STM32L4xx_HAL_Driver/Src/stm32l4xx_hal_tim_ex.c ****       break;
 3809              		.loc 1 1510 13 view .LVU1093
 3810 0096 FFF7FEFF 		bl	HAL_DMA_Abort_IT
 3811              	.LVL261:
1511:Drivers/STM32L4xx_HAL_Driver/Src/stm32l4xx_hal_tim_ex.c ****     }
 3812              		.loc 1 1511 7 is_stmt 1 view .LVU1094
1519:Drivers/STM32L4xx_HAL_Driver/Src/stm32l4xx_hal_tim_ex.c ****   {
 3813              		.loc 1 1519 3 view .LVU1095
 3814 009a C2E7     		b	.L320
 3815              	.L323:
1531:Drivers/STM32L4xx_HAL_Driver/Src/stm32l4xx_hal_tim_ex.c ****   }
 3816              		.loc 1 1531 5 is_stmt 0 discriminator 2 view .LVU1096
 3817 009c 042D     		cmp	r5, #4
 3818 009e 06D0     		beq	.L328
1531:Drivers/STM32L4xx_HAL_Driver/Src/stm32l4xx_hal_tim_ex.c ****   }
 3819              		.loc 1 1531 5 discriminator 4 view .LVU1097
 3820 00a0 082D     		cmp	r5, #8
 3821 00a2 09D0     		beq	.L329
1531:Drivers/STM32L4xx_HAL_Driver/Src/stm32l4xx_hal_tim_ex.c ****   }
 3822              		.loc 1 1531 5 discriminator 7 view .LVU1098
 3823 00a4 0123     		movs	r3, #1
 3824 00a6 84F84730 		strb	r3, [r4, #71]
 3825 00aa 0020     		movs	r0, #0
 3826 00ac E3E7     		b	.L319
 3827              	.L328:
1531:Drivers/STM32L4xx_HAL_Driver/Src/stm32l4xx_hal_tim_ex.c ****   }
 3828              		.loc 1 1531 5 discriminator 3 view .LVU1099
 3829 00ae 0123     		movs	r3, #1
 3830 00b0 84F84530 		strb	r3, [r4, #69]
 3831 00b4 0020     		movs	r0, #0
 3832 00b6 DEE7     		b	.L319
 3833              	.L329:
1531:Drivers/STM32L4xx_HAL_Driver/Src/stm32l4xx_hal_tim_ex.c ****   }
 3834              		.loc 1 1531 5 discriminator 6 view .LVU1100
 3835 00b8 0123     		movs	r3, #1
 3836 00ba 84F84630 		strb	r3, [r4, #70]
 3837 00be 0020     		movs	r0, #0
 3838 00c0 D9E7     		b	.L319
 3839              	.LVL262:
 3840              	.L326:
1488:Drivers/STM32L4xx_HAL_Driver/Src/stm32l4xx_hal_tim_ex.c ****   {
 3841              		.loc 1 1488 3 view .LVU1101
 3842 00c2 0120     		movs	r0, #1
 3843              	.LVL263:
ARM GAS  C:\Users\kerry\AppData\Local\Temp\ccWnk0Ym.s 			page 136


1488:Drivers/STM32L4xx_HAL_Driver/Src/stm32l4xx_hal_tim_ex.c ****   {
 3844              		.loc 1 1488 3 view .LVU1102
 3845 00c4 D7E7     		b	.L319
 3846              		.cfi_endproc
 3847              	.LFE405:
 3849              		.section	.text.HAL_TIMEx_OnePulseN_Start,"ax",%progbits
 3850              		.align	1
 3851              		.global	HAL_TIMEx_OnePulseN_Start
 3852              		.syntax unified
 3853              		.thumb
 3854              		.thumb_func
 3856              	HAL_TIMEx_OnePulseN_Start:
 3857              	.LVL264:
 3858              	.LFB406:
1573:Drivers/STM32L4xx_HAL_Driver/Src/stm32l4xx_hal_tim_ex.c ****   uint32_t input_channel = (OutputChannel == TIM_CHANNEL_1) ? TIM_CHANNEL_2 : TIM_CHANNEL_1;
 3859              		.loc 1 1573 1 is_stmt 1 view -0
 3860              		.cfi_startproc
 3861              		@ args = 0, pretend = 0, frame = 0
 3862              		@ frame_needed = 0, uses_anonymous_args = 0
1573:Drivers/STM32L4xx_HAL_Driver/Src/stm32l4xx_hal_tim_ex.c ****   uint32_t input_channel = (OutputChannel == TIM_CHANNEL_1) ? TIM_CHANNEL_2 : TIM_CHANNEL_1;
 3863              		.loc 1 1573 1 is_stmt 0 view .LVU1104
 3864 0000 70B5     		push	{r4, r5, r6, lr}
 3865              	.LCFI26:
 3866              		.cfi_def_cfa_offset 16
 3867              		.cfi_offset 4, -16
 3868              		.cfi_offset 5, -12
 3869              		.cfi_offset 6, -8
 3870              		.cfi_offset 14, -4
 3871 0002 0446     		mov	r4, r0
1574:Drivers/STM32L4xx_HAL_Driver/Src/stm32l4xx_hal_tim_ex.c ****   HAL_TIM_ChannelStateTypeDef channel_1_state = TIM_CHANNEL_STATE_GET(htim, TIM_CHANNEL_1);
 3872              		.loc 1 1574 3 is_stmt 1 view .LVU1105
1574:Drivers/STM32L4xx_HAL_Driver/Src/stm32l4xx_hal_tim_ex.c ****   HAL_TIM_ChannelStateTypeDef channel_1_state = TIM_CHANNEL_STATE_GET(htim, TIM_CHANNEL_1);
 3873              		.loc 1 1574 77 is_stmt 0 view .LVU1106
 3874 0004 0E46     		mov	r6, r1
 3875 0006 D1B9     		cbnz	r1, .L333
1574:Drivers/STM32L4xx_HAL_Driver/Src/stm32l4xx_hal_tim_ex.c ****   HAL_TIM_ChannelStateTypeDef channel_1_state = TIM_CHANNEL_STATE_GET(htim, TIM_CHANNEL_1);
 3876              		.loc 1 1574 77 discriminator 1 view .LVU1107
 3877 0008 0425     		movs	r5, #4
 3878              	.L331:
 3879              	.LVL265:
1575:Drivers/STM32L4xx_HAL_Driver/Src/stm32l4xx_hal_tim_ex.c ****   HAL_TIM_ChannelStateTypeDef channel_2_state = TIM_CHANNEL_STATE_GET(htim, TIM_CHANNEL_2);
 3880              		.loc 1 1575 3 is_stmt 1 view .LVU1108
1575:Drivers/STM32L4xx_HAL_Driver/Src/stm32l4xx_hal_tim_ex.c ****   HAL_TIM_ChannelStateTypeDef channel_2_state = TIM_CHANNEL_STATE_GET(htim, TIM_CHANNEL_2);
 3881              		.loc 1 1575 31 is_stmt 0 view .LVU1109
 3882 000a 94F83EE0 		ldrb	lr, [r4, #62]	@ zero_extendqisi2
 3883 000e 5FFA8EF0 		uxtb	r0, lr
 3884              	.LVL266:
1576:Drivers/STM32L4xx_HAL_Driver/Src/stm32l4xx_hal_tim_ex.c ****   HAL_TIM_ChannelStateTypeDef complementary_channel_1_state = TIM_CHANNEL_N_STATE_GET(htim, TIM_CHA
 3885              		.loc 1 1576 3 is_stmt 1 view .LVU1110
1576:Drivers/STM32L4xx_HAL_Driver/Src/stm32l4xx_hal_tim_ex.c ****   HAL_TIM_ChannelStateTypeDef complementary_channel_1_state = TIM_CHANNEL_N_STATE_GET(htim, TIM_CHA
 3886              		.loc 1 1576 31 is_stmt 0 view .LVU1111
 3887 0012 94F83F30 		ldrb	r3, [r4, #63]	@ zero_extendqisi2
 3888 0016 DBB2     		uxtb	r3, r3
 3889              	.LVL267:
1577:Drivers/STM32L4xx_HAL_Driver/Src/stm32l4xx_hal_tim_ex.c ****   HAL_TIM_ChannelStateTypeDef complementary_channel_2_state = TIM_CHANNEL_N_STATE_GET(htim, TIM_CHA
 3890              		.loc 1 1577 3 is_stmt 1 view .LVU1112
1577:Drivers/STM32L4xx_HAL_Driver/Src/stm32l4xx_hal_tim_ex.c ****   HAL_TIM_ChannelStateTypeDef complementary_channel_2_state = TIM_CHANNEL_N_STATE_GET(htim, TIM_CHA
ARM GAS  C:\Users\kerry\AppData\Local\Temp\ccWnk0Ym.s 			page 137


 3891              		.loc 1 1577 31 is_stmt 0 view .LVU1113
 3892 0018 94F84420 		ldrb	r2, [r4, #68]	@ zero_extendqisi2
 3893 001c D2B2     		uxtb	r2, r2
 3894              	.LVL268:
1578:Drivers/STM32L4xx_HAL_Driver/Src/stm32l4xx_hal_tim_ex.c **** 
 3895              		.loc 1 1578 3 is_stmt 1 view .LVU1114
1578:Drivers/STM32L4xx_HAL_Driver/Src/stm32l4xx_hal_tim_ex.c **** 
 3896              		.loc 1 1578 31 is_stmt 0 view .LVU1115
 3897 001e 94F845C0 		ldrb	ip, [r4, #69]	@ zero_extendqisi2
 3898 0022 5FFA8CFC 		uxtb	ip, ip
 3899              	.LVL269:
1581:Drivers/STM32L4xx_HAL_Driver/Src/stm32l4xx_hal_tim_ex.c **** 
 3900              		.loc 1 1581 3 is_stmt 1 view .LVU1116
1584:Drivers/STM32L4xx_HAL_Driver/Src/stm32l4xx_hal_tim_ex.c ****       || (channel_2_state != HAL_TIM_CHANNEL_STATE_READY)
 3901              		.loc 1 1584 3 view .LVU1117
1584:Drivers/STM32L4xx_HAL_Driver/Src/stm32l4xx_hal_tim_ex.c ****       || (channel_2_state != HAL_TIM_CHANNEL_STATE_READY)
 3902              		.loc 1 1584 6 is_stmt 0 view .LVU1118
 3903 0026 BEF1010F 		cmp	lr, #1
 3904 002a 24D1     		bne	.L334
1585:Drivers/STM32L4xx_HAL_Driver/Src/stm32l4xx_hal_tim_ex.c ****       || (complementary_channel_1_state != HAL_TIM_CHANNEL_STATE_READY)
 3905              		.loc 1 1585 7 view .LVU1119
 3906 002c 012B     		cmp	r3, #1
 3907 002e 23D1     		bne	.L332
1586:Drivers/STM32L4xx_HAL_Driver/Src/stm32l4xx_hal_tim_ex.c ****       || (complementary_channel_2_state != HAL_TIM_CHANNEL_STATE_READY))
 3908              		.loc 1 1586 7 view .LVU1120
 3909 0030 012A     		cmp	r2, #1
 3910 0032 22D1     		bne	.L335
1587:Drivers/STM32L4xx_HAL_Driver/Src/stm32l4xx_hal_tim_ex.c ****   {
 3911              		.loc 1 1587 7 view .LVU1121
 3912 0034 BCF1010F 		cmp	ip, #1
 3913 0038 03D0     		beq	.L338
1589:Drivers/STM32L4xx_HAL_Driver/Src/stm32l4xx_hal_tim_ex.c ****   }
 3914              		.loc 1 1589 12 view .LVU1122
 3915 003a 1046     		mov	r0, r2
 3916              	.LVL270:
1589:Drivers/STM32L4xx_HAL_Driver/Src/stm32l4xx_hal_tim_ex.c ****   }
 3917              		.loc 1 1589 12 view .LVU1123
 3918 003c 1CE0     		b	.L332
 3919              	.LVL271:
 3920              	.L333:
1574:Drivers/STM32L4xx_HAL_Driver/Src/stm32l4xx_hal_tim_ex.c ****   HAL_TIM_ChannelStateTypeDef channel_1_state = TIM_CHANNEL_STATE_GET(htim, TIM_CHANNEL_1);
 3921              		.loc 1 1574 77 discriminator 2 view .LVU1124
 3922 003e 0025     		movs	r5, #0
 3923 0040 E3E7     		b	.L331
 3924              	.LVL272:
 3925              	.L338:
1593:Drivers/STM32L4xx_HAL_Driver/Src/stm32l4xx_hal_tim_ex.c ****   TIM_CHANNEL_STATE_SET(htim, TIM_CHANNEL_2, HAL_TIM_CHANNEL_STATE_BUSY);
 3926              		.loc 1 1593 3 is_stmt 1 view .LVU1125
 3927 0042 0223     		movs	r3, #2
 3928              	.LVL273:
1593:Drivers/STM32L4xx_HAL_Driver/Src/stm32l4xx_hal_tim_ex.c ****   TIM_CHANNEL_STATE_SET(htim, TIM_CHANNEL_2, HAL_TIM_CHANNEL_STATE_BUSY);
 3929              		.loc 1 1593 3 is_stmt 0 view .LVU1126
 3930 0044 84F83E30 		strb	r3, [r4, #62]
1594:Drivers/STM32L4xx_HAL_Driver/Src/stm32l4xx_hal_tim_ex.c ****   TIM_CHANNEL_N_STATE_SET(htim, TIM_CHANNEL_1, HAL_TIM_CHANNEL_STATE_BUSY);
 3931              		.loc 1 1594 3 is_stmt 1 view .LVU1127
 3932 0048 84F83F30 		strb	r3, [r4, #63]
1595:Drivers/STM32L4xx_HAL_Driver/Src/stm32l4xx_hal_tim_ex.c ****   TIM_CHANNEL_N_STATE_SET(htim, TIM_CHANNEL_2, HAL_TIM_CHANNEL_STATE_BUSY);
ARM GAS  C:\Users\kerry\AppData\Local\Temp\ccWnk0Ym.s 			page 138


 3933              		.loc 1 1595 3 view .LVU1128
 3934 004c 84F84430 		strb	r3, [r4, #68]
1596:Drivers/STM32L4xx_HAL_Driver/Src/stm32l4xx_hal_tim_ex.c **** 
 3935              		.loc 1 1596 3 view .LVU1129
 3936 0050 84F84530 		strb	r3, [r4, #69]
1599:Drivers/STM32L4xx_HAL_Driver/Src/stm32l4xx_hal_tim_ex.c ****   TIM_CCxChannelCmd(htim->Instance, input_channel, TIM_CCx_ENABLE);
 3937              		.loc 1 1599 3 view .LVU1130
 3938 0054 0422     		movs	r2, #4
 3939              	.LVL274:
1599:Drivers/STM32L4xx_HAL_Driver/Src/stm32l4xx_hal_tim_ex.c ****   TIM_CCxChannelCmd(htim->Instance, input_channel, TIM_CCx_ENABLE);
 3940              		.loc 1 1599 3 is_stmt 0 view .LVU1131
 3941 0056 3146     		mov	r1, r6
 3942              	.LVL275:
1599:Drivers/STM32L4xx_HAL_Driver/Src/stm32l4xx_hal_tim_ex.c ****   TIM_CCxChannelCmd(htim->Instance, input_channel, TIM_CCx_ENABLE);
 3943              		.loc 1 1599 3 view .LVU1132
 3944 0058 2068     		ldr	r0, [r4]
 3945              	.LVL276:
1599:Drivers/STM32L4xx_HAL_Driver/Src/stm32l4xx_hal_tim_ex.c ****   TIM_CCxChannelCmd(htim->Instance, input_channel, TIM_CCx_ENABLE);
 3946              		.loc 1 1599 3 view .LVU1133
 3947 005a FFF7FEFF 		bl	TIM_CCxNChannelCmd
 3948              	.LVL277:
1600:Drivers/STM32L4xx_HAL_Driver/Src/stm32l4xx_hal_tim_ex.c **** 
 3949              		.loc 1 1600 3 is_stmt 1 view .LVU1134
 3950 005e 0122     		movs	r2, #1
 3951 0060 2946     		mov	r1, r5
 3952 0062 2068     		ldr	r0, [r4]
 3953 0064 FFF7FEFF 		bl	TIM_CCxChannelCmd
 3954              	.LVL278:
1603:Drivers/STM32L4xx_HAL_Driver/Src/stm32l4xx_hal_tim_ex.c **** 
 3955              		.loc 1 1603 3 view .LVU1135
 3956 0068 2268     		ldr	r2, [r4]
 3957 006a 536C     		ldr	r3, [r2, #68]
 3958 006c 43F40043 		orr	r3, r3, #32768
 3959 0070 5364     		str	r3, [r2, #68]
1606:Drivers/STM32L4xx_HAL_Driver/Src/stm32l4xx_hal_tim_ex.c **** }
 3960              		.loc 1 1606 3 view .LVU1136
1606:Drivers/STM32L4xx_HAL_Driver/Src/stm32l4xx_hal_tim_ex.c **** }
 3961              		.loc 1 1606 10 is_stmt 0 view .LVU1137
 3962 0072 0020     		movs	r0, #0
 3963 0074 00E0     		b	.L332
 3964              	.LVL279:
 3965              	.L334:
1589:Drivers/STM32L4xx_HAL_Driver/Src/stm32l4xx_hal_tim_ex.c ****   }
 3966              		.loc 1 1589 12 view .LVU1138
 3967 0076 0120     		movs	r0, #1
 3968              	.LVL280:
 3969              	.L332:
1607:Drivers/STM32L4xx_HAL_Driver/Src/stm32l4xx_hal_tim_ex.c **** 
 3970              		.loc 1 1607 1 view .LVU1139
 3971 0078 70BD     		pop	{r4, r5, r6, pc}
 3972              	.LVL281:
 3973              	.L335:
1589:Drivers/STM32L4xx_HAL_Driver/Src/stm32l4xx_hal_tim_ex.c ****   }
 3974              		.loc 1 1589 12 view .LVU1140
 3975 007a 1846     		mov	r0, r3
 3976              	.LVL282:
1589:Drivers/STM32L4xx_HAL_Driver/Src/stm32l4xx_hal_tim_ex.c ****   }
ARM GAS  C:\Users\kerry\AppData\Local\Temp\ccWnk0Ym.s 			page 139


 3977              		.loc 1 1589 12 view .LVU1141
 3978 007c FCE7     		b	.L332
 3979              		.cfi_endproc
 3980              	.LFE406:
 3982              		.section	.text.HAL_TIMEx_OnePulseN_Stop,"ax",%progbits
 3983              		.align	1
 3984              		.global	HAL_TIMEx_OnePulseN_Stop
 3985              		.syntax unified
 3986              		.thumb
 3987              		.thumb_func
 3989              	HAL_TIMEx_OnePulseN_Stop:
 3990              	.LVL283:
 3991              	.LFB407:
1622:Drivers/STM32L4xx_HAL_Driver/Src/stm32l4xx_hal_tim_ex.c ****   uint32_t input_channel = (OutputChannel == TIM_CHANNEL_1) ? TIM_CHANNEL_2 : TIM_CHANNEL_1;
 3992              		.loc 1 1622 1 is_stmt 1 view -0
 3993              		.cfi_startproc
 3994              		@ args = 0, pretend = 0, frame = 0
 3995              		@ frame_needed = 0, uses_anonymous_args = 0
1622:Drivers/STM32L4xx_HAL_Driver/Src/stm32l4xx_hal_tim_ex.c ****   uint32_t input_channel = (OutputChannel == TIM_CHANNEL_1) ? TIM_CHANNEL_2 : TIM_CHANNEL_1;
 3996              		.loc 1 1622 1 is_stmt 0 view .LVU1143
 3997 0000 38B5     		push	{r3, r4, r5, lr}
 3998              	.LCFI27:
 3999              		.cfi_def_cfa_offset 16
 4000              		.cfi_offset 3, -16
 4001              		.cfi_offset 4, -12
 4002              		.cfi_offset 5, -8
 4003              		.cfi_offset 14, -4
 4004 0002 0446     		mov	r4, r0
1623:Drivers/STM32L4xx_HAL_Driver/Src/stm32l4xx_hal_tim_ex.c **** 
 4005              		.loc 1 1623 3 is_stmt 1 view .LVU1144
1623:Drivers/STM32L4xx_HAL_Driver/Src/stm32l4xx_hal_tim_ex.c **** 
 4006              		.loc 1 1623 77 is_stmt 0 view .LVU1145
 4007 0004 0029     		cmp	r1, #0
 4008 0006 34D1     		bne	.L343
1623:Drivers/STM32L4xx_HAL_Driver/Src/stm32l4xx_hal_tim_ex.c **** 
 4009              		.loc 1 1623 77 discriminator 1 view .LVU1146
 4010 0008 0425     		movs	r5, #4
 4011              	.L340:
 4012              	.LVL284:
1626:Drivers/STM32L4xx_HAL_Driver/Src/stm32l4xx_hal_tim_ex.c **** 
 4013              		.loc 1 1626 3 is_stmt 1 view .LVU1147
1629:Drivers/STM32L4xx_HAL_Driver/Src/stm32l4xx_hal_tim_ex.c ****   TIM_CCxChannelCmd(htim->Instance, input_channel, TIM_CCx_DISABLE);
 4014              		.loc 1 1629 3 view .LVU1148
 4015 000a 0022     		movs	r2, #0
 4016 000c 2068     		ldr	r0, [r4]
 4017              	.LVL285:
1629:Drivers/STM32L4xx_HAL_Driver/Src/stm32l4xx_hal_tim_ex.c ****   TIM_CCxChannelCmd(htim->Instance, input_channel, TIM_CCx_DISABLE);
 4018              		.loc 1 1629 3 is_stmt 0 view .LVU1149
 4019 000e FFF7FEFF 		bl	TIM_CCxNChannelCmd
 4020              	.LVL286:
1630:Drivers/STM32L4xx_HAL_Driver/Src/stm32l4xx_hal_tim_ex.c **** 
 4021              		.loc 1 1630 3 is_stmt 1 view .LVU1150
 4022 0012 0022     		movs	r2, #0
 4023 0014 2946     		mov	r1, r5
 4024 0016 2068     		ldr	r0, [r4]
 4025 0018 FFF7FEFF 		bl	TIM_CCxChannelCmd
 4026              	.LVL287:
ARM GAS  C:\Users\kerry\AppData\Local\Temp\ccWnk0Ym.s 			page 140


1633:Drivers/STM32L4xx_HAL_Driver/Src/stm32l4xx_hal_tim_ex.c **** 
 4027              		.loc 1 1633 3 view .LVU1151
1633:Drivers/STM32L4xx_HAL_Driver/Src/stm32l4xx_hal_tim_ex.c **** 
 4028              		.loc 1 1633 3 view .LVU1152
 4029 001c 2268     		ldr	r2, [r4]
 4030 001e 136A     		ldr	r3, [r2, #32]
 4031 0020 03F01133 		and	r3, r3, #286331153
 4032 0024 23F08853 		bic	r3, r3, #285212672
 4033 0028 43B9     		cbnz	r3, .L341
1633:Drivers/STM32L4xx_HAL_Driver/Src/stm32l4xx_hal_tim_ex.c **** 
 4034              		.loc 1 1633 3 discriminator 1 view .LVU1153
 4035 002a 116A     		ldr	r1, [r2, #32]
 4036 002c 40F24443 		movw	r3, #1092
 4037 0030 1942     		tst	r1, r3
 4038 0032 03D1     		bne	.L341
1633:Drivers/STM32L4xx_HAL_Driver/Src/stm32l4xx_hal_tim_ex.c **** 
 4039              		.loc 1 1633 3 discriminator 3 view .LVU1154
 4040 0034 536C     		ldr	r3, [r2, #68]
 4041 0036 23F40043 		bic	r3, r3, #32768
 4042 003a 5364     		str	r3, [r2, #68]
 4043              	.L341:
1633:Drivers/STM32L4xx_HAL_Driver/Src/stm32l4xx_hal_tim_ex.c **** 
 4044              		.loc 1 1633 3 discriminator 5 view .LVU1155
1636:Drivers/STM32L4xx_HAL_Driver/Src/stm32l4xx_hal_tim_ex.c **** 
 4045              		.loc 1 1636 3 view .LVU1156
1636:Drivers/STM32L4xx_HAL_Driver/Src/stm32l4xx_hal_tim_ex.c **** 
 4046              		.loc 1 1636 3 view .LVU1157
 4047 003c 2268     		ldr	r2, [r4]
 4048 003e 136A     		ldr	r3, [r2, #32]
 4049 0040 03F01133 		and	r3, r3, #286331153
 4050 0044 23F08853 		bic	r3, r3, #285212672
 4051 0048 43B9     		cbnz	r3, .L342
1636:Drivers/STM32L4xx_HAL_Driver/Src/stm32l4xx_hal_tim_ex.c **** 
 4052              		.loc 1 1636 3 discriminator 1 view .LVU1158
 4053 004a 116A     		ldr	r1, [r2, #32]
 4054 004c 40F24443 		movw	r3, #1092
 4055 0050 1942     		tst	r1, r3
 4056 0052 03D1     		bne	.L342
1636:Drivers/STM32L4xx_HAL_Driver/Src/stm32l4xx_hal_tim_ex.c **** 
 4057              		.loc 1 1636 3 discriminator 3 view .LVU1159
 4058 0054 1368     		ldr	r3, [r2]
 4059 0056 23F00103 		bic	r3, r3, #1
 4060 005a 1360     		str	r3, [r2]
 4061              	.L342:
1636:Drivers/STM32L4xx_HAL_Driver/Src/stm32l4xx_hal_tim_ex.c **** 
 4062              		.loc 1 1636 3 discriminator 5 view .LVU1160
1639:Drivers/STM32L4xx_HAL_Driver/Src/stm32l4xx_hal_tim_ex.c ****   TIM_CHANNEL_STATE_SET(htim, TIM_CHANNEL_2, HAL_TIM_CHANNEL_STATE_READY);
 4063              		.loc 1 1639 3 view .LVU1161
 4064 005c 0123     		movs	r3, #1
 4065 005e 84F83E30 		strb	r3, [r4, #62]
1640:Drivers/STM32L4xx_HAL_Driver/Src/stm32l4xx_hal_tim_ex.c ****   TIM_CHANNEL_N_STATE_SET(htim, TIM_CHANNEL_1, HAL_TIM_CHANNEL_STATE_READY);
 4066              		.loc 1 1640 3 view .LVU1162
 4067 0062 84F83F30 		strb	r3, [r4, #63]
1641:Drivers/STM32L4xx_HAL_Driver/Src/stm32l4xx_hal_tim_ex.c ****   TIM_CHANNEL_N_STATE_SET(htim, TIM_CHANNEL_2, HAL_TIM_CHANNEL_STATE_READY);
 4068              		.loc 1 1641 3 view .LVU1163
 4069 0066 84F84430 		strb	r3, [r4, #68]
1642:Drivers/STM32L4xx_HAL_Driver/Src/stm32l4xx_hal_tim_ex.c **** 
ARM GAS  C:\Users\kerry\AppData\Local\Temp\ccWnk0Ym.s 			page 141


 4070              		.loc 1 1642 3 view .LVU1164
 4071 006a 84F84530 		strb	r3, [r4, #69]
1645:Drivers/STM32L4xx_HAL_Driver/Src/stm32l4xx_hal_tim_ex.c **** }
 4072              		.loc 1 1645 3 view .LVU1165
1646:Drivers/STM32L4xx_HAL_Driver/Src/stm32l4xx_hal_tim_ex.c **** 
 4073              		.loc 1 1646 1 is_stmt 0 view .LVU1166
 4074 006e 0020     		movs	r0, #0
 4075 0070 38BD     		pop	{r3, r4, r5, pc}
 4076              	.LVL288:
 4077              	.L343:
1623:Drivers/STM32L4xx_HAL_Driver/Src/stm32l4xx_hal_tim_ex.c **** 
 4078              		.loc 1 1623 77 discriminator 2 view .LVU1167
 4079 0072 0025     		movs	r5, #0
 4080 0074 C9E7     		b	.L340
 4081              		.cfi_endproc
 4082              	.LFE407:
 4084              		.section	.text.HAL_TIMEx_OnePulseN_Start_IT,"ax",%progbits
 4085              		.align	1
 4086              		.global	HAL_TIMEx_OnePulseN_Start_IT
 4087              		.syntax unified
 4088              		.thumb
 4089              		.thumb_func
 4091              	HAL_TIMEx_OnePulseN_Start_IT:
 4092              	.LVL289:
 4093              	.LFB408:
1661:Drivers/STM32L4xx_HAL_Driver/Src/stm32l4xx_hal_tim_ex.c ****   uint32_t input_channel = (OutputChannel == TIM_CHANNEL_1) ? TIM_CHANNEL_2 : TIM_CHANNEL_1;
 4094              		.loc 1 1661 1 is_stmt 1 view -0
 4095              		.cfi_startproc
 4096              		@ args = 0, pretend = 0, frame = 0
 4097              		@ frame_needed = 0, uses_anonymous_args = 0
1661:Drivers/STM32L4xx_HAL_Driver/Src/stm32l4xx_hal_tim_ex.c ****   uint32_t input_channel = (OutputChannel == TIM_CHANNEL_1) ? TIM_CHANNEL_2 : TIM_CHANNEL_1;
 4098              		.loc 1 1661 1 is_stmt 0 view .LVU1169
 4099 0000 70B5     		push	{r4, r5, r6, lr}
 4100              	.LCFI28:
 4101              		.cfi_def_cfa_offset 16
 4102              		.cfi_offset 4, -16
 4103              		.cfi_offset 5, -12
 4104              		.cfi_offset 6, -8
 4105              		.cfi_offset 14, -4
 4106 0002 0446     		mov	r4, r0
1662:Drivers/STM32L4xx_HAL_Driver/Src/stm32l4xx_hal_tim_ex.c ****   HAL_TIM_ChannelStateTypeDef channel_1_state = TIM_CHANNEL_STATE_GET(htim, TIM_CHANNEL_1);
 4107              		.loc 1 1662 3 is_stmt 1 view .LVU1170
1662:Drivers/STM32L4xx_HAL_Driver/Src/stm32l4xx_hal_tim_ex.c ****   HAL_TIM_ChannelStateTypeDef channel_1_state = TIM_CHANNEL_STATE_GET(htim, TIM_CHANNEL_1);
 4108              		.loc 1 1662 77 is_stmt 0 view .LVU1171
 4109 0004 0E46     		mov	r6, r1
 4110 0006 D1B9     		cbnz	r1, .L348
1662:Drivers/STM32L4xx_HAL_Driver/Src/stm32l4xx_hal_tim_ex.c ****   HAL_TIM_ChannelStateTypeDef channel_1_state = TIM_CHANNEL_STATE_GET(htim, TIM_CHANNEL_1);
 4111              		.loc 1 1662 77 discriminator 1 view .LVU1172
 4112 0008 0425     		movs	r5, #4
 4113              	.L346:
 4114              	.LVL290:
1663:Drivers/STM32L4xx_HAL_Driver/Src/stm32l4xx_hal_tim_ex.c ****   HAL_TIM_ChannelStateTypeDef channel_2_state = TIM_CHANNEL_STATE_GET(htim, TIM_CHANNEL_2);
 4115              		.loc 1 1663 3 is_stmt 1 view .LVU1173
1663:Drivers/STM32L4xx_HAL_Driver/Src/stm32l4xx_hal_tim_ex.c ****   HAL_TIM_ChannelStateTypeDef channel_2_state = TIM_CHANNEL_STATE_GET(htim, TIM_CHANNEL_2);
 4116              		.loc 1 1663 31 is_stmt 0 view .LVU1174
 4117 000a 94F83EE0 		ldrb	lr, [r4, #62]	@ zero_extendqisi2
 4118 000e 5FFA8EF0 		uxtb	r0, lr
ARM GAS  C:\Users\kerry\AppData\Local\Temp\ccWnk0Ym.s 			page 142


 4119              	.LVL291:
1664:Drivers/STM32L4xx_HAL_Driver/Src/stm32l4xx_hal_tim_ex.c ****   HAL_TIM_ChannelStateTypeDef complementary_channel_1_state = TIM_CHANNEL_N_STATE_GET(htim, TIM_CHA
 4120              		.loc 1 1664 3 is_stmt 1 view .LVU1175
1664:Drivers/STM32L4xx_HAL_Driver/Src/stm32l4xx_hal_tim_ex.c ****   HAL_TIM_ChannelStateTypeDef complementary_channel_1_state = TIM_CHANNEL_N_STATE_GET(htim, TIM_CHA
 4121              		.loc 1 1664 31 is_stmt 0 view .LVU1176
 4122 0012 94F83F30 		ldrb	r3, [r4, #63]	@ zero_extendqisi2
 4123 0016 DBB2     		uxtb	r3, r3
 4124              	.LVL292:
1665:Drivers/STM32L4xx_HAL_Driver/Src/stm32l4xx_hal_tim_ex.c ****   HAL_TIM_ChannelStateTypeDef complementary_channel_2_state = TIM_CHANNEL_N_STATE_GET(htim, TIM_CHA
 4125              		.loc 1 1665 3 is_stmt 1 view .LVU1177
1665:Drivers/STM32L4xx_HAL_Driver/Src/stm32l4xx_hal_tim_ex.c ****   HAL_TIM_ChannelStateTypeDef complementary_channel_2_state = TIM_CHANNEL_N_STATE_GET(htim, TIM_CHA
 4126              		.loc 1 1665 31 is_stmt 0 view .LVU1178
 4127 0018 94F84420 		ldrb	r2, [r4, #68]	@ zero_extendqisi2
 4128 001c D2B2     		uxtb	r2, r2
 4129              	.LVL293:
1666:Drivers/STM32L4xx_HAL_Driver/Src/stm32l4xx_hal_tim_ex.c **** 
 4130              		.loc 1 1666 3 is_stmt 1 view .LVU1179
1666:Drivers/STM32L4xx_HAL_Driver/Src/stm32l4xx_hal_tim_ex.c **** 
 4131              		.loc 1 1666 31 is_stmt 0 view .LVU1180
 4132 001e 94F845C0 		ldrb	ip, [r4, #69]	@ zero_extendqisi2
 4133 0022 5FFA8CFC 		uxtb	ip, ip
 4134              	.LVL294:
1669:Drivers/STM32L4xx_HAL_Driver/Src/stm32l4xx_hal_tim_ex.c **** 
 4135              		.loc 1 1669 3 is_stmt 1 view .LVU1181
1672:Drivers/STM32L4xx_HAL_Driver/Src/stm32l4xx_hal_tim_ex.c ****       || (channel_2_state != HAL_TIM_CHANNEL_STATE_READY)
 4136              		.loc 1 1672 3 view .LVU1182
1672:Drivers/STM32L4xx_HAL_Driver/Src/stm32l4xx_hal_tim_ex.c ****       || (channel_2_state != HAL_TIM_CHANNEL_STATE_READY)
 4137              		.loc 1 1672 6 is_stmt 0 view .LVU1183
 4138 0026 BEF1010F 		cmp	lr, #1
 4139 002a 2ED1     		bne	.L349
1673:Drivers/STM32L4xx_HAL_Driver/Src/stm32l4xx_hal_tim_ex.c ****       || (complementary_channel_1_state != HAL_TIM_CHANNEL_STATE_READY)
 4140              		.loc 1 1673 7 view .LVU1184
 4141 002c 012B     		cmp	r3, #1
 4142 002e 2DD1     		bne	.L347
1674:Drivers/STM32L4xx_HAL_Driver/Src/stm32l4xx_hal_tim_ex.c ****       || (complementary_channel_2_state != HAL_TIM_CHANNEL_STATE_READY))
 4143              		.loc 1 1674 7 view .LVU1185
 4144 0030 012A     		cmp	r2, #1
 4145 0032 2CD1     		bne	.L350
1675:Drivers/STM32L4xx_HAL_Driver/Src/stm32l4xx_hal_tim_ex.c ****   {
 4146              		.loc 1 1675 7 view .LVU1186
 4147 0034 BCF1010F 		cmp	ip, #1
 4148 0038 03D0     		beq	.L353
1677:Drivers/STM32L4xx_HAL_Driver/Src/stm32l4xx_hal_tim_ex.c ****   }
 4149              		.loc 1 1677 12 view .LVU1187
 4150 003a 1046     		mov	r0, r2
 4151              	.LVL295:
1677:Drivers/STM32L4xx_HAL_Driver/Src/stm32l4xx_hal_tim_ex.c ****   }
 4152              		.loc 1 1677 12 view .LVU1188
 4153 003c 26E0     		b	.L347
 4154              	.LVL296:
 4155              	.L348:
1662:Drivers/STM32L4xx_HAL_Driver/Src/stm32l4xx_hal_tim_ex.c ****   HAL_TIM_ChannelStateTypeDef channel_1_state = TIM_CHANNEL_STATE_GET(htim, TIM_CHANNEL_1);
 4156              		.loc 1 1662 77 discriminator 2 view .LVU1189
 4157 003e 0025     		movs	r5, #0
 4158 0040 E3E7     		b	.L346
 4159              	.LVL297:
 4160              	.L353:
ARM GAS  C:\Users\kerry\AppData\Local\Temp\ccWnk0Ym.s 			page 143


1681:Drivers/STM32L4xx_HAL_Driver/Src/stm32l4xx_hal_tim_ex.c ****   TIM_CHANNEL_STATE_SET(htim, TIM_CHANNEL_2, HAL_TIM_CHANNEL_STATE_BUSY);
 4161              		.loc 1 1681 3 is_stmt 1 view .LVU1190
 4162 0042 0223     		movs	r3, #2
 4163              	.LVL298:
1681:Drivers/STM32L4xx_HAL_Driver/Src/stm32l4xx_hal_tim_ex.c ****   TIM_CHANNEL_STATE_SET(htim, TIM_CHANNEL_2, HAL_TIM_CHANNEL_STATE_BUSY);
 4164              		.loc 1 1681 3 is_stmt 0 view .LVU1191
 4165 0044 84F83E30 		strb	r3, [r4, #62]
1682:Drivers/STM32L4xx_HAL_Driver/Src/stm32l4xx_hal_tim_ex.c ****   TIM_CHANNEL_N_STATE_SET(htim, TIM_CHANNEL_1, HAL_TIM_CHANNEL_STATE_BUSY);
 4166              		.loc 1 1682 3 is_stmt 1 view .LVU1192
 4167 0048 84F83F30 		strb	r3, [r4, #63]
1683:Drivers/STM32L4xx_HAL_Driver/Src/stm32l4xx_hal_tim_ex.c ****   TIM_CHANNEL_N_STATE_SET(htim, TIM_CHANNEL_2, HAL_TIM_CHANNEL_STATE_BUSY);
 4168              		.loc 1 1683 3 view .LVU1193
 4169 004c 84F84430 		strb	r3, [r4, #68]
1684:Drivers/STM32L4xx_HAL_Driver/Src/stm32l4xx_hal_tim_ex.c **** 
 4170              		.loc 1 1684 3 view .LVU1194
 4171 0050 84F84530 		strb	r3, [r4, #69]
1687:Drivers/STM32L4xx_HAL_Driver/Src/stm32l4xx_hal_tim_ex.c **** 
 4172              		.loc 1 1687 3 view .LVU1195
 4173 0054 2268     		ldr	r2, [r4]
 4174              	.LVL299:
1687:Drivers/STM32L4xx_HAL_Driver/Src/stm32l4xx_hal_tim_ex.c **** 
 4175              		.loc 1 1687 3 is_stmt 0 view .LVU1196
 4176 0056 D368     		ldr	r3, [r2, #12]
 4177 0058 43F00203 		orr	r3, r3, #2
 4178 005c D360     		str	r3, [r2, #12]
1690:Drivers/STM32L4xx_HAL_Driver/Src/stm32l4xx_hal_tim_ex.c **** 
 4179              		.loc 1 1690 3 is_stmt 1 view .LVU1197
 4180 005e 2268     		ldr	r2, [r4]
 4181 0060 D368     		ldr	r3, [r2, #12]
 4182 0062 43F00403 		orr	r3, r3, #4
 4183 0066 D360     		str	r3, [r2, #12]
1693:Drivers/STM32L4xx_HAL_Driver/Src/stm32l4xx_hal_tim_ex.c ****   TIM_CCxChannelCmd(htim->Instance, input_channel, TIM_CCx_ENABLE);
 4184              		.loc 1 1693 3 view .LVU1198
 4185 0068 0422     		movs	r2, #4
 4186 006a 3146     		mov	r1, r6
 4187              	.LVL300:
1693:Drivers/STM32L4xx_HAL_Driver/Src/stm32l4xx_hal_tim_ex.c ****   TIM_CCxChannelCmd(htim->Instance, input_channel, TIM_CCx_ENABLE);
 4188              		.loc 1 1693 3 is_stmt 0 view .LVU1199
 4189 006c 2068     		ldr	r0, [r4]
 4190              	.LVL301:
1693:Drivers/STM32L4xx_HAL_Driver/Src/stm32l4xx_hal_tim_ex.c ****   TIM_CCxChannelCmd(htim->Instance, input_channel, TIM_CCx_ENABLE);
 4191              		.loc 1 1693 3 view .LVU1200
 4192 006e FFF7FEFF 		bl	TIM_CCxNChannelCmd
 4193              	.LVL302:
1694:Drivers/STM32L4xx_HAL_Driver/Src/stm32l4xx_hal_tim_ex.c **** 
 4194              		.loc 1 1694 3 is_stmt 1 view .LVU1201
 4195 0072 0122     		movs	r2, #1
 4196 0074 2946     		mov	r1, r5
 4197 0076 2068     		ldr	r0, [r4]
 4198 0078 FFF7FEFF 		bl	TIM_CCxChannelCmd
 4199              	.LVL303:
1697:Drivers/STM32L4xx_HAL_Driver/Src/stm32l4xx_hal_tim_ex.c **** 
 4200              		.loc 1 1697 3 view .LVU1202
 4201 007c 2268     		ldr	r2, [r4]
 4202 007e 536C     		ldr	r3, [r2, #68]
 4203 0080 43F40043 		orr	r3, r3, #32768
 4204 0084 5364     		str	r3, [r2, #68]
ARM GAS  C:\Users\kerry\AppData\Local\Temp\ccWnk0Ym.s 			page 144


1700:Drivers/STM32L4xx_HAL_Driver/Src/stm32l4xx_hal_tim_ex.c **** }
 4205              		.loc 1 1700 3 view .LVU1203
1700:Drivers/STM32L4xx_HAL_Driver/Src/stm32l4xx_hal_tim_ex.c **** }
 4206              		.loc 1 1700 10 is_stmt 0 view .LVU1204
 4207 0086 0020     		movs	r0, #0
 4208 0088 00E0     		b	.L347
 4209              	.LVL304:
 4210              	.L349:
1677:Drivers/STM32L4xx_HAL_Driver/Src/stm32l4xx_hal_tim_ex.c ****   }
 4211              		.loc 1 1677 12 view .LVU1205
 4212 008a 0120     		movs	r0, #1
 4213              	.LVL305:
 4214              	.L347:
1701:Drivers/STM32L4xx_HAL_Driver/Src/stm32l4xx_hal_tim_ex.c **** 
 4215              		.loc 1 1701 1 view .LVU1206
 4216 008c 70BD     		pop	{r4, r5, r6, pc}
 4217              	.LVL306:
 4218              	.L350:
1677:Drivers/STM32L4xx_HAL_Driver/Src/stm32l4xx_hal_tim_ex.c ****   }
 4219              		.loc 1 1677 12 view .LVU1207
 4220 008e 1846     		mov	r0, r3
 4221              	.LVL307:
1677:Drivers/STM32L4xx_HAL_Driver/Src/stm32l4xx_hal_tim_ex.c ****   }
 4222              		.loc 1 1677 12 view .LVU1208
 4223 0090 FCE7     		b	.L347
 4224              		.cfi_endproc
 4225              	.LFE408:
 4227              		.section	.text.HAL_TIMEx_OnePulseN_Stop_IT,"ax",%progbits
 4228              		.align	1
 4229              		.global	HAL_TIMEx_OnePulseN_Stop_IT
 4230              		.syntax unified
 4231              		.thumb
 4232              		.thumb_func
 4234              	HAL_TIMEx_OnePulseN_Stop_IT:
 4235              	.LVL308:
 4236              	.LFB409:
1716:Drivers/STM32L4xx_HAL_Driver/Src/stm32l4xx_hal_tim_ex.c ****   uint32_t input_channel = (OutputChannel == TIM_CHANNEL_1) ? TIM_CHANNEL_2 : TIM_CHANNEL_1;
 4237              		.loc 1 1716 1 is_stmt 1 view -0
 4238              		.cfi_startproc
 4239              		@ args = 0, pretend = 0, frame = 0
 4240              		@ frame_needed = 0, uses_anonymous_args = 0
1716:Drivers/STM32L4xx_HAL_Driver/Src/stm32l4xx_hal_tim_ex.c ****   uint32_t input_channel = (OutputChannel == TIM_CHANNEL_1) ? TIM_CHANNEL_2 : TIM_CHANNEL_1;
 4241              		.loc 1 1716 1 is_stmt 0 view .LVU1210
 4242 0000 38B5     		push	{r3, r4, r5, lr}
 4243              	.LCFI29:
 4244              		.cfi_def_cfa_offset 16
 4245              		.cfi_offset 3, -16
 4246              		.cfi_offset 4, -12
 4247              		.cfi_offset 5, -8
 4248              		.cfi_offset 14, -4
 4249 0002 0446     		mov	r4, r0
1717:Drivers/STM32L4xx_HAL_Driver/Src/stm32l4xx_hal_tim_ex.c **** 
 4250              		.loc 1 1717 3 is_stmt 1 view .LVU1211
1717:Drivers/STM32L4xx_HAL_Driver/Src/stm32l4xx_hal_tim_ex.c **** 
 4251              		.loc 1 1717 77 is_stmt 0 view .LVU1212
 4252 0004 0029     		cmp	r1, #0
 4253 0006 3ED1     		bne	.L358
ARM GAS  C:\Users\kerry\AppData\Local\Temp\ccWnk0Ym.s 			page 145


1717:Drivers/STM32L4xx_HAL_Driver/Src/stm32l4xx_hal_tim_ex.c **** 
 4254              		.loc 1 1717 77 discriminator 1 view .LVU1213
 4255 0008 0425     		movs	r5, #4
 4256              	.L355:
 4257              	.LVL309:
1720:Drivers/STM32L4xx_HAL_Driver/Src/stm32l4xx_hal_tim_ex.c **** 
 4258              		.loc 1 1720 3 is_stmt 1 view .LVU1214
1723:Drivers/STM32L4xx_HAL_Driver/Src/stm32l4xx_hal_tim_ex.c **** 
 4259              		.loc 1 1723 3 view .LVU1215
 4260 000a 2268     		ldr	r2, [r4]
 4261 000c D368     		ldr	r3, [r2, #12]
 4262 000e 23F00203 		bic	r3, r3, #2
 4263 0012 D360     		str	r3, [r2, #12]
1726:Drivers/STM32L4xx_HAL_Driver/Src/stm32l4xx_hal_tim_ex.c **** 
 4264              		.loc 1 1726 3 view .LVU1216
 4265 0014 2268     		ldr	r2, [r4]
 4266 0016 D368     		ldr	r3, [r2, #12]
 4267 0018 23F00403 		bic	r3, r3, #4
 4268 001c D360     		str	r3, [r2, #12]
1729:Drivers/STM32L4xx_HAL_Driver/Src/stm32l4xx_hal_tim_ex.c ****   TIM_CCxChannelCmd(htim->Instance, input_channel, TIM_CCx_DISABLE);
 4269              		.loc 1 1729 3 view .LVU1217
 4270 001e 0022     		movs	r2, #0
 4271 0020 2068     		ldr	r0, [r4]
 4272              	.LVL310:
1729:Drivers/STM32L4xx_HAL_Driver/Src/stm32l4xx_hal_tim_ex.c ****   TIM_CCxChannelCmd(htim->Instance, input_channel, TIM_CCx_DISABLE);
 4273              		.loc 1 1729 3 is_stmt 0 view .LVU1218
 4274 0022 FFF7FEFF 		bl	TIM_CCxNChannelCmd
 4275              	.LVL311:
1730:Drivers/STM32L4xx_HAL_Driver/Src/stm32l4xx_hal_tim_ex.c **** 
 4276              		.loc 1 1730 3 is_stmt 1 view .LVU1219
 4277 0026 0022     		movs	r2, #0
 4278 0028 2946     		mov	r1, r5
 4279 002a 2068     		ldr	r0, [r4]
 4280 002c FFF7FEFF 		bl	TIM_CCxChannelCmd
 4281              	.LVL312:
1733:Drivers/STM32L4xx_HAL_Driver/Src/stm32l4xx_hal_tim_ex.c **** 
 4282              		.loc 1 1733 3 view .LVU1220
1733:Drivers/STM32L4xx_HAL_Driver/Src/stm32l4xx_hal_tim_ex.c **** 
 4283              		.loc 1 1733 3 view .LVU1221
 4284 0030 2268     		ldr	r2, [r4]
 4285 0032 136A     		ldr	r3, [r2, #32]
 4286 0034 03F01133 		and	r3, r3, #286331153
 4287 0038 23F08853 		bic	r3, r3, #285212672
 4288 003c 43B9     		cbnz	r3, .L356
1733:Drivers/STM32L4xx_HAL_Driver/Src/stm32l4xx_hal_tim_ex.c **** 
 4289              		.loc 1 1733 3 discriminator 1 view .LVU1222
 4290 003e 116A     		ldr	r1, [r2, #32]
 4291 0040 40F24443 		movw	r3, #1092
 4292 0044 1942     		tst	r1, r3
 4293 0046 03D1     		bne	.L356
1733:Drivers/STM32L4xx_HAL_Driver/Src/stm32l4xx_hal_tim_ex.c **** 
 4294              		.loc 1 1733 3 discriminator 3 view .LVU1223
 4295 0048 536C     		ldr	r3, [r2, #68]
 4296 004a 23F40043 		bic	r3, r3, #32768
 4297 004e 5364     		str	r3, [r2, #68]
 4298              	.L356:
1733:Drivers/STM32L4xx_HAL_Driver/Src/stm32l4xx_hal_tim_ex.c **** 
ARM GAS  C:\Users\kerry\AppData\Local\Temp\ccWnk0Ym.s 			page 146


 4299              		.loc 1 1733 3 discriminator 5 view .LVU1224
1736:Drivers/STM32L4xx_HAL_Driver/Src/stm32l4xx_hal_tim_ex.c **** 
 4300              		.loc 1 1736 3 view .LVU1225
1736:Drivers/STM32L4xx_HAL_Driver/Src/stm32l4xx_hal_tim_ex.c **** 
 4301              		.loc 1 1736 3 view .LVU1226
 4302 0050 2268     		ldr	r2, [r4]
 4303 0052 136A     		ldr	r3, [r2, #32]
 4304 0054 03F01133 		and	r3, r3, #286331153
 4305 0058 23F08853 		bic	r3, r3, #285212672
 4306 005c 43B9     		cbnz	r3, .L357
1736:Drivers/STM32L4xx_HAL_Driver/Src/stm32l4xx_hal_tim_ex.c **** 
 4307              		.loc 1 1736 3 discriminator 1 view .LVU1227
 4308 005e 116A     		ldr	r1, [r2, #32]
 4309 0060 40F24443 		movw	r3, #1092
 4310 0064 1942     		tst	r1, r3
 4311 0066 03D1     		bne	.L357
1736:Drivers/STM32L4xx_HAL_Driver/Src/stm32l4xx_hal_tim_ex.c **** 
 4312              		.loc 1 1736 3 discriminator 3 view .LVU1228
 4313 0068 1368     		ldr	r3, [r2]
 4314 006a 23F00103 		bic	r3, r3, #1
 4315 006e 1360     		str	r3, [r2]
 4316              	.L357:
1736:Drivers/STM32L4xx_HAL_Driver/Src/stm32l4xx_hal_tim_ex.c **** 
 4317              		.loc 1 1736 3 discriminator 5 view .LVU1229
1739:Drivers/STM32L4xx_HAL_Driver/Src/stm32l4xx_hal_tim_ex.c ****   TIM_CHANNEL_STATE_SET(htim, TIM_CHANNEL_2, HAL_TIM_CHANNEL_STATE_READY);
 4318              		.loc 1 1739 3 view .LVU1230
 4319 0070 0123     		movs	r3, #1
 4320 0072 84F83E30 		strb	r3, [r4, #62]
1740:Drivers/STM32L4xx_HAL_Driver/Src/stm32l4xx_hal_tim_ex.c ****   TIM_CHANNEL_N_STATE_SET(htim, TIM_CHANNEL_1, HAL_TIM_CHANNEL_STATE_READY);
 4321              		.loc 1 1740 3 view .LVU1231
 4322 0076 84F83F30 		strb	r3, [r4, #63]
1741:Drivers/STM32L4xx_HAL_Driver/Src/stm32l4xx_hal_tim_ex.c ****   TIM_CHANNEL_N_STATE_SET(htim, TIM_CHANNEL_2, HAL_TIM_CHANNEL_STATE_READY);
 4323              		.loc 1 1741 3 view .LVU1232
 4324 007a 84F84430 		strb	r3, [r4, #68]
1742:Drivers/STM32L4xx_HAL_Driver/Src/stm32l4xx_hal_tim_ex.c **** 
 4325              		.loc 1 1742 3 view .LVU1233
 4326 007e 84F84530 		strb	r3, [r4, #69]
1745:Drivers/STM32L4xx_HAL_Driver/Src/stm32l4xx_hal_tim_ex.c **** }
 4327              		.loc 1 1745 3 view .LVU1234
1746:Drivers/STM32L4xx_HAL_Driver/Src/stm32l4xx_hal_tim_ex.c **** 
 4328              		.loc 1 1746 1 is_stmt 0 view .LVU1235
 4329 0082 0020     		movs	r0, #0
 4330 0084 38BD     		pop	{r3, r4, r5, pc}
 4331              	.LVL313:
 4332              	.L358:
1717:Drivers/STM32L4xx_HAL_Driver/Src/stm32l4xx_hal_tim_ex.c **** 
 4333              		.loc 1 1717 77 discriminator 2 view .LVU1236
 4334 0086 0025     		movs	r5, #0
 4335 0088 BFE7     		b	.L355
 4336              		.cfi_endproc
 4337              	.LFE409:
 4339              		.section	.text.HAL_TIMEx_ConfigCommutEvent,"ax",%progbits
 4340              		.align	1
 4341              		.global	HAL_TIMEx_ConfigCommutEvent
 4342              		.syntax unified
 4343              		.thumb
 4344              		.thumb_func
ARM GAS  C:\Users\kerry\AppData\Local\Temp\ccWnk0Ym.s 			page 147


 4346              	HAL_TIMEx_ConfigCommutEvent:
 4347              	.LVL314:
 4348              	.LFB410:
1797:Drivers/STM32L4xx_HAL_Driver/Src/stm32l4xx_hal_tim_ex.c ****   /* Check the parameters */
 4349              		.loc 1 1797 1 is_stmt 1 view -0
 4350              		.cfi_startproc
 4351              		@ args = 0, pretend = 0, frame = 0
 4352              		@ frame_needed = 0, uses_anonymous_args = 0
 4353              		@ link register save eliminated.
1797:Drivers/STM32L4xx_HAL_Driver/Src/stm32l4xx_hal_tim_ex.c ****   /* Check the parameters */
 4354              		.loc 1 1797 1 is_stmt 0 view .LVU1238
 4355 0000 0346     		mov	r3, r0
1799:Drivers/STM32L4xx_HAL_Driver/Src/stm32l4xx_hal_tim_ex.c ****   assert_param(IS_TIM_INTERNAL_TRIGGEREVENT_SELECTION(InputTrigger));
 4356              		.loc 1 1799 3 is_stmt 1 view .LVU1239
1800:Drivers/STM32L4xx_HAL_Driver/Src/stm32l4xx_hal_tim_ex.c **** 
 4357              		.loc 1 1800 3 view .LVU1240
1802:Drivers/STM32L4xx_HAL_Driver/Src/stm32l4xx_hal_tim_ex.c **** 
 4358              		.loc 1 1802 3 view .LVU1241
1802:Drivers/STM32L4xx_HAL_Driver/Src/stm32l4xx_hal_tim_ex.c **** 
 4359              		.loc 1 1802 3 view .LVU1242
 4360 0002 90F83C00 		ldrb	r0, [r0, #60]	@ zero_extendqisi2
 4361              	.LVL315:
1802:Drivers/STM32L4xx_HAL_Driver/Src/stm32l4xx_hal_tim_ex.c **** 
 4362              		.loc 1 1802 3 is_stmt 0 view .LVU1243
 4363 0006 0128     		cmp	r0, #1
 4364 0008 33D0     		beq	.L365
1797:Drivers/STM32L4xx_HAL_Driver/Src/stm32l4xx_hal_tim_ex.c ****   /* Check the parameters */
 4365              		.loc 1 1797 1 view .LVU1244
 4366 000a 10B4     		push	{r4}
 4367              	.LCFI30:
 4368              		.cfi_def_cfa_offset 4
 4369              		.cfi_offset 4, -4
1802:Drivers/STM32L4xx_HAL_Driver/Src/stm32l4xx_hal_tim_ex.c **** 
 4370              		.loc 1 1802 3 is_stmt 1 discriminator 2 view .LVU1245
 4371 000c 0120     		movs	r0, #1
 4372 000e 83F83C00 		strb	r0, [r3, #60]
1802:Drivers/STM32L4xx_HAL_Driver/Src/stm32l4xx_hal_tim_ex.c **** 
 4373              		.loc 1 1802 3 view .LVU1246
1804:Drivers/STM32L4xx_HAL_Driver/Src/stm32l4xx_hal_tim_ex.c ****       (InputTrigger == TIM_TS_ITR2) || (InputTrigger == TIM_TS_ITR3))
 4374              		.loc 1 1804 3 view .LVU1247
 4375 0012 2029     		cmp	r1, #32
 4376 0014 03D0     		beq	.L362
 4377 0016 29D8     		bhi	.L363
 4378 0018 09B1     		cbz	r1, .L362
 4379 001a 1029     		cmp	r1, #16
 4380 001c 08D1     		bne	.L364
 4381              	.L362:
1808:Drivers/STM32L4xx_HAL_Driver/Src/stm32l4xx_hal_tim_ex.c ****     htim->Instance->SMCR |= InputTrigger;
 4382              		.loc 1 1808 5 view .LVU1248
1808:Drivers/STM32L4xx_HAL_Driver/Src/stm32l4xx_hal_tim_ex.c ****     htim->Instance->SMCR |= InputTrigger;
 4383              		.loc 1 1808 9 is_stmt 0 view .LVU1249
 4384 001e 1C68     		ldr	r4, [r3]
1808:Drivers/STM32L4xx_HAL_Driver/Src/stm32l4xx_hal_tim_ex.c ****     htim->Instance->SMCR |= InputTrigger;
 4385              		.loc 1 1808 19 view .LVU1250
 4386 0020 A068     		ldr	r0, [r4, #8]
1808:Drivers/STM32L4xx_HAL_Driver/Src/stm32l4xx_hal_tim_ex.c ****     htim->Instance->SMCR |= InputTrigger;
 4387              		.loc 1 1808 26 view .LVU1251
ARM GAS  C:\Users\kerry\AppData\Local\Temp\ccWnk0Ym.s 			page 148


 4388 0022 20F07000 		bic	r0, r0, #112
 4389 0026 A060     		str	r0, [r4, #8]
1809:Drivers/STM32L4xx_HAL_Driver/Src/stm32l4xx_hal_tim_ex.c ****   }
 4390              		.loc 1 1809 5 is_stmt 1 view .LVU1252
1809:Drivers/STM32L4xx_HAL_Driver/Src/stm32l4xx_hal_tim_ex.c ****   }
 4391              		.loc 1 1809 9 is_stmt 0 view .LVU1253
 4392 0028 1C68     		ldr	r4, [r3]
1809:Drivers/STM32L4xx_HAL_Driver/Src/stm32l4xx_hal_tim_ex.c ****   }
 4393              		.loc 1 1809 19 view .LVU1254
 4394 002a A068     		ldr	r0, [r4, #8]
1809:Drivers/STM32L4xx_HAL_Driver/Src/stm32l4xx_hal_tim_ex.c ****   }
 4395              		.loc 1 1809 26 view .LVU1255
 4396 002c 0143     		orrs	r1, r1, r0
 4397              	.LVL316:
1809:Drivers/STM32L4xx_HAL_Driver/Src/stm32l4xx_hal_tim_ex.c ****   }
 4398              		.loc 1 1809 26 view .LVU1256
 4399 002e A160     		str	r1, [r4, #8]
 4400              	.L364:
1813:Drivers/STM32L4xx_HAL_Driver/Src/stm32l4xx_hal_tim_ex.c ****   /* Select the Commutation event source */
 4401              		.loc 1 1813 3 is_stmt 1 view .LVU1257
1813:Drivers/STM32L4xx_HAL_Driver/Src/stm32l4xx_hal_tim_ex.c ****   /* Select the Commutation event source */
 4402              		.loc 1 1813 7 is_stmt 0 view .LVU1258
 4403 0030 1868     		ldr	r0, [r3]
1813:Drivers/STM32L4xx_HAL_Driver/Src/stm32l4xx_hal_tim_ex.c ****   /* Select the Commutation event source */
 4404              		.loc 1 1813 17 view .LVU1259
 4405 0032 4168     		ldr	r1, [r0, #4]
1813:Drivers/STM32L4xx_HAL_Driver/Src/stm32l4xx_hal_tim_ex.c ****   /* Select the Commutation event source */
 4406              		.loc 1 1813 23 view .LVU1260
 4407 0034 41F00101 		orr	r1, r1, #1
 4408 0038 4160     		str	r1, [r0, #4]
1815:Drivers/STM32L4xx_HAL_Driver/Src/stm32l4xx_hal_tim_ex.c ****   htim->Instance->CR2 |= CommutationSource;
 4409              		.loc 1 1815 3 is_stmt 1 view .LVU1261
1815:Drivers/STM32L4xx_HAL_Driver/Src/stm32l4xx_hal_tim_ex.c ****   htim->Instance->CR2 |= CommutationSource;
 4410              		.loc 1 1815 7 is_stmt 0 view .LVU1262
 4411 003a 1868     		ldr	r0, [r3]
1815:Drivers/STM32L4xx_HAL_Driver/Src/stm32l4xx_hal_tim_ex.c ****   htim->Instance->CR2 |= CommutationSource;
 4412              		.loc 1 1815 17 view .LVU1263
 4413 003c 4168     		ldr	r1, [r0, #4]
1815:Drivers/STM32L4xx_HAL_Driver/Src/stm32l4xx_hal_tim_ex.c ****   htim->Instance->CR2 |= CommutationSource;
 4414              		.loc 1 1815 23 view .LVU1264
 4415 003e 21F00401 		bic	r1, r1, #4
 4416 0042 4160     		str	r1, [r0, #4]
1816:Drivers/STM32L4xx_HAL_Driver/Src/stm32l4xx_hal_tim_ex.c **** 
 4417              		.loc 1 1816 3 is_stmt 1 view .LVU1265
1816:Drivers/STM32L4xx_HAL_Driver/Src/stm32l4xx_hal_tim_ex.c **** 
 4418              		.loc 1 1816 7 is_stmt 0 view .LVU1266
 4419 0044 1868     		ldr	r0, [r3]
1816:Drivers/STM32L4xx_HAL_Driver/Src/stm32l4xx_hal_tim_ex.c **** 
 4420              		.loc 1 1816 17 view .LVU1267
 4421 0046 4168     		ldr	r1, [r0, #4]
1816:Drivers/STM32L4xx_HAL_Driver/Src/stm32l4xx_hal_tim_ex.c **** 
 4422              		.loc 1 1816 23 view .LVU1268
 4423 0048 0A43     		orrs	r2, r2, r1
 4424              	.LVL317:
1816:Drivers/STM32L4xx_HAL_Driver/Src/stm32l4xx_hal_tim_ex.c **** 
 4425              		.loc 1 1816 23 view .LVU1269
 4426 004a 4260     		str	r2, [r0, #4]
ARM GAS  C:\Users\kerry\AppData\Local\Temp\ccWnk0Ym.s 			page 149


1819:Drivers/STM32L4xx_HAL_Driver/Src/stm32l4xx_hal_tim_ex.c **** 
 4427              		.loc 1 1819 3 is_stmt 1 view .LVU1270
 4428 004c 1968     		ldr	r1, [r3]
 4429 004e CA68     		ldr	r2, [r1, #12]
 4430 0050 22F02002 		bic	r2, r2, #32
 4431 0054 CA60     		str	r2, [r1, #12]
1822:Drivers/STM32L4xx_HAL_Driver/Src/stm32l4xx_hal_tim_ex.c **** 
 4432              		.loc 1 1822 3 view .LVU1271
 4433 0056 1968     		ldr	r1, [r3]
 4434 0058 CA68     		ldr	r2, [r1, #12]
 4435 005a 22F40052 		bic	r2, r2, #8192
 4436 005e CA60     		str	r2, [r1, #12]
1824:Drivers/STM32L4xx_HAL_Driver/Src/stm32l4xx_hal_tim_ex.c **** 
 4437              		.loc 1 1824 3 view .LVU1272
1824:Drivers/STM32L4xx_HAL_Driver/Src/stm32l4xx_hal_tim_ex.c **** 
 4438              		.loc 1 1824 3 view .LVU1273
 4439 0060 0020     		movs	r0, #0
 4440 0062 83F83C00 		strb	r0, [r3, #60]
1824:Drivers/STM32L4xx_HAL_Driver/Src/stm32l4xx_hal_tim_ex.c **** 
 4441              		.loc 1 1824 3 view .LVU1274
1826:Drivers/STM32L4xx_HAL_Driver/Src/stm32l4xx_hal_tim_ex.c **** }
 4442              		.loc 1 1826 3 view .LVU1275
1827:Drivers/STM32L4xx_HAL_Driver/Src/stm32l4xx_hal_tim_ex.c **** 
 4443              		.loc 1 1827 1 is_stmt 0 view .LVU1276
 4444 0066 5DF8044B 		ldr	r4, [sp], #4
 4445              	.LCFI31:
 4446              		.cfi_remember_state
 4447              		.cfi_restore 4
 4448              		.cfi_def_cfa_offset 0
 4449 006a 7047     		bx	lr
 4450              	.LVL318:
 4451              	.L363:
 4452              	.LCFI32:
 4453              		.cfi_restore_state
1827:Drivers/STM32L4xx_HAL_Driver/Src/stm32l4xx_hal_tim_ex.c **** 
 4454              		.loc 1 1827 1 view .LVU1277
 4455 006c 3029     		cmp	r1, #48
 4456 006e DFD1     		bne	.L364
 4457 0070 D5E7     		b	.L362
 4458              	.L365:
 4459              	.LCFI33:
 4460              		.cfi_def_cfa_offset 0
 4461              		.cfi_restore 4
1802:Drivers/STM32L4xx_HAL_Driver/Src/stm32l4xx_hal_tim_ex.c **** 
 4462              		.loc 1 1802 3 discriminator 1 view .LVU1278
 4463 0072 0220     		movs	r0, #2
1827:Drivers/STM32L4xx_HAL_Driver/Src/stm32l4xx_hal_tim_ex.c **** 
 4464              		.loc 1 1827 1 view .LVU1279
 4465 0074 7047     		bx	lr
 4466              		.cfi_endproc
 4467              	.LFE410:
 4469              		.section	.text.HAL_TIMEx_ConfigCommutEvent_IT,"ax",%progbits
 4470              		.align	1
 4471              		.global	HAL_TIMEx_ConfigCommutEvent_IT
 4472              		.syntax unified
 4473              		.thumb
 4474              		.thumb_func
ARM GAS  C:\Users\kerry\AppData\Local\Temp\ccWnk0Ym.s 			page 150


 4476              	HAL_TIMEx_ConfigCommutEvent_IT:
 4477              	.LVL319:
 4478              	.LFB411:
1853:Drivers/STM32L4xx_HAL_Driver/Src/stm32l4xx_hal_tim_ex.c ****   /* Check the parameters */
 4479              		.loc 1 1853 1 is_stmt 1 view -0
 4480              		.cfi_startproc
 4481              		@ args = 0, pretend = 0, frame = 0
 4482              		@ frame_needed = 0, uses_anonymous_args = 0
 4483              		@ link register save eliminated.
1853:Drivers/STM32L4xx_HAL_Driver/Src/stm32l4xx_hal_tim_ex.c ****   /* Check the parameters */
 4484              		.loc 1 1853 1 is_stmt 0 view .LVU1281
 4485 0000 0346     		mov	r3, r0
1855:Drivers/STM32L4xx_HAL_Driver/Src/stm32l4xx_hal_tim_ex.c ****   assert_param(IS_TIM_INTERNAL_TRIGGEREVENT_SELECTION(InputTrigger));
 4486              		.loc 1 1855 3 is_stmt 1 view .LVU1282
1856:Drivers/STM32L4xx_HAL_Driver/Src/stm32l4xx_hal_tim_ex.c **** 
 4487              		.loc 1 1856 3 view .LVU1283
1858:Drivers/STM32L4xx_HAL_Driver/Src/stm32l4xx_hal_tim_ex.c **** 
 4488              		.loc 1 1858 3 view .LVU1284
1858:Drivers/STM32L4xx_HAL_Driver/Src/stm32l4xx_hal_tim_ex.c **** 
 4489              		.loc 1 1858 3 view .LVU1285
 4490 0002 90F83C00 		ldrb	r0, [r0, #60]	@ zero_extendqisi2
 4491              	.LVL320:
1858:Drivers/STM32L4xx_HAL_Driver/Src/stm32l4xx_hal_tim_ex.c **** 
 4492              		.loc 1 1858 3 is_stmt 0 view .LVU1286
 4493 0006 0128     		cmp	r0, #1
 4494 0008 33D0     		beq	.L375
1853:Drivers/STM32L4xx_HAL_Driver/Src/stm32l4xx_hal_tim_ex.c ****   /* Check the parameters */
 4495              		.loc 1 1853 1 view .LVU1287
 4496 000a 10B4     		push	{r4}
 4497              	.LCFI34:
 4498              		.cfi_def_cfa_offset 4
 4499              		.cfi_offset 4, -4
1858:Drivers/STM32L4xx_HAL_Driver/Src/stm32l4xx_hal_tim_ex.c **** 
 4500              		.loc 1 1858 3 is_stmt 1 discriminator 2 view .LVU1288
 4501 000c 0120     		movs	r0, #1
 4502 000e 83F83C00 		strb	r0, [r3, #60]
1858:Drivers/STM32L4xx_HAL_Driver/Src/stm32l4xx_hal_tim_ex.c **** 
 4503              		.loc 1 1858 3 view .LVU1289
1860:Drivers/STM32L4xx_HAL_Driver/Src/stm32l4xx_hal_tim_ex.c ****       (InputTrigger == TIM_TS_ITR2) || (InputTrigger == TIM_TS_ITR3))
 4504              		.loc 1 1860 3 view .LVU1290
 4505 0012 2029     		cmp	r1, #32
 4506 0014 03D0     		beq	.L372
 4507 0016 29D8     		bhi	.L373
 4508 0018 09B1     		cbz	r1, .L372
 4509 001a 1029     		cmp	r1, #16
 4510 001c 08D1     		bne	.L374
 4511              	.L372:
1864:Drivers/STM32L4xx_HAL_Driver/Src/stm32l4xx_hal_tim_ex.c ****     htim->Instance->SMCR |= InputTrigger;
 4512              		.loc 1 1864 5 view .LVU1291
1864:Drivers/STM32L4xx_HAL_Driver/Src/stm32l4xx_hal_tim_ex.c ****     htim->Instance->SMCR |= InputTrigger;
 4513              		.loc 1 1864 9 is_stmt 0 view .LVU1292
 4514 001e 1C68     		ldr	r4, [r3]
1864:Drivers/STM32L4xx_HAL_Driver/Src/stm32l4xx_hal_tim_ex.c ****     htim->Instance->SMCR |= InputTrigger;
 4515              		.loc 1 1864 19 view .LVU1293
 4516 0020 A068     		ldr	r0, [r4, #8]
1864:Drivers/STM32L4xx_HAL_Driver/Src/stm32l4xx_hal_tim_ex.c ****     htim->Instance->SMCR |= InputTrigger;
 4517              		.loc 1 1864 26 view .LVU1294
ARM GAS  C:\Users\kerry\AppData\Local\Temp\ccWnk0Ym.s 			page 151


 4518 0022 20F07000 		bic	r0, r0, #112
 4519 0026 A060     		str	r0, [r4, #8]
1865:Drivers/STM32L4xx_HAL_Driver/Src/stm32l4xx_hal_tim_ex.c ****   }
 4520              		.loc 1 1865 5 is_stmt 1 view .LVU1295
1865:Drivers/STM32L4xx_HAL_Driver/Src/stm32l4xx_hal_tim_ex.c ****   }
 4521              		.loc 1 1865 9 is_stmt 0 view .LVU1296
 4522 0028 1C68     		ldr	r4, [r3]
1865:Drivers/STM32L4xx_HAL_Driver/Src/stm32l4xx_hal_tim_ex.c ****   }
 4523              		.loc 1 1865 19 view .LVU1297
 4524 002a A068     		ldr	r0, [r4, #8]
1865:Drivers/STM32L4xx_HAL_Driver/Src/stm32l4xx_hal_tim_ex.c ****   }
 4525              		.loc 1 1865 26 view .LVU1298
 4526 002c 0143     		orrs	r1, r1, r0
 4527              	.LVL321:
1865:Drivers/STM32L4xx_HAL_Driver/Src/stm32l4xx_hal_tim_ex.c ****   }
 4528              		.loc 1 1865 26 view .LVU1299
 4529 002e A160     		str	r1, [r4, #8]
 4530              	.L374:
1869:Drivers/STM32L4xx_HAL_Driver/Src/stm32l4xx_hal_tim_ex.c ****   /* Select the Commutation event source */
 4531              		.loc 1 1869 3 is_stmt 1 view .LVU1300
1869:Drivers/STM32L4xx_HAL_Driver/Src/stm32l4xx_hal_tim_ex.c ****   /* Select the Commutation event source */
 4532              		.loc 1 1869 7 is_stmt 0 view .LVU1301
 4533 0030 1868     		ldr	r0, [r3]
1869:Drivers/STM32L4xx_HAL_Driver/Src/stm32l4xx_hal_tim_ex.c ****   /* Select the Commutation event source */
 4534              		.loc 1 1869 17 view .LVU1302
 4535 0032 4168     		ldr	r1, [r0, #4]
1869:Drivers/STM32L4xx_HAL_Driver/Src/stm32l4xx_hal_tim_ex.c ****   /* Select the Commutation event source */
 4536              		.loc 1 1869 23 view .LVU1303
 4537 0034 41F00101 		orr	r1, r1, #1
 4538 0038 4160     		str	r1, [r0, #4]
1871:Drivers/STM32L4xx_HAL_Driver/Src/stm32l4xx_hal_tim_ex.c ****   htim->Instance->CR2 |= CommutationSource;
 4539              		.loc 1 1871 3 is_stmt 1 view .LVU1304
1871:Drivers/STM32L4xx_HAL_Driver/Src/stm32l4xx_hal_tim_ex.c ****   htim->Instance->CR2 |= CommutationSource;
 4540              		.loc 1 1871 7 is_stmt 0 view .LVU1305
 4541 003a 1868     		ldr	r0, [r3]
1871:Drivers/STM32L4xx_HAL_Driver/Src/stm32l4xx_hal_tim_ex.c ****   htim->Instance->CR2 |= CommutationSource;
 4542              		.loc 1 1871 17 view .LVU1306
 4543 003c 4168     		ldr	r1, [r0, #4]
1871:Drivers/STM32L4xx_HAL_Driver/Src/stm32l4xx_hal_tim_ex.c ****   htim->Instance->CR2 |= CommutationSource;
 4544              		.loc 1 1871 23 view .LVU1307
 4545 003e 21F00401 		bic	r1, r1, #4
 4546 0042 4160     		str	r1, [r0, #4]
1872:Drivers/STM32L4xx_HAL_Driver/Src/stm32l4xx_hal_tim_ex.c **** 
 4547              		.loc 1 1872 3 is_stmt 1 view .LVU1308
1872:Drivers/STM32L4xx_HAL_Driver/Src/stm32l4xx_hal_tim_ex.c **** 
 4548              		.loc 1 1872 7 is_stmt 0 view .LVU1309
 4549 0044 1868     		ldr	r0, [r3]
1872:Drivers/STM32L4xx_HAL_Driver/Src/stm32l4xx_hal_tim_ex.c **** 
 4550              		.loc 1 1872 17 view .LVU1310
 4551 0046 4168     		ldr	r1, [r0, #4]
1872:Drivers/STM32L4xx_HAL_Driver/Src/stm32l4xx_hal_tim_ex.c **** 
 4552              		.loc 1 1872 23 view .LVU1311
 4553 0048 0A43     		orrs	r2, r2, r1
 4554              	.LVL322:
1872:Drivers/STM32L4xx_HAL_Driver/Src/stm32l4xx_hal_tim_ex.c **** 
 4555              		.loc 1 1872 23 view .LVU1312
 4556 004a 4260     		str	r2, [r0, #4]
ARM GAS  C:\Users\kerry\AppData\Local\Temp\ccWnk0Ym.s 			page 152


1875:Drivers/STM32L4xx_HAL_Driver/Src/stm32l4xx_hal_tim_ex.c **** 
 4557              		.loc 1 1875 3 is_stmt 1 view .LVU1313
 4558 004c 1968     		ldr	r1, [r3]
 4559 004e CA68     		ldr	r2, [r1, #12]
 4560 0050 22F40052 		bic	r2, r2, #8192
 4561 0054 CA60     		str	r2, [r1, #12]
1878:Drivers/STM32L4xx_HAL_Driver/Src/stm32l4xx_hal_tim_ex.c **** 
 4562              		.loc 1 1878 3 view .LVU1314
 4563 0056 1968     		ldr	r1, [r3]
 4564 0058 CA68     		ldr	r2, [r1, #12]
 4565 005a 42F02002 		orr	r2, r2, #32
 4566 005e CA60     		str	r2, [r1, #12]
1880:Drivers/STM32L4xx_HAL_Driver/Src/stm32l4xx_hal_tim_ex.c **** 
 4567              		.loc 1 1880 3 view .LVU1315
1880:Drivers/STM32L4xx_HAL_Driver/Src/stm32l4xx_hal_tim_ex.c **** 
 4568              		.loc 1 1880 3 view .LVU1316
 4569 0060 0020     		movs	r0, #0
 4570 0062 83F83C00 		strb	r0, [r3, #60]
1880:Drivers/STM32L4xx_HAL_Driver/Src/stm32l4xx_hal_tim_ex.c **** 
 4571              		.loc 1 1880 3 view .LVU1317
1882:Drivers/STM32L4xx_HAL_Driver/Src/stm32l4xx_hal_tim_ex.c **** }
 4572              		.loc 1 1882 3 view .LVU1318
1883:Drivers/STM32L4xx_HAL_Driver/Src/stm32l4xx_hal_tim_ex.c **** 
 4573              		.loc 1 1883 1 is_stmt 0 view .LVU1319
 4574 0066 5DF8044B 		ldr	r4, [sp], #4
 4575              	.LCFI35:
 4576              		.cfi_remember_state
 4577              		.cfi_restore 4
 4578              		.cfi_def_cfa_offset 0
 4579 006a 7047     		bx	lr
 4580              	.LVL323:
 4581              	.L373:
 4582              	.LCFI36:
 4583              		.cfi_restore_state
1883:Drivers/STM32L4xx_HAL_Driver/Src/stm32l4xx_hal_tim_ex.c **** 
 4584              		.loc 1 1883 1 view .LVU1320
 4585 006c 3029     		cmp	r1, #48
 4586 006e DFD1     		bne	.L374
 4587 0070 D5E7     		b	.L372
 4588              	.L375:
 4589              	.LCFI37:
 4590              		.cfi_def_cfa_offset 0
 4591              		.cfi_restore 4
1858:Drivers/STM32L4xx_HAL_Driver/Src/stm32l4xx_hal_tim_ex.c **** 
 4592              		.loc 1 1858 3 discriminator 1 view .LVU1321
 4593 0072 0220     		movs	r0, #2
1883:Drivers/STM32L4xx_HAL_Driver/Src/stm32l4xx_hal_tim_ex.c **** 
 4594              		.loc 1 1883 1 view .LVU1322
 4595 0074 7047     		bx	lr
 4596              		.cfi_endproc
 4597              	.LFE411:
 4599              		.section	.text.HAL_TIMEx_ConfigCommutEvent_DMA,"ax",%progbits
 4600              		.align	1
 4601              		.global	HAL_TIMEx_ConfigCommutEvent_DMA
 4602              		.syntax unified
 4603              		.thumb
 4604              		.thumb_func
ARM GAS  C:\Users\kerry\AppData\Local\Temp\ccWnk0Ym.s 			page 153


 4606              	HAL_TIMEx_ConfigCommutEvent_DMA:
 4607              	.LVL324:
 4608              	.LFB412:
1910:Drivers/STM32L4xx_HAL_Driver/Src/stm32l4xx_hal_tim_ex.c ****   /* Check the parameters */
 4609              		.loc 1 1910 1 is_stmt 1 view -0
 4610              		.cfi_startproc
 4611              		@ args = 0, pretend = 0, frame = 0
 4612              		@ frame_needed = 0, uses_anonymous_args = 0
 4613              		@ link register save eliminated.
1910:Drivers/STM32L4xx_HAL_Driver/Src/stm32l4xx_hal_tim_ex.c ****   /* Check the parameters */
 4614              		.loc 1 1910 1 is_stmt 0 view .LVU1324
 4615 0000 0346     		mov	r3, r0
1912:Drivers/STM32L4xx_HAL_Driver/Src/stm32l4xx_hal_tim_ex.c ****   assert_param(IS_TIM_INTERNAL_TRIGGEREVENT_SELECTION(InputTrigger));
 4616              		.loc 1 1912 3 is_stmt 1 view .LVU1325
1913:Drivers/STM32L4xx_HAL_Driver/Src/stm32l4xx_hal_tim_ex.c **** 
 4617              		.loc 1 1913 3 view .LVU1326
1915:Drivers/STM32L4xx_HAL_Driver/Src/stm32l4xx_hal_tim_ex.c **** 
 4618              		.loc 1 1915 3 view .LVU1327
1915:Drivers/STM32L4xx_HAL_Driver/Src/stm32l4xx_hal_tim_ex.c **** 
 4619              		.loc 1 1915 3 view .LVU1328
 4620 0002 90F83C00 		ldrb	r0, [r0, #60]	@ zero_extendqisi2
 4621              	.LVL325:
1915:Drivers/STM32L4xx_HAL_Driver/Src/stm32l4xx_hal_tim_ex.c **** 
 4622              		.loc 1 1915 3 is_stmt 0 view .LVU1329
 4623 0006 0128     		cmp	r0, #1
 4624 0008 3CD0     		beq	.L385
1910:Drivers/STM32L4xx_HAL_Driver/Src/stm32l4xx_hal_tim_ex.c ****   /* Check the parameters */
 4625              		.loc 1 1910 1 view .LVU1330
 4626 000a 10B4     		push	{r4}
 4627              	.LCFI38:
 4628              		.cfi_def_cfa_offset 4
 4629              		.cfi_offset 4, -4
1915:Drivers/STM32L4xx_HAL_Driver/Src/stm32l4xx_hal_tim_ex.c **** 
 4630              		.loc 1 1915 3 is_stmt 1 discriminator 2 view .LVU1331
 4631 000c 0120     		movs	r0, #1
 4632 000e 83F83C00 		strb	r0, [r3, #60]
1915:Drivers/STM32L4xx_HAL_Driver/Src/stm32l4xx_hal_tim_ex.c **** 
 4633              		.loc 1 1915 3 view .LVU1332
1917:Drivers/STM32L4xx_HAL_Driver/Src/stm32l4xx_hal_tim_ex.c ****       (InputTrigger == TIM_TS_ITR2) || (InputTrigger == TIM_TS_ITR3))
 4634              		.loc 1 1917 3 view .LVU1333
 4635 0012 2029     		cmp	r1, #32
 4636 0014 03D0     		beq	.L382
 4637 0016 32D8     		bhi	.L383
 4638 0018 09B1     		cbz	r1, .L382
 4639 001a 1029     		cmp	r1, #16
 4640 001c 08D1     		bne	.L384
 4641              	.L382:
1921:Drivers/STM32L4xx_HAL_Driver/Src/stm32l4xx_hal_tim_ex.c ****     htim->Instance->SMCR |= InputTrigger;
 4642              		.loc 1 1921 5 view .LVU1334
1921:Drivers/STM32L4xx_HAL_Driver/Src/stm32l4xx_hal_tim_ex.c ****     htim->Instance->SMCR |= InputTrigger;
 4643              		.loc 1 1921 9 is_stmt 0 view .LVU1335
 4644 001e 1C68     		ldr	r4, [r3]
1921:Drivers/STM32L4xx_HAL_Driver/Src/stm32l4xx_hal_tim_ex.c ****     htim->Instance->SMCR |= InputTrigger;
 4645              		.loc 1 1921 19 view .LVU1336
 4646 0020 A068     		ldr	r0, [r4, #8]
1921:Drivers/STM32L4xx_HAL_Driver/Src/stm32l4xx_hal_tim_ex.c ****     htim->Instance->SMCR |= InputTrigger;
 4647              		.loc 1 1921 26 view .LVU1337
ARM GAS  C:\Users\kerry\AppData\Local\Temp\ccWnk0Ym.s 			page 154


 4648 0022 20F07000 		bic	r0, r0, #112
 4649 0026 A060     		str	r0, [r4, #8]
1922:Drivers/STM32L4xx_HAL_Driver/Src/stm32l4xx_hal_tim_ex.c ****   }
 4650              		.loc 1 1922 5 is_stmt 1 view .LVU1338
1922:Drivers/STM32L4xx_HAL_Driver/Src/stm32l4xx_hal_tim_ex.c ****   }
 4651              		.loc 1 1922 9 is_stmt 0 view .LVU1339
 4652 0028 1C68     		ldr	r4, [r3]
1922:Drivers/STM32L4xx_HAL_Driver/Src/stm32l4xx_hal_tim_ex.c ****   }
 4653              		.loc 1 1922 19 view .LVU1340
 4654 002a A068     		ldr	r0, [r4, #8]
1922:Drivers/STM32L4xx_HAL_Driver/Src/stm32l4xx_hal_tim_ex.c ****   }
 4655              		.loc 1 1922 26 view .LVU1341
 4656 002c 0143     		orrs	r1, r1, r0
 4657              	.LVL326:
1922:Drivers/STM32L4xx_HAL_Driver/Src/stm32l4xx_hal_tim_ex.c ****   }
 4658              		.loc 1 1922 26 view .LVU1342
 4659 002e A160     		str	r1, [r4, #8]
 4660              	.L384:
1926:Drivers/STM32L4xx_HAL_Driver/Src/stm32l4xx_hal_tim_ex.c ****   /* Select the Commutation event source */
 4661              		.loc 1 1926 3 is_stmt 1 view .LVU1343
1926:Drivers/STM32L4xx_HAL_Driver/Src/stm32l4xx_hal_tim_ex.c ****   /* Select the Commutation event source */
 4662              		.loc 1 1926 7 is_stmt 0 view .LVU1344
 4663 0030 1868     		ldr	r0, [r3]
1926:Drivers/STM32L4xx_HAL_Driver/Src/stm32l4xx_hal_tim_ex.c ****   /* Select the Commutation event source */
 4664              		.loc 1 1926 17 view .LVU1345
 4665 0032 4168     		ldr	r1, [r0, #4]
1926:Drivers/STM32L4xx_HAL_Driver/Src/stm32l4xx_hal_tim_ex.c ****   /* Select the Commutation event source */
 4666              		.loc 1 1926 23 view .LVU1346
 4667 0034 41F00101 		orr	r1, r1, #1
 4668 0038 4160     		str	r1, [r0, #4]
1928:Drivers/STM32L4xx_HAL_Driver/Src/stm32l4xx_hal_tim_ex.c ****   htim->Instance->CR2 |= CommutationSource;
 4669              		.loc 1 1928 3 is_stmt 1 view .LVU1347
1928:Drivers/STM32L4xx_HAL_Driver/Src/stm32l4xx_hal_tim_ex.c ****   htim->Instance->CR2 |= CommutationSource;
 4670              		.loc 1 1928 7 is_stmt 0 view .LVU1348
 4671 003a 1868     		ldr	r0, [r3]
1928:Drivers/STM32L4xx_HAL_Driver/Src/stm32l4xx_hal_tim_ex.c ****   htim->Instance->CR2 |= CommutationSource;
 4672              		.loc 1 1928 17 view .LVU1349
 4673 003c 4168     		ldr	r1, [r0, #4]
1928:Drivers/STM32L4xx_HAL_Driver/Src/stm32l4xx_hal_tim_ex.c ****   htim->Instance->CR2 |= CommutationSource;
 4674              		.loc 1 1928 23 view .LVU1350
 4675 003e 21F00401 		bic	r1, r1, #4
 4676 0042 4160     		str	r1, [r0, #4]
1929:Drivers/STM32L4xx_HAL_Driver/Src/stm32l4xx_hal_tim_ex.c **** 
 4677              		.loc 1 1929 3 is_stmt 1 view .LVU1351
1929:Drivers/STM32L4xx_HAL_Driver/Src/stm32l4xx_hal_tim_ex.c **** 
 4678              		.loc 1 1929 7 is_stmt 0 view .LVU1352
 4679 0044 1868     		ldr	r0, [r3]
1929:Drivers/STM32L4xx_HAL_Driver/Src/stm32l4xx_hal_tim_ex.c **** 
 4680              		.loc 1 1929 17 view .LVU1353
 4681 0046 4168     		ldr	r1, [r0, #4]
1929:Drivers/STM32L4xx_HAL_Driver/Src/stm32l4xx_hal_tim_ex.c **** 
 4682              		.loc 1 1929 23 view .LVU1354
 4683 0048 0A43     		orrs	r2, r2, r1
 4684              	.LVL327:
1929:Drivers/STM32L4xx_HAL_Driver/Src/stm32l4xx_hal_tim_ex.c **** 
 4685              		.loc 1 1929 23 view .LVU1355
 4686 004a 4260     		str	r2, [r0, #4]
ARM GAS  C:\Users\kerry\AppData\Local\Temp\ccWnk0Ym.s 			page 155


1933:Drivers/STM32L4xx_HAL_Driver/Src/stm32l4xx_hal_tim_ex.c ****   htim->hdma[TIM_DMA_ID_COMMUTATION]->XferHalfCpltCallback = TIMEx_DMACommutationHalfCplt;
 4687              		.loc 1 1933 3 is_stmt 1 view .LVU1356
1933:Drivers/STM32L4xx_HAL_Driver/Src/stm32l4xx_hal_tim_ex.c ****   htim->hdma[TIM_DMA_ID_COMMUTATION]->XferHalfCpltCallback = TIMEx_DMACommutationHalfCplt;
 4688              		.loc 1 1933 13 is_stmt 0 view .LVU1357
 4689 004c 5A6B     		ldr	r2, [r3, #52]
1933:Drivers/STM32L4xx_HAL_Driver/Src/stm32l4xx_hal_tim_ex.c ****   htim->hdma[TIM_DMA_ID_COMMUTATION]->XferHalfCpltCallback = TIMEx_DMACommutationHalfCplt;
 4690              		.loc 1 1933 56 view .LVU1358
 4691 004e 0E49     		ldr	r1, .L390
 4692 0050 D162     		str	r1, [r2, #44]
1934:Drivers/STM32L4xx_HAL_Driver/Src/stm32l4xx_hal_tim_ex.c ****   /* Set the DMA error callback */
 4693              		.loc 1 1934 3 is_stmt 1 view .LVU1359
1934:Drivers/STM32L4xx_HAL_Driver/Src/stm32l4xx_hal_tim_ex.c ****   /* Set the DMA error callback */
 4694              		.loc 1 1934 13 is_stmt 0 view .LVU1360
 4695 0052 5A6B     		ldr	r2, [r3, #52]
1934:Drivers/STM32L4xx_HAL_Driver/Src/stm32l4xx_hal_tim_ex.c ****   /* Set the DMA error callback */
 4696              		.loc 1 1934 60 view .LVU1361
 4697 0054 0D49     		ldr	r1, .L390+4
 4698 0056 1163     		str	r1, [r2, #48]
1936:Drivers/STM32L4xx_HAL_Driver/Src/stm32l4xx_hal_tim_ex.c **** 
 4699              		.loc 1 1936 3 is_stmt 1 view .LVU1362
1936:Drivers/STM32L4xx_HAL_Driver/Src/stm32l4xx_hal_tim_ex.c **** 
 4700              		.loc 1 1936 13 is_stmt 0 view .LVU1363
 4701 0058 5A6B     		ldr	r2, [r3, #52]
1936:Drivers/STM32L4xx_HAL_Driver/Src/stm32l4xx_hal_tim_ex.c **** 
 4702              		.loc 1 1936 57 view .LVU1364
 4703 005a 0D49     		ldr	r1, .L390+8
 4704 005c 5163     		str	r1, [r2, #52]
1939:Drivers/STM32L4xx_HAL_Driver/Src/stm32l4xx_hal_tim_ex.c **** 
 4705              		.loc 1 1939 3 is_stmt 1 view .LVU1365
 4706 005e 1968     		ldr	r1, [r3]
 4707 0060 CA68     		ldr	r2, [r1, #12]
 4708 0062 22F02002 		bic	r2, r2, #32
 4709 0066 CA60     		str	r2, [r1, #12]
1942:Drivers/STM32L4xx_HAL_Driver/Src/stm32l4xx_hal_tim_ex.c **** 
 4710              		.loc 1 1942 3 view .LVU1366
 4711 0068 1968     		ldr	r1, [r3]
 4712 006a CA68     		ldr	r2, [r1, #12]
 4713 006c 42F40052 		orr	r2, r2, #8192
 4714 0070 CA60     		str	r2, [r1, #12]
1944:Drivers/STM32L4xx_HAL_Driver/Src/stm32l4xx_hal_tim_ex.c **** 
 4715              		.loc 1 1944 3 view .LVU1367
1944:Drivers/STM32L4xx_HAL_Driver/Src/stm32l4xx_hal_tim_ex.c **** 
 4716              		.loc 1 1944 3 view .LVU1368
 4717 0072 0020     		movs	r0, #0
 4718 0074 83F83C00 		strb	r0, [r3, #60]
1944:Drivers/STM32L4xx_HAL_Driver/Src/stm32l4xx_hal_tim_ex.c **** 
 4719              		.loc 1 1944 3 view .LVU1369
1946:Drivers/STM32L4xx_HAL_Driver/Src/stm32l4xx_hal_tim_ex.c **** }
 4720              		.loc 1 1946 3 view .LVU1370
1947:Drivers/STM32L4xx_HAL_Driver/Src/stm32l4xx_hal_tim_ex.c **** 
 4721              		.loc 1 1947 1 is_stmt 0 view .LVU1371
 4722 0078 5DF8044B 		ldr	r4, [sp], #4
 4723              	.LCFI39:
 4724              		.cfi_remember_state
 4725              		.cfi_restore 4
 4726              		.cfi_def_cfa_offset 0
 4727 007c 7047     		bx	lr
ARM GAS  C:\Users\kerry\AppData\Local\Temp\ccWnk0Ym.s 			page 156


 4728              	.LVL328:
 4729              	.L383:
 4730              	.LCFI40:
 4731              		.cfi_restore_state
1947:Drivers/STM32L4xx_HAL_Driver/Src/stm32l4xx_hal_tim_ex.c **** 
 4732              		.loc 1 1947 1 view .LVU1372
 4733 007e 3029     		cmp	r1, #48
 4734 0080 D6D1     		bne	.L384
 4735 0082 CCE7     		b	.L382
 4736              	.L385:
 4737              	.LCFI41:
 4738              		.cfi_def_cfa_offset 0
 4739              		.cfi_restore 4
1915:Drivers/STM32L4xx_HAL_Driver/Src/stm32l4xx_hal_tim_ex.c **** 
 4740              		.loc 1 1915 3 discriminator 1 view .LVU1373
 4741 0084 0220     		movs	r0, #2
1947:Drivers/STM32L4xx_HAL_Driver/Src/stm32l4xx_hal_tim_ex.c **** 
 4742              		.loc 1 1947 1 view .LVU1374
 4743 0086 7047     		bx	lr
 4744              	.L391:
 4745              		.align	2
 4746              	.L390:
 4747 0088 00000000 		.word	TIMEx_DMACommutationCplt
 4748 008c 00000000 		.word	TIMEx_DMACommutationHalfCplt
 4749 0090 00000000 		.word	TIM_DMAError
 4750              		.cfi_endproc
 4751              	.LFE412:
 4753              		.section	.text.HAL_TIMEx_MasterConfigSynchronization,"ax",%progbits
 4754              		.align	1
 4755              		.global	HAL_TIMEx_MasterConfigSynchronization
 4756              		.syntax unified
 4757              		.thumb
 4758              		.thumb_func
 4760              	HAL_TIMEx_MasterConfigSynchronization:
 4761              	.LVL329:
 4762              	.LFB413:
1959:Drivers/STM32L4xx_HAL_Driver/Src/stm32l4xx_hal_tim_ex.c ****   uint32_t tmpcr2;
 4763              		.loc 1 1959 1 is_stmt 1 view -0
 4764              		.cfi_startproc
 4765              		@ args = 0, pretend = 0, frame = 0
 4766              		@ frame_needed = 0, uses_anonymous_args = 0
 4767              		@ link register save eliminated.
1960:Drivers/STM32L4xx_HAL_Driver/Src/stm32l4xx_hal_tim_ex.c ****   uint32_t tmpsmcr;
 4768              		.loc 1 1960 3 view .LVU1376
1961:Drivers/STM32L4xx_HAL_Driver/Src/stm32l4xx_hal_tim_ex.c **** 
 4769              		.loc 1 1961 3 view .LVU1377
1964:Drivers/STM32L4xx_HAL_Driver/Src/stm32l4xx_hal_tim_ex.c ****   assert_param(IS_TIM_TRGO_SOURCE(sMasterConfig->MasterOutputTrigger));
 4770              		.loc 1 1964 3 view .LVU1378
1965:Drivers/STM32L4xx_HAL_Driver/Src/stm32l4xx_hal_tim_ex.c ****   assert_param(IS_TIM_MSM_STATE(sMasterConfig->MasterSlaveMode));
 4771              		.loc 1 1965 3 view .LVU1379
1966:Drivers/STM32L4xx_HAL_Driver/Src/stm32l4xx_hal_tim_ex.c **** 
 4772              		.loc 1 1966 3 view .LVU1380
1969:Drivers/STM32L4xx_HAL_Driver/Src/stm32l4xx_hal_tim_ex.c **** 
 4773              		.loc 1 1969 3 view .LVU1381
1969:Drivers/STM32L4xx_HAL_Driver/Src/stm32l4xx_hal_tim_ex.c **** 
 4774              		.loc 1 1969 3 view .LVU1382
 4775 0000 90F83C20 		ldrb	r2, [r0, #60]	@ zero_extendqisi2
ARM GAS  C:\Users\kerry\AppData\Local\Temp\ccWnk0Ym.s 			page 157


 4776 0004 012A     		cmp	r2, #1
 4777 0006 2FD0     		beq	.L397
1959:Drivers/STM32L4xx_HAL_Driver/Src/stm32l4xx_hal_tim_ex.c ****   uint32_t tmpcr2;
 4778              		.loc 1 1959 1 is_stmt 0 view .LVU1383
 4779 0008 30B4     		push	{r4, r5}
 4780              	.LCFI42:
 4781              		.cfi_def_cfa_offset 8
 4782              		.cfi_offset 4, -8
 4783              		.cfi_offset 5, -4
 4784 000a 0346     		mov	r3, r0
1969:Drivers/STM32L4xx_HAL_Driver/Src/stm32l4xx_hal_tim_ex.c **** 
 4785              		.loc 1 1969 3 is_stmt 1 discriminator 2 view .LVU1384
 4786 000c 0122     		movs	r2, #1
 4787 000e 80F83C20 		strb	r2, [r0, #60]
1969:Drivers/STM32L4xx_HAL_Driver/Src/stm32l4xx_hal_tim_ex.c **** 
 4788              		.loc 1 1969 3 view .LVU1385
1972:Drivers/STM32L4xx_HAL_Driver/Src/stm32l4xx_hal_tim_ex.c **** 
 4789              		.loc 1 1972 3 view .LVU1386
1972:Drivers/STM32L4xx_HAL_Driver/Src/stm32l4xx_hal_tim_ex.c **** 
 4790              		.loc 1 1972 15 is_stmt 0 view .LVU1387
 4791 0012 0222     		movs	r2, #2
 4792 0014 80F83D20 		strb	r2, [r0, #61]
1975:Drivers/STM32L4xx_HAL_Driver/Src/stm32l4xx_hal_tim_ex.c **** 
 4793              		.loc 1 1975 3 is_stmt 1 view .LVU1388
1975:Drivers/STM32L4xx_HAL_Driver/Src/stm32l4xx_hal_tim_ex.c **** 
 4794              		.loc 1 1975 16 is_stmt 0 view .LVU1389
 4795 0018 0068     		ldr	r0, [r0]
 4796              	.LVL330:
1975:Drivers/STM32L4xx_HAL_Driver/Src/stm32l4xx_hal_tim_ex.c **** 
 4797              		.loc 1 1975 10 view .LVU1390
 4798 001a 4268     		ldr	r2, [r0, #4]
 4799              	.LVL331:
1978:Drivers/STM32L4xx_HAL_Driver/Src/stm32l4xx_hal_tim_ex.c **** 
 4800              		.loc 1 1978 3 is_stmt 1 view .LVU1391
1978:Drivers/STM32L4xx_HAL_Driver/Src/stm32l4xx_hal_tim_ex.c **** 
 4801              		.loc 1 1978 11 is_stmt 0 view .LVU1392
 4802 001c 8468     		ldr	r4, [r0, #8]
 4803              	.LVL332:
1981:Drivers/STM32L4xx_HAL_Driver/Src/stm32l4xx_hal_tim_ex.c ****   {
 4804              		.loc 1 1981 3 is_stmt 1 view .LVU1393
1981:Drivers/STM32L4xx_HAL_Driver/Src/stm32l4xx_hal_tim_ex.c ****   {
 4805              		.loc 1 1981 6 is_stmt 0 view .LVU1394
 4806 001e 134D     		ldr	r5, .L403
 4807 0020 A842     		cmp	r0, r5
 4808 0022 1CD0     		beq	.L402
 4809              	.LVL333:
 4810              	.L394:
1993:Drivers/STM32L4xx_HAL_Driver/Src/stm32l4xx_hal_tim_ex.c ****   /* Select the TRGO source */
 4811              		.loc 1 1993 3 is_stmt 1 view .LVU1395
1993:Drivers/STM32L4xx_HAL_Driver/Src/stm32l4xx_hal_tim_ex.c ****   /* Select the TRGO source */
 4812              		.loc 1 1993 10 is_stmt 0 view .LVU1396
 4813 0024 22F07002 		bic	r2, r2, #112
 4814              	.LVL334:
1995:Drivers/STM32L4xx_HAL_Driver/Src/stm32l4xx_hal_tim_ex.c **** 
 4815              		.loc 1 1995 3 is_stmt 1 view .LVU1397
1995:Drivers/STM32L4xx_HAL_Driver/Src/stm32l4xx_hal_tim_ex.c **** 
 4816              		.loc 1 1995 10 is_stmt 0 view .LVU1398
ARM GAS  C:\Users\kerry\AppData\Local\Temp\ccWnk0Ym.s 			page 158


 4817 0028 0D68     		ldr	r5, [r1]
 4818 002a 2A43     		orrs	r2, r2, r5
 4819              	.LVL335:
1998:Drivers/STM32L4xx_HAL_Driver/Src/stm32l4xx_hal_tim_ex.c **** 
 4820              		.loc 1 1998 3 is_stmt 1 view .LVU1399
1998:Drivers/STM32L4xx_HAL_Driver/Src/stm32l4xx_hal_tim_ex.c **** 
 4821              		.loc 1 1998 23 is_stmt 0 view .LVU1400
 4822 002c 4260     		str	r2, [r0, #4]
2000:Drivers/STM32L4xx_HAL_Driver/Src/stm32l4xx_hal_tim_ex.c ****   {
 4823              		.loc 1 2000 3 is_stmt 1 view .LVU1401
2000:Drivers/STM32L4xx_HAL_Driver/Src/stm32l4xx_hal_tim_ex.c ****   {
 4824              		.loc 1 2000 7 is_stmt 0 view .LVU1402
 4825 002e 1A68     		ldr	r2, [r3]
 4826              	.LVL336:
2000:Drivers/STM32L4xx_HAL_Driver/Src/stm32l4xx_hal_tim_ex.c ****   {
 4827              		.loc 1 2000 6 view .LVU1403
 4828 0030 0E48     		ldr	r0, .L403
 4829              	.LVL337:
2000:Drivers/STM32L4xx_HAL_Driver/Src/stm32l4xx_hal_tim_ex.c ****   {
 4830              		.loc 1 2000 6 view .LVU1404
 4831 0032 8242     		cmp	r2, r0
 4832 0034 06D0     		beq	.L395
2000:Drivers/STM32L4xx_HAL_Driver/Src/stm32l4xx_hal_tim_ex.c ****   {
 4833              		.loc 1 2000 7 discriminator 1 view .LVU1405
 4834 0036 B2F1804F 		cmp	r2, #1073741824
 4835 003a 03D0     		beq	.L395
2000:Drivers/STM32L4xx_HAL_Driver/Src/stm32l4xx_hal_tim_ex.c ****   {
 4836              		.loc 1 2000 7 discriminator 2 view .LVU1406
 4837 003c 00F5A050 		add	r0, r0, #5120
 4838 0040 8242     		cmp	r2, r0
 4839 0042 04D1     		bne	.L396
 4840              	.L395:
2003:Drivers/STM32L4xx_HAL_Driver/Src/stm32l4xx_hal_tim_ex.c ****     /* Set master mode */
 4841              		.loc 1 2003 5 is_stmt 1 view .LVU1407
2003:Drivers/STM32L4xx_HAL_Driver/Src/stm32l4xx_hal_tim_ex.c ****     /* Set master mode */
 4842              		.loc 1 2003 13 is_stmt 0 view .LVU1408
 4843 0044 24F08004 		bic	r4, r4, #128
 4844              	.LVL338:
2005:Drivers/STM32L4xx_HAL_Driver/Src/stm32l4xx_hal_tim_ex.c **** 
 4845              		.loc 1 2005 5 is_stmt 1 view .LVU1409
2005:Drivers/STM32L4xx_HAL_Driver/Src/stm32l4xx_hal_tim_ex.c **** 
 4846              		.loc 1 2005 29 is_stmt 0 view .LVU1410
 4847 0048 8968     		ldr	r1, [r1, #8]
 4848              	.LVL339:
2005:Drivers/STM32L4xx_HAL_Driver/Src/stm32l4xx_hal_tim_ex.c **** 
 4849              		.loc 1 2005 13 view .LVU1411
 4850 004a 2143     		orrs	r1, r1, r4
 4851              	.LVL340:
2008:Drivers/STM32L4xx_HAL_Driver/Src/stm32l4xx_hal_tim_ex.c ****   }
 4852              		.loc 1 2008 5 is_stmt 1 view .LVU1412
2008:Drivers/STM32L4xx_HAL_Driver/Src/stm32l4xx_hal_tim_ex.c ****   }
 4853              		.loc 1 2008 26 is_stmt 0 view .LVU1413
 4854 004c 9160     		str	r1, [r2, #8]
 4855              	.LVL341:
 4856              	.L396:
2012:Drivers/STM32L4xx_HAL_Driver/Src/stm32l4xx_hal_tim_ex.c **** 
 4857              		.loc 1 2012 3 is_stmt 1 view .LVU1414
ARM GAS  C:\Users\kerry\AppData\Local\Temp\ccWnk0Ym.s 			page 159


2012:Drivers/STM32L4xx_HAL_Driver/Src/stm32l4xx_hal_tim_ex.c **** 
 4858              		.loc 1 2012 15 is_stmt 0 view .LVU1415
 4859 004e 0122     		movs	r2, #1
 4860 0050 83F83D20 		strb	r2, [r3, #61]
2014:Drivers/STM32L4xx_HAL_Driver/Src/stm32l4xx_hal_tim_ex.c **** 
 4861              		.loc 1 2014 3 is_stmt 1 view .LVU1416
2014:Drivers/STM32L4xx_HAL_Driver/Src/stm32l4xx_hal_tim_ex.c **** 
 4862              		.loc 1 2014 3 view .LVU1417
 4863 0054 0020     		movs	r0, #0
 4864 0056 83F83C00 		strb	r0, [r3, #60]
2014:Drivers/STM32L4xx_HAL_Driver/Src/stm32l4xx_hal_tim_ex.c **** 
 4865              		.loc 1 2014 3 view .LVU1418
2016:Drivers/STM32L4xx_HAL_Driver/Src/stm32l4xx_hal_tim_ex.c **** }
 4866              		.loc 1 2016 3 view .LVU1419
2017:Drivers/STM32L4xx_HAL_Driver/Src/stm32l4xx_hal_tim_ex.c **** 
 4867              		.loc 1 2017 1 is_stmt 0 view .LVU1420
 4868 005a 30BC     		pop	{r4, r5}
 4869              	.LCFI43:
 4870              		.cfi_remember_state
 4871              		.cfi_restore 5
 4872              		.cfi_restore 4
 4873              		.cfi_def_cfa_offset 0
 4874 005c 7047     		bx	lr
 4875              	.LVL342:
 4876              	.L402:
 4877              	.LCFI44:
 4878              		.cfi_restore_state
1984:Drivers/STM32L4xx_HAL_Driver/Src/stm32l4xx_hal_tim_ex.c **** 
 4879              		.loc 1 1984 5 is_stmt 1 view .LVU1421
1987:Drivers/STM32L4xx_HAL_Driver/Src/stm32l4xx_hal_tim_ex.c ****     /* Select the TRGO2 source*/
 4880              		.loc 1 1987 5 view .LVU1422
1987:Drivers/STM32L4xx_HAL_Driver/Src/stm32l4xx_hal_tim_ex.c ****     /* Select the TRGO2 source*/
 4881              		.loc 1 1987 12 is_stmt 0 view .LVU1423
 4882 005e 22F47002 		bic	r2, r2, #15728640
 4883              	.LVL343:
1989:Drivers/STM32L4xx_HAL_Driver/Src/stm32l4xx_hal_tim_ex.c ****   }
 4884              		.loc 1 1989 5 is_stmt 1 view .LVU1424
1989:Drivers/STM32L4xx_HAL_Driver/Src/stm32l4xx_hal_tim_ex.c ****   }
 4885              		.loc 1 1989 28 is_stmt 0 view .LVU1425
 4886 0062 4D68     		ldr	r5, [r1, #4]
1989:Drivers/STM32L4xx_HAL_Driver/Src/stm32l4xx_hal_tim_ex.c ****   }
 4887              		.loc 1 1989 12 view .LVU1426
 4888 0064 2A43     		orrs	r2, r2, r5
 4889              	.LVL344:
1989:Drivers/STM32L4xx_HAL_Driver/Src/stm32l4xx_hal_tim_ex.c ****   }
 4890              		.loc 1 1989 12 view .LVU1427
 4891 0066 DDE7     		b	.L394
 4892              	.LVL345:
 4893              	.L397:
 4894              	.LCFI45:
 4895              		.cfi_def_cfa_offset 0
 4896              		.cfi_restore 4
 4897              		.cfi_restore 5
1969:Drivers/STM32L4xx_HAL_Driver/Src/stm32l4xx_hal_tim_ex.c **** 
 4898              		.loc 1 1969 3 discriminator 1 view .LVU1428
 4899 0068 0220     		movs	r0, #2
 4900              	.LVL346:
ARM GAS  C:\Users\kerry\AppData\Local\Temp\ccWnk0Ym.s 			page 160


2017:Drivers/STM32L4xx_HAL_Driver/Src/stm32l4xx_hal_tim_ex.c **** 
 4901              		.loc 1 2017 1 view .LVU1429
 4902 006a 7047     		bx	lr
 4903              	.L404:
 4904              		.align	2
 4905              	.L403:
 4906 006c 002C0140 		.word	1073818624
 4907              		.cfi_endproc
 4908              	.LFE413:
 4910              		.section	.text.HAL_TIMEx_ConfigBreakDeadTime,"ax",%progbits
 4911              		.align	1
 4912              		.global	HAL_TIMEx_ConfigBreakDeadTime
 4913              		.syntax unified
 4914              		.thumb
 4915              		.thumb_func
 4917              	HAL_TIMEx_ConfigBreakDeadTime:
 4918              	.LVL347:
 4919              	.LFB414:
2032:Drivers/STM32L4xx_HAL_Driver/Src/stm32l4xx_hal_tim_ex.c ****   /* Keep this variable initialized to 0 as it is used to configure BDTR register */
 4920              		.loc 1 2032 1 is_stmt 1 view -0
 4921              		.cfi_startproc
 4922              		@ args = 0, pretend = 0, frame = 0
 4923              		@ frame_needed = 0, uses_anonymous_args = 0
 4924              		@ link register save eliminated.
2034:Drivers/STM32L4xx_HAL_Driver/Src/stm32l4xx_hal_tim_ex.c **** 
 4925              		.loc 1 2034 3 view .LVU1431
2037:Drivers/STM32L4xx_HAL_Driver/Src/stm32l4xx_hal_tim_ex.c ****   assert_param(IS_TIM_OSSR_STATE(sBreakDeadTimeConfig->OffStateRunMode));
 4926              		.loc 1 2037 3 view .LVU1432
2038:Drivers/STM32L4xx_HAL_Driver/Src/stm32l4xx_hal_tim_ex.c ****   assert_param(IS_TIM_OSSI_STATE(sBreakDeadTimeConfig->OffStateIDLEMode));
 4927              		.loc 1 2038 3 view .LVU1433
2039:Drivers/STM32L4xx_HAL_Driver/Src/stm32l4xx_hal_tim_ex.c ****   assert_param(IS_TIM_LOCK_LEVEL(sBreakDeadTimeConfig->LockLevel));
 4928              		.loc 1 2039 3 view .LVU1434
2040:Drivers/STM32L4xx_HAL_Driver/Src/stm32l4xx_hal_tim_ex.c ****   assert_param(IS_TIM_DEADTIME(sBreakDeadTimeConfig->DeadTime));
 4929              		.loc 1 2040 3 view .LVU1435
2041:Drivers/STM32L4xx_HAL_Driver/Src/stm32l4xx_hal_tim_ex.c ****   assert_param(IS_TIM_BREAK_STATE(sBreakDeadTimeConfig->BreakState));
 4930              		.loc 1 2041 3 view .LVU1436
2042:Drivers/STM32L4xx_HAL_Driver/Src/stm32l4xx_hal_tim_ex.c ****   assert_param(IS_TIM_BREAK_POLARITY(sBreakDeadTimeConfig->BreakPolarity));
 4931              		.loc 1 2042 3 view .LVU1437
2043:Drivers/STM32L4xx_HAL_Driver/Src/stm32l4xx_hal_tim_ex.c ****   assert_param(IS_TIM_BREAK_FILTER(sBreakDeadTimeConfig->BreakFilter));
 4932              		.loc 1 2043 3 view .LVU1438
2044:Drivers/STM32L4xx_HAL_Driver/Src/stm32l4xx_hal_tim_ex.c ****   assert_param(IS_TIM_AUTOMATIC_OUTPUT_STATE(sBreakDeadTimeConfig->AutomaticOutput));
 4933              		.loc 1 2044 3 view .LVU1439
2045:Drivers/STM32L4xx_HAL_Driver/Src/stm32l4xx_hal_tim_ex.c **** 
 4934              		.loc 1 2045 3 view .LVU1440
2048:Drivers/STM32L4xx_HAL_Driver/Src/stm32l4xx_hal_tim_ex.c **** 
 4935              		.loc 1 2048 3 view .LVU1441
2048:Drivers/STM32L4xx_HAL_Driver/Src/stm32l4xx_hal_tim_ex.c **** 
 4936              		.loc 1 2048 3 view .LVU1442
 4937 0000 90F83C30 		ldrb	r3, [r0, #60]	@ zero_extendqisi2
 4938 0004 012B     		cmp	r3, #1
 4939 0006 3BD0     		beq	.L408
2032:Drivers/STM32L4xx_HAL_Driver/Src/stm32l4xx_hal_tim_ex.c ****   /* Keep this variable initialized to 0 as it is used to configure BDTR register */
 4940              		.loc 1 2032 1 is_stmt 0 view .LVU1443
 4941 0008 10B4     		push	{r4}
 4942              	.LCFI46:
 4943              		.cfi_def_cfa_offset 4
 4944              		.cfi_offset 4, -4
ARM GAS  C:\Users\kerry\AppData\Local\Temp\ccWnk0Ym.s 			page 161


 4945 000a 0246     		mov	r2, r0
2048:Drivers/STM32L4xx_HAL_Driver/Src/stm32l4xx_hal_tim_ex.c **** 
 4946              		.loc 1 2048 3 is_stmt 1 discriminator 2 view .LVU1444
 4947 000c 0123     		movs	r3, #1
 4948 000e 80F83C30 		strb	r3, [r0, #60]
2048:Drivers/STM32L4xx_HAL_Driver/Src/stm32l4xx_hal_tim_ex.c **** 
 4949              		.loc 1 2048 3 view .LVU1445
2054:Drivers/STM32L4xx_HAL_Driver/Src/stm32l4xx_hal_tim_ex.c ****   MODIFY_REG(tmpbdtr, TIM_BDTR_LOCK, sBreakDeadTimeConfig->LockLevel);
 4950              		.loc 1 2054 3 view .LVU1446
 4951 0012 CB68     		ldr	r3, [r1, #12]
 4952              	.LVL348:
2055:Drivers/STM32L4xx_HAL_Driver/Src/stm32l4xx_hal_tim_ex.c ****   MODIFY_REG(tmpbdtr, TIM_BDTR_OSSI, sBreakDeadTimeConfig->OffStateIDLEMode);
 4953              		.loc 1 2055 3 view .LVU1447
 4954 0014 23F44073 		bic	r3, r3, #768
 4955              	.LVL349:
2055:Drivers/STM32L4xx_HAL_Driver/Src/stm32l4xx_hal_tim_ex.c ****   MODIFY_REG(tmpbdtr, TIM_BDTR_OSSI, sBreakDeadTimeConfig->OffStateIDLEMode);
 4956              		.loc 1 2055 3 is_stmt 0 view .LVU1448
 4957 0018 8868     		ldr	r0, [r1, #8]
 4958              	.LVL350:
2055:Drivers/STM32L4xx_HAL_Driver/Src/stm32l4xx_hal_tim_ex.c ****   MODIFY_REG(tmpbdtr, TIM_BDTR_OSSI, sBreakDeadTimeConfig->OffStateIDLEMode);
 4959              		.loc 1 2055 3 view .LVU1449
 4960 001a 0343     		orrs	r3, r3, r0
 4961              	.LVL351:
2056:Drivers/STM32L4xx_HAL_Driver/Src/stm32l4xx_hal_tim_ex.c ****   MODIFY_REG(tmpbdtr, TIM_BDTR_OSSR, sBreakDeadTimeConfig->OffStateRunMode);
 4962              		.loc 1 2056 3 is_stmt 1 view .LVU1450
 4963 001c 23F48063 		bic	r3, r3, #1024
 4964              	.LVL352:
2056:Drivers/STM32L4xx_HAL_Driver/Src/stm32l4xx_hal_tim_ex.c ****   MODIFY_REG(tmpbdtr, TIM_BDTR_OSSR, sBreakDeadTimeConfig->OffStateRunMode);
 4965              		.loc 1 2056 3 is_stmt 0 view .LVU1451
 4966 0020 4868     		ldr	r0, [r1, #4]
 4967              	.LVL353:
2056:Drivers/STM32L4xx_HAL_Driver/Src/stm32l4xx_hal_tim_ex.c ****   MODIFY_REG(tmpbdtr, TIM_BDTR_OSSR, sBreakDeadTimeConfig->OffStateRunMode);
 4968              		.loc 1 2056 3 view .LVU1452
 4969 0022 0343     		orrs	r3, r3, r0
 4970              	.LVL354:
2057:Drivers/STM32L4xx_HAL_Driver/Src/stm32l4xx_hal_tim_ex.c ****   MODIFY_REG(tmpbdtr, TIM_BDTR_BKE, sBreakDeadTimeConfig->BreakState);
 4971              		.loc 1 2057 3 is_stmt 1 view .LVU1453
 4972 0024 23F40063 		bic	r3, r3, #2048
 4973              	.LVL355:
2057:Drivers/STM32L4xx_HAL_Driver/Src/stm32l4xx_hal_tim_ex.c ****   MODIFY_REG(tmpbdtr, TIM_BDTR_BKE, sBreakDeadTimeConfig->BreakState);
 4974              		.loc 1 2057 3 is_stmt 0 view .LVU1454
 4975 0028 0868     		ldr	r0, [r1]
 4976              	.LVL356:
2057:Drivers/STM32L4xx_HAL_Driver/Src/stm32l4xx_hal_tim_ex.c ****   MODIFY_REG(tmpbdtr, TIM_BDTR_BKE, sBreakDeadTimeConfig->BreakState);
 4977              		.loc 1 2057 3 view .LVU1455
 4978 002a 0343     		orrs	r3, r3, r0
 4979              	.LVL357:
2058:Drivers/STM32L4xx_HAL_Driver/Src/stm32l4xx_hal_tim_ex.c ****   MODIFY_REG(tmpbdtr, TIM_BDTR_BKP, sBreakDeadTimeConfig->BreakPolarity);
 4980              		.loc 1 2058 3 is_stmt 1 view .LVU1456
 4981 002c 23F48053 		bic	r3, r3, #4096
 4982              	.LVL358:
2058:Drivers/STM32L4xx_HAL_Driver/Src/stm32l4xx_hal_tim_ex.c ****   MODIFY_REG(tmpbdtr, TIM_BDTR_BKP, sBreakDeadTimeConfig->BreakPolarity);
 4983              		.loc 1 2058 3 is_stmt 0 view .LVU1457
 4984 0030 0869     		ldr	r0, [r1, #16]
 4985              	.LVL359:
2058:Drivers/STM32L4xx_HAL_Driver/Src/stm32l4xx_hal_tim_ex.c ****   MODIFY_REG(tmpbdtr, TIM_BDTR_BKP, sBreakDeadTimeConfig->BreakPolarity);
 4986              		.loc 1 2058 3 view .LVU1458
ARM GAS  C:\Users\kerry\AppData\Local\Temp\ccWnk0Ym.s 			page 162


 4987 0032 0343     		orrs	r3, r3, r0
 4988              	.LVL360:
2059:Drivers/STM32L4xx_HAL_Driver/Src/stm32l4xx_hal_tim_ex.c ****   MODIFY_REG(tmpbdtr, TIM_BDTR_AOE, sBreakDeadTimeConfig->AutomaticOutput);
 4989              		.loc 1 2059 3 is_stmt 1 view .LVU1459
 4990 0034 23F40053 		bic	r3, r3, #8192
 4991              	.LVL361:
2059:Drivers/STM32L4xx_HAL_Driver/Src/stm32l4xx_hal_tim_ex.c ****   MODIFY_REG(tmpbdtr, TIM_BDTR_AOE, sBreakDeadTimeConfig->AutomaticOutput);
 4992              		.loc 1 2059 3 is_stmt 0 view .LVU1460
 4993 0038 4869     		ldr	r0, [r1, #20]
 4994              	.LVL362:
2059:Drivers/STM32L4xx_HAL_Driver/Src/stm32l4xx_hal_tim_ex.c ****   MODIFY_REG(tmpbdtr, TIM_BDTR_AOE, sBreakDeadTimeConfig->AutomaticOutput);
 4995              		.loc 1 2059 3 view .LVU1461
 4996 003a 0343     		orrs	r3, r3, r0
 4997              	.LVL363:
2060:Drivers/STM32L4xx_HAL_Driver/Src/stm32l4xx_hal_tim_ex.c ****   MODIFY_REG(tmpbdtr, TIM_BDTR_BKF, (sBreakDeadTimeConfig->BreakFilter << TIM_BDTR_BKF_Pos));
 4998              		.loc 1 2060 3 is_stmt 1 view .LVU1462
 4999 003c 23F48043 		bic	r3, r3, #16384
 5000              	.LVL364:
2060:Drivers/STM32L4xx_HAL_Driver/Src/stm32l4xx_hal_tim_ex.c ****   MODIFY_REG(tmpbdtr, TIM_BDTR_BKF, (sBreakDeadTimeConfig->BreakFilter << TIM_BDTR_BKF_Pos));
 5001              		.loc 1 2060 3 is_stmt 0 view .LVU1463
 5002 0040 886A     		ldr	r0, [r1, #40]
 5003              	.LVL365:
2060:Drivers/STM32L4xx_HAL_Driver/Src/stm32l4xx_hal_tim_ex.c ****   MODIFY_REG(tmpbdtr, TIM_BDTR_BKF, (sBreakDeadTimeConfig->BreakFilter << TIM_BDTR_BKF_Pos));
 5004              		.loc 1 2060 3 view .LVU1464
 5005 0042 0343     		orrs	r3, r3, r0
 5006              	.LVL366:
2061:Drivers/STM32L4xx_HAL_Driver/Src/stm32l4xx_hal_tim_ex.c **** 
 5007              		.loc 1 2061 3 is_stmt 1 view .LVU1465
 5008 0044 23F47023 		bic	r3, r3, #983040
 5009              	.LVL367:
2061:Drivers/STM32L4xx_HAL_Driver/Src/stm32l4xx_hal_tim_ex.c **** 
 5010              		.loc 1 2061 3 is_stmt 0 view .LVU1466
 5011 0048 8869     		ldr	r0, [r1, #24]
 5012              	.LVL368:
2061:Drivers/STM32L4xx_HAL_Driver/Src/stm32l4xx_hal_tim_ex.c **** 
 5013              		.loc 1 2061 3 view .LVU1467
 5014 004a 43EA0043 		orr	r3, r3, r0, lsl #16
 5015              	.LVL369:
2063:Drivers/STM32L4xx_HAL_Driver/Src/stm32l4xx_hal_tim_ex.c ****   {
 5016              		.loc 1 2063 3 is_stmt 1 view .LVU1468
2063:Drivers/STM32L4xx_HAL_Driver/Src/stm32l4xx_hal_tim_ex.c ****   {
 5017              		.loc 1 2063 7 is_stmt 0 view .LVU1469
 5018 004e 1068     		ldr	r0, [r2]
2063:Drivers/STM32L4xx_HAL_Driver/Src/stm32l4xx_hal_tim_ex.c ****   {
 5019              		.loc 1 2063 6 view .LVU1470
 5020 0050 0C4C     		ldr	r4, .L414
 5021 0052 A042     		cmp	r0, r4
 5022 0054 06D0     		beq	.L413
 5023              	.LVL370:
 5024              	.L407:
2077:Drivers/STM32L4xx_HAL_Driver/Src/stm32l4xx_hal_tim_ex.c **** 
 5025              		.loc 1 2077 3 is_stmt 1 view .LVU1471
2077:Drivers/STM32L4xx_HAL_Driver/Src/stm32l4xx_hal_tim_ex.c **** 
 5026              		.loc 1 2077 24 is_stmt 0 view .LVU1472
 5027 0056 4364     		str	r3, [r0, #68]
2079:Drivers/STM32L4xx_HAL_Driver/Src/stm32l4xx_hal_tim_ex.c **** 
 5028              		.loc 1 2079 3 is_stmt 1 view .LVU1473
ARM GAS  C:\Users\kerry\AppData\Local\Temp\ccWnk0Ym.s 			page 163


2079:Drivers/STM32L4xx_HAL_Driver/Src/stm32l4xx_hal_tim_ex.c **** 
 5029              		.loc 1 2079 3 view .LVU1474
 5030 0058 0020     		movs	r0, #0
 5031 005a 82F83C00 		strb	r0, [r2, #60]
2079:Drivers/STM32L4xx_HAL_Driver/Src/stm32l4xx_hal_tim_ex.c **** 
 5032              		.loc 1 2079 3 view .LVU1475
2081:Drivers/STM32L4xx_HAL_Driver/Src/stm32l4xx_hal_tim_ex.c **** }
 5033              		.loc 1 2081 3 view .LVU1476
2082:Drivers/STM32L4xx_HAL_Driver/Src/stm32l4xx_hal_tim_ex.c **** 
 5034              		.loc 1 2082 1 is_stmt 0 view .LVU1477
 5035 005e 5DF8044B 		ldr	r4, [sp], #4
 5036              	.LCFI47:
 5037              		.cfi_remember_state
 5038              		.cfi_restore 4
 5039              		.cfi_def_cfa_offset 0
 5040 0062 7047     		bx	lr
 5041              	.LVL371:
 5042              	.L413:
 5043              	.LCFI48:
 5044              		.cfi_restore_state
2066:Drivers/STM32L4xx_HAL_Driver/Src/stm32l4xx_hal_tim_ex.c ****     assert_param(IS_TIM_BREAK2_POLARITY(sBreakDeadTimeConfig->Break2Polarity));
 5045              		.loc 1 2066 5 is_stmt 1 view .LVU1478
2067:Drivers/STM32L4xx_HAL_Driver/Src/stm32l4xx_hal_tim_ex.c ****     assert_param(IS_TIM_BREAK_FILTER(sBreakDeadTimeConfig->Break2Filter));
 5046              		.loc 1 2067 5 view .LVU1479
2068:Drivers/STM32L4xx_HAL_Driver/Src/stm32l4xx_hal_tim_ex.c **** 
 5047              		.loc 1 2068 5 view .LVU1480
2071:Drivers/STM32L4xx_HAL_Driver/Src/stm32l4xx_hal_tim_ex.c ****     MODIFY_REG(tmpbdtr, TIM_BDTR_BK2E, sBreakDeadTimeConfig->Break2State);
 5048              		.loc 1 2071 5 view .LVU1481
 5049 0064 23F47003 		bic	r3, r3, #15728640
 5050              	.LVL372:
2071:Drivers/STM32L4xx_HAL_Driver/Src/stm32l4xx_hal_tim_ex.c ****     MODIFY_REG(tmpbdtr, TIM_BDTR_BK2E, sBreakDeadTimeConfig->Break2State);
 5051              		.loc 1 2071 5 is_stmt 0 view .LVU1482
 5052 0068 4C6A     		ldr	r4, [r1, #36]
 5053 006a 43EA0453 		orr	r3, r3, r4, lsl #20
 5054              	.LVL373:
2072:Drivers/STM32L4xx_HAL_Driver/Src/stm32l4xx_hal_tim_ex.c ****     MODIFY_REG(tmpbdtr, TIM_BDTR_BK2P, sBreakDeadTimeConfig->Break2Polarity);
 5055              		.loc 1 2072 5 is_stmt 1 view .LVU1483
 5056 006e 23F08073 		bic	r3, r3, #16777216
 5057              	.LVL374:
2072:Drivers/STM32L4xx_HAL_Driver/Src/stm32l4xx_hal_tim_ex.c ****     MODIFY_REG(tmpbdtr, TIM_BDTR_BK2P, sBreakDeadTimeConfig->Break2Polarity);
 5058              		.loc 1 2072 5 is_stmt 0 view .LVU1484
 5059 0072 CC69     		ldr	r4, [r1, #28]
 5060              	.LVL375:
2072:Drivers/STM32L4xx_HAL_Driver/Src/stm32l4xx_hal_tim_ex.c ****     MODIFY_REG(tmpbdtr, TIM_BDTR_BK2P, sBreakDeadTimeConfig->Break2Polarity);
 5061              		.loc 1 2072 5 view .LVU1485
 5062 0074 2343     		orrs	r3, r3, r4
 5063              	.LVL376:
2073:Drivers/STM32L4xx_HAL_Driver/Src/stm32l4xx_hal_tim_ex.c ****   }
 5064              		.loc 1 2073 5 is_stmt 1 view .LVU1486
 5065 0076 23F00073 		bic	r3, r3, #33554432
 5066              	.LVL377:
2073:Drivers/STM32L4xx_HAL_Driver/Src/stm32l4xx_hal_tim_ex.c ****   }
 5067              		.loc 1 2073 5 is_stmt 0 view .LVU1487
 5068 007a 096A     		ldr	r1, [r1, #32]
 5069              	.LVL378:
2073:Drivers/STM32L4xx_HAL_Driver/Src/stm32l4xx_hal_tim_ex.c ****   }
 5070              		.loc 1 2073 5 view .LVU1488
ARM GAS  C:\Users\kerry\AppData\Local\Temp\ccWnk0Ym.s 			page 164


 5071 007c 0B43     		orrs	r3, r3, r1
 5072 007e EAE7     		b	.L407
 5073              	.LVL379:
 5074              	.L408:
 5075              	.LCFI49:
 5076              		.cfi_def_cfa_offset 0
 5077              		.cfi_restore 4
2048:Drivers/STM32L4xx_HAL_Driver/Src/stm32l4xx_hal_tim_ex.c **** 
 5078              		.loc 1 2048 3 discriminator 1 view .LVU1489
 5079 0080 0220     		movs	r0, #2
 5080              	.LVL380:
2082:Drivers/STM32L4xx_HAL_Driver/Src/stm32l4xx_hal_tim_ex.c **** 
 5081              		.loc 1 2082 1 view .LVU1490
 5082 0082 7047     		bx	lr
 5083              	.L415:
 5084              		.align	2
 5085              	.L414:
 5086 0084 002C0140 		.word	1073818624
 5087              		.cfi_endproc
 5088              	.LFE414:
 5090              		.section	.text.HAL_TIMEx_ConfigBreakInput,"ax",%progbits
 5091              		.align	1
 5092              		.global	HAL_TIMEx_ConfigBreakInput
 5093              		.syntax unified
 5094              		.thumb
 5095              		.thumb_func
 5097              	HAL_TIMEx_ConfigBreakInput:
 5098              	.LVL381:
 5099              	.LFB415:
2097:Drivers/STM32L4xx_HAL_Driver/Src/stm32l4xx_hal_tim_ex.c ****   HAL_StatusTypeDef status = HAL_OK;
 5100              		.loc 1 2097 1 is_stmt 1 view -0
 5101              		.cfi_startproc
 5102              		@ args = 0, pretend = 0, frame = 0
 5103              		@ frame_needed = 0, uses_anonymous_args = 0
2097:Drivers/STM32L4xx_HAL_Driver/Src/stm32l4xx_hal_tim_ex.c ****   HAL_StatusTypeDef status = HAL_OK;
 5104              		.loc 1 2097 1 is_stmt 0 view .LVU1492
 5105 0000 0346     		mov	r3, r0
2098:Drivers/STM32L4xx_HAL_Driver/Src/stm32l4xx_hal_tim_ex.c ****   uint32_t tmporx;
 5106              		.loc 1 2098 3 is_stmt 1 view .LVU1493
 5107              	.LVL382:
2099:Drivers/STM32L4xx_HAL_Driver/Src/stm32l4xx_hal_tim_ex.c ****   uint32_t bkin_enable_mask;
 5108              		.loc 1 2099 3 view .LVU1494
2100:Drivers/STM32L4xx_HAL_Driver/Src/stm32l4xx_hal_tim_ex.c ****   uint32_t bkin_polarity_mask;
 5109              		.loc 1 2100 3 view .LVU1495
2101:Drivers/STM32L4xx_HAL_Driver/Src/stm32l4xx_hal_tim_ex.c ****   uint32_t bkin_enable_bitpos;
 5110              		.loc 1 2101 3 view .LVU1496
2102:Drivers/STM32L4xx_HAL_Driver/Src/stm32l4xx_hal_tim_ex.c ****   uint32_t bkin_polarity_bitpos;
 5111              		.loc 1 2102 3 view .LVU1497
2103:Drivers/STM32L4xx_HAL_Driver/Src/stm32l4xx_hal_tim_ex.c **** 
 5112              		.loc 1 2103 3 view .LVU1498
2106:Drivers/STM32L4xx_HAL_Driver/Src/stm32l4xx_hal_tim_ex.c ****   assert_param(IS_TIM_BREAKINPUT(BreakInput));
 5113              		.loc 1 2106 3 view .LVU1499
2107:Drivers/STM32L4xx_HAL_Driver/Src/stm32l4xx_hal_tim_ex.c ****   assert_param(IS_TIM_BREAKINPUTSOURCE(sBreakInputConfig->Source));
 5114              		.loc 1 2107 3 view .LVU1500
2108:Drivers/STM32L4xx_HAL_Driver/Src/stm32l4xx_hal_tim_ex.c ****   assert_param(IS_TIM_BREAKINPUTSOURCE_STATE(sBreakInputConfig->Enable));
 5115              		.loc 1 2108 3 view .LVU1501
2109:Drivers/STM32L4xx_HAL_Driver/Src/stm32l4xx_hal_tim_ex.c **** #if defined(DFSDM1_Channel0)
ARM GAS  C:\Users\kerry\AppData\Local\Temp\ccWnk0Ym.s 			page 165


 5116              		.loc 1 2109 3 view .LVU1502
2116:Drivers/STM32L4xx_HAL_Driver/Src/stm32l4xx_hal_tim_ex.c **** #endif /* DFSDM1_Channel0 */
 5117              		.loc 1 2116 3 view .LVU1503
2120:Drivers/STM32L4xx_HAL_Driver/Src/stm32l4xx_hal_tim_ex.c **** 
 5118              		.loc 1 2120 3 view .LVU1504
2120:Drivers/STM32L4xx_HAL_Driver/Src/stm32l4xx_hal_tim_ex.c **** 
 5119              		.loc 1 2120 3 view .LVU1505
 5120 0002 90F83C00 		ldrb	r0, [r0, #60]	@ zero_extendqisi2
 5121              	.LVL383:
2120:Drivers/STM32L4xx_HAL_Driver/Src/stm32l4xx_hal_tim_ex.c **** 
 5122              		.loc 1 2120 3 is_stmt 0 view .LVU1506
 5123 0006 0128     		cmp	r0, #1
 5124 0008 4CD0     		beq	.L422
2097:Drivers/STM32L4xx_HAL_Driver/Src/stm32l4xx_hal_tim_ex.c ****   HAL_StatusTypeDef status = HAL_OK;
 5125              		.loc 1 2097 1 view .LVU1507
 5126 000a 70B5     		push	{r4, r5, r6, lr}
 5127              	.LCFI50:
 5128              		.cfi_def_cfa_offset 16
 5129              		.cfi_offset 4, -16
 5130              		.cfi_offset 5, -12
 5131              		.cfi_offset 6, -8
 5132              		.cfi_offset 14, -4
2120:Drivers/STM32L4xx_HAL_Driver/Src/stm32l4xx_hal_tim_ex.c **** 
 5133              		.loc 1 2120 3 is_stmt 1 discriminator 2 view .LVU1508
 5134 000c 0120     		movs	r0, #1
 5135 000e 83F83C00 		strb	r0, [r3, #60]
2120:Drivers/STM32L4xx_HAL_Driver/Src/stm32l4xx_hal_tim_ex.c **** 
 5136              		.loc 1 2120 3 view .LVU1509
2122:Drivers/STM32L4xx_HAL_Driver/Src/stm32l4xx_hal_tim_ex.c ****   {
 5137              		.loc 1 2122 3 view .LVU1510
2122:Drivers/STM32L4xx_HAL_Driver/Src/stm32l4xx_hal_tim_ex.c ****   {
 5138              		.loc 1 2122 28 is_stmt 0 view .LVU1511
 5139 0012 1068     		ldr	r0, [r2]
2122:Drivers/STM32L4xx_HAL_Driver/Src/stm32l4xx_hal_tim_ex.c ****   {
 5140              		.loc 1 2122 3 view .LVU1512
 5141 0014 0228     		cmp	r0, #2
 5142 0016 09D0     		beq	.L423
 5143 0018 0428     		cmp	r0, #4
 5144 001a 0DD0     		beq	.L424
 5145 001c 0128     		cmp	r0, #1
 5146 001e 16D1     		bne	.L425
 5147 0020 4FF0090E 		mov	lr, #9
 5148 0024 0026     		movs	r6, #0
 5149 0026 4FF4007C 		mov	ip, #512
 5150 002a 0AE0     		b	.L418
 5151              	.L423:
2137:Drivers/STM32L4xx_HAL_Driver/Src/stm32l4xx_hal_tim_ex.c ****       break;
 5152              		.loc 1 2137 28 view .LVU1513
 5153 002c 4FF00A0E 		mov	lr, #10
2135:Drivers/STM32L4xx_HAL_Driver/Src/stm32l4xx_hal_tim_ex.c ****       bkin_polarity_mask = TIM1_OR2_BKCMP1P;
 5154              		.loc 1 2135 26 view .LVU1514
 5155 0030 0126     		movs	r6, #1
2136:Drivers/STM32L4xx_HAL_Driver/Src/stm32l4xx_hal_tim_ex.c ****       bkin_polarity_bitpos = TIM1_OR2_BKCMP1P_Pos;
 5156              		.loc 1 2136 26 view .LVU1515
 5157 0032 4FF4806C 		mov	ip, #1024
 5158 0036 04E0     		b	.L418
 5159              	.L424:
ARM GAS  C:\Users\kerry\AppData\Local\Temp\ccWnk0Ym.s 			page 166


2145:Drivers/STM32L4xx_HAL_Driver/Src/stm32l4xx_hal_tim_ex.c ****       break;
 5160              		.loc 1 2145 28 view .LVU1516
 5161 0038 4FF00B0E 		mov	lr, #11
2143:Drivers/STM32L4xx_HAL_Driver/Src/stm32l4xx_hal_tim_ex.c ****       bkin_polarity_mask = TIM1_OR2_BKCMP2P;
 5162              		.loc 1 2143 26 view .LVU1517
 5163 003c 0226     		movs	r6, #2
2144:Drivers/STM32L4xx_HAL_Driver/Src/stm32l4xx_hal_tim_ex.c ****       bkin_polarity_bitpos = TIM1_OR2_BKCMP2P_Pos;
 5164              		.loc 1 2144 26 view .LVU1518
 5165 003e 4FF4006C 		mov	ip, #2048
 5166              	.L418:
 5167              	.LVL384:
2169:Drivers/STM32L4xx_HAL_Driver/Src/stm32l4xx_hal_tim_ex.c ****   {
 5168              		.loc 1 2169 3 is_stmt 1 view .LVU1519
 5169 0042 0129     		cmp	r1, #1
 5170 0044 09D0     		beq	.L419
 5171 0046 0229     		cmp	r1, #2
 5172 0048 1BD0     		beq	.L420
 5173 004a 0120     		movs	r0, #1
 5174              	.LVL385:
2169:Drivers/STM32L4xx_HAL_Driver/Src/stm32l4xx_hal_tim_ex.c ****   {
 5175              		.loc 1 2169 3 is_stmt 0 view .LVU1520
 5176 004c 15E0     		b	.L421
 5177              	.LVL386:
 5178              	.L425:
2164:Drivers/STM32L4xx_HAL_Driver/Src/stm32l4xx_hal_tim_ex.c ****       break;
 5179              		.loc 1 2164 28 view .LVU1521
 5180 004e 4FF0000E 		mov	lr, #0
2163:Drivers/STM32L4xx_HAL_Driver/Src/stm32l4xx_hal_tim_ex.c ****       bkin_polarity_bitpos = 0U;
 5181              		.loc 1 2163 26 view .LVU1522
 5182 0052 7646     		mov	r6, lr
2162:Drivers/STM32L4xx_HAL_Driver/Src/stm32l4xx_hal_tim_ex.c ****       bkin_enable_bitpos = 0U;
 5183              		.loc 1 2162 26 view .LVU1523
 5184 0054 F446     		mov	ip, lr
2161:Drivers/STM32L4xx_HAL_Driver/Src/stm32l4xx_hal_tim_ex.c ****       bkin_polarity_mask = 0U;
 5185              		.loc 1 2161 24 view .LVU1524
 5186 0056 7046     		mov	r0, lr
 5187 0058 F3E7     		b	.L418
 5188              	.LVL387:
 5189              	.L419:
2174:Drivers/STM32L4xx_HAL_Driver/Src/stm32l4xx_hal_tim_ex.c **** 
 5190              		.loc 1 2174 7 is_stmt 1 view .LVU1525
2174:Drivers/STM32L4xx_HAL_Driver/Src/stm32l4xx_hal_tim_ex.c **** 
 5191              		.loc 1 2174 20 is_stmt 0 view .LVU1526
 5192 005a 1C68     		ldr	r4, [r3]
2174:Drivers/STM32L4xx_HAL_Driver/Src/stm32l4xx_hal_tim_ex.c **** 
 5193              		.loc 1 2174 14 view .LVU1527
 5194 005c 256E     		ldr	r5, [r4, #96]
 5195              	.LVL388:
2177:Drivers/STM32L4xx_HAL_Driver/Src/stm32l4xx_hal_tim_ex.c ****       tmporx |= (sBreakInputConfig->Enable << bkin_enable_bitpos) & bkin_enable_mask;
 5196              		.loc 1 2177 7 is_stmt 1 view .LVU1528
2178:Drivers/STM32L4xx_HAL_Driver/Src/stm32l4xx_hal_tim_ex.c **** 
 5197              		.loc 1 2178 7 view .LVU1529
2178:Drivers/STM32L4xx_HAL_Driver/Src/stm32l4xx_hal_tim_ex.c **** 
 5198              		.loc 1 2178 35 is_stmt 0 view .LVU1530
 5199 005e 5168     		ldr	r1, [r2, #4]
 5200              	.LVL389:
2178:Drivers/STM32L4xx_HAL_Driver/Src/stm32l4xx_hal_tim_ex.c **** 
ARM GAS  C:\Users\kerry\AppData\Local\Temp\ccWnk0Ym.s 			page 167


 5201              		.loc 1 2178 44 view .LVU1531
 5202 0060 B140     		lsls	r1, r1, r6
 5203 0062 6940     		eors	r1, r1, r5
 5204 0064 0140     		ands	r1, r1, r0
2178:Drivers/STM32L4xx_HAL_Driver/Src/stm32l4xx_hal_tim_ex.c **** 
 5205              		.loc 1 2178 14 view .LVU1532
 5206 0066 6940     		eors	r1, r1, r5
 5207              	.LVL390:
2185:Drivers/STM32L4xx_HAL_Driver/Src/stm32l4xx_hal_tim_ex.c ****         tmporx |= (sBreakInputConfig->Polarity << bkin_polarity_bitpos) & bkin_polarity_mask;
 5208              		.loc 1 2185 9 is_stmt 1 view .LVU1533
2186:Drivers/STM32L4xx_HAL_Driver/Src/stm32l4xx_hal_tim_ex.c **** #if defined(DFSDM1_Channel0)
 5209              		.loc 1 2186 9 view .LVU1534
2186:Drivers/STM32L4xx_HAL_Driver/Src/stm32l4xx_hal_tim_ex.c **** #if defined(DFSDM1_Channel0)
 5210              		.loc 1 2186 37 is_stmt 0 view .LVU1535
 5211 0068 9268     		ldr	r2, [r2, #8]
 5212              	.LVL391:
2186:Drivers/STM32L4xx_HAL_Driver/Src/stm32l4xx_hal_tim_ex.c **** #if defined(DFSDM1_Channel0)
 5213              		.loc 1 2186 48 view .LVU1536
 5214 006a 02FA0EF2 		lsl	r2, r2, lr
 5215 006e 4A40     		eors	r2, r2, r1
 5216 0070 02EA0C02 		and	r2, r2, ip
2186:Drivers/STM32L4xx_HAL_Driver/Src/stm32l4xx_hal_tim_ex.c **** #if defined(DFSDM1_Channel0)
 5217              		.loc 1 2186 16 view .LVU1537
 5218 0074 4A40     		eors	r2, r2, r1
 5219              	.LVL392:
2192:Drivers/STM32L4xx_HAL_Driver/Src/stm32l4xx_hal_tim_ex.c ****       break;
 5220              		.loc 1 2192 7 is_stmt 1 view .LVU1538
2192:Drivers/STM32L4xx_HAL_Driver/Src/stm32l4xx_hal_tim_ex.c ****       break;
 5221              		.loc 1 2192 27 is_stmt 0 view .LVU1539
 5222 0076 2266     		str	r2, [r4, #96]
2193:Drivers/STM32L4xx_HAL_Driver/Src/stm32l4xx_hal_tim_ex.c ****     }
 5223              		.loc 1 2193 7 is_stmt 1 view .LVU1540
2098:Drivers/STM32L4xx_HAL_Driver/Src/stm32l4xx_hal_tim_ex.c ****   uint32_t tmporx;
 5224              		.loc 1 2098 21 is_stmt 0 view .LVU1541
 5225 0078 0020     		movs	r0, #0
 5226              	.LVL393:
 5227              	.L421:
2224:Drivers/STM32L4xx_HAL_Driver/Src/stm32l4xx_hal_tim_ex.c **** 
 5228              		.loc 1 2224 3 is_stmt 1 view .LVU1542
2224:Drivers/STM32L4xx_HAL_Driver/Src/stm32l4xx_hal_tim_ex.c **** 
 5229              		.loc 1 2224 3 view .LVU1543
 5230 007a 0022     		movs	r2, #0
 5231 007c 83F83C20 		strb	r2, [r3, #60]
2224:Drivers/STM32L4xx_HAL_Driver/Src/stm32l4xx_hal_tim_ex.c **** 
 5232              		.loc 1 2224 3 view .LVU1544
2226:Drivers/STM32L4xx_HAL_Driver/Src/stm32l4xx_hal_tim_ex.c **** }
 5233              		.loc 1 2226 3 view .LVU1545
2227:Drivers/STM32L4xx_HAL_Driver/Src/stm32l4xx_hal_tim_ex.c **** 
 5234              		.loc 1 2227 1 is_stmt 0 view .LVU1546
 5235 0080 70BD     		pop	{r4, r5, r6, pc}
 5236              	.LVL394:
 5237              	.L420:
2198:Drivers/STM32L4xx_HAL_Driver/Src/stm32l4xx_hal_tim_ex.c **** 
 5238              		.loc 1 2198 7 is_stmt 1 view .LVU1547
2198:Drivers/STM32L4xx_HAL_Driver/Src/stm32l4xx_hal_tim_ex.c **** 
 5239              		.loc 1 2198 20 is_stmt 0 view .LVU1548
 5240 0082 1C68     		ldr	r4, [r3]
ARM GAS  C:\Users\kerry\AppData\Local\Temp\ccWnk0Ym.s 			page 168


2198:Drivers/STM32L4xx_HAL_Driver/Src/stm32l4xx_hal_tim_ex.c **** 
 5241              		.loc 1 2198 14 view .LVU1549
 5242 0084 656E     		ldr	r5, [r4, #100]
 5243              	.LVL395:
2201:Drivers/STM32L4xx_HAL_Driver/Src/stm32l4xx_hal_tim_ex.c ****       tmporx |= (sBreakInputConfig->Enable << bkin_enable_bitpos) & bkin_enable_mask;
 5244              		.loc 1 2201 7 is_stmt 1 view .LVU1550
2202:Drivers/STM32L4xx_HAL_Driver/Src/stm32l4xx_hal_tim_ex.c **** 
 5245              		.loc 1 2202 7 view .LVU1551
2202:Drivers/STM32L4xx_HAL_Driver/Src/stm32l4xx_hal_tim_ex.c **** 
 5246              		.loc 1 2202 35 is_stmt 0 view .LVU1552
 5247 0086 5168     		ldr	r1, [r2, #4]
 5248              	.LVL396:
2202:Drivers/STM32L4xx_HAL_Driver/Src/stm32l4xx_hal_tim_ex.c **** 
 5249              		.loc 1 2202 44 view .LVU1553
 5250 0088 B140     		lsls	r1, r1, r6
 5251 008a 6940     		eors	r1, r1, r5
 5252 008c 0140     		ands	r1, r1, r0
2202:Drivers/STM32L4xx_HAL_Driver/Src/stm32l4xx_hal_tim_ex.c **** 
 5253              		.loc 1 2202 14 view .LVU1554
 5254 008e 6940     		eors	r1, r1, r5
 5255              	.LVL397:
2209:Drivers/STM32L4xx_HAL_Driver/Src/stm32l4xx_hal_tim_ex.c ****         tmporx |= (sBreakInputConfig->Polarity << bkin_polarity_bitpos) & bkin_polarity_mask;
 5256              		.loc 1 2209 9 is_stmt 1 view .LVU1555
2210:Drivers/STM32L4xx_HAL_Driver/Src/stm32l4xx_hal_tim_ex.c **** #if  defined(DFSDM1_Channel0)
 5257              		.loc 1 2210 9 view .LVU1556
2210:Drivers/STM32L4xx_HAL_Driver/Src/stm32l4xx_hal_tim_ex.c **** #if  defined(DFSDM1_Channel0)
 5258              		.loc 1 2210 37 is_stmt 0 view .LVU1557
 5259 0090 9268     		ldr	r2, [r2, #8]
 5260              	.LVL398:
2210:Drivers/STM32L4xx_HAL_Driver/Src/stm32l4xx_hal_tim_ex.c **** #if  defined(DFSDM1_Channel0)
 5261              		.loc 1 2210 48 view .LVU1558
 5262 0092 02FA0EF2 		lsl	r2, r2, lr
 5263 0096 4A40     		eors	r2, r2, r1
 5264 0098 02EA0C02 		and	r2, r2, ip
2210:Drivers/STM32L4xx_HAL_Driver/Src/stm32l4xx_hal_tim_ex.c **** #if  defined(DFSDM1_Channel0)
 5265              		.loc 1 2210 16 view .LVU1559
 5266 009c 4A40     		eors	r2, r2, r1
 5267              	.LVL399:
2216:Drivers/STM32L4xx_HAL_Driver/Src/stm32l4xx_hal_tim_ex.c ****       break;
 5268              		.loc 1 2216 7 is_stmt 1 view .LVU1560
2216:Drivers/STM32L4xx_HAL_Driver/Src/stm32l4xx_hal_tim_ex.c ****       break;
 5269              		.loc 1 2216 27 is_stmt 0 view .LVU1561
 5270 009e 6266     		str	r2, [r4, #100]
2217:Drivers/STM32L4xx_HAL_Driver/Src/stm32l4xx_hal_tim_ex.c ****     }
 5271              		.loc 1 2217 7 is_stmt 1 view .LVU1562
2098:Drivers/STM32L4xx_HAL_Driver/Src/stm32l4xx_hal_tim_ex.c ****   uint32_t tmporx;
 5272              		.loc 1 2098 21 is_stmt 0 view .LVU1563
 5273 00a0 0020     		movs	r0, #0
 5274              	.LVL400:
2217:Drivers/STM32L4xx_HAL_Driver/Src/stm32l4xx_hal_tim_ex.c ****     }
 5275              		.loc 1 2217 7 view .LVU1564
 5276 00a2 EAE7     		b	.L421
 5277              	.LVL401:
 5278              	.L422:
 5279              	.LCFI51:
 5280              		.cfi_def_cfa_offset 0
 5281              		.cfi_restore 4
ARM GAS  C:\Users\kerry\AppData\Local\Temp\ccWnk0Ym.s 			page 169


 5282              		.cfi_restore 5
 5283              		.cfi_restore 6
 5284              		.cfi_restore 14
2120:Drivers/STM32L4xx_HAL_Driver/Src/stm32l4xx_hal_tim_ex.c **** 
 5285              		.loc 1 2120 3 discriminator 1 view .LVU1565
 5286 00a4 0220     		movs	r0, #2
2227:Drivers/STM32L4xx_HAL_Driver/Src/stm32l4xx_hal_tim_ex.c **** 
 5287              		.loc 1 2227 1 view .LVU1566
 5288 00a6 7047     		bx	lr
 5289              		.cfi_endproc
 5290              	.LFE415:
 5292              		.section	.text.HAL_TIMEx_RemapConfig,"ax",%progbits
 5293              		.align	1
 5294              		.global	HAL_TIMEx_RemapConfig
 5295              		.syntax unified
 5296              		.thumb
 5297              		.thumb_func
 5299              	HAL_TIMEx_RemapConfig:
 5300              	.LVL402:
 5301              	.LFB416:
2452:Drivers/STM32L4xx_HAL_Driver/Src/stm32l4xx_hal_tim_ex.c ****   uint32_t tmpor1;
 5302              		.loc 1 2452 1 is_stmt 1 view -0
 5303              		.cfi_startproc
 5304              		@ args = 0, pretend = 0, frame = 0
 5305              		@ frame_needed = 0, uses_anonymous_args = 0
 5306              		@ link register save eliminated.
2452:Drivers/STM32L4xx_HAL_Driver/Src/stm32l4xx_hal_tim_ex.c ****   uint32_t tmpor1;
 5307              		.loc 1 2452 1 is_stmt 0 view .LVU1568
 5308 0000 0346     		mov	r3, r0
2453:Drivers/STM32L4xx_HAL_Driver/Src/stm32l4xx_hal_tim_ex.c ****   uint32_t tmpor2;
 5309              		.loc 1 2453 3 is_stmt 1 view .LVU1569
2454:Drivers/STM32L4xx_HAL_Driver/Src/stm32l4xx_hal_tim_ex.c **** 
 5310              		.loc 1 2454 3 view .LVU1570
2457:Drivers/STM32L4xx_HAL_Driver/Src/stm32l4xx_hal_tim_ex.c ****   assert_param(IS_TIM_REMAP(Remap));
 5311              		.loc 1 2457 3 view .LVU1571
2458:Drivers/STM32L4xx_HAL_Driver/Src/stm32l4xx_hal_tim_ex.c **** 
 5312              		.loc 1 2458 3 view .LVU1572
2460:Drivers/STM32L4xx_HAL_Driver/Src/stm32l4xx_hal_tim_ex.c **** 
 5313              		.loc 1 2460 3 view .LVU1573
2460:Drivers/STM32L4xx_HAL_Driver/Src/stm32l4xx_hal_tim_ex.c **** 
 5314              		.loc 1 2460 3 view .LVU1574
 5315 0002 90F83C20 		ldrb	r2, [r0, #60]	@ zero_extendqisi2
 5316 0006 012A     		cmp	r2, #1
 5317 0008 19D0     		beq	.L434
2460:Drivers/STM32L4xx_HAL_Driver/Src/stm32l4xx_hal_tim_ex.c **** 
 5318              		.loc 1 2460 3 discriminator 2 view .LVU1575
 5319 000a 0122     		movs	r2, #1
 5320 000c 80F83C20 		strb	r2, [r0, #60]
2460:Drivers/STM32L4xx_HAL_Driver/Src/stm32l4xx_hal_tim_ex.c **** 
 5321              		.loc 1 2460 3 view .LVU1576
2463:Drivers/STM32L4xx_HAL_Driver/Src/stm32l4xx_hal_tim_ex.c ****   {
 5322              		.loc 1 2463 3 view .LVU1577
2463:Drivers/STM32L4xx_HAL_Driver/Src/stm32l4xx_hal_tim_ex.c ****   {
 5323              		.loc 1 2463 7 is_stmt 0 view .LVU1578
 5324 0010 0268     		ldr	r2, [r0]
2463:Drivers/STM32L4xx_HAL_Driver/Src/stm32l4xx_hal_tim_ex.c ****   {
 5325              		.loc 1 2463 6 view .LVU1579
ARM GAS  C:\Users\kerry\AppData\Local\Temp\ccWnk0Ym.s 			page 170


 5326 0012 0C48     		ldr	r0, .L435
 5327              	.LVL403:
2463:Drivers/STM32L4xx_HAL_Driver/Src/stm32l4xx_hal_tim_ex.c ****   {
 5328              		.loc 1 2463 6 view .LVU1580
 5329 0014 8242     		cmp	r2, r0
 5330 0016 02D0     		beq	.L432
2463:Drivers/STM32L4xx_HAL_Driver/Src/stm32l4xx_hal_tim_ex.c ****   {
 5331              		.loc 1 2463 7 discriminator 1 view .LVU1581
 5332 0018 B2F1804F 		cmp	r2, #1073741824
 5333 001c 07D1     		bne	.L433
 5334              	.L432:
2465:Drivers/STM32L4xx_HAL_Driver/Src/stm32l4xx_hal_tim_ex.c ****     tmpor2 &= ~TIM1_OR2_ETRSEL_Msk;
 5335              		.loc 1 2465 5 is_stmt 1 view .LVU1582
2465:Drivers/STM32L4xx_HAL_Driver/Src/stm32l4xx_hal_tim_ex.c ****     tmpor2 &= ~TIM1_OR2_ETRSEL_Msk;
 5336              		.loc 1 2465 12 is_stmt 0 view .LVU1583
 5337 001e 106E     		ldr	r0, [r2, #96]
 5338              	.LVL404:
2466:Drivers/STM32L4xx_HAL_Driver/Src/stm32l4xx_hal_tim_ex.c ****     tmpor2 |= (Remap & TIM1_OR2_ETRSEL_Msk);
 5339              		.loc 1 2466 5 is_stmt 1 view .LVU1584
2466:Drivers/STM32L4xx_HAL_Driver/Src/stm32l4xx_hal_tim_ex.c ****     tmpor2 |= (Remap & TIM1_OR2_ETRSEL_Msk);
 5340              		.loc 1 2466 12 is_stmt 0 view .LVU1585
 5341 0020 20F4E03C 		bic	ip, r0, #114688
 5342              	.LVL405:
2467:Drivers/STM32L4xx_HAL_Driver/Src/stm32l4xx_hal_tim_ex.c **** 
 5343              		.loc 1 2467 5 is_stmt 1 view .LVU1586
2467:Drivers/STM32L4xx_HAL_Driver/Src/stm32l4xx_hal_tim_ex.c **** 
 5344              		.loc 1 2467 22 is_stmt 0 view .LVU1587
 5345 0024 01F4E030 		and	r0, r1, #114688
2467:Drivers/STM32L4xx_HAL_Driver/Src/stm32l4xx_hal_tim_ex.c **** 
 5346              		.loc 1 2467 12 view .LVU1588
 5347 0028 40EA0C00 		orr	r0, r0, ip
 5348              	.LVL406:
2470:Drivers/STM32L4xx_HAL_Driver/Src/stm32l4xx_hal_tim_ex.c ****   }
 5349              		.loc 1 2470 5 is_stmt 1 view .LVU1589
2470:Drivers/STM32L4xx_HAL_Driver/Src/stm32l4xx_hal_tim_ex.c ****   }
 5350              		.loc 1 2470 25 is_stmt 0 view .LVU1590
 5351 002c 1066     		str	r0, [r2, #96]
 5352              	.LVL407:
 5353              	.L433:
2474:Drivers/STM32L4xx_HAL_Driver/Src/stm32l4xx_hal_tim_ex.c ****   tmpor1 &= ~TIM1_OR2_ETRSEL_Msk;
 5354              		.loc 1 2474 3 is_stmt 1 view .LVU1591
2475:Drivers/STM32L4xx_HAL_Driver/Src/stm32l4xx_hal_tim_ex.c **** 
 5355              		.loc 1 2475 3 view .LVU1592
2475:Drivers/STM32L4xx_HAL_Driver/Src/stm32l4xx_hal_tim_ex.c **** 
 5356              		.loc 1 2475 10 is_stmt 0 view .LVU1593
 5357 002e 21F4E031 		bic	r1, r1, #114688
 5358              	.LVL408:
2478:Drivers/STM32L4xx_HAL_Driver/Src/stm32l4xx_hal_tim_ex.c **** 
 5359              		.loc 1 2478 3 is_stmt 1 view .LVU1594
2478:Drivers/STM32L4xx_HAL_Driver/Src/stm32l4xx_hal_tim_ex.c **** 
 5360              		.loc 1 2478 7 is_stmt 0 view .LVU1595
 5361 0032 1A68     		ldr	r2, [r3]
2478:Drivers/STM32L4xx_HAL_Driver/Src/stm32l4xx_hal_tim_ex.c **** 
 5362              		.loc 1 2478 23 view .LVU1596
 5363 0034 1165     		str	r1, [r2, #80]
2480:Drivers/STM32L4xx_HAL_Driver/Src/stm32l4xx_hal_tim_ex.c **** 
 5364              		.loc 1 2480 3 is_stmt 1 view .LVU1597
ARM GAS  C:\Users\kerry\AppData\Local\Temp\ccWnk0Ym.s 			page 171


2480:Drivers/STM32L4xx_HAL_Driver/Src/stm32l4xx_hal_tim_ex.c **** 
 5365              		.loc 1 2480 3 view .LVU1598
 5366 0036 0020     		movs	r0, #0
 5367 0038 83F83C00 		strb	r0, [r3, #60]
2480:Drivers/STM32L4xx_HAL_Driver/Src/stm32l4xx_hal_tim_ex.c **** 
 5368              		.loc 1 2480 3 view .LVU1599
2482:Drivers/STM32L4xx_HAL_Driver/Src/stm32l4xx_hal_tim_ex.c **** }
 5369              		.loc 1 2482 3 view .LVU1600
2482:Drivers/STM32L4xx_HAL_Driver/Src/stm32l4xx_hal_tim_ex.c **** }
 5370              		.loc 1 2482 10 is_stmt 0 view .LVU1601
 5371 003c 7047     		bx	lr
 5372              	.LVL409:
 5373              	.L434:
2460:Drivers/STM32L4xx_HAL_Driver/Src/stm32l4xx_hal_tim_ex.c **** 
 5374              		.loc 1 2460 3 discriminator 1 view .LVU1602
 5375 003e 0220     		movs	r0, #2
 5376              	.LVL410:
2483:Drivers/STM32L4xx_HAL_Driver/Src/stm32l4xx_hal_tim_ex.c **** 
 5377              		.loc 1 2483 1 view .LVU1603
 5378 0040 7047     		bx	lr
 5379              	.L436:
 5380 0042 00BF     		.align	2
 5381              	.L435:
 5382 0044 002C0140 		.word	1073818624
 5383              		.cfi_endproc
 5384              	.LFE416:
 5386              		.section	.text.HAL_TIMEx_GroupChannel5,"ax",%progbits
 5387              		.align	1
 5388              		.global	HAL_TIMEx_GroupChannel5
 5389              		.syntax unified
 5390              		.thumb
 5391              		.thumb_func
 5393              	HAL_TIMEx_GroupChannel5:
 5394              	.LVL411:
 5395              	.LFB417:
2497:Drivers/STM32L4xx_HAL_Driver/Src/stm32l4xx_hal_tim_ex.c ****   /* Check parameters */
 5396              		.loc 1 2497 1 is_stmt 1 view -0
 5397              		.cfi_startproc
 5398              		@ args = 0, pretend = 0, frame = 0
 5399              		@ frame_needed = 0, uses_anonymous_args = 0
 5400              		@ link register save eliminated.
2499:Drivers/STM32L4xx_HAL_Driver/Src/stm32l4xx_hal_tim_ex.c ****   assert_param(IS_TIM_GROUPCH5(Channels));
 5401              		.loc 1 2499 3 view .LVU1605
2500:Drivers/STM32L4xx_HAL_Driver/Src/stm32l4xx_hal_tim_ex.c **** 
 5402              		.loc 1 2500 3 view .LVU1606
2503:Drivers/STM32L4xx_HAL_Driver/Src/stm32l4xx_hal_tim_ex.c **** 
 5403              		.loc 1 2503 3 view .LVU1607
2503:Drivers/STM32L4xx_HAL_Driver/Src/stm32l4xx_hal_tim_ex.c **** 
 5404              		.loc 1 2503 3 view .LVU1608
 5405 0000 90F83C30 		ldrb	r3, [r0, #60]	@ zero_extendqisi2
 5406 0004 012B     		cmp	r3, #1
 5407 0006 18D0     		beq	.L439
2497:Drivers/STM32L4xx_HAL_Driver/Src/stm32l4xx_hal_tim_ex.c ****   /* Check parameters */
 5408              		.loc 1 2497 1 is_stmt 0 view .LVU1609
 5409 0008 10B4     		push	{r4}
 5410              	.LCFI52:
 5411              		.cfi_def_cfa_offset 4
ARM GAS  C:\Users\kerry\AppData\Local\Temp\ccWnk0Ym.s 			page 172


 5412              		.cfi_offset 4, -4
2503:Drivers/STM32L4xx_HAL_Driver/Src/stm32l4xx_hal_tim_ex.c **** 
 5413              		.loc 1 2503 3 is_stmt 1 discriminator 2 view .LVU1610
 5414 000a 0122     		movs	r2, #1
 5415 000c 80F83C20 		strb	r2, [r0, #60]
2503:Drivers/STM32L4xx_HAL_Driver/Src/stm32l4xx_hal_tim_ex.c **** 
 5416              		.loc 1 2503 3 view .LVU1611
2505:Drivers/STM32L4xx_HAL_Driver/Src/stm32l4xx_hal_tim_ex.c **** 
 5417              		.loc 1 2505 3 view .LVU1612
2505:Drivers/STM32L4xx_HAL_Driver/Src/stm32l4xx_hal_tim_ex.c **** 
 5418              		.loc 1 2505 15 is_stmt 0 view .LVU1613
 5419 0010 0223     		movs	r3, #2
 5420 0012 80F83D30 		strb	r3, [r0, #61]
2508:Drivers/STM32L4xx_HAL_Driver/Src/stm32l4xx_hal_tim_ex.c **** 
 5421              		.loc 1 2508 3 is_stmt 1 view .LVU1614
2508:Drivers/STM32L4xx_HAL_Driver/Src/stm32l4xx_hal_tim_ex.c **** 
 5422              		.loc 1 2508 7 is_stmt 0 view .LVU1615
 5423 0016 0468     		ldr	r4, [r0]
2508:Drivers/STM32L4xx_HAL_Driver/Src/stm32l4xx_hal_tim_ex.c **** 
 5424              		.loc 1 2508 17 view .LVU1616
 5425 0018 A36D     		ldr	r3, [r4, #88]
2508:Drivers/STM32L4xx_HAL_Driver/Src/stm32l4xx_hal_tim_ex.c **** 
 5426              		.loc 1 2508 24 view .LVU1617
 5427 001a 23F06043 		bic	r3, r3, #-536870912
 5428 001e A365     		str	r3, [r4, #88]
2511:Drivers/STM32L4xx_HAL_Driver/Src/stm32l4xx_hal_tim_ex.c **** 
 5429              		.loc 1 2511 3 is_stmt 1 view .LVU1618
2511:Drivers/STM32L4xx_HAL_Driver/Src/stm32l4xx_hal_tim_ex.c **** 
 5430              		.loc 1 2511 7 is_stmt 0 view .LVU1619
 5431 0020 0468     		ldr	r4, [r0]
2511:Drivers/STM32L4xx_HAL_Driver/Src/stm32l4xx_hal_tim_ex.c **** 
 5432              		.loc 1 2511 17 view .LVU1620
 5433 0022 A36D     		ldr	r3, [r4, #88]
2511:Drivers/STM32L4xx_HAL_Driver/Src/stm32l4xx_hal_tim_ex.c **** 
 5434              		.loc 1 2511 24 view .LVU1621
 5435 0024 0B43     		orrs	r3, r3, r1
 5436 0026 A365     		str	r3, [r4, #88]
2514:Drivers/STM32L4xx_HAL_Driver/Src/stm32l4xx_hal_tim_ex.c **** 
 5437              		.loc 1 2514 3 is_stmt 1 view .LVU1622
2514:Drivers/STM32L4xx_HAL_Driver/Src/stm32l4xx_hal_tim_ex.c **** 
 5438              		.loc 1 2514 15 is_stmt 0 view .LVU1623
 5439 0028 80F83D20 		strb	r2, [r0, #61]
2516:Drivers/STM32L4xx_HAL_Driver/Src/stm32l4xx_hal_tim_ex.c **** 
 5440              		.loc 1 2516 3 is_stmt 1 view .LVU1624
2516:Drivers/STM32L4xx_HAL_Driver/Src/stm32l4xx_hal_tim_ex.c **** 
 5441              		.loc 1 2516 3 view .LVU1625
 5442 002c 0023     		movs	r3, #0
 5443 002e 80F83C30 		strb	r3, [r0, #60]
2516:Drivers/STM32L4xx_HAL_Driver/Src/stm32l4xx_hal_tim_ex.c **** 
 5444              		.loc 1 2516 3 view .LVU1626
2518:Drivers/STM32L4xx_HAL_Driver/Src/stm32l4xx_hal_tim_ex.c **** }
 5445              		.loc 1 2518 3 view .LVU1627
2518:Drivers/STM32L4xx_HAL_Driver/Src/stm32l4xx_hal_tim_ex.c **** }
 5446              		.loc 1 2518 10 is_stmt 0 view .LVU1628
 5447 0032 1846     		mov	r0, r3
 5448              	.LVL412:
2519:Drivers/STM32L4xx_HAL_Driver/Src/stm32l4xx_hal_tim_ex.c **** 
ARM GAS  C:\Users\kerry\AppData\Local\Temp\ccWnk0Ym.s 			page 173


 5449              		.loc 1 2519 1 view .LVU1629
 5450 0034 5DF8044B 		ldr	r4, [sp], #4
 5451              	.LCFI53:
 5452              		.cfi_restore 4
 5453              		.cfi_def_cfa_offset 0
 5454 0038 7047     		bx	lr
 5455              	.LVL413:
 5456              	.L439:
2503:Drivers/STM32L4xx_HAL_Driver/Src/stm32l4xx_hal_tim_ex.c **** 
 5457              		.loc 1 2503 3 discriminator 1 view .LVU1630
 5458 003a 0220     		movs	r0, #2
 5459              	.LVL414:
2519:Drivers/STM32L4xx_HAL_Driver/Src/stm32l4xx_hal_tim_ex.c **** 
 5460              		.loc 1 2519 1 view .LVU1631
 5461 003c 7047     		bx	lr
 5462              		.cfi_endproc
 5463              	.LFE417:
 5465              		.section	.text.HAL_TIMEx_CommutCallback,"ax",%progbits
 5466              		.align	1
 5467              		.weak	HAL_TIMEx_CommutCallback
 5468              		.syntax unified
 5469              		.thumb
 5470              		.thumb_func
 5472              	HAL_TIMEx_CommutCallback:
 5473              	.LVL415:
 5474              	.LFB418:
2547:Drivers/STM32L4xx_HAL_Driver/Src/stm32l4xx_hal_tim_ex.c ****   /* Prevent unused argument(s) compilation warning */
 5475              		.loc 1 2547 1 is_stmt 1 view -0
 5476              		.cfi_startproc
 5477              		@ args = 0, pretend = 0, frame = 0
 5478              		@ frame_needed = 0, uses_anonymous_args = 0
 5479              		@ link register save eliminated.
2549:Drivers/STM32L4xx_HAL_Driver/Src/stm32l4xx_hal_tim_ex.c **** 
 5480              		.loc 1 2549 3 view .LVU1633
2554:Drivers/STM32L4xx_HAL_Driver/Src/stm32l4xx_hal_tim_ex.c **** /**
 5481              		.loc 1 2554 1 is_stmt 0 view .LVU1634
 5482 0000 7047     		bx	lr
 5483              		.cfi_endproc
 5484              	.LFE418:
 5486              		.section	.text.TIMEx_DMACommutationCplt,"ax",%progbits
 5487              		.align	1
 5488              		.global	TIMEx_DMACommutationCplt
 5489              		.syntax unified
 5490              		.thumb
 5491              		.thumb_func
 5493              	TIMEx_DMACommutationCplt:
 5494              	.LVL416:
 5495              	.LFB424:
2668:Drivers/STM32L4xx_HAL_Driver/Src/stm32l4xx_hal_tim_ex.c ****   TIM_HandleTypeDef *htim = (TIM_HandleTypeDef *)((DMA_HandleTypeDef *)hdma)->Parent;
 5496              		.loc 1 2668 1 is_stmt 1 view -0
 5497              		.cfi_startproc
 5498              		@ args = 0, pretend = 0, frame = 0
 5499              		@ frame_needed = 0, uses_anonymous_args = 0
2668:Drivers/STM32L4xx_HAL_Driver/Src/stm32l4xx_hal_tim_ex.c ****   TIM_HandleTypeDef *htim = (TIM_HandleTypeDef *)((DMA_HandleTypeDef *)hdma)->Parent;
 5500              		.loc 1 2668 1 is_stmt 0 view .LVU1636
 5501 0000 08B5     		push	{r3, lr}
 5502              	.LCFI54:
ARM GAS  C:\Users\kerry\AppData\Local\Temp\ccWnk0Ym.s 			page 174


 5503              		.cfi_def_cfa_offset 8
 5504              		.cfi_offset 3, -8
 5505              		.cfi_offset 14, -4
2669:Drivers/STM32L4xx_HAL_Driver/Src/stm32l4xx_hal_tim_ex.c **** 
 5506              		.loc 1 2669 3 is_stmt 1 view .LVU1637
2669:Drivers/STM32L4xx_HAL_Driver/Src/stm32l4xx_hal_tim_ex.c **** 
 5507              		.loc 1 2669 22 is_stmt 0 view .LVU1638
 5508 0002 806A     		ldr	r0, [r0, #40]
 5509              	.LVL417:
2672:Drivers/STM32L4xx_HAL_Driver/Src/stm32l4xx_hal_tim_ex.c **** 
 5510              		.loc 1 2672 3 is_stmt 1 view .LVU1639
2672:Drivers/STM32L4xx_HAL_Driver/Src/stm32l4xx_hal_tim_ex.c **** 
 5511              		.loc 1 2672 15 is_stmt 0 view .LVU1640
 5512 0004 0123     		movs	r3, #1
 5513 0006 80F83D30 		strb	r3, [r0, #61]
2677:Drivers/STM32L4xx_HAL_Driver/Src/stm32l4xx_hal_tim_ex.c **** #endif /* USE_HAL_TIM_REGISTER_CALLBACKS */
 5514              		.loc 1 2677 3 is_stmt 1 view .LVU1641
 5515 000a FFF7FEFF 		bl	HAL_TIMEx_CommutCallback
 5516              	.LVL418:
2679:Drivers/STM32L4xx_HAL_Driver/Src/stm32l4xx_hal_tim_ex.c **** 
 5517              		.loc 1 2679 1 is_stmt 0 view .LVU1642
 5518 000e 08BD     		pop	{r3, pc}
 5519              		.cfi_endproc
 5520              	.LFE424:
 5522              		.section	.text.HAL_TIMEx_CommutHalfCpltCallback,"ax",%progbits
 5523              		.align	1
 5524              		.weak	HAL_TIMEx_CommutHalfCpltCallback
 5525              		.syntax unified
 5526              		.thumb
 5527              		.thumb_func
 5529              	HAL_TIMEx_CommutHalfCpltCallback:
 5530              	.LVL419:
 5531              	.LFB419:
2561:Drivers/STM32L4xx_HAL_Driver/Src/stm32l4xx_hal_tim_ex.c ****   /* Prevent unused argument(s) compilation warning */
 5532              		.loc 1 2561 1 is_stmt 1 view -0
 5533              		.cfi_startproc
 5534              		@ args = 0, pretend = 0, frame = 0
 5535              		@ frame_needed = 0, uses_anonymous_args = 0
 5536              		@ link register save eliminated.
2563:Drivers/STM32L4xx_HAL_Driver/Src/stm32l4xx_hal_tim_ex.c **** 
 5537              		.loc 1 2563 3 view .LVU1644
2568:Drivers/STM32L4xx_HAL_Driver/Src/stm32l4xx_hal_tim_ex.c **** 
 5538              		.loc 1 2568 1 is_stmt 0 view .LVU1645
 5539 0000 7047     		bx	lr
 5540              		.cfi_endproc
 5541              	.LFE419:
 5543              		.section	.text.TIMEx_DMACommutationHalfCplt,"ax",%progbits
 5544              		.align	1
 5545              		.global	TIMEx_DMACommutationHalfCplt
 5546              		.syntax unified
 5547              		.thumb
 5548              		.thumb_func
 5550              	TIMEx_DMACommutationHalfCplt:
 5551              	.LVL420:
 5552              	.LFB425:
2687:Drivers/STM32L4xx_HAL_Driver/Src/stm32l4xx_hal_tim_ex.c ****   TIM_HandleTypeDef *htim = (TIM_HandleTypeDef *)((DMA_HandleTypeDef *)hdma)->Parent;
 5553              		.loc 1 2687 1 is_stmt 1 view -0
ARM GAS  C:\Users\kerry\AppData\Local\Temp\ccWnk0Ym.s 			page 175


 5554              		.cfi_startproc
 5555              		@ args = 0, pretend = 0, frame = 0
 5556              		@ frame_needed = 0, uses_anonymous_args = 0
2687:Drivers/STM32L4xx_HAL_Driver/Src/stm32l4xx_hal_tim_ex.c ****   TIM_HandleTypeDef *htim = (TIM_HandleTypeDef *)((DMA_HandleTypeDef *)hdma)->Parent;
 5557              		.loc 1 2687 1 is_stmt 0 view .LVU1647
 5558 0000 08B5     		push	{r3, lr}
 5559              	.LCFI55:
 5560              		.cfi_def_cfa_offset 8
 5561              		.cfi_offset 3, -8
 5562              		.cfi_offset 14, -4
2688:Drivers/STM32L4xx_HAL_Driver/Src/stm32l4xx_hal_tim_ex.c **** 
 5563              		.loc 1 2688 3 is_stmt 1 view .LVU1648
2688:Drivers/STM32L4xx_HAL_Driver/Src/stm32l4xx_hal_tim_ex.c **** 
 5564              		.loc 1 2688 22 is_stmt 0 view .LVU1649
 5565 0002 806A     		ldr	r0, [r0, #40]
 5566              	.LVL421:
2691:Drivers/STM32L4xx_HAL_Driver/Src/stm32l4xx_hal_tim_ex.c **** 
 5567              		.loc 1 2691 3 is_stmt 1 view .LVU1650
2691:Drivers/STM32L4xx_HAL_Driver/Src/stm32l4xx_hal_tim_ex.c **** 
 5568              		.loc 1 2691 15 is_stmt 0 view .LVU1651
 5569 0004 0123     		movs	r3, #1
 5570 0006 80F83D30 		strb	r3, [r0, #61]
2696:Drivers/STM32L4xx_HAL_Driver/Src/stm32l4xx_hal_tim_ex.c **** #endif /* USE_HAL_TIM_REGISTER_CALLBACKS */
 5571              		.loc 1 2696 3 is_stmt 1 view .LVU1652
 5572 000a FFF7FEFF 		bl	HAL_TIMEx_CommutHalfCpltCallback
 5573              	.LVL422:
2698:Drivers/STM32L4xx_HAL_Driver/Src/stm32l4xx_hal_tim_ex.c **** 
 5574              		.loc 1 2698 1 is_stmt 0 view .LVU1653
 5575 000e 08BD     		pop	{r3, pc}
 5576              		.cfi_endproc
 5577              	.LFE425:
 5579              		.section	.text.HAL_TIMEx_BreakCallback,"ax",%progbits
 5580              		.align	1
 5581              		.weak	HAL_TIMEx_BreakCallback
 5582              		.syntax unified
 5583              		.thumb
 5584              		.thumb_func
 5586              	HAL_TIMEx_BreakCallback:
 5587              	.LVL423:
 5588              	.LFB420:
2576:Drivers/STM32L4xx_HAL_Driver/Src/stm32l4xx_hal_tim_ex.c ****   /* Prevent unused argument(s) compilation warning */
 5589              		.loc 1 2576 1 is_stmt 1 view -0
 5590              		.cfi_startproc
 5591              		@ args = 0, pretend = 0, frame = 0
 5592              		@ frame_needed = 0, uses_anonymous_args = 0
 5593              		@ link register save eliminated.
2578:Drivers/STM32L4xx_HAL_Driver/Src/stm32l4xx_hal_tim_ex.c **** 
 5594              		.loc 1 2578 3 view .LVU1655
2583:Drivers/STM32L4xx_HAL_Driver/Src/stm32l4xx_hal_tim_ex.c **** 
 5595              		.loc 1 2583 1 is_stmt 0 view .LVU1656
 5596 0000 7047     		bx	lr
 5597              		.cfi_endproc
 5598              	.LFE420:
 5600              		.section	.text.HAL_TIMEx_Break2Callback,"ax",%progbits
 5601              		.align	1
 5602              		.weak	HAL_TIMEx_Break2Callback
 5603              		.syntax unified
ARM GAS  C:\Users\kerry\AppData\Local\Temp\ccWnk0Ym.s 			page 176


 5604              		.thumb
 5605              		.thumb_func
 5607              	HAL_TIMEx_Break2Callback:
 5608              	.LVL424:
 5609              	.LFB421:
2591:Drivers/STM32L4xx_HAL_Driver/Src/stm32l4xx_hal_tim_ex.c ****   /* Prevent unused argument(s) compilation warning */
 5610              		.loc 1 2591 1 is_stmt 1 view -0
 5611              		.cfi_startproc
 5612              		@ args = 0, pretend = 0, frame = 0
 5613              		@ frame_needed = 0, uses_anonymous_args = 0
 5614              		@ link register save eliminated.
2593:Drivers/STM32L4xx_HAL_Driver/Src/stm32l4xx_hal_tim_ex.c **** 
 5615              		.loc 1 2593 3 view .LVU1658
2598:Drivers/STM32L4xx_HAL_Driver/Src/stm32l4xx_hal_tim_ex.c **** /**
 5616              		.loc 1 2598 1 is_stmt 0 view .LVU1659
 5617 0000 7047     		bx	lr
 5618              		.cfi_endproc
 5619              	.LFE421:
 5621              		.section	.text.HAL_TIMEx_HallSensor_GetState,"ax",%progbits
 5622              		.align	1
 5623              		.global	HAL_TIMEx_HallSensor_GetState
 5624              		.syntax unified
 5625              		.thumb
 5626              		.thumb_func
 5628              	HAL_TIMEx_HallSensor_GetState:
 5629              	.LVL425:
 5630              	.LFB422:
2624:Drivers/STM32L4xx_HAL_Driver/Src/stm32l4xx_hal_tim_ex.c ****   return htim->State;
 5631              		.loc 1 2624 1 is_stmt 1 view -0
 5632              		.cfi_startproc
 5633              		@ args = 0, pretend = 0, frame = 0
 5634              		@ frame_needed = 0, uses_anonymous_args = 0
 5635              		@ link register save eliminated.
2625:Drivers/STM32L4xx_HAL_Driver/Src/stm32l4xx_hal_tim_ex.c **** }
 5636              		.loc 1 2625 3 view .LVU1661
2625:Drivers/STM32L4xx_HAL_Driver/Src/stm32l4xx_hal_tim_ex.c **** }
 5637              		.loc 1 2625 14 is_stmt 0 view .LVU1662
 5638 0000 90F83D00 		ldrb	r0, [r0, #61]	@ zero_extendqisi2
 5639              	.LVL426:
2626:Drivers/STM32L4xx_HAL_Driver/Src/stm32l4xx_hal_tim_ex.c **** 
 5640              		.loc 1 2626 1 view .LVU1663
 5641 0004 7047     		bx	lr
 5642              		.cfi_endproc
 5643              	.LFE422:
 5645              		.section	.text.HAL_TIMEx_GetChannelNState,"ax",%progbits
 5646              		.align	1
 5647              		.global	HAL_TIMEx_GetChannelNState
 5648              		.syntax unified
 5649              		.thumb
 5650              		.thumb_func
 5652              	HAL_TIMEx_GetChannelNState:
 5653              	.LVL427:
 5654              	.LFB423:
2639:Drivers/STM32L4xx_HAL_Driver/Src/stm32l4xx_hal_tim_ex.c ****   HAL_TIM_ChannelStateTypeDef channel_state;
 5655              		.loc 1 2639 1 is_stmt 1 view -0
 5656              		.cfi_startproc
 5657              		@ args = 0, pretend = 0, frame = 0
ARM GAS  C:\Users\kerry\AppData\Local\Temp\ccWnk0Ym.s 			page 177


 5658              		@ frame_needed = 0, uses_anonymous_args = 0
 5659              		@ link register save eliminated.
2640:Drivers/STM32L4xx_HAL_Driver/Src/stm32l4xx_hal_tim_ex.c **** 
 5660              		.loc 1 2640 3 view .LVU1665
2643:Drivers/STM32L4xx_HAL_Driver/Src/stm32l4xx_hal_tim_ex.c **** 
 5661              		.loc 1 2643 3 view .LVU1666
2645:Drivers/STM32L4xx_HAL_Driver/Src/stm32l4xx_hal_tim_ex.c **** 
 5662              		.loc 1 2645 3 view .LVU1667
2645:Drivers/STM32L4xx_HAL_Driver/Src/stm32l4xx_hal_tim_ex.c **** 
 5663              		.loc 1 2645 19 is_stmt 0 view .LVU1668
 5664 0000 19B9     		cbnz	r1, .L454
2645:Drivers/STM32L4xx_HAL_Driver/Src/stm32l4xx_hal_tim_ex.c **** 
 5665              		.loc 1 2645 19 discriminator 1 view .LVU1669
 5666 0002 90F84400 		ldrb	r0, [r0, #68]	@ zero_extendqisi2
 5667              	.LVL428:
2645:Drivers/STM32L4xx_HAL_Driver/Src/stm32l4xx_hal_tim_ex.c **** 
 5668              		.loc 1 2645 19 discriminator 1 view .LVU1670
 5669 0006 C0B2     		uxtb	r0, r0
 5670 0008 7047     		bx	lr
 5671              	.LVL429:
 5672              	.L454:
2645:Drivers/STM32L4xx_HAL_Driver/Src/stm32l4xx_hal_tim_ex.c **** 
 5673              		.loc 1 2645 19 discriminator 2 view .LVU1671
 5674 000a 0429     		cmp	r1, #4
 5675 000c 05D0     		beq	.L458
2645:Drivers/STM32L4xx_HAL_Driver/Src/stm32l4xx_hal_tim_ex.c **** 
 5676              		.loc 1 2645 19 discriminator 5 view .LVU1672
 5677 000e 0829     		cmp	r1, #8
 5678 0010 07D0     		beq	.L459
2645:Drivers/STM32L4xx_HAL_Driver/Src/stm32l4xx_hal_tim_ex.c **** 
 5679              		.loc 1 2645 19 discriminator 8 view .LVU1673
 5680 0012 90F84700 		ldrb	r0, [r0, #71]	@ zero_extendqisi2
 5681              	.LVL430:
2645:Drivers/STM32L4xx_HAL_Driver/Src/stm32l4xx_hal_tim_ex.c **** 
 5682              		.loc 1 2645 19 discriminator 8 view .LVU1674
 5683 0016 C0B2     		uxtb	r0, r0
 5684              	.LVL431:
2647:Drivers/STM32L4xx_HAL_Driver/Src/stm32l4xx_hal_tim_ex.c **** }
 5685              		.loc 1 2647 3 is_stmt 1 view .LVU1675
2648:Drivers/STM32L4xx_HAL_Driver/Src/stm32l4xx_hal_tim_ex.c **** /**
 5686              		.loc 1 2648 1 is_stmt 0 view .LVU1676
 5687 0018 7047     		bx	lr
 5688              	.LVL432:
 5689              	.L458:
2645:Drivers/STM32L4xx_HAL_Driver/Src/stm32l4xx_hal_tim_ex.c **** 
 5690              		.loc 1 2645 19 discriminator 4 view .LVU1677
 5691 001a 90F84500 		ldrb	r0, [r0, #69]	@ zero_extendqisi2
 5692              	.LVL433:
2645:Drivers/STM32L4xx_HAL_Driver/Src/stm32l4xx_hal_tim_ex.c **** 
 5693              		.loc 1 2645 19 discriminator 4 view .LVU1678
 5694 001e C0B2     		uxtb	r0, r0
 5695 0020 7047     		bx	lr
 5696              	.LVL434:
 5697              	.L459:
2645:Drivers/STM32L4xx_HAL_Driver/Src/stm32l4xx_hal_tim_ex.c **** 
 5698              		.loc 1 2645 19 discriminator 7 view .LVU1679
 5699 0022 90F84600 		ldrb	r0, [r0, #70]	@ zero_extendqisi2
ARM GAS  C:\Users\kerry\AppData\Local\Temp\ccWnk0Ym.s 			page 178


 5700              	.LVL435:
2645:Drivers/STM32L4xx_HAL_Driver/Src/stm32l4xx_hal_tim_ex.c **** 
 5701              		.loc 1 2645 19 discriminator 7 view .LVU1680
 5702 0026 C0B2     		uxtb	r0, r0
 5703 0028 7047     		bx	lr
 5704              		.cfi_endproc
 5705              	.LFE423:
 5707              		.text
 5708              	.Letext0:
 5709              		.file 2 "C:/Users/kerry/AppData/Roaming/Code/User/globalStorage/bmd.stm32-for-vscode/@xpack-dev-to
 5710              		.file 3 "C:/Users/kerry/AppData/Roaming/Code/User/globalStorage/bmd.stm32-for-vscode/@xpack-dev-to
 5711              		.file 4 "Drivers/CMSIS/Device/ST/STM32L4xx/Include/stm32l432xx.h"
 5712              		.file 5 "Drivers/CMSIS/Device/ST/STM32L4xx/Include/stm32l4xx.h"
 5713              		.file 6 "Drivers/STM32L4xx_HAL_Driver/Inc/stm32l4xx_hal_def.h"
 5714              		.file 7 "Drivers/STM32L4xx_HAL_Driver/Inc/stm32l4xx_hal_dma.h"
 5715              		.file 8 "Drivers/STM32L4xx_HAL_Driver/Inc/stm32l4xx_hal_tim.h"
 5716              		.file 9 "Drivers/STM32L4xx_HAL_Driver/Inc/stm32l4xx_hal_tim_ex.h"
 5717              		.file 10 "Drivers/STM32L4xx_HAL_Driver/Inc/stm32l4xx_ll_dma.h"
ARM GAS  C:\Users\kerry\AppData\Local\Temp\ccWnk0Ym.s 			page 179


DEFINED SYMBOLS
                            *ABS*:00000000 stm32l4xx_hal_tim_ex.c
C:\Users\kerry\AppData\Local\Temp\ccWnk0Ym.s:21     .text.TIM_CCxNChannelCmd:00000000 $t
C:\Users\kerry\AppData\Local\Temp\ccWnk0Ym.s:26     .text.TIM_CCxNChannelCmd:00000000 TIM_CCxNChannelCmd
C:\Users\kerry\AppData\Local\Temp\ccWnk0Ym.s:64     .text.TIM_DMAErrorCCxN:00000000 $t
C:\Users\kerry\AppData\Local\Temp\ccWnk0Ym.s:69     .text.TIM_DMAErrorCCxN:00000000 TIM_DMAErrorCCxN
C:\Users\kerry\AppData\Local\Temp\ccWnk0Ym.s:149    .text.TIM_DMADelayPulseNCplt:00000000 $t
C:\Users\kerry\AppData\Local\Temp\ccWnk0Ym.s:154    .text.TIM_DMADelayPulseNCplt:00000000 TIM_DMADelayPulseNCplt
C:\Users\kerry\AppData\Local\Temp\ccWnk0Ym.s:253    .text.HAL_TIMEx_HallSensor_MspInit:00000000 $t
C:\Users\kerry\AppData\Local\Temp\ccWnk0Ym.s:259    .text.HAL_TIMEx_HallSensor_MspInit:00000000 HAL_TIMEx_HallSensor_MspInit
C:\Users\kerry\AppData\Local\Temp\ccWnk0Ym.s:274    .text.HAL_TIMEx_HallSensor_Init:00000000 $t
C:\Users\kerry\AppData\Local\Temp\ccWnk0Ym.s:280    .text.HAL_TIMEx_HallSensor_Init:00000000 HAL_TIMEx_HallSensor_Init
C:\Users\kerry\AppData\Local\Temp\ccWnk0Ym.s:498    .text.HAL_TIMEx_HallSensor_MspDeInit:00000000 $t
C:\Users\kerry\AppData\Local\Temp\ccWnk0Ym.s:504    .text.HAL_TIMEx_HallSensor_MspDeInit:00000000 HAL_TIMEx_HallSensor_MspDeInit
C:\Users\kerry\AppData\Local\Temp\ccWnk0Ym.s:519    .text.HAL_TIMEx_HallSensor_DeInit:00000000 $t
C:\Users\kerry\AppData\Local\Temp\ccWnk0Ym.s:525    .text.HAL_TIMEx_HallSensor_DeInit:00000000 HAL_TIMEx_HallSensor_DeInit
C:\Users\kerry\AppData\Local\Temp\ccWnk0Ym.s:595    .text.HAL_TIMEx_HallSensor_Start:00000000 $t
C:\Users\kerry\AppData\Local\Temp\ccWnk0Ym.s:601    .text.HAL_TIMEx_HallSensor_Start:00000000 HAL_TIMEx_HallSensor_Start
C:\Users\kerry\AppData\Local\Temp\ccWnk0Ym.s:745    .text.HAL_TIMEx_HallSensor_Start:0000009c $d
C:\Users\kerry\AppData\Local\Temp\ccWnk0Ym.s:751    .text.HAL_TIMEx_HallSensor_Stop:00000000 $t
C:\Users\kerry\AppData\Local\Temp\ccWnk0Ym.s:757    .text.HAL_TIMEx_HallSensor_Stop:00000000 HAL_TIMEx_HallSensor_Stop
C:\Users\kerry\AppData\Local\Temp\ccWnk0Ym.s:816    .text.HAL_TIMEx_HallSensor_Start_IT:00000000 $t
C:\Users\kerry\AppData\Local\Temp\ccWnk0Ym.s:822    .text.HAL_TIMEx_HallSensor_Start_IT:00000000 HAL_TIMEx_HallSensor_Start_IT
C:\Users\kerry\AppData\Local\Temp\ccWnk0Ym.s:974    .text.HAL_TIMEx_HallSensor_Start_IT:000000a8 $d
C:\Users\kerry\AppData\Local\Temp\ccWnk0Ym.s:980    .text.HAL_TIMEx_HallSensor_Stop_IT:00000000 $t
C:\Users\kerry\AppData\Local\Temp\ccWnk0Ym.s:986    .text.HAL_TIMEx_HallSensor_Stop_IT:00000000 HAL_TIMEx_HallSensor_Stop_IT
C:\Users\kerry\AppData\Local\Temp\ccWnk0Ym.s:1050   .text.HAL_TIMEx_HallSensor_Start_DMA:00000000 $t
C:\Users\kerry\AppData\Local\Temp\ccWnk0Ym.s:1056   .text.HAL_TIMEx_HallSensor_Start_DMA:00000000 HAL_TIMEx_HallSensor_Start_DMA
C:\Users\kerry\AppData\Local\Temp\ccWnk0Ym.s:1238   .text.HAL_TIMEx_HallSensor_Start_DMA:000000bc $d
C:\Users\kerry\AppData\Local\Temp\ccWnk0Ym.s:1247   .text.HAL_TIMEx_HallSensor_Stop_DMA:00000000 $t
C:\Users\kerry\AppData\Local\Temp\ccWnk0Ym.s:1253   .text.HAL_TIMEx_HallSensor_Stop_DMA:00000000 HAL_TIMEx_HallSensor_Stop_DMA
C:\Users\kerry\AppData\Local\Temp\ccWnk0Ym.s:1318   .text.HAL_TIMEx_OCN_Start:00000000 $t
C:\Users\kerry\AppData\Local\Temp\ccWnk0Ym.s:1324   .text.HAL_TIMEx_OCN_Start:00000000 HAL_TIMEx_OCN_Start
C:\Users\kerry\AppData\Local\Temp\ccWnk0Ym.s:1495   .text.HAL_TIMEx_OCN_Start:000000cc $d
C:\Users\kerry\AppData\Local\Temp\ccWnk0Ym.s:1501   .text.HAL_TIMEx_OCN_Stop:00000000 $t
C:\Users\kerry\AppData\Local\Temp\ccWnk0Ym.s:1507   .text.HAL_TIMEx_OCN_Stop:00000000 HAL_TIMEx_OCN_Stop
C:\Users\kerry\AppData\Local\Temp\ccWnk0Ym.s:1604   .text.HAL_TIMEx_OCN_Start_IT:00000000 $t
C:\Users\kerry\AppData\Local\Temp\ccWnk0Ym.s:1610   .text.HAL_TIMEx_OCN_Start_IT:00000000 HAL_TIMEx_OCN_Start_IT
C:\Users\kerry\AppData\Local\Temp\ccWnk0Ym.s:1825   .text.HAL_TIMEx_OCN_Start_IT:00000104 $d
C:\Users\kerry\AppData\Local\Temp\ccWnk0Ym.s:1831   .text.HAL_TIMEx_OCN_Stop_IT:00000000 $t
C:\Users\kerry\AppData\Local\Temp\ccWnk0Ym.s:1837   .text.HAL_TIMEx_OCN_Stop_IT:00000000 HAL_TIMEx_OCN_Stop_IT
C:\Users\kerry\AppData\Local\Temp\ccWnk0Ym.s:2003   .text.HAL_TIMEx_OCN_Start_DMA:00000000 $t
C:\Users\kerry\AppData\Local\Temp\ccWnk0Ym.s:2009   .text.HAL_TIMEx_OCN_Start_DMA:00000000 HAL_TIMEx_OCN_Start_DMA
C:\Users\kerry\AppData\Local\Temp\ccWnk0Ym.s:2405   .text.HAL_TIMEx_OCN_Start_DMA:000001d8 $d
C:\Users\kerry\AppData\Local\Temp\ccWnk0Ym.s:2414   .text.HAL_TIMEx_OCN_Stop_DMA:00000000 $t
C:\Users\kerry\AppData\Local\Temp\ccWnk0Ym.s:2420   .text.HAL_TIMEx_OCN_Stop_DMA:00000000 HAL_TIMEx_OCN_Stop_DMA
C:\Users\kerry\AppData\Local\Temp\ccWnk0Ym.s:2584   .text.HAL_TIMEx_PWMN_Start:00000000 $t
C:\Users\kerry\AppData\Local\Temp\ccWnk0Ym.s:2590   .text.HAL_TIMEx_PWMN_Start:00000000 HAL_TIMEx_PWMN_Start
C:\Users\kerry\AppData\Local\Temp\ccWnk0Ym.s:2761   .text.HAL_TIMEx_PWMN_Start:000000cc $d
C:\Users\kerry\AppData\Local\Temp\ccWnk0Ym.s:2767   .text.HAL_TIMEx_PWMN_Stop:00000000 $t
C:\Users\kerry\AppData\Local\Temp\ccWnk0Ym.s:2773   .text.HAL_TIMEx_PWMN_Stop:00000000 HAL_TIMEx_PWMN_Stop
C:\Users\kerry\AppData\Local\Temp\ccWnk0Ym.s:2870   .text.HAL_TIMEx_PWMN_Start_IT:00000000 $t
C:\Users\kerry\AppData\Local\Temp\ccWnk0Ym.s:2876   .text.HAL_TIMEx_PWMN_Start_IT:00000000 HAL_TIMEx_PWMN_Start_IT
C:\Users\kerry\AppData\Local\Temp\ccWnk0Ym.s:3091   .text.HAL_TIMEx_PWMN_Start_IT:00000104 $d
C:\Users\kerry\AppData\Local\Temp\ccWnk0Ym.s:3097   .text.HAL_TIMEx_PWMN_Stop_IT:00000000 $t
C:\Users\kerry\AppData\Local\Temp\ccWnk0Ym.s:3103   .text.HAL_TIMEx_PWMN_Stop_IT:00000000 HAL_TIMEx_PWMN_Stop_IT
C:\Users\kerry\AppData\Local\Temp\ccWnk0Ym.s:3269   .text.HAL_TIMEx_PWMN_Start_DMA:00000000 $t
ARM GAS  C:\Users\kerry\AppData\Local\Temp\ccWnk0Ym.s 			page 180


C:\Users\kerry\AppData\Local\Temp\ccWnk0Ym.s:3275   .text.HAL_TIMEx_PWMN_Start_DMA:00000000 HAL_TIMEx_PWMN_Start_DMA
C:\Users\kerry\AppData\Local\Temp\ccWnk0Ym.s:3671   .text.HAL_TIMEx_PWMN_Start_DMA:000001d8 $d
C:\Users\kerry\AppData\Local\Temp\ccWnk0Ym.s:3680   .text.HAL_TIMEx_PWMN_Stop_DMA:00000000 $t
C:\Users\kerry\AppData\Local\Temp\ccWnk0Ym.s:3686   .text.HAL_TIMEx_PWMN_Stop_DMA:00000000 HAL_TIMEx_PWMN_Stop_DMA
C:\Users\kerry\AppData\Local\Temp\ccWnk0Ym.s:3850   .text.HAL_TIMEx_OnePulseN_Start:00000000 $t
C:\Users\kerry\AppData\Local\Temp\ccWnk0Ym.s:3856   .text.HAL_TIMEx_OnePulseN_Start:00000000 HAL_TIMEx_OnePulseN_Start
C:\Users\kerry\AppData\Local\Temp\ccWnk0Ym.s:3983   .text.HAL_TIMEx_OnePulseN_Stop:00000000 $t
C:\Users\kerry\AppData\Local\Temp\ccWnk0Ym.s:3989   .text.HAL_TIMEx_OnePulseN_Stop:00000000 HAL_TIMEx_OnePulseN_Stop
C:\Users\kerry\AppData\Local\Temp\ccWnk0Ym.s:4085   .text.HAL_TIMEx_OnePulseN_Start_IT:00000000 $t
C:\Users\kerry\AppData\Local\Temp\ccWnk0Ym.s:4091   .text.HAL_TIMEx_OnePulseN_Start_IT:00000000 HAL_TIMEx_OnePulseN_Start_IT
C:\Users\kerry\AppData\Local\Temp\ccWnk0Ym.s:4228   .text.HAL_TIMEx_OnePulseN_Stop_IT:00000000 $t
C:\Users\kerry\AppData\Local\Temp\ccWnk0Ym.s:4234   .text.HAL_TIMEx_OnePulseN_Stop_IT:00000000 HAL_TIMEx_OnePulseN_Stop_IT
C:\Users\kerry\AppData\Local\Temp\ccWnk0Ym.s:4340   .text.HAL_TIMEx_ConfigCommutEvent:00000000 $t
C:\Users\kerry\AppData\Local\Temp\ccWnk0Ym.s:4346   .text.HAL_TIMEx_ConfigCommutEvent:00000000 HAL_TIMEx_ConfigCommutEvent
C:\Users\kerry\AppData\Local\Temp\ccWnk0Ym.s:4470   .text.HAL_TIMEx_ConfigCommutEvent_IT:00000000 $t
C:\Users\kerry\AppData\Local\Temp\ccWnk0Ym.s:4476   .text.HAL_TIMEx_ConfigCommutEvent_IT:00000000 HAL_TIMEx_ConfigCommutEvent_IT
C:\Users\kerry\AppData\Local\Temp\ccWnk0Ym.s:4600   .text.HAL_TIMEx_ConfigCommutEvent_DMA:00000000 $t
C:\Users\kerry\AppData\Local\Temp\ccWnk0Ym.s:4606   .text.HAL_TIMEx_ConfigCommutEvent_DMA:00000000 HAL_TIMEx_ConfigCommutEvent_DMA
C:\Users\kerry\AppData\Local\Temp\ccWnk0Ym.s:4747   .text.HAL_TIMEx_ConfigCommutEvent_DMA:00000088 $d
C:\Users\kerry\AppData\Local\Temp\ccWnk0Ym.s:5493   .text.TIMEx_DMACommutationCplt:00000000 TIMEx_DMACommutationCplt
C:\Users\kerry\AppData\Local\Temp\ccWnk0Ym.s:5550   .text.TIMEx_DMACommutationHalfCplt:00000000 TIMEx_DMACommutationHalfCplt
C:\Users\kerry\AppData\Local\Temp\ccWnk0Ym.s:4754   .text.HAL_TIMEx_MasterConfigSynchronization:00000000 $t
C:\Users\kerry\AppData\Local\Temp\ccWnk0Ym.s:4760   .text.HAL_TIMEx_MasterConfigSynchronization:00000000 HAL_TIMEx_MasterConfigSynchronization
C:\Users\kerry\AppData\Local\Temp\ccWnk0Ym.s:4906   .text.HAL_TIMEx_MasterConfigSynchronization:0000006c $d
C:\Users\kerry\AppData\Local\Temp\ccWnk0Ym.s:4911   .text.HAL_TIMEx_ConfigBreakDeadTime:00000000 $t
C:\Users\kerry\AppData\Local\Temp\ccWnk0Ym.s:4917   .text.HAL_TIMEx_ConfigBreakDeadTime:00000000 HAL_TIMEx_ConfigBreakDeadTime
C:\Users\kerry\AppData\Local\Temp\ccWnk0Ym.s:5086   .text.HAL_TIMEx_ConfigBreakDeadTime:00000084 $d
C:\Users\kerry\AppData\Local\Temp\ccWnk0Ym.s:5091   .text.HAL_TIMEx_ConfigBreakInput:00000000 $t
C:\Users\kerry\AppData\Local\Temp\ccWnk0Ym.s:5097   .text.HAL_TIMEx_ConfigBreakInput:00000000 HAL_TIMEx_ConfigBreakInput
C:\Users\kerry\AppData\Local\Temp\ccWnk0Ym.s:5293   .text.HAL_TIMEx_RemapConfig:00000000 $t
C:\Users\kerry\AppData\Local\Temp\ccWnk0Ym.s:5299   .text.HAL_TIMEx_RemapConfig:00000000 HAL_TIMEx_RemapConfig
C:\Users\kerry\AppData\Local\Temp\ccWnk0Ym.s:5382   .text.HAL_TIMEx_RemapConfig:00000044 $d
C:\Users\kerry\AppData\Local\Temp\ccWnk0Ym.s:5387   .text.HAL_TIMEx_GroupChannel5:00000000 $t
C:\Users\kerry\AppData\Local\Temp\ccWnk0Ym.s:5393   .text.HAL_TIMEx_GroupChannel5:00000000 HAL_TIMEx_GroupChannel5
C:\Users\kerry\AppData\Local\Temp\ccWnk0Ym.s:5466   .text.HAL_TIMEx_CommutCallback:00000000 $t
C:\Users\kerry\AppData\Local\Temp\ccWnk0Ym.s:5472   .text.HAL_TIMEx_CommutCallback:00000000 HAL_TIMEx_CommutCallback
C:\Users\kerry\AppData\Local\Temp\ccWnk0Ym.s:5487   .text.TIMEx_DMACommutationCplt:00000000 $t
C:\Users\kerry\AppData\Local\Temp\ccWnk0Ym.s:5523   .text.HAL_TIMEx_CommutHalfCpltCallback:00000000 $t
C:\Users\kerry\AppData\Local\Temp\ccWnk0Ym.s:5529   .text.HAL_TIMEx_CommutHalfCpltCallback:00000000 HAL_TIMEx_CommutHalfCpltCallback
C:\Users\kerry\AppData\Local\Temp\ccWnk0Ym.s:5544   .text.TIMEx_DMACommutationHalfCplt:00000000 $t
C:\Users\kerry\AppData\Local\Temp\ccWnk0Ym.s:5580   .text.HAL_TIMEx_BreakCallback:00000000 $t
C:\Users\kerry\AppData\Local\Temp\ccWnk0Ym.s:5586   .text.HAL_TIMEx_BreakCallback:00000000 HAL_TIMEx_BreakCallback
C:\Users\kerry\AppData\Local\Temp\ccWnk0Ym.s:5601   .text.HAL_TIMEx_Break2Callback:00000000 $t
C:\Users\kerry\AppData\Local\Temp\ccWnk0Ym.s:5607   .text.HAL_TIMEx_Break2Callback:00000000 HAL_TIMEx_Break2Callback
C:\Users\kerry\AppData\Local\Temp\ccWnk0Ym.s:5622   .text.HAL_TIMEx_HallSensor_GetState:00000000 $t
C:\Users\kerry\AppData\Local\Temp\ccWnk0Ym.s:5628   .text.HAL_TIMEx_HallSensor_GetState:00000000 HAL_TIMEx_HallSensor_GetState
C:\Users\kerry\AppData\Local\Temp\ccWnk0Ym.s:5646   .text.HAL_TIMEx_GetChannelNState:00000000 $t
C:\Users\kerry\AppData\Local\Temp\ccWnk0Ym.s:5652   .text.HAL_TIMEx_GetChannelNState:00000000 HAL_TIMEx_GetChannelNState

UNDEFINED SYMBOLS
HAL_TIM_ErrorCallback
HAL_TIM_PWM_PulseFinishedCallback
TIM_Base_SetConfig
TIM_TI1_SetConfig
TIM_OC2_SetConfig
TIM_CCxChannelCmd
HAL_DMA_Start_IT
ARM GAS  C:\Users\kerry\AppData\Local\Temp\ccWnk0Ym.s 			page 181


TIM_DMACaptureCplt
TIM_DMACaptureHalfCplt
TIM_DMAError
HAL_DMA_Abort_IT
TIM_DMADelayPulseHalfCplt
