ARM GAS  C:\Users\adisa\AppData\Local\Temp\ccmroX4q.s 			page 1


   1              		.cpu cortex-m4
   2              		.arch armv7e-m
   3              		.fpu fpv4-sp-d16
   4              		.eabi_attribute 27, 1
   5              		.eabi_attribute 28, 1
   6              		.eabi_attribute 20, 1
   7              		.eabi_attribute 21, 1
   8              		.eabi_attribute 23, 3
   9              		.eabi_attribute 24, 1
  10              		.eabi_attribute 25, 1
  11              		.eabi_attribute 26, 1
  12              		.eabi_attribute 30, 1
  13              		.eabi_attribute 34, 1
  14              		.eabi_attribute 18, 4
  15              		.file	"stm32l4xx_hal_rcc_ex.c"
  16              		.text
  17              	.Ltext0:
  18              		.cfi_sections	.debug_frame
  19              		.file 1 "Drivers/STM32L4xx_HAL_Driver/Src/stm32l4xx_hal_rcc_ex.c"
  20              		.section	.text.RCCEx_GetSAIxPeriphCLKFreq,"ax",%progbits
  21              		.align	1
  22              		.syntax unified
  23              		.thumb
  24              		.thumb_func
  26              	RCCEx_GetSAIxPeriphCLKFreq:
  27              	.LVL0:
  28              	.LFB410:
   1:Drivers/STM32L4xx_HAL_Driver/Src/stm32l4xx_hal_rcc_ex.c **** /**
   2:Drivers/STM32L4xx_HAL_Driver/Src/stm32l4xx_hal_rcc_ex.c ****   ******************************************************************************
   3:Drivers/STM32L4xx_HAL_Driver/Src/stm32l4xx_hal_rcc_ex.c ****   * @file    stm32l4xx_hal_rcc_ex.c
   4:Drivers/STM32L4xx_HAL_Driver/Src/stm32l4xx_hal_rcc_ex.c ****   * @author  MCD Application Team
   5:Drivers/STM32L4xx_HAL_Driver/Src/stm32l4xx_hal_rcc_ex.c ****   * @brief   Extended RCC HAL module driver.
   6:Drivers/STM32L4xx_HAL_Driver/Src/stm32l4xx_hal_rcc_ex.c ****   *          This file provides firmware functions to manage the following
   7:Drivers/STM32L4xx_HAL_Driver/Src/stm32l4xx_hal_rcc_ex.c ****   *          functionalities RCC extended peripheral:
   8:Drivers/STM32L4xx_HAL_Driver/Src/stm32l4xx_hal_rcc_ex.c ****   *           + Extended Peripheral Control functions
   9:Drivers/STM32L4xx_HAL_Driver/Src/stm32l4xx_hal_rcc_ex.c ****   *           + Extended Clock management functions
  10:Drivers/STM32L4xx_HAL_Driver/Src/stm32l4xx_hal_rcc_ex.c ****   *           + Extended Clock Recovery System Control functions
  11:Drivers/STM32L4xx_HAL_Driver/Src/stm32l4xx_hal_rcc_ex.c ****   *
  12:Drivers/STM32L4xx_HAL_Driver/Src/stm32l4xx_hal_rcc_ex.c ****   ******************************************************************************
  13:Drivers/STM32L4xx_HAL_Driver/Src/stm32l4xx_hal_rcc_ex.c ****   * @attention
  14:Drivers/STM32L4xx_HAL_Driver/Src/stm32l4xx_hal_rcc_ex.c ****   *
  15:Drivers/STM32L4xx_HAL_Driver/Src/stm32l4xx_hal_rcc_ex.c ****   * Copyright (c) 2017 STMicroelectronics.
  16:Drivers/STM32L4xx_HAL_Driver/Src/stm32l4xx_hal_rcc_ex.c ****   * All rights reserved.
  17:Drivers/STM32L4xx_HAL_Driver/Src/stm32l4xx_hal_rcc_ex.c ****   *
  18:Drivers/STM32L4xx_HAL_Driver/Src/stm32l4xx_hal_rcc_ex.c ****   * This software is licensed under terms that can be found in the LICENSE file in
  19:Drivers/STM32L4xx_HAL_Driver/Src/stm32l4xx_hal_rcc_ex.c ****   * the root directory of this software component.
  20:Drivers/STM32L4xx_HAL_Driver/Src/stm32l4xx_hal_rcc_ex.c ****   * If no LICENSE file comes with this software, it is provided AS-IS.
  21:Drivers/STM32L4xx_HAL_Driver/Src/stm32l4xx_hal_rcc_ex.c ****   ******************************************************************************
  22:Drivers/STM32L4xx_HAL_Driver/Src/stm32l4xx_hal_rcc_ex.c ****   */
  23:Drivers/STM32L4xx_HAL_Driver/Src/stm32l4xx_hal_rcc_ex.c **** 
  24:Drivers/STM32L4xx_HAL_Driver/Src/stm32l4xx_hal_rcc_ex.c **** /* Includes ------------------------------------------------------------------*/
  25:Drivers/STM32L4xx_HAL_Driver/Src/stm32l4xx_hal_rcc_ex.c **** #include "stm32l4xx_hal.h"
  26:Drivers/STM32L4xx_HAL_Driver/Src/stm32l4xx_hal_rcc_ex.c **** 
  27:Drivers/STM32L4xx_HAL_Driver/Src/stm32l4xx_hal_rcc_ex.c **** /** @addtogroup STM32L4xx_HAL_Driver
  28:Drivers/STM32L4xx_HAL_Driver/Src/stm32l4xx_hal_rcc_ex.c ****   * @{
  29:Drivers/STM32L4xx_HAL_Driver/Src/stm32l4xx_hal_rcc_ex.c ****   */
  30:Drivers/STM32L4xx_HAL_Driver/Src/stm32l4xx_hal_rcc_ex.c **** 
ARM GAS  C:\Users\adisa\AppData\Local\Temp\ccmroX4q.s 			page 2


  31:Drivers/STM32L4xx_HAL_Driver/Src/stm32l4xx_hal_rcc_ex.c **** /** @defgroup RCCEx RCCEx
  32:Drivers/STM32L4xx_HAL_Driver/Src/stm32l4xx_hal_rcc_ex.c ****   * @brief RCC Extended HAL module driver
  33:Drivers/STM32L4xx_HAL_Driver/Src/stm32l4xx_hal_rcc_ex.c ****   * @{
  34:Drivers/STM32L4xx_HAL_Driver/Src/stm32l4xx_hal_rcc_ex.c ****   */
  35:Drivers/STM32L4xx_HAL_Driver/Src/stm32l4xx_hal_rcc_ex.c **** 
  36:Drivers/STM32L4xx_HAL_Driver/Src/stm32l4xx_hal_rcc_ex.c **** #ifdef HAL_RCC_MODULE_ENABLED
  37:Drivers/STM32L4xx_HAL_Driver/Src/stm32l4xx_hal_rcc_ex.c **** 
  38:Drivers/STM32L4xx_HAL_Driver/Src/stm32l4xx_hal_rcc_ex.c **** /* Private typedef -----------------------------------------------------------*/
  39:Drivers/STM32L4xx_HAL_Driver/Src/stm32l4xx_hal_rcc_ex.c **** /* Private defines -----------------------------------------------------------*/
  40:Drivers/STM32L4xx_HAL_Driver/Src/stm32l4xx_hal_rcc_ex.c **** /** @defgroup RCCEx_Private_Constants RCCEx Private Constants
  41:Drivers/STM32L4xx_HAL_Driver/Src/stm32l4xx_hal_rcc_ex.c ****  * @{
  42:Drivers/STM32L4xx_HAL_Driver/Src/stm32l4xx_hal_rcc_ex.c ****  */
  43:Drivers/STM32L4xx_HAL_Driver/Src/stm32l4xx_hal_rcc_ex.c **** #define PLLSAI1_TIMEOUT_VALUE     2U    /* 2 ms (minimum Tick + 1) */
  44:Drivers/STM32L4xx_HAL_Driver/Src/stm32l4xx_hal_rcc_ex.c **** #define PLLSAI2_TIMEOUT_VALUE     2U    /* 2 ms (minimum Tick + 1) */
  45:Drivers/STM32L4xx_HAL_Driver/Src/stm32l4xx_hal_rcc_ex.c **** #define PLL_TIMEOUT_VALUE         2U    /* 2 ms (minimum Tick + 1) */
  46:Drivers/STM32L4xx_HAL_Driver/Src/stm32l4xx_hal_rcc_ex.c **** 
  47:Drivers/STM32L4xx_HAL_Driver/Src/stm32l4xx_hal_rcc_ex.c **** #define DIVIDER_P_UPDATE          0U
  48:Drivers/STM32L4xx_HAL_Driver/Src/stm32l4xx_hal_rcc_ex.c **** #define DIVIDER_Q_UPDATE          1U
  49:Drivers/STM32L4xx_HAL_Driver/Src/stm32l4xx_hal_rcc_ex.c **** #define DIVIDER_R_UPDATE          2U
  50:Drivers/STM32L4xx_HAL_Driver/Src/stm32l4xx_hal_rcc_ex.c **** 
  51:Drivers/STM32L4xx_HAL_Driver/Src/stm32l4xx_hal_rcc_ex.c **** #define __LSCO_CLK_ENABLE()       __HAL_RCC_GPIOA_CLK_ENABLE()
  52:Drivers/STM32L4xx_HAL_Driver/Src/stm32l4xx_hal_rcc_ex.c **** #define LSCO_GPIO_PORT            GPIOA
  53:Drivers/STM32L4xx_HAL_Driver/Src/stm32l4xx_hal_rcc_ex.c **** #define LSCO_PIN                  GPIO_PIN_2
  54:Drivers/STM32L4xx_HAL_Driver/Src/stm32l4xx_hal_rcc_ex.c **** /**
  55:Drivers/STM32L4xx_HAL_Driver/Src/stm32l4xx_hal_rcc_ex.c ****   * @}
  56:Drivers/STM32L4xx_HAL_Driver/Src/stm32l4xx_hal_rcc_ex.c ****   */
  57:Drivers/STM32L4xx_HAL_Driver/Src/stm32l4xx_hal_rcc_ex.c **** 
  58:Drivers/STM32L4xx_HAL_Driver/Src/stm32l4xx_hal_rcc_ex.c **** /* Private macros ------------------------------------------------------------*/
  59:Drivers/STM32L4xx_HAL_Driver/Src/stm32l4xx_hal_rcc_ex.c **** /* Private variables ---------------------------------------------------------*/
  60:Drivers/STM32L4xx_HAL_Driver/Src/stm32l4xx_hal_rcc_ex.c **** /* Private function prototypes -----------------------------------------------*/
  61:Drivers/STM32L4xx_HAL_Driver/Src/stm32l4xx_hal_rcc_ex.c **** /** @defgroup RCCEx_Private_Functions RCCEx Private Functions
  62:Drivers/STM32L4xx_HAL_Driver/Src/stm32l4xx_hal_rcc_ex.c ****  * @{
  63:Drivers/STM32L4xx_HAL_Driver/Src/stm32l4xx_hal_rcc_ex.c ****  */
  64:Drivers/STM32L4xx_HAL_Driver/Src/stm32l4xx_hal_rcc_ex.c **** #if defined(RCC_PLLSAI1_SUPPORT)
  65:Drivers/STM32L4xx_HAL_Driver/Src/stm32l4xx_hal_rcc_ex.c **** 
  66:Drivers/STM32L4xx_HAL_Driver/Src/stm32l4xx_hal_rcc_ex.c **** static HAL_StatusTypeDef RCCEx_PLLSAI1_Config(RCC_PLLSAI1InitTypeDef *PllSai1, uint32_t Divider);
  67:Drivers/STM32L4xx_HAL_Driver/Src/stm32l4xx_hal_rcc_ex.c **** 
  68:Drivers/STM32L4xx_HAL_Driver/Src/stm32l4xx_hal_rcc_ex.c **** #endif /* RCC_PLLSAI1_SUPPORT */
  69:Drivers/STM32L4xx_HAL_Driver/Src/stm32l4xx_hal_rcc_ex.c **** 
  70:Drivers/STM32L4xx_HAL_Driver/Src/stm32l4xx_hal_rcc_ex.c **** #if defined(RCC_PLLSAI2_SUPPORT)
  71:Drivers/STM32L4xx_HAL_Driver/Src/stm32l4xx_hal_rcc_ex.c **** 
  72:Drivers/STM32L4xx_HAL_Driver/Src/stm32l4xx_hal_rcc_ex.c **** static HAL_StatusTypeDef RCCEx_PLLSAI2_Config(RCC_PLLSAI2InitTypeDef *PllSai2, uint32_t Divider);
  73:Drivers/STM32L4xx_HAL_Driver/Src/stm32l4xx_hal_rcc_ex.c **** 
  74:Drivers/STM32L4xx_HAL_Driver/Src/stm32l4xx_hal_rcc_ex.c **** #endif /* RCC_PLLSAI2_SUPPORT */
  75:Drivers/STM32L4xx_HAL_Driver/Src/stm32l4xx_hal_rcc_ex.c **** 
  76:Drivers/STM32L4xx_HAL_Driver/Src/stm32l4xx_hal_rcc_ex.c **** #if defined(SAI1)
  77:Drivers/STM32L4xx_HAL_Driver/Src/stm32l4xx_hal_rcc_ex.c **** 
  78:Drivers/STM32L4xx_HAL_Driver/Src/stm32l4xx_hal_rcc_ex.c **** static uint32_t RCCEx_GetSAIxPeriphCLKFreq(uint32_t PeriphClk, uint32_t InputFrequency);
  79:Drivers/STM32L4xx_HAL_Driver/Src/stm32l4xx_hal_rcc_ex.c **** 
  80:Drivers/STM32L4xx_HAL_Driver/Src/stm32l4xx_hal_rcc_ex.c **** #endif /* SAI1 */
  81:Drivers/STM32L4xx_HAL_Driver/Src/stm32l4xx_hal_rcc_ex.c **** /**
  82:Drivers/STM32L4xx_HAL_Driver/Src/stm32l4xx_hal_rcc_ex.c ****   * @}
  83:Drivers/STM32L4xx_HAL_Driver/Src/stm32l4xx_hal_rcc_ex.c ****   */
  84:Drivers/STM32L4xx_HAL_Driver/Src/stm32l4xx_hal_rcc_ex.c **** 
  85:Drivers/STM32L4xx_HAL_Driver/Src/stm32l4xx_hal_rcc_ex.c **** /* Exported functions --------------------------------------------------------*/
  86:Drivers/STM32L4xx_HAL_Driver/Src/stm32l4xx_hal_rcc_ex.c **** 
  87:Drivers/STM32L4xx_HAL_Driver/Src/stm32l4xx_hal_rcc_ex.c **** /** @defgroup RCCEx_Exported_Functions RCCEx Exported Functions
ARM GAS  C:\Users\adisa\AppData\Local\Temp\ccmroX4q.s 			page 3


  88:Drivers/STM32L4xx_HAL_Driver/Src/stm32l4xx_hal_rcc_ex.c ****   * @{
  89:Drivers/STM32L4xx_HAL_Driver/Src/stm32l4xx_hal_rcc_ex.c ****   */
  90:Drivers/STM32L4xx_HAL_Driver/Src/stm32l4xx_hal_rcc_ex.c **** 
  91:Drivers/STM32L4xx_HAL_Driver/Src/stm32l4xx_hal_rcc_ex.c **** /** @defgroup RCCEx_Exported_Functions_Group1 Extended Peripheral Control functions
  92:Drivers/STM32L4xx_HAL_Driver/Src/stm32l4xx_hal_rcc_ex.c ****  *  @brief  Extended Peripheral Control functions
  93:Drivers/STM32L4xx_HAL_Driver/Src/stm32l4xx_hal_rcc_ex.c ****  *
  94:Drivers/STM32L4xx_HAL_Driver/Src/stm32l4xx_hal_rcc_ex.c **** @verbatim
  95:Drivers/STM32L4xx_HAL_Driver/Src/stm32l4xx_hal_rcc_ex.c ****  ===============================================================================
  96:Drivers/STM32L4xx_HAL_Driver/Src/stm32l4xx_hal_rcc_ex.c ****                 ##### Extended Peripheral Control functions  #####
  97:Drivers/STM32L4xx_HAL_Driver/Src/stm32l4xx_hal_rcc_ex.c ****  ===============================================================================
  98:Drivers/STM32L4xx_HAL_Driver/Src/stm32l4xx_hal_rcc_ex.c ****     [..]
  99:Drivers/STM32L4xx_HAL_Driver/Src/stm32l4xx_hal_rcc_ex.c ****     This subsection provides a set of functions allowing to control the RCC Clocks
 100:Drivers/STM32L4xx_HAL_Driver/Src/stm32l4xx_hal_rcc_ex.c ****     frequencies.
 101:Drivers/STM32L4xx_HAL_Driver/Src/stm32l4xx_hal_rcc_ex.c ****     [..]
 102:Drivers/STM32L4xx_HAL_Driver/Src/stm32l4xx_hal_rcc_ex.c ****     (@) Important note: Care must be taken when HAL_RCCEx_PeriphCLKConfig() is used to
 103:Drivers/STM32L4xx_HAL_Driver/Src/stm32l4xx_hal_rcc_ex.c ****         select the RTC clock source; in this case the Backup domain will be reset in
 104:Drivers/STM32L4xx_HAL_Driver/Src/stm32l4xx_hal_rcc_ex.c ****         order to modify the RTC Clock source, as consequence RTC registers (including
 105:Drivers/STM32L4xx_HAL_Driver/Src/stm32l4xx_hal_rcc_ex.c ****         the backup registers) are set to their reset values.
 106:Drivers/STM32L4xx_HAL_Driver/Src/stm32l4xx_hal_rcc_ex.c **** 
 107:Drivers/STM32L4xx_HAL_Driver/Src/stm32l4xx_hal_rcc_ex.c **** @endverbatim
 108:Drivers/STM32L4xx_HAL_Driver/Src/stm32l4xx_hal_rcc_ex.c ****   * @{
 109:Drivers/STM32L4xx_HAL_Driver/Src/stm32l4xx_hal_rcc_ex.c ****   */
 110:Drivers/STM32L4xx_HAL_Driver/Src/stm32l4xx_hal_rcc_ex.c **** /**
 111:Drivers/STM32L4xx_HAL_Driver/Src/stm32l4xx_hal_rcc_ex.c ****   * @brief  Initialize the RCC extended peripherals clocks according to the specified
 112:Drivers/STM32L4xx_HAL_Driver/Src/stm32l4xx_hal_rcc_ex.c ****   *         parameters in the RCC_PeriphCLKInitTypeDef.
 113:Drivers/STM32L4xx_HAL_Driver/Src/stm32l4xx_hal_rcc_ex.c ****   * @param  PeriphClkInit  pointer to an RCC_PeriphCLKInitTypeDef structure that
 114:Drivers/STM32L4xx_HAL_Driver/Src/stm32l4xx_hal_rcc_ex.c ****   *         contains a field PeriphClockSelection which can be a combination of the following value
 115:Drivers/STM32L4xx_HAL_Driver/Src/stm32l4xx_hal_rcc_ex.c ****   *            @arg @ref RCC_PERIPHCLK_RTC  RTC peripheral clock
 116:Drivers/STM32L4xx_HAL_Driver/Src/stm32l4xx_hal_rcc_ex.c ****   *            @arg @ref RCC_PERIPHCLK_ADC  ADC peripheral clock
 117:Drivers/STM32L4xx_HAL_Driver/Src/stm32l4xx_hal_rcc_ex.c ****   @if STM32L462xx
 118:Drivers/STM32L4xx_HAL_Driver/Src/stm32l4xx_hal_rcc_ex.c ****   *            @arg @ref RCC_PERIPHCLK_DFSDM1  DFSDM1 peripheral clock (only for devices with DFSDM
 119:Drivers/STM32L4xx_HAL_Driver/Src/stm32l4xx_hal_rcc_ex.c ****   @endif
 120:Drivers/STM32L4xx_HAL_Driver/Src/stm32l4xx_hal_rcc_ex.c ****   @if STM32L486xx
 121:Drivers/STM32L4xx_HAL_Driver/Src/stm32l4xx_hal_rcc_ex.c ****   *            @arg @ref RCC_PERIPHCLK_DFSDM1  DFSDM1 peripheral clock (only for devices with DFSDM
 122:Drivers/STM32L4xx_HAL_Driver/Src/stm32l4xx_hal_rcc_ex.c ****   @endif
 123:Drivers/STM32L4xx_HAL_Driver/Src/stm32l4xx_hal_rcc_ex.c ****   @if STM32L4A6xx
 124:Drivers/STM32L4xx_HAL_Driver/Src/stm32l4xx_hal_rcc_ex.c ****   *            @arg @ref RCC_PERIPHCLK_DFSDM1  DFSDM1 peripheral clock (only for devices with DFSDM
 125:Drivers/STM32L4xx_HAL_Driver/Src/stm32l4xx_hal_rcc_ex.c ****   @endif
 126:Drivers/STM32L4xx_HAL_Driver/Src/stm32l4xx_hal_rcc_ex.c ****   *            @arg @ref RCC_PERIPHCLK_I2C1  I2C1 peripheral clock
 127:Drivers/STM32L4xx_HAL_Driver/Src/stm32l4xx_hal_rcc_ex.c ****   *            @arg @ref RCC_PERIPHCLK_I2C2  I2C2 peripheral clock
 128:Drivers/STM32L4xx_HAL_Driver/Src/stm32l4xx_hal_rcc_ex.c ****   *            @arg @ref RCC_PERIPHCLK_I2C3  I2C3 peripheral clock
 129:Drivers/STM32L4xx_HAL_Driver/Src/stm32l4xx_hal_rcc_ex.c ****   @if STM32L462xx
 130:Drivers/STM32L4xx_HAL_Driver/Src/stm32l4xx_hal_rcc_ex.c ****   *            @arg @ref RCC_PERIPHCLK_I2C4  I2C4 peripheral clock (only for devices with I2C4)
 131:Drivers/STM32L4xx_HAL_Driver/Src/stm32l4xx_hal_rcc_ex.c ****   @endif
 132:Drivers/STM32L4xx_HAL_Driver/Src/stm32l4xx_hal_rcc_ex.c ****   @if STM32L4A6xx
 133:Drivers/STM32L4xx_HAL_Driver/Src/stm32l4xx_hal_rcc_ex.c ****   *            @arg @ref RCC_PERIPHCLK_I2C4  I2C4 peripheral clock (only for devices with I2C4)
 134:Drivers/STM32L4xx_HAL_Driver/Src/stm32l4xx_hal_rcc_ex.c ****   @endif
 135:Drivers/STM32L4xx_HAL_Driver/Src/stm32l4xx_hal_rcc_ex.c ****   @if STM32L4S9xx
 136:Drivers/STM32L4xx_HAL_Driver/Src/stm32l4xx_hal_rcc_ex.c ****   *            @arg @ref RCC_PERIPHCLK_I2C4  I2C4 peripheral clock (only for devices with I2C4)
 137:Drivers/STM32L4xx_HAL_Driver/Src/stm32l4xx_hal_rcc_ex.c ****   @endif
 138:Drivers/STM32L4xx_HAL_Driver/Src/stm32l4xx_hal_rcc_ex.c ****   *            @arg @ref RCC_PERIPHCLK_LPTIM1  LPTIM1 peripheral clock
 139:Drivers/STM32L4xx_HAL_Driver/Src/stm32l4xx_hal_rcc_ex.c ****   *            @arg @ref RCC_PERIPHCLK_LPTIM2  LPTIM2 peripheral clock
 140:Drivers/STM32L4xx_HAL_Driver/Src/stm32l4xx_hal_rcc_ex.c ****   *            @arg @ref RCC_PERIPHCLK_LPUART1  LPUART1 peripheral clock
 141:Drivers/STM32L4xx_HAL_Driver/Src/stm32l4xx_hal_rcc_ex.c ****   *            @arg @ref RCC_PERIPHCLK_RNG  RNG peripheral clock
 142:Drivers/STM32L4xx_HAL_Driver/Src/stm32l4xx_hal_rcc_ex.c ****   *            @arg @ref RCC_PERIPHCLK_SAI1  SAI1 peripheral clock (only for devices with SAI1)
 143:Drivers/STM32L4xx_HAL_Driver/Src/stm32l4xx_hal_rcc_ex.c ****   @if STM32L486xx
 144:Drivers/STM32L4xx_HAL_Driver/Src/stm32l4xx_hal_rcc_ex.c ****   *            @arg @ref RCC_PERIPHCLK_SAI2  SAI2 peripheral clock (only for devices with SAI2)
ARM GAS  C:\Users\adisa\AppData\Local\Temp\ccmroX4q.s 			page 4


 145:Drivers/STM32L4xx_HAL_Driver/Src/stm32l4xx_hal_rcc_ex.c ****   @endif
 146:Drivers/STM32L4xx_HAL_Driver/Src/stm32l4xx_hal_rcc_ex.c ****   @if STM32L4A6xx
 147:Drivers/STM32L4xx_HAL_Driver/Src/stm32l4xx_hal_rcc_ex.c ****   *            @arg @ref RCC_PERIPHCLK_SAI2  SAI2 peripheral clock (only for devices with SAI2)
 148:Drivers/STM32L4xx_HAL_Driver/Src/stm32l4xx_hal_rcc_ex.c ****   @endif
 149:Drivers/STM32L4xx_HAL_Driver/Src/stm32l4xx_hal_rcc_ex.c ****   @if STM32L4S9xx
 150:Drivers/STM32L4xx_HAL_Driver/Src/stm32l4xx_hal_rcc_ex.c ****   *            @arg @ref RCC_PERIPHCLK_SAI2  SAI2 peripheral clock (only for devices with SAI2)
 151:Drivers/STM32L4xx_HAL_Driver/Src/stm32l4xx_hal_rcc_ex.c ****   @endif
 152:Drivers/STM32L4xx_HAL_Driver/Src/stm32l4xx_hal_rcc_ex.c ****   *            @arg @ref RCC_PERIPHCLK_SDMMC1  SDMMC1 peripheral clock
 153:Drivers/STM32L4xx_HAL_Driver/Src/stm32l4xx_hal_rcc_ex.c ****   @if STM32L443xx
 154:Drivers/STM32L4xx_HAL_Driver/Src/stm32l4xx_hal_rcc_ex.c ****   *            @arg @ref RCC_PERIPHCLK_SWPMI1  SWPMI1 peripheral clock (only for devices with SWPMI
 155:Drivers/STM32L4xx_HAL_Driver/Src/stm32l4xx_hal_rcc_ex.c ****   @endif
 156:Drivers/STM32L4xx_HAL_Driver/Src/stm32l4xx_hal_rcc_ex.c ****   @if STM32L486xx
 157:Drivers/STM32L4xx_HAL_Driver/Src/stm32l4xx_hal_rcc_ex.c ****   *            @arg @ref RCC_PERIPHCLK_SWPMI1  SWPMI1 peripheral clock (only for devices with SWPMI
 158:Drivers/STM32L4xx_HAL_Driver/Src/stm32l4xx_hal_rcc_ex.c ****   @endif
 159:Drivers/STM32L4xx_HAL_Driver/Src/stm32l4xx_hal_rcc_ex.c ****   @if STM32L4A6xx
 160:Drivers/STM32L4xx_HAL_Driver/Src/stm32l4xx_hal_rcc_ex.c ****   *            @arg @ref RCC_PERIPHCLK_SWPMI1  SWPMI1 peripheral clock (only for devices with SWPMI
 161:Drivers/STM32L4xx_HAL_Driver/Src/stm32l4xx_hal_rcc_ex.c ****   @endif
 162:Drivers/STM32L4xx_HAL_Driver/Src/stm32l4xx_hal_rcc_ex.c ****   *            @arg @ref RCC_PERIPHCLK_USART1  USART1 peripheral clock
 163:Drivers/STM32L4xx_HAL_Driver/Src/stm32l4xx_hal_rcc_ex.c ****   *            @arg @ref RCC_PERIPHCLK_USART2  USART1 peripheral clock
 164:Drivers/STM32L4xx_HAL_Driver/Src/stm32l4xx_hal_rcc_ex.c ****   *            @arg @ref RCC_PERIPHCLK_USART3  USART1 peripheral clock
 165:Drivers/STM32L4xx_HAL_Driver/Src/stm32l4xx_hal_rcc_ex.c ****   @if STM32L462xx
 166:Drivers/STM32L4xx_HAL_Driver/Src/stm32l4xx_hal_rcc_ex.c ****   *            @arg @ref RCC_PERIPHCLK_UART4  USART1 peripheral clock (only for devices with UART4)
 167:Drivers/STM32L4xx_HAL_Driver/Src/stm32l4xx_hal_rcc_ex.c ****   @endif
 168:Drivers/STM32L4xx_HAL_Driver/Src/stm32l4xx_hal_rcc_ex.c ****   @if STM32L486xx
 169:Drivers/STM32L4xx_HAL_Driver/Src/stm32l4xx_hal_rcc_ex.c ****   *            @arg @ref RCC_PERIPHCLK_UART4  USART1 peripheral clock (only for devices with UART4)
 170:Drivers/STM32L4xx_HAL_Driver/Src/stm32l4xx_hal_rcc_ex.c ****   *            @arg @ref RCC_PERIPHCLK_UART5  USART1 peripheral clock (only for devices with UART5)
 171:Drivers/STM32L4xx_HAL_Driver/Src/stm32l4xx_hal_rcc_ex.c ****   *            @arg @ref RCC_PERIPHCLK_USB  USB peripheral clock (only for devices with USB)
 172:Drivers/STM32L4xx_HAL_Driver/Src/stm32l4xx_hal_rcc_ex.c ****   @endif
 173:Drivers/STM32L4xx_HAL_Driver/Src/stm32l4xx_hal_rcc_ex.c ****   @if STM32L4A6xx
 174:Drivers/STM32L4xx_HAL_Driver/Src/stm32l4xx_hal_rcc_ex.c ****   *            @arg @ref RCC_PERIPHCLK_UART4  USART1 peripheral clock (only for devices with UART4)
 175:Drivers/STM32L4xx_HAL_Driver/Src/stm32l4xx_hal_rcc_ex.c ****   *            @arg @ref RCC_PERIPHCLK_UART5  USART1 peripheral clock (only for devices with UART5)
 176:Drivers/STM32L4xx_HAL_Driver/Src/stm32l4xx_hal_rcc_ex.c ****   *            @arg @ref RCC_PERIPHCLK_USB  USB peripheral clock (only for devices with USB)
 177:Drivers/STM32L4xx_HAL_Driver/Src/stm32l4xx_hal_rcc_ex.c ****   @endif
 178:Drivers/STM32L4xx_HAL_Driver/Src/stm32l4xx_hal_rcc_ex.c ****   @if STM32L4S9xx
 179:Drivers/STM32L4xx_HAL_Driver/Src/stm32l4xx_hal_rcc_ex.c ****   *            @arg @ref RCC_PERIPHCLK_UART4  USART1 peripheral clock (only for devices with UART4)
 180:Drivers/STM32L4xx_HAL_Driver/Src/stm32l4xx_hal_rcc_ex.c ****   *            @arg @ref RCC_PERIPHCLK_UART5  USART1 peripheral clock (only for devices with UART5)
 181:Drivers/STM32L4xx_HAL_Driver/Src/stm32l4xx_hal_rcc_ex.c ****   *            @arg @ref RCC_PERIPHCLK_USB  USB peripheral clock (only for devices with USB)
 182:Drivers/STM32L4xx_HAL_Driver/Src/stm32l4xx_hal_rcc_ex.c ****   *            @arg @ref RCC_PERIPHCLK_DFSDM1  DFSDM1 peripheral kernel clock (only for devices wit
 183:Drivers/STM32L4xx_HAL_Driver/Src/stm32l4xx_hal_rcc_ex.c ****   *            @arg @ref RCC_PERIPHCLK_DFSDM1AUDIO  DFSDM1 peripheral audio clock (only for devices
 184:Drivers/STM32L4xx_HAL_Driver/Src/stm32l4xx_hal_rcc_ex.c ****   *            @arg @ref RCC_PERIPHCLK_LTDC  LTDC peripheral clock (only for devices with LTDC)
 185:Drivers/STM32L4xx_HAL_Driver/Src/stm32l4xx_hal_rcc_ex.c ****   *            @arg @ref RCC_PERIPHCLK_DSI  DSI peripheral clock (only for devices with DSI)
 186:Drivers/STM32L4xx_HAL_Driver/Src/stm32l4xx_hal_rcc_ex.c ****   *            @arg @ref RCC_PERIPHCLK_OSPI  OctoSPI peripheral clock (only for devices with OctoSP
 187:Drivers/STM32L4xx_HAL_Driver/Src/stm32l4xx_hal_rcc_ex.c ****   @endif
 188:Drivers/STM32L4xx_HAL_Driver/Src/stm32l4xx_hal_rcc_ex.c ****   *
 189:Drivers/STM32L4xx_HAL_Driver/Src/stm32l4xx_hal_rcc_ex.c ****   * @note   Care must be taken when HAL_RCCEx_PeriphCLKConfig() is used to select
 190:Drivers/STM32L4xx_HAL_Driver/Src/stm32l4xx_hal_rcc_ex.c ****   *         the RTC clock source: in this case the access to Backup domain is enabled.
 191:Drivers/STM32L4xx_HAL_Driver/Src/stm32l4xx_hal_rcc_ex.c ****   *
 192:Drivers/STM32L4xx_HAL_Driver/Src/stm32l4xx_hal_rcc_ex.c ****   * @retval HAL status
 193:Drivers/STM32L4xx_HAL_Driver/Src/stm32l4xx_hal_rcc_ex.c ****   */
 194:Drivers/STM32L4xx_HAL_Driver/Src/stm32l4xx_hal_rcc_ex.c **** HAL_StatusTypeDef HAL_RCCEx_PeriphCLKConfig(RCC_PeriphCLKInitTypeDef  *PeriphClkInit)
 195:Drivers/STM32L4xx_HAL_Driver/Src/stm32l4xx_hal_rcc_ex.c **** {
 196:Drivers/STM32L4xx_HAL_Driver/Src/stm32l4xx_hal_rcc_ex.c ****   uint32_t tmpregister, tickstart;     /* no init needed */
 197:Drivers/STM32L4xx_HAL_Driver/Src/stm32l4xx_hal_rcc_ex.c ****   HAL_StatusTypeDef ret = HAL_OK;      /* Intermediate status */
 198:Drivers/STM32L4xx_HAL_Driver/Src/stm32l4xx_hal_rcc_ex.c ****   HAL_StatusTypeDef status = HAL_OK;   /* Final status */
 199:Drivers/STM32L4xx_HAL_Driver/Src/stm32l4xx_hal_rcc_ex.c **** 
 200:Drivers/STM32L4xx_HAL_Driver/Src/stm32l4xx_hal_rcc_ex.c ****   /* Check the parameters */
 201:Drivers/STM32L4xx_HAL_Driver/Src/stm32l4xx_hal_rcc_ex.c ****   assert_param(IS_RCC_PERIPHCLOCK(PeriphClkInit->PeriphClockSelection));
ARM GAS  C:\Users\adisa\AppData\Local\Temp\ccmroX4q.s 			page 5


 202:Drivers/STM32L4xx_HAL_Driver/Src/stm32l4xx_hal_rcc_ex.c **** 
 203:Drivers/STM32L4xx_HAL_Driver/Src/stm32l4xx_hal_rcc_ex.c **** #if defined(SAI1)
 204:Drivers/STM32L4xx_HAL_Driver/Src/stm32l4xx_hal_rcc_ex.c **** 
 205:Drivers/STM32L4xx_HAL_Driver/Src/stm32l4xx_hal_rcc_ex.c ****   /*-------------------------- SAI1 clock source configuration ---------------------*/
 206:Drivers/STM32L4xx_HAL_Driver/Src/stm32l4xx_hal_rcc_ex.c ****   if((((PeriphClkInit->PeriphClockSelection) & RCC_PERIPHCLK_SAI1) == RCC_PERIPHCLK_SAI1))
 207:Drivers/STM32L4xx_HAL_Driver/Src/stm32l4xx_hal_rcc_ex.c ****   {
 208:Drivers/STM32L4xx_HAL_Driver/Src/stm32l4xx_hal_rcc_ex.c ****     /* Check the parameters */
 209:Drivers/STM32L4xx_HAL_Driver/Src/stm32l4xx_hal_rcc_ex.c ****     assert_param(IS_RCC_SAI1CLK(PeriphClkInit->Sai1ClockSelection));
 210:Drivers/STM32L4xx_HAL_Driver/Src/stm32l4xx_hal_rcc_ex.c **** 
 211:Drivers/STM32L4xx_HAL_Driver/Src/stm32l4xx_hal_rcc_ex.c ****     switch(PeriphClkInit->Sai1ClockSelection)
 212:Drivers/STM32L4xx_HAL_Driver/Src/stm32l4xx_hal_rcc_ex.c ****     {
 213:Drivers/STM32L4xx_HAL_Driver/Src/stm32l4xx_hal_rcc_ex.c ****     case RCC_SAI1CLKSOURCE_PLL:      /* PLL is used as clock source for SAI1*/
 214:Drivers/STM32L4xx_HAL_Driver/Src/stm32l4xx_hal_rcc_ex.c ****       /* Enable SAI Clock output generated from System PLL . */
 215:Drivers/STM32L4xx_HAL_Driver/Src/stm32l4xx_hal_rcc_ex.c **** #if defined(RCC_PLLSAI2_SUPPORT)
 216:Drivers/STM32L4xx_HAL_Driver/Src/stm32l4xx_hal_rcc_ex.c ****       __HAL_RCC_PLLCLKOUT_ENABLE(RCC_PLL_SAI3CLK);
 217:Drivers/STM32L4xx_HAL_Driver/Src/stm32l4xx_hal_rcc_ex.c **** #else
 218:Drivers/STM32L4xx_HAL_Driver/Src/stm32l4xx_hal_rcc_ex.c ****       __HAL_RCC_PLLCLKOUT_ENABLE(RCC_PLL_SAI2CLK);
 219:Drivers/STM32L4xx_HAL_Driver/Src/stm32l4xx_hal_rcc_ex.c **** #endif /* RCC_PLLSAI2_SUPPORT */
 220:Drivers/STM32L4xx_HAL_Driver/Src/stm32l4xx_hal_rcc_ex.c ****       /* SAI1 clock source config set later after clock selection check */
 221:Drivers/STM32L4xx_HAL_Driver/Src/stm32l4xx_hal_rcc_ex.c ****       break;
 222:Drivers/STM32L4xx_HAL_Driver/Src/stm32l4xx_hal_rcc_ex.c **** 
 223:Drivers/STM32L4xx_HAL_Driver/Src/stm32l4xx_hal_rcc_ex.c ****     case RCC_SAI1CLKSOURCE_PLLSAI1:  /* PLLSAI1 is used as clock source for SAI1*/
 224:Drivers/STM32L4xx_HAL_Driver/Src/stm32l4xx_hal_rcc_ex.c ****       /* PLLSAI1 input clock, parameters M, N & P configuration and clock output (PLLSAI1ClockOut) 
 225:Drivers/STM32L4xx_HAL_Driver/Src/stm32l4xx_hal_rcc_ex.c ****       ret = RCCEx_PLLSAI1_Config(&(PeriphClkInit->PLLSAI1), DIVIDER_P_UPDATE);
 226:Drivers/STM32L4xx_HAL_Driver/Src/stm32l4xx_hal_rcc_ex.c ****       /* SAI1 clock source config set later after clock selection check */
 227:Drivers/STM32L4xx_HAL_Driver/Src/stm32l4xx_hal_rcc_ex.c ****       break;
 228:Drivers/STM32L4xx_HAL_Driver/Src/stm32l4xx_hal_rcc_ex.c **** 
 229:Drivers/STM32L4xx_HAL_Driver/Src/stm32l4xx_hal_rcc_ex.c **** #if defined(RCC_PLLSAI2_SUPPORT)
 230:Drivers/STM32L4xx_HAL_Driver/Src/stm32l4xx_hal_rcc_ex.c **** 
 231:Drivers/STM32L4xx_HAL_Driver/Src/stm32l4xx_hal_rcc_ex.c ****     case RCC_SAI1CLKSOURCE_PLLSAI2:  /* PLLSAI2 is used as clock source for SAI1*/
 232:Drivers/STM32L4xx_HAL_Driver/Src/stm32l4xx_hal_rcc_ex.c ****       /* PLLSAI2 input clock, parameters M, N & P configuration clock output (PLLSAI2ClockOut) */
 233:Drivers/STM32L4xx_HAL_Driver/Src/stm32l4xx_hal_rcc_ex.c ****       ret = RCCEx_PLLSAI2_Config(&(PeriphClkInit->PLLSAI2), DIVIDER_P_UPDATE);
 234:Drivers/STM32L4xx_HAL_Driver/Src/stm32l4xx_hal_rcc_ex.c ****       /* SAI1 clock source config set later after clock selection check */
 235:Drivers/STM32L4xx_HAL_Driver/Src/stm32l4xx_hal_rcc_ex.c ****       break;
 236:Drivers/STM32L4xx_HAL_Driver/Src/stm32l4xx_hal_rcc_ex.c **** 
 237:Drivers/STM32L4xx_HAL_Driver/Src/stm32l4xx_hal_rcc_ex.c **** #endif /* RCC_PLLSAI2_SUPPORT */
 238:Drivers/STM32L4xx_HAL_Driver/Src/stm32l4xx_hal_rcc_ex.c **** 
 239:Drivers/STM32L4xx_HAL_Driver/Src/stm32l4xx_hal_rcc_ex.c ****     case RCC_SAI1CLKSOURCE_PIN:      /* External clock is used as source of SAI1 clock*/
 240:Drivers/STM32L4xx_HAL_Driver/Src/stm32l4xx_hal_rcc_ex.c **** #if defined(STM32L4P5xx) || defined(STM32L4Q5xx) || defined(STM32L4R5xx) || defined(STM32L4R7xx) ||
 241:Drivers/STM32L4xx_HAL_Driver/Src/stm32l4xx_hal_rcc_ex.c ****     case RCC_SAI1CLKSOURCE_HSI:      /* HSI is used as source of SAI1 clock*/
 242:Drivers/STM32L4xx_HAL_Driver/Src/stm32l4xx_hal_rcc_ex.c **** #endif /* STM32L4P5xx || STM32L4Q5xx || STM32L4R5xx || STM32L4R7xx || STM32L4R9xx || STM32L4S5xx ||
 243:Drivers/STM32L4xx_HAL_Driver/Src/stm32l4xx_hal_rcc_ex.c ****       /* SAI1 clock source config set later after clock selection check */
 244:Drivers/STM32L4xx_HAL_Driver/Src/stm32l4xx_hal_rcc_ex.c ****       break;
 245:Drivers/STM32L4xx_HAL_Driver/Src/stm32l4xx_hal_rcc_ex.c **** 
 246:Drivers/STM32L4xx_HAL_Driver/Src/stm32l4xx_hal_rcc_ex.c ****     default:
 247:Drivers/STM32L4xx_HAL_Driver/Src/stm32l4xx_hal_rcc_ex.c ****       ret = HAL_ERROR;
 248:Drivers/STM32L4xx_HAL_Driver/Src/stm32l4xx_hal_rcc_ex.c ****       break;
 249:Drivers/STM32L4xx_HAL_Driver/Src/stm32l4xx_hal_rcc_ex.c ****     }
 250:Drivers/STM32L4xx_HAL_Driver/Src/stm32l4xx_hal_rcc_ex.c **** 
 251:Drivers/STM32L4xx_HAL_Driver/Src/stm32l4xx_hal_rcc_ex.c ****     if(ret == HAL_OK)
 252:Drivers/STM32L4xx_HAL_Driver/Src/stm32l4xx_hal_rcc_ex.c ****     {
 253:Drivers/STM32L4xx_HAL_Driver/Src/stm32l4xx_hal_rcc_ex.c ****       /* Set the source of SAI1 clock*/
 254:Drivers/STM32L4xx_HAL_Driver/Src/stm32l4xx_hal_rcc_ex.c ****       __HAL_RCC_SAI1_CONFIG(PeriphClkInit->Sai1ClockSelection);
 255:Drivers/STM32L4xx_HAL_Driver/Src/stm32l4xx_hal_rcc_ex.c ****     }
 256:Drivers/STM32L4xx_HAL_Driver/Src/stm32l4xx_hal_rcc_ex.c ****     else
 257:Drivers/STM32L4xx_HAL_Driver/Src/stm32l4xx_hal_rcc_ex.c ****     {
 258:Drivers/STM32L4xx_HAL_Driver/Src/stm32l4xx_hal_rcc_ex.c ****       /* set overall return value */
ARM GAS  C:\Users\adisa\AppData\Local\Temp\ccmroX4q.s 			page 6


 259:Drivers/STM32L4xx_HAL_Driver/Src/stm32l4xx_hal_rcc_ex.c ****       status = ret;
 260:Drivers/STM32L4xx_HAL_Driver/Src/stm32l4xx_hal_rcc_ex.c ****     }
 261:Drivers/STM32L4xx_HAL_Driver/Src/stm32l4xx_hal_rcc_ex.c ****   }
 262:Drivers/STM32L4xx_HAL_Driver/Src/stm32l4xx_hal_rcc_ex.c **** 
 263:Drivers/STM32L4xx_HAL_Driver/Src/stm32l4xx_hal_rcc_ex.c **** #endif /* SAI1 */
 264:Drivers/STM32L4xx_HAL_Driver/Src/stm32l4xx_hal_rcc_ex.c **** 
 265:Drivers/STM32L4xx_HAL_Driver/Src/stm32l4xx_hal_rcc_ex.c **** #if defined(SAI2)
 266:Drivers/STM32L4xx_HAL_Driver/Src/stm32l4xx_hal_rcc_ex.c **** 
 267:Drivers/STM32L4xx_HAL_Driver/Src/stm32l4xx_hal_rcc_ex.c ****   /*-------------------------- SAI2 clock source configuration ---------------------*/
 268:Drivers/STM32L4xx_HAL_Driver/Src/stm32l4xx_hal_rcc_ex.c ****   if((((PeriphClkInit->PeriphClockSelection) & RCC_PERIPHCLK_SAI2) == RCC_PERIPHCLK_SAI2))
 269:Drivers/STM32L4xx_HAL_Driver/Src/stm32l4xx_hal_rcc_ex.c ****   {
 270:Drivers/STM32L4xx_HAL_Driver/Src/stm32l4xx_hal_rcc_ex.c ****     /* Check the parameters */
 271:Drivers/STM32L4xx_HAL_Driver/Src/stm32l4xx_hal_rcc_ex.c ****     assert_param(IS_RCC_SAI2CLK(PeriphClkInit->Sai2ClockSelection));
 272:Drivers/STM32L4xx_HAL_Driver/Src/stm32l4xx_hal_rcc_ex.c **** 
 273:Drivers/STM32L4xx_HAL_Driver/Src/stm32l4xx_hal_rcc_ex.c ****     switch(PeriphClkInit->Sai2ClockSelection)
 274:Drivers/STM32L4xx_HAL_Driver/Src/stm32l4xx_hal_rcc_ex.c ****     {
 275:Drivers/STM32L4xx_HAL_Driver/Src/stm32l4xx_hal_rcc_ex.c ****     case RCC_SAI2CLKSOURCE_PLL:      /* PLL is used as clock source for SAI2*/
 276:Drivers/STM32L4xx_HAL_Driver/Src/stm32l4xx_hal_rcc_ex.c ****       /* Enable SAI Clock output generated from System PLL . */
 277:Drivers/STM32L4xx_HAL_Driver/Src/stm32l4xx_hal_rcc_ex.c ****       __HAL_RCC_PLLCLKOUT_ENABLE(RCC_PLL_SAI3CLK);
 278:Drivers/STM32L4xx_HAL_Driver/Src/stm32l4xx_hal_rcc_ex.c ****       /* SAI2 clock source config set later after clock selection check */
 279:Drivers/STM32L4xx_HAL_Driver/Src/stm32l4xx_hal_rcc_ex.c ****       break;
 280:Drivers/STM32L4xx_HAL_Driver/Src/stm32l4xx_hal_rcc_ex.c **** 
 281:Drivers/STM32L4xx_HAL_Driver/Src/stm32l4xx_hal_rcc_ex.c ****     case RCC_SAI2CLKSOURCE_PLLSAI1: /* PLLSAI1 is used as clock source for SAI2*/
 282:Drivers/STM32L4xx_HAL_Driver/Src/stm32l4xx_hal_rcc_ex.c ****       /* PLLSAI1 input clock, parameters M, N & P configuration and clock output (PLLSAI1ClockOut) 
 283:Drivers/STM32L4xx_HAL_Driver/Src/stm32l4xx_hal_rcc_ex.c ****       ret = RCCEx_PLLSAI1_Config(&(PeriphClkInit->PLLSAI1), DIVIDER_P_UPDATE);
 284:Drivers/STM32L4xx_HAL_Driver/Src/stm32l4xx_hal_rcc_ex.c ****       /* SAI2 clock source config set later after clock selection check */
 285:Drivers/STM32L4xx_HAL_Driver/Src/stm32l4xx_hal_rcc_ex.c ****       break;
 286:Drivers/STM32L4xx_HAL_Driver/Src/stm32l4xx_hal_rcc_ex.c **** 
 287:Drivers/STM32L4xx_HAL_Driver/Src/stm32l4xx_hal_rcc_ex.c ****     case RCC_SAI2CLKSOURCE_PLLSAI2:  /* PLLSAI2 is used as clock source for SAI2*/
 288:Drivers/STM32L4xx_HAL_Driver/Src/stm32l4xx_hal_rcc_ex.c ****       /* PLLSAI2 input clock, parameters M, N & P configuration and clock output (PLLSAI2ClockOut) 
 289:Drivers/STM32L4xx_HAL_Driver/Src/stm32l4xx_hal_rcc_ex.c ****       ret = RCCEx_PLLSAI2_Config(&(PeriphClkInit->PLLSAI2), DIVIDER_P_UPDATE);
 290:Drivers/STM32L4xx_HAL_Driver/Src/stm32l4xx_hal_rcc_ex.c ****       /* SAI2 clock source config set later after clock selection check */
 291:Drivers/STM32L4xx_HAL_Driver/Src/stm32l4xx_hal_rcc_ex.c ****       break;
 292:Drivers/STM32L4xx_HAL_Driver/Src/stm32l4xx_hal_rcc_ex.c **** 
 293:Drivers/STM32L4xx_HAL_Driver/Src/stm32l4xx_hal_rcc_ex.c ****     case RCC_SAI2CLKSOURCE_PIN:      /* External clock is used as source of SAI2 clock*/
 294:Drivers/STM32L4xx_HAL_Driver/Src/stm32l4xx_hal_rcc_ex.c **** #if defined(STM32L4P5xx) || defined(STM32L4Q5xx) || defined(STM32L4R5xx) || defined(STM32L4R7xx) ||
 295:Drivers/STM32L4xx_HAL_Driver/Src/stm32l4xx_hal_rcc_ex.c ****     case RCC_SAI2CLKSOURCE_HSI:      /* HSI is used as source of SAI2 clock*/
 296:Drivers/STM32L4xx_HAL_Driver/Src/stm32l4xx_hal_rcc_ex.c **** #endif /* STM32L4P5xx || STM32L4Q5xx || STM32L4R5xx || STM32L4R7xx || STM32L4R9xx || STM32L4S5xx ||
 297:Drivers/STM32L4xx_HAL_Driver/Src/stm32l4xx_hal_rcc_ex.c ****       /* SAI2 clock source config set later after clock selection check */
 298:Drivers/STM32L4xx_HAL_Driver/Src/stm32l4xx_hal_rcc_ex.c ****       break;
 299:Drivers/STM32L4xx_HAL_Driver/Src/stm32l4xx_hal_rcc_ex.c **** 
 300:Drivers/STM32L4xx_HAL_Driver/Src/stm32l4xx_hal_rcc_ex.c ****     default:
 301:Drivers/STM32L4xx_HAL_Driver/Src/stm32l4xx_hal_rcc_ex.c ****       ret = HAL_ERROR;
 302:Drivers/STM32L4xx_HAL_Driver/Src/stm32l4xx_hal_rcc_ex.c ****       break;
 303:Drivers/STM32L4xx_HAL_Driver/Src/stm32l4xx_hal_rcc_ex.c ****     }
 304:Drivers/STM32L4xx_HAL_Driver/Src/stm32l4xx_hal_rcc_ex.c **** 
 305:Drivers/STM32L4xx_HAL_Driver/Src/stm32l4xx_hal_rcc_ex.c ****     if(ret == HAL_OK)
 306:Drivers/STM32L4xx_HAL_Driver/Src/stm32l4xx_hal_rcc_ex.c ****     {
 307:Drivers/STM32L4xx_HAL_Driver/Src/stm32l4xx_hal_rcc_ex.c ****       /* Set the source of SAI2 clock*/
 308:Drivers/STM32L4xx_HAL_Driver/Src/stm32l4xx_hal_rcc_ex.c ****       __HAL_RCC_SAI2_CONFIG(PeriphClkInit->Sai2ClockSelection);
 309:Drivers/STM32L4xx_HAL_Driver/Src/stm32l4xx_hal_rcc_ex.c ****     }
 310:Drivers/STM32L4xx_HAL_Driver/Src/stm32l4xx_hal_rcc_ex.c ****     else
 311:Drivers/STM32L4xx_HAL_Driver/Src/stm32l4xx_hal_rcc_ex.c ****     {
 312:Drivers/STM32L4xx_HAL_Driver/Src/stm32l4xx_hal_rcc_ex.c ****       /* set overall return value */
 313:Drivers/STM32L4xx_HAL_Driver/Src/stm32l4xx_hal_rcc_ex.c ****       status = ret;
 314:Drivers/STM32L4xx_HAL_Driver/Src/stm32l4xx_hal_rcc_ex.c ****     }
 315:Drivers/STM32L4xx_HAL_Driver/Src/stm32l4xx_hal_rcc_ex.c ****   }
ARM GAS  C:\Users\adisa\AppData\Local\Temp\ccmroX4q.s 			page 7


 316:Drivers/STM32L4xx_HAL_Driver/Src/stm32l4xx_hal_rcc_ex.c **** #endif /* SAI2 */
 317:Drivers/STM32L4xx_HAL_Driver/Src/stm32l4xx_hal_rcc_ex.c **** 
 318:Drivers/STM32L4xx_HAL_Driver/Src/stm32l4xx_hal_rcc_ex.c ****   /*-------------------------- RTC clock source configuration ----------------------*/
 319:Drivers/STM32L4xx_HAL_Driver/Src/stm32l4xx_hal_rcc_ex.c ****   if((PeriphClkInit->PeriphClockSelection & RCC_PERIPHCLK_RTC) == RCC_PERIPHCLK_RTC)
 320:Drivers/STM32L4xx_HAL_Driver/Src/stm32l4xx_hal_rcc_ex.c ****   {
 321:Drivers/STM32L4xx_HAL_Driver/Src/stm32l4xx_hal_rcc_ex.c ****     FlagStatus       pwrclkchanged = RESET;
 322:Drivers/STM32L4xx_HAL_Driver/Src/stm32l4xx_hal_rcc_ex.c **** 
 323:Drivers/STM32L4xx_HAL_Driver/Src/stm32l4xx_hal_rcc_ex.c ****     /* Check for RTC Parameters used to output RTCCLK */
 324:Drivers/STM32L4xx_HAL_Driver/Src/stm32l4xx_hal_rcc_ex.c ****     assert_param(IS_RCC_RTCCLKSOURCE(PeriphClkInit->RTCClockSelection));
 325:Drivers/STM32L4xx_HAL_Driver/Src/stm32l4xx_hal_rcc_ex.c **** 
 326:Drivers/STM32L4xx_HAL_Driver/Src/stm32l4xx_hal_rcc_ex.c ****     /* Enable Power Clock */
 327:Drivers/STM32L4xx_HAL_Driver/Src/stm32l4xx_hal_rcc_ex.c ****     if(__HAL_RCC_PWR_IS_CLK_DISABLED() != 0U)
 328:Drivers/STM32L4xx_HAL_Driver/Src/stm32l4xx_hal_rcc_ex.c ****     {
 329:Drivers/STM32L4xx_HAL_Driver/Src/stm32l4xx_hal_rcc_ex.c ****       __HAL_RCC_PWR_CLK_ENABLE();
 330:Drivers/STM32L4xx_HAL_Driver/Src/stm32l4xx_hal_rcc_ex.c ****       pwrclkchanged = SET;
 331:Drivers/STM32L4xx_HAL_Driver/Src/stm32l4xx_hal_rcc_ex.c ****     }
 332:Drivers/STM32L4xx_HAL_Driver/Src/stm32l4xx_hal_rcc_ex.c **** 
 333:Drivers/STM32L4xx_HAL_Driver/Src/stm32l4xx_hal_rcc_ex.c ****     /* Enable write access to Backup domain */
 334:Drivers/STM32L4xx_HAL_Driver/Src/stm32l4xx_hal_rcc_ex.c ****     SET_BIT(PWR->CR1, PWR_CR1_DBP);
 335:Drivers/STM32L4xx_HAL_Driver/Src/stm32l4xx_hal_rcc_ex.c **** 
 336:Drivers/STM32L4xx_HAL_Driver/Src/stm32l4xx_hal_rcc_ex.c ****     /* Wait for Backup domain Write protection disable */
 337:Drivers/STM32L4xx_HAL_Driver/Src/stm32l4xx_hal_rcc_ex.c ****     tickstart = HAL_GetTick();
 338:Drivers/STM32L4xx_HAL_Driver/Src/stm32l4xx_hal_rcc_ex.c **** 
 339:Drivers/STM32L4xx_HAL_Driver/Src/stm32l4xx_hal_rcc_ex.c ****     while(READ_BIT(PWR->CR1, PWR_CR1_DBP) == 0U)
 340:Drivers/STM32L4xx_HAL_Driver/Src/stm32l4xx_hal_rcc_ex.c ****     {
 341:Drivers/STM32L4xx_HAL_Driver/Src/stm32l4xx_hal_rcc_ex.c ****       if((HAL_GetTick() - tickstart) > RCC_DBP_TIMEOUT_VALUE)
 342:Drivers/STM32L4xx_HAL_Driver/Src/stm32l4xx_hal_rcc_ex.c ****       {
 343:Drivers/STM32L4xx_HAL_Driver/Src/stm32l4xx_hal_rcc_ex.c ****         ret = HAL_TIMEOUT;
 344:Drivers/STM32L4xx_HAL_Driver/Src/stm32l4xx_hal_rcc_ex.c ****         break;
 345:Drivers/STM32L4xx_HAL_Driver/Src/stm32l4xx_hal_rcc_ex.c ****       }
 346:Drivers/STM32L4xx_HAL_Driver/Src/stm32l4xx_hal_rcc_ex.c ****     }
 347:Drivers/STM32L4xx_HAL_Driver/Src/stm32l4xx_hal_rcc_ex.c **** 
 348:Drivers/STM32L4xx_HAL_Driver/Src/stm32l4xx_hal_rcc_ex.c ****     if(ret == HAL_OK)
 349:Drivers/STM32L4xx_HAL_Driver/Src/stm32l4xx_hal_rcc_ex.c ****     {
 350:Drivers/STM32L4xx_HAL_Driver/Src/stm32l4xx_hal_rcc_ex.c ****       /* Reset the Backup domain only if the RTC Clock source selection is modified from default */
 351:Drivers/STM32L4xx_HAL_Driver/Src/stm32l4xx_hal_rcc_ex.c ****       tmpregister = READ_BIT(RCC->BDCR, RCC_BDCR_RTCSEL);
 352:Drivers/STM32L4xx_HAL_Driver/Src/stm32l4xx_hal_rcc_ex.c **** 
 353:Drivers/STM32L4xx_HAL_Driver/Src/stm32l4xx_hal_rcc_ex.c ****       if((tmpregister != RCC_RTCCLKSOURCE_NONE) && (tmpregister != PeriphClkInit->RTCClockSelection
 354:Drivers/STM32L4xx_HAL_Driver/Src/stm32l4xx_hal_rcc_ex.c ****       {
 355:Drivers/STM32L4xx_HAL_Driver/Src/stm32l4xx_hal_rcc_ex.c ****         /* Store the content of BDCR register before the reset of Backup Domain */
 356:Drivers/STM32L4xx_HAL_Driver/Src/stm32l4xx_hal_rcc_ex.c ****         tmpregister = READ_BIT(RCC->BDCR, ~(RCC_BDCR_RTCSEL));
 357:Drivers/STM32L4xx_HAL_Driver/Src/stm32l4xx_hal_rcc_ex.c ****         /* RTC Clock selection can be changed only if the Backup Domain is reset */
 358:Drivers/STM32L4xx_HAL_Driver/Src/stm32l4xx_hal_rcc_ex.c ****         __HAL_RCC_BACKUPRESET_FORCE();
 359:Drivers/STM32L4xx_HAL_Driver/Src/stm32l4xx_hal_rcc_ex.c ****         __HAL_RCC_BACKUPRESET_RELEASE();
 360:Drivers/STM32L4xx_HAL_Driver/Src/stm32l4xx_hal_rcc_ex.c ****         /* Restore the Content of BDCR register */
 361:Drivers/STM32L4xx_HAL_Driver/Src/stm32l4xx_hal_rcc_ex.c ****         RCC->BDCR = tmpregister;
 362:Drivers/STM32L4xx_HAL_Driver/Src/stm32l4xx_hal_rcc_ex.c ****       }
 363:Drivers/STM32L4xx_HAL_Driver/Src/stm32l4xx_hal_rcc_ex.c **** 
 364:Drivers/STM32L4xx_HAL_Driver/Src/stm32l4xx_hal_rcc_ex.c ****       /* Wait for LSE reactivation if LSE was enable prior to Backup Domain reset */
 365:Drivers/STM32L4xx_HAL_Driver/Src/stm32l4xx_hal_rcc_ex.c ****       if (HAL_IS_BIT_SET(tmpregister, RCC_BDCR_LSEON))
 366:Drivers/STM32L4xx_HAL_Driver/Src/stm32l4xx_hal_rcc_ex.c ****       {
 367:Drivers/STM32L4xx_HAL_Driver/Src/stm32l4xx_hal_rcc_ex.c ****         /* Get Start Tick*/
 368:Drivers/STM32L4xx_HAL_Driver/Src/stm32l4xx_hal_rcc_ex.c ****         tickstart = HAL_GetTick();
 369:Drivers/STM32L4xx_HAL_Driver/Src/stm32l4xx_hal_rcc_ex.c **** 
 370:Drivers/STM32L4xx_HAL_Driver/Src/stm32l4xx_hal_rcc_ex.c ****         /* Wait till LSE is ready */
 371:Drivers/STM32L4xx_HAL_Driver/Src/stm32l4xx_hal_rcc_ex.c ****         while(READ_BIT(RCC->BDCR, RCC_BDCR_LSERDY) == 0U)
 372:Drivers/STM32L4xx_HAL_Driver/Src/stm32l4xx_hal_rcc_ex.c ****         {
ARM GAS  C:\Users\adisa\AppData\Local\Temp\ccmroX4q.s 			page 8


 373:Drivers/STM32L4xx_HAL_Driver/Src/stm32l4xx_hal_rcc_ex.c ****           if((HAL_GetTick() - tickstart) > RCC_LSE_TIMEOUT_VALUE)
 374:Drivers/STM32L4xx_HAL_Driver/Src/stm32l4xx_hal_rcc_ex.c ****           {
 375:Drivers/STM32L4xx_HAL_Driver/Src/stm32l4xx_hal_rcc_ex.c ****             ret = HAL_TIMEOUT;
 376:Drivers/STM32L4xx_HAL_Driver/Src/stm32l4xx_hal_rcc_ex.c ****             break;
 377:Drivers/STM32L4xx_HAL_Driver/Src/stm32l4xx_hal_rcc_ex.c ****           }
 378:Drivers/STM32L4xx_HAL_Driver/Src/stm32l4xx_hal_rcc_ex.c ****         }
 379:Drivers/STM32L4xx_HAL_Driver/Src/stm32l4xx_hal_rcc_ex.c ****       }
 380:Drivers/STM32L4xx_HAL_Driver/Src/stm32l4xx_hal_rcc_ex.c **** 
 381:Drivers/STM32L4xx_HAL_Driver/Src/stm32l4xx_hal_rcc_ex.c ****       if(ret == HAL_OK)
 382:Drivers/STM32L4xx_HAL_Driver/Src/stm32l4xx_hal_rcc_ex.c ****       {
 383:Drivers/STM32L4xx_HAL_Driver/Src/stm32l4xx_hal_rcc_ex.c ****         /* Apply new RTC clock source selection */
 384:Drivers/STM32L4xx_HAL_Driver/Src/stm32l4xx_hal_rcc_ex.c ****         __HAL_RCC_RTC_CONFIG(PeriphClkInit->RTCClockSelection);
 385:Drivers/STM32L4xx_HAL_Driver/Src/stm32l4xx_hal_rcc_ex.c ****       }
 386:Drivers/STM32L4xx_HAL_Driver/Src/stm32l4xx_hal_rcc_ex.c ****       else
 387:Drivers/STM32L4xx_HAL_Driver/Src/stm32l4xx_hal_rcc_ex.c ****       {
 388:Drivers/STM32L4xx_HAL_Driver/Src/stm32l4xx_hal_rcc_ex.c ****         /* set overall return value */
 389:Drivers/STM32L4xx_HAL_Driver/Src/stm32l4xx_hal_rcc_ex.c ****         status = ret;
 390:Drivers/STM32L4xx_HAL_Driver/Src/stm32l4xx_hal_rcc_ex.c ****       }
 391:Drivers/STM32L4xx_HAL_Driver/Src/stm32l4xx_hal_rcc_ex.c ****     }
 392:Drivers/STM32L4xx_HAL_Driver/Src/stm32l4xx_hal_rcc_ex.c ****     else
 393:Drivers/STM32L4xx_HAL_Driver/Src/stm32l4xx_hal_rcc_ex.c ****     {
 394:Drivers/STM32L4xx_HAL_Driver/Src/stm32l4xx_hal_rcc_ex.c ****       /* set overall return value */
 395:Drivers/STM32L4xx_HAL_Driver/Src/stm32l4xx_hal_rcc_ex.c ****       status = ret;
 396:Drivers/STM32L4xx_HAL_Driver/Src/stm32l4xx_hal_rcc_ex.c ****     }
 397:Drivers/STM32L4xx_HAL_Driver/Src/stm32l4xx_hal_rcc_ex.c **** 
 398:Drivers/STM32L4xx_HAL_Driver/Src/stm32l4xx_hal_rcc_ex.c ****     /* Restore clock configuration if changed */
 399:Drivers/STM32L4xx_HAL_Driver/Src/stm32l4xx_hal_rcc_ex.c ****     if(pwrclkchanged == SET)
 400:Drivers/STM32L4xx_HAL_Driver/Src/stm32l4xx_hal_rcc_ex.c ****     {
 401:Drivers/STM32L4xx_HAL_Driver/Src/stm32l4xx_hal_rcc_ex.c ****       __HAL_RCC_PWR_CLK_DISABLE();
 402:Drivers/STM32L4xx_HAL_Driver/Src/stm32l4xx_hal_rcc_ex.c ****     }
 403:Drivers/STM32L4xx_HAL_Driver/Src/stm32l4xx_hal_rcc_ex.c ****   }
 404:Drivers/STM32L4xx_HAL_Driver/Src/stm32l4xx_hal_rcc_ex.c **** 
 405:Drivers/STM32L4xx_HAL_Driver/Src/stm32l4xx_hal_rcc_ex.c ****   /*-------------------------- USART1 clock source configuration -------------------*/
 406:Drivers/STM32L4xx_HAL_Driver/Src/stm32l4xx_hal_rcc_ex.c ****   if(((PeriphClkInit->PeriphClockSelection) & RCC_PERIPHCLK_USART1) == RCC_PERIPHCLK_USART1)
 407:Drivers/STM32L4xx_HAL_Driver/Src/stm32l4xx_hal_rcc_ex.c ****   {
 408:Drivers/STM32L4xx_HAL_Driver/Src/stm32l4xx_hal_rcc_ex.c ****     /* Check the parameters */
 409:Drivers/STM32L4xx_HAL_Driver/Src/stm32l4xx_hal_rcc_ex.c ****     assert_param(IS_RCC_USART1CLKSOURCE(PeriphClkInit->Usart1ClockSelection));
 410:Drivers/STM32L4xx_HAL_Driver/Src/stm32l4xx_hal_rcc_ex.c **** 
 411:Drivers/STM32L4xx_HAL_Driver/Src/stm32l4xx_hal_rcc_ex.c ****     /* Configure the USART1 clock source */
 412:Drivers/STM32L4xx_HAL_Driver/Src/stm32l4xx_hal_rcc_ex.c ****     __HAL_RCC_USART1_CONFIG(PeriphClkInit->Usart1ClockSelection);
 413:Drivers/STM32L4xx_HAL_Driver/Src/stm32l4xx_hal_rcc_ex.c ****   }
 414:Drivers/STM32L4xx_HAL_Driver/Src/stm32l4xx_hal_rcc_ex.c **** 
 415:Drivers/STM32L4xx_HAL_Driver/Src/stm32l4xx_hal_rcc_ex.c ****   /*-------------------------- USART2 clock source configuration -------------------*/
 416:Drivers/STM32L4xx_HAL_Driver/Src/stm32l4xx_hal_rcc_ex.c ****   if(((PeriphClkInit->PeriphClockSelection) & RCC_PERIPHCLK_USART2) == RCC_PERIPHCLK_USART2)
 417:Drivers/STM32L4xx_HAL_Driver/Src/stm32l4xx_hal_rcc_ex.c ****   {
 418:Drivers/STM32L4xx_HAL_Driver/Src/stm32l4xx_hal_rcc_ex.c ****     /* Check the parameters */
 419:Drivers/STM32L4xx_HAL_Driver/Src/stm32l4xx_hal_rcc_ex.c ****     assert_param(IS_RCC_USART2CLKSOURCE(PeriphClkInit->Usart2ClockSelection));
 420:Drivers/STM32L4xx_HAL_Driver/Src/stm32l4xx_hal_rcc_ex.c **** 
 421:Drivers/STM32L4xx_HAL_Driver/Src/stm32l4xx_hal_rcc_ex.c ****     /* Configure the USART2 clock source */
 422:Drivers/STM32L4xx_HAL_Driver/Src/stm32l4xx_hal_rcc_ex.c ****     __HAL_RCC_USART2_CONFIG(PeriphClkInit->Usart2ClockSelection);
 423:Drivers/STM32L4xx_HAL_Driver/Src/stm32l4xx_hal_rcc_ex.c ****   }
 424:Drivers/STM32L4xx_HAL_Driver/Src/stm32l4xx_hal_rcc_ex.c **** 
 425:Drivers/STM32L4xx_HAL_Driver/Src/stm32l4xx_hal_rcc_ex.c **** #if defined(USART3)
 426:Drivers/STM32L4xx_HAL_Driver/Src/stm32l4xx_hal_rcc_ex.c **** 
 427:Drivers/STM32L4xx_HAL_Driver/Src/stm32l4xx_hal_rcc_ex.c ****   /*-------------------------- USART3 clock source configuration -------------------*/
 428:Drivers/STM32L4xx_HAL_Driver/Src/stm32l4xx_hal_rcc_ex.c ****   if(((PeriphClkInit->PeriphClockSelection) & RCC_PERIPHCLK_USART3) == RCC_PERIPHCLK_USART3)
 429:Drivers/STM32L4xx_HAL_Driver/Src/stm32l4xx_hal_rcc_ex.c ****   {
ARM GAS  C:\Users\adisa\AppData\Local\Temp\ccmroX4q.s 			page 9


 430:Drivers/STM32L4xx_HAL_Driver/Src/stm32l4xx_hal_rcc_ex.c ****     /* Check the parameters */
 431:Drivers/STM32L4xx_HAL_Driver/Src/stm32l4xx_hal_rcc_ex.c ****     assert_param(IS_RCC_USART3CLKSOURCE(PeriphClkInit->Usart3ClockSelection));
 432:Drivers/STM32L4xx_HAL_Driver/Src/stm32l4xx_hal_rcc_ex.c **** 
 433:Drivers/STM32L4xx_HAL_Driver/Src/stm32l4xx_hal_rcc_ex.c ****     /* Configure the USART3 clock source */
 434:Drivers/STM32L4xx_HAL_Driver/Src/stm32l4xx_hal_rcc_ex.c ****     __HAL_RCC_USART3_CONFIG(PeriphClkInit->Usart3ClockSelection);
 435:Drivers/STM32L4xx_HAL_Driver/Src/stm32l4xx_hal_rcc_ex.c ****   }
 436:Drivers/STM32L4xx_HAL_Driver/Src/stm32l4xx_hal_rcc_ex.c **** 
 437:Drivers/STM32L4xx_HAL_Driver/Src/stm32l4xx_hal_rcc_ex.c **** #endif /* USART3 */
 438:Drivers/STM32L4xx_HAL_Driver/Src/stm32l4xx_hal_rcc_ex.c **** 
 439:Drivers/STM32L4xx_HAL_Driver/Src/stm32l4xx_hal_rcc_ex.c **** #if defined(UART4)
 440:Drivers/STM32L4xx_HAL_Driver/Src/stm32l4xx_hal_rcc_ex.c **** 
 441:Drivers/STM32L4xx_HAL_Driver/Src/stm32l4xx_hal_rcc_ex.c ****   /*-------------------------- UART4 clock source configuration --------------------*/
 442:Drivers/STM32L4xx_HAL_Driver/Src/stm32l4xx_hal_rcc_ex.c ****   if(((PeriphClkInit->PeriphClockSelection) & RCC_PERIPHCLK_UART4) == RCC_PERIPHCLK_UART4)
 443:Drivers/STM32L4xx_HAL_Driver/Src/stm32l4xx_hal_rcc_ex.c ****   {
 444:Drivers/STM32L4xx_HAL_Driver/Src/stm32l4xx_hal_rcc_ex.c ****     /* Check the parameters */
 445:Drivers/STM32L4xx_HAL_Driver/Src/stm32l4xx_hal_rcc_ex.c ****     assert_param(IS_RCC_UART4CLKSOURCE(PeriphClkInit->Uart4ClockSelection));
 446:Drivers/STM32L4xx_HAL_Driver/Src/stm32l4xx_hal_rcc_ex.c **** 
 447:Drivers/STM32L4xx_HAL_Driver/Src/stm32l4xx_hal_rcc_ex.c ****     /* Configure the UART4 clock source */
 448:Drivers/STM32L4xx_HAL_Driver/Src/stm32l4xx_hal_rcc_ex.c ****     __HAL_RCC_UART4_CONFIG(PeriphClkInit->Uart4ClockSelection);
 449:Drivers/STM32L4xx_HAL_Driver/Src/stm32l4xx_hal_rcc_ex.c ****   }
 450:Drivers/STM32L4xx_HAL_Driver/Src/stm32l4xx_hal_rcc_ex.c **** 
 451:Drivers/STM32L4xx_HAL_Driver/Src/stm32l4xx_hal_rcc_ex.c **** #endif /* UART4 */
 452:Drivers/STM32L4xx_HAL_Driver/Src/stm32l4xx_hal_rcc_ex.c **** 
 453:Drivers/STM32L4xx_HAL_Driver/Src/stm32l4xx_hal_rcc_ex.c **** #if defined(UART5)
 454:Drivers/STM32L4xx_HAL_Driver/Src/stm32l4xx_hal_rcc_ex.c **** 
 455:Drivers/STM32L4xx_HAL_Driver/Src/stm32l4xx_hal_rcc_ex.c ****   /*-------------------------- UART5 clock source configuration --------------------*/
 456:Drivers/STM32L4xx_HAL_Driver/Src/stm32l4xx_hal_rcc_ex.c ****   if(((PeriphClkInit->PeriphClockSelection) & RCC_PERIPHCLK_UART5) == RCC_PERIPHCLK_UART5)
 457:Drivers/STM32L4xx_HAL_Driver/Src/stm32l4xx_hal_rcc_ex.c ****   {
 458:Drivers/STM32L4xx_HAL_Driver/Src/stm32l4xx_hal_rcc_ex.c ****     /* Check the parameters */
 459:Drivers/STM32L4xx_HAL_Driver/Src/stm32l4xx_hal_rcc_ex.c ****     assert_param(IS_RCC_UART5CLKSOURCE(PeriphClkInit->Uart5ClockSelection));
 460:Drivers/STM32L4xx_HAL_Driver/Src/stm32l4xx_hal_rcc_ex.c **** 
 461:Drivers/STM32L4xx_HAL_Driver/Src/stm32l4xx_hal_rcc_ex.c ****     /* Configure the UART5 clock source */
 462:Drivers/STM32L4xx_HAL_Driver/Src/stm32l4xx_hal_rcc_ex.c ****     __HAL_RCC_UART5_CONFIG(PeriphClkInit->Uart5ClockSelection);
 463:Drivers/STM32L4xx_HAL_Driver/Src/stm32l4xx_hal_rcc_ex.c ****   }
 464:Drivers/STM32L4xx_HAL_Driver/Src/stm32l4xx_hal_rcc_ex.c **** 
 465:Drivers/STM32L4xx_HAL_Driver/Src/stm32l4xx_hal_rcc_ex.c **** #endif /* UART5 */
 466:Drivers/STM32L4xx_HAL_Driver/Src/stm32l4xx_hal_rcc_ex.c **** 
 467:Drivers/STM32L4xx_HAL_Driver/Src/stm32l4xx_hal_rcc_ex.c ****   /*-------------------------- LPUART1 clock source configuration ------------------*/
 468:Drivers/STM32L4xx_HAL_Driver/Src/stm32l4xx_hal_rcc_ex.c ****   if(((PeriphClkInit->PeriphClockSelection) & RCC_PERIPHCLK_LPUART1) == RCC_PERIPHCLK_LPUART1)
 469:Drivers/STM32L4xx_HAL_Driver/Src/stm32l4xx_hal_rcc_ex.c ****   {
 470:Drivers/STM32L4xx_HAL_Driver/Src/stm32l4xx_hal_rcc_ex.c ****     /* Check the parameters */
 471:Drivers/STM32L4xx_HAL_Driver/Src/stm32l4xx_hal_rcc_ex.c ****     assert_param(IS_RCC_LPUART1CLKSOURCE(PeriphClkInit->Lpuart1ClockSelection));
 472:Drivers/STM32L4xx_HAL_Driver/Src/stm32l4xx_hal_rcc_ex.c **** 
 473:Drivers/STM32L4xx_HAL_Driver/Src/stm32l4xx_hal_rcc_ex.c ****     /* Configure the LPUART1 clock source */
 474:Drivers/STM32L4xx_HAL_Driver/Src/stm32l4xx_hal_rcc_ex.c ****     __HAL_RCC_LPUART1_CONFIG(PeriphClkInit->Lpuart1ClockSelection);
 475:Drivers/STM32L4xx_HAL_Driver/Src/stm32l4xx_hal_rcc_ex.c ****   }
 476:Drivers/STM32L4xx_HAL_Driver/Src/stm32l4xx_hal_rcc_ex.c **** 
 477:Drivers/STM32L4xx_HAL_Driver/Src/stm32l4xx_hal_rcc_ex.c ****   /*-------------------------- LPTIM1 clock source configuration -------------------*/
 478:Drivers/STM32L4xx_HAL_Driver/Src/stm32l4xx_hal_rcc_ex.c ****   if(((PeriphClkInit->PeriphClockSelection) & RCC_PERIPHCLK_LPTIM1) == (RCC_PERIPHCLK_LPTIM1))
 479:Drivers/STM32L4xx_HAL_Driver/Src/stm32l4xx_hal_rcc_ex.c ****   {
 480:Drivers/STM32L4xx_HAL_Driver/Src/stm32l4xx_hal_rcc_ex.c ****     assert_param(IS_RCC_LPTIM1CLK(PeriphClkInit->Lptim1ClockSelection));
 481:Drivers/STM32L4xx_HAL_Driver/Src/stm32l4xx_hal_rcc_ex.c ****     __HAL_RCC_LPTIM1_CONFIG(PeriphClkInit->Lptim1ClockSelection);
 482:Drivers/STM32L4xx_HAL_Driver/Src/stm32l4xx_hal_rcc_ex.c ****   }
 483:Drivers/STM32L4xx_HAL_Driver/Src/stm32l4xx_hal_rcc_ex.c **** 
 484:Drivers/STM32L4xx_HAL_Driver/Src/stm32l4xx_hal_rcc_ex.c ****   /*-------------------------- LPTIM2 clock source configuration -------------------*/
 485:Drivers/STM32L4xx_HAL_Driver/Src/stm32l4xx_hal_rcc_ex.c ****   if(((PeriphClkInit->PeriphClockSelection) & RCC_PERIPHCLK_LPTIM2) == (RCC_PERIPHCLK_LPTIM2))
 486:Drivers/STM32L4xx_HAL_Driver/Src/stm32l4xx_hal_rcc_ex.c ****   {
ARM GAS  C:\Users\adisa\AppData\Local\Temp\ccmroX4q.s 			page 10


 487:Drivers/STM32L4xx_HAL_Driver/Src/stm32l4xx_hal_rcc_ex.c ****     assert_param(IS_RCC_LPTIM2CLK(PeriphClkInit->Lptim2ClockSelection));
 488:Drivers/STM32L4xx_HAL_Driver/Src/stm32l4xx_hal_rcc_ex.c ****     __HAL_RCC_LPTIM2_CONFIG(PeriphClkInit->Lptim2ClockSelection);
 489:Drivers/STM32L4xx_HAL_Driver/Src/stm32l4xx_hal_rcc_ex.c ****   }
 490:Drivers/STM32L4xx_HAL_Driver/Src/stm32l4xx_hal_rcc_ex.c **** 
 491:Drivers/STM32L4xx_HAL_Driver/Src/stm32l4xx_hal_rcc_ex.c ****   /*-------------------------- I2C1 clock source configuration ---------------------*/
 492:Drivers/STM32L4xx_HAL_Driver/Src/stm32l4xx_hal_rcc_ex.c ****   if(((PeriphClkInit->PeriphClockSelection) & RCC_PERIPHCLK_I2C1) == RCC_PERIPHCLK_I2C1)
 493:Drivers/STM32L4xx_HAL_Driver/Src/stm32l4xx_hal_rcc_ex.c ****   {
 494:Drivers/STM32L4xx_HAL_Driver/Src/stm32l4xx_hal_rcc_ex.c ****     /* Check the parameters */
 495:Drivers/STM32L4xx_HAL_Driver/Src/stm32l4xx_hal_rcc_ex.c ****     assert_param(IS_RCC_I2C1CLKSOURCE(PeriphClkInit->I2c1ClockSelection));
 496:Drivers/STM32L4xx_HAL_Driver/Src/stm32l4xx_hal_rcc_ex.c **** 
 497:Drivers/STM32L4xx_HAL_Driver/Src/stm32l4xx_hal_rcc_ex.c ****     /* Configure the I2C1 clock source */
 498:Drivers/STM32L4xx_HAL_Driver/Src/stm32l4xx_hal_rcc_ex.c ****     __HAL_RCC_I2C1_CONFIG(PeriphClkInit->I2c1ClockSelection);
 499:Drivers/STM32L4xx_HAL_Driver/Src/stm32l4xx_hal_rcc_ex.c ****   }
 500:Drivers/STM32L4xx_HAL_Driver/Src/stm32l4xx_hal_rcc_ex.c **** 
 501:Drivers/STM32L4xx_HAL_Driver/Src/stm32l4xx_hal_rcc_ex.c **** #if defined(I2C2)
 502:Drivers/STM32L4xx_HAL_Driver/Src/stm32l4xx_hal_rcc_ex.c **** 
 503:Drivers/STM32L4xx_HAL_Driver/Src/stm32l4xx_hal_rcc_ex.c ****   /*-------------------------- I2C2 clock source configuration ---------------------*/
 504:Drivers/STM32L4xx_HAL_Driver/Src/stm32l4xx_hal_rcc_ex.c ****   if(((PeriphClkInit->PeriphClockSelection) & RCC_PERIPHCLK_I2C2) == RCC_PERIPHCLK_I2C2)
 505:Drivers/STM32L4xx_HAL_Driver/Src/stm32l4xx_hal_rcc_ex.c ****   {
 506:Drivers/STM32L4xx_HAL_Driver/Src/stm32l4xx_hal_rcc_ex.c ****     /* Check the parameters */
 507:Drivers/STM32L4xx_HAL_Driver/Src/stm32l4xx_hal_rcc_ex.c ****     assert_param(IS_RCC_I2C2CLKSOURCE(PeriphClkInit->I2c2ClockSelection));
 508:Drivers/STM32L4xx_HAL_Driver/Src/stm32l4xx_hal_rcc_ex.c **** 
 509:Drivers/STM32L4xx_HAL_Driver/Src/stm32l4xx_hal_rcc_ex.c ****     /* Configure the I2C2 clock source */
 510:Drivers/STM32L4xx_HAL_Driver/Src/stm32l4xx_hal_rcc_ex.c ****     __HAL_RCC_I2C2_CONFIG(PeriphClkInit->I2c2ClockSelection);
 511:Drivers/STM32L4xx_HAL_Driver/Src/stm32l4xx_hal_rcc_ex.c ****   }
 512:Drivers/STM32L4xx_HAL_Driver/Src/stm32l4xx_hal_rcc_ex.c **** 
 513:Drivers/STM32L4xx_HAL_Driver/Src/stm32l4xx_hal_rcc_ex.c **** #endif /* I2C2 */
 514:Drivers/STM32L4xx_HAL_Driver/Src/stm32l4xx_hal_rcc_ex.c **** 
 515:Drivers/STM32L4xx_HAL_Driver/Src/stm32l4xx_hal_rcc_ex.c ****   /*-------------------------- I2C3 clock source configuration ---------------------*/
 516:Drivers/STM32L4xx_HAL_Driver/Src/stm32l4xx_hal_rcc_ex.c ****   if(((PeriphClkInit->PeriphClockSelection) & RCC_PERIPHCLK_I2C3) == RCC_PERIPHCLK_I2C3)
 517:Drivers/STM32L4xx_HAL_Driver/Src/stm32l4xx_hal_rcc_ex.c ****   {
 518:Drivers/STM32L4xx_HAL_Driver/Src/stm32l4xx_hal_rcc_ex.c ****     /* Check the parameters */
 519:Drivers/STM32L4xx_HAL_Driver/Src/stm32l4xx_hal_rcc_ex.c ****     assert_param(IS_RCC_I2C3CLKSOURCE(PeriphClkInit->I2c3ClockSelection));
 520:Drivers/STM32L4xx_HAL_Driver/Src/stm32l4xx_hal_rcc_ex.c **** 
 521:Drivers/STM32L4xx_HAL_Driver/Src/stm32l4xx_hal_rcc_ex.c ****     /* Configure the I2C3 clock source */
 522:Drivers/STM32L4xx_HAL_Driver/Src/stm32l4xx_hal_rcc_ex.c ****     __HAL_RCC_I2C3_CONFIG(PeriphClkInit->I2c3ClockSelection);
 523:Drivers/STM32L4xx_HAL_Driver/Src/stm32l4xx_hal_rcc_ex.c ****   }
 524:Drivers/STM32L4xx_HAL_Driver/Src/stm32l4xx_hal_rcc_ex.c **** 
 525:Drivers/STM32L4xx_HAL_Driver/Src/stm32l4xx_hal_rcc_ex.c **** #if defined(I2C4)
 526:Drivers/STM32L4xx_HAL_Driver/Src/stm32l4xx_hal_rcc_ex.c **** 
 527:Drivers/STM32L4xx_HAL_Driver/Src/stm32l4xx_hal_rcc_ex.c ****   /*-------------------------- I2C4 clock source configuration ---------------------*/
 528:Drivers/STM32L4xx_HAL_Driver/Src/stm32l4xx_hal_rcc_ex.c ****   if(((PeriphClkInit->PeriphClockSelection) & RCC_PERIPHCLK_I2C4) == RCC_PERIPHCLK_I2C4)
 529:Drivers/STM32L4xx_HAL_Driver/Src/stm32l4xx_hal_rcc_ex.c ****   {
 530:Drivers/STM32L4xx_HAL_Driver/Src/stm32l4xx_hal_rcc_ex.c ****     /* Check the parameters */
 531:Drivers/STM32L4xx_HAL_Driver/Src/stm32l4xx_hal_rcc_ex.c ****     assert_param(IS_RCC_I2C4CLKSOURCE(PeriphClkInit->I2c4ClockSelection));
 532:Drivers/STM32L4xx_HAL_Driver/Src/stm32l4xx_hal_rcc_ex.c **** 
 533:Drivers/STM32L4xx_HAL_Driver/Src/stm32l4xx_hal_rcc_ex.c ****     /* Configure the I2C4 clock source */
 534:Drivers/STM32L4xx_HAL_Driver/Src/stm32l4xx_hal_rcc_ex.c ****     __HAL_RCC_I2C4_CONFIG(PeriphClkInit->I2c4ClockSelection);
 535:Drivers/STM32L4xx_HAL_Driver/Src/stm32l4xx_hal_rcc_ex.c ****   }
 536:Drivers/STM32L4xx_HAL_Driver/Src/stm32l4xx_hal_rcc_ex.c **** 
 537:Drivers/STM32L4xx_HAL_Driver/Src/stm32l4xx_hal_rcc_ex.c **** #endif /* I2C4 */
 538:Drivers/STM32L4xx_HAL_Driver/Src/stm32l4xx_hal_rcc_ex.c **** 
 539:Drivers/STM32L4xx_HAL_Driver/Src/stm32l4xx_hal_rcc_ex.c **** #if defined(USB_OTG_FS) || defined(USB)
 540:Drivers/STM32L4xx_HAL_Driver/Src/stm32l4xx_hal_rcc_ex.c **** 
 541:Drivers/STM32L4xx_HAL_Driver/Src/stm32l4xx_hal_rcc_ex.c ****   /*-------------------------- USB clock source configuration ----------------------*/
 542:Drivers/STM32L4xx_HAL_Driver/Src/stm32l4xx_hal_rcc_ex.c ****   if(((PeriphClkInit->PeriphClockSelection) & RCC_PERIPHCLK_USB) == (RCC_PERIPHCLK_USB))
 543:Drivers/STM32L4xx_HAL_Driver/Src/stm32l4xx_hal_rcc_ex.c ****   {
ARM GAS  C:\Users\adisa\AppData\Local\Temp\ccmroX4q.s 			page 11


 544:Drivers/STM32L4xx_HAL_Driver/Src/stm32l4xx_hal_rcc_ex.c ****     assert_param(IS_RCC_USBCLKSOURCE(PeriphClkInit->UsbClockSelection));
 545:Drivers/STM32L4xx_HAL_Driver/Src/stm32l4xx_hal_rcc_ex.c ****     __HAL_RCC_USB_CONFIG(PeriphClkInit->UsbClockSelection);
 546:Drivers/STM32L4xx_HAL_Driver/Src/stm32l4xx_hal_rcc_ex.c **** 
 547:Drivers/STM32L4xx_HAL_Driver/Src/stm32l4xx_hal_rcc_ex.c ****     if(PeriphClkInit->UsbClockSelection == RCC_USBCLKSOURCE_PLL)
 548:Drivers/STM32L4xx_HAL_Driver/Src/stm32l4xx_hal_rcc_ex.c ****     {
 549:Drivers/STM32L4xx_HAL_Driver/Src/stm32l4xx_hal_rcc_ex.c ****       /* Enable PLL48M1CLK output clock */
 550:Drivers/STM32L4xx_HAL_Driver/Src/stm32l4xx_hal_rcc_ex.c ****       __HAL_RCC_PLLCLKOUT_ENABLE(RCC_PLL_48M1CLK);
 551:Drivers/STM32L4xx_HAL_Driver/Src/stm32l4xx_hal_rcc_ex.c ****     }
 552:Drivers/STM32L4xx_HAL_Driver/Src/stm32l4xx_hal_rcc_ex.c ****     else
 553:Drivers/STM32L4xx_HAL_Driver/Src/stm32l4xx_hal_rcc_ex.c ****     {
 554:Drivers/STM32L4xx_HAL_Driver/Src/stm32l4xx_hal_rcc_ex.c **** #if defined(RCC_PLLSAI1_SUPPORT)
 555:Drivers/STM32L4xx_HAL_Driver/Src/stm32l4xx_hal_rcc_ex.c ****       if(PeriphClkInit->UsbClockSelection == RCC_USBCLKSOURCE_PLLSAI1)
 556:Drivers/STM32L4xx_HAL_Driver/Src/stm32l4xx_hal_rcc_ex.c ****       {
 557:Drivers/STM32L4xx_HAL_Driver/Src/stm32l4xx_hal_rcc_ex.c ****         /* PLLSAI1 input clock, parameters M, N & Q configuration and clock output (PLLSAI1ClockOut
 558:Drivers/STM32L4xx_HAL_Driver/Src/stm32l4xx_hal_rcc_ex.c ****         ret = RCCEx_PLLSAI1_Config(&(PeriphClkInit->PLLSAI1), DIVIDER_Q_UPDATE);
 559:Drivers/STM32L4xx_HAL_Driver/Src/stm32l4xx_hal_rcc_ex.c **** 
 560:Drivers/STM32L4xx_HAL_Driver/Src/stm32l4xx_hal_rcc_ex.c ****         if(ret != HAL_OK)
 561:Drivers/STM32L4xx_HAL_Driver/Src/stm32l4xx_hal_rcc_ex.c ****         {
 562:Drivers/STM32L4xx_HAL_Driver/Src/stm32l4xx_hal_rcc_ex.c ****           /* set overall return value */
 563:Drivers/STM32L4xx_HAL_Driver/Src/stm32l4xx_hal_rcc_ex.c ****           status = ret;
 564:Drivers/STM32L4xx_HAL_Driver/Src/stm32l4xx_hal_rcc_ex.c ****         }
 565:Drivers/STM32L4xx_HAL_Driver/Src/stm32l4xx_hal_rcc_ex.c ****       }
 566:Drivers/STM32L4xx_HAL_Driver/Src/stm32l4xx_hal_rcc_ex.c **** #endif /* RCC_PLLSAI1_SUPPORT */
 567:Drivers/STM32L4xx_HAL_Driver/Src/stm32l4xx_hal_rcc_ex.c ****     }
 568:Drivers/STM32L4xx_HAL_Driver/Src/stm32l4xx_hal_rcc_ex.c ****   }
 569:Drivers/STM32L4xx_HAL_Driver/Src/stm32l4xx_hal_rcc_ex.c **** 
 570:Drivers/STM32L4xx_HAL_Driver/Src/stm32l4xx_hal_rcc_ex.c **** #endif /* USB_OTG_FS || USB */
 571:Drivers/STM32L4xx_HAL_Driver/Src/stm32l4xx_hal_rcc_ex.c **** 
 572:Drivers/STM32L4xx_HAL_Driver/Src/stm32l4xx_hal_rcc_ex.c **** #if defined(SDMMC1)
 573:Drivers/STM32L4xx_HAL_Driver/Src/stm32l4xx_hal_rcc_ex.c **** 
 574:Drivers/STM32L4xx_HAL_Driver/Src/stm32l4xx_hal_rcc_ex.c ****   /*-------------------------- SDMMC1 clock source configuration -------------------*/
 575:Drivers/STM32L4xx_HAL_Driver/Src/stm32l4xx_hal_rcc_ex.c ****   if(((PeriphClkInit->PeriphClockSelection) & RCC_PERIPHCLK_SDMMC1) == (RCC_PERIPHCLK_SDMMC1))
 576:Drivers/STM32L4xx_HAL_Driver/Src/stm32l4xx_hal_rcc_ex.c ****   {
 577:Drivers/STM32L4xx_HAL_Driver/Src/stm32l4xx_hal_rcc_ex.c ****     assert_param(IS_RCC_SDMMC1CLKSOURCE(PeriphClkInit->Sdmmc1ClockSelection));
 578:Drivers/STM32L4xx_HAL_Driver/Src/stm32l4xx_hal_rcc_ex.c ****     __HAL_RCC_SDMMC1_CONFIG(PeriphClkInit->Sdmmc1ClockSelection);
 579:Drivers/STM32L4xx_HAL_Driver/Src/stm32l4xx_hal_rcc_ex.c **** 
 580:Drivers/STM32L4xx_HAL_Driver/Src/stm32l4xx_hal_rcc_ex.c ****     if(PeriphClkInit->Sdmmc1ClockSelection == RCC_SDMMC1CLKSOURCE_PLL)   /* PLL "Q" ? */
 581:Drivers/STM32L4xx_HAL_Driver/Src/stm32l4xx_hal_rcc_ex.c ****     {
 582:Drivers/STM32L4xx_HAL_Driver/Src/stm32l4xx_hal_rcc_ex.c ****       /* Enable PLL48M1CLK output clock */
 583:Drivers/STM32L4xx_HAL_Driver/Src/stm32l4xx_hal_rcc_ex.c ****       __HAL_RCC_PLLCLKOUT_ENABLE(RCC_PLL_48M1CLK);
 584:Drivers/STM32L4xx_HAL_Driver/Src/stm32l4xx_hal_rcc_ex.c ****     }
 585:Drivers/STM32L4xx_HAL_Driver/Src/stm32l4xx_hal_rcc_ex.c **** #if defined(RCC_CCIPR2_SDMMCSEL)
 586:Drivers/STM32L4xx_HAL_Driver/Src/stm32l4xx_hal_rcc_ex.c ****     else if(PeriphClkInit->Sdmmc1ClockSelection == RCC_SDMMC1CLKSOURCE_PLLP) /* PLL "P" ? */
 587:Drivers/STM32L4xx_HAL_Driver/Src/stm32l4xx_hal_rcc_ex.c ****     {
 588:Drivers/STM32L4xx_HAL_Driver/Src/stm32l4xx_hal_rcc_ex.c ****       /* Enable PLLSAI3CLK output */
 589:Drivers/STM32L4xx_HAL_Driver/Src/stm32l4xx_hal_rcc_ex.c ****       __HAL_RCC_PLLCLKOUT_ENABLE(RCC_PLL_SAI3CLK);
 590:Drivers/STM32L4xx_HAL_Driver/Src/stm32l4xx_hal_rcc_ex.c ****     }
 591:Drivers/STM32L4xx_HAL_Driver/Src/stm32l4xx_hal_rcc_ex.c **** #endif
 592:Drivers/STM32L4xx_HAL_Driver/Src/stm32l4xx_hal_rcc_ex.c ****     else if(PeriphClkInit->Sdmmc1ClockSelection == RCC_SDMMC1CLKSOURCE_PLLSAI1)
 593:Drivers/STM32L4xx_HAL_Driver/Src/stm32l4xx_hal_rcc_ex.c ****     {
 594:Drivers/STM32L4xx_HAL_Driver/Src/stm32l4xx_hal_rcc_ex.c ****       /* PLLSAI1 input clock, parameters M, N & Q configuration and clock output (PLLSAI1ClockOut) 
 595:Drivers/STM32L4xx_HAL_Driver/Src/stm32l4xx_hal_rcc_ex.c ****       ret = RCCEx_PLLSAI1_Config(&(PeriphClkInit->PLLSAI1), DIVIDER_Q_UPDATE);
 596:Drivers/STM32L4xx_HAL_Driver/Src/stm32l4xx_hal_rcc_ex.c **** 
 597:Drivers/STM32L4xx_HAL_Driver/Src/stm32l4xx_hal_rcc_ex.c ****       if(ret != HAL_OK)
 598:Drivers/STM32L4xx_HAL_Driver/Src/stm32l4xx_hal_rcc_ex.c ****       {
 599:Drivers/STM32L4xx_HAL_Driver/Src/stm32l4xx_hal_rcc_ex.c ****         /* set overall return value */
 600:Drivers/STM32L4xx_HAL_Driver/Src/stm32l4xx_hal_rcc_ex.c ****         status = ret;
ARM GAS  C:\Users\adisa\AppData\Local\Temp\ccmroX4q.s 			page 12


 601:Drivers/STM32L4xx_HAL_Driver/Src/stm32l4xx_hal_rcc_ex.c ****       }
 602:Drivers/STM32L4xx_HAL_Driver/Src/stm32l4xx_hal_rcc_ex.c ****     }
 603:Drivers/STM32L4xx_HAL_Driver/Src/stm32l4xx_hal_rcc_ex.c ****     else
 604:Drivers/STM32L4xx_HAL_Driver/Src/stm32l4xx_hal_rcc_ex.c ****     {
 605:Drivers/STM32L4xx_HAL_Driver/Src/stm32l4xx_hal_rcc_ex.c ****       /* nothing to do */
 606:Drivers/STM32L4xx_HAL_Driver/Src/stm32l4xx_hal_rcc_ex.c ****     }
 607:Drivers/STM32L4xx_HAL_Driver/Src/stm32l4xx_hal_rcc_ex.c ****   }
 608:Drivers/STM32L4xx_HAL_Driver/Src/stm32l4xx_hal_rcc_ex.c **** 
 609:Drivers/STM32L4xx_HAL_Driver/Src/stm32l4xx_hal_rcc_ex.c **** #endif /* SDMMC1 */
 610:Drivers/STM32L4xx_HAL_Driver/Src/stm32l4xx_hal_rcc_ex.c **** 
 611:Drivers/STM32L4xx_HAL_Driver/Src/stm32l4xx_hal_rcc_ex.c ****   /*-------------------------- RNG clock source configuration ----------------------*/
 612:Drivers/STM32L4xx_HAL_Driver/Src/stm32l4xx_hal_rcc_ex.c ****   if(((PeriphClkInit->PeriphClockSelection) & RCC_PERIPHCLK_RNG) == (RCC_PERIPHCLK_RNG))
 613:Drivers/STM32L4xx_HAL_Driver/Src/stm32l4xx_hal_rcc_ex.c ****   {
 614:Drivers/STM32L4xx_HAL_Driver/Src/stm32l4xx_hal_rcc_ex.c ****     assert_param(IS_RCC_RNGCLKSOURCE(PeriphClkInit->RngClockSelection));
 615:Drivers/STM32L4xx_HAL_Driver/Src/stm32l4xx_hal_rcc_ex.c ****     __HAL_RCC_RNG_CONFIG(PeriphClkInit->RngClockSelection);
 616:Drivers/STM32L4xx_HAL_Driver/Src/stm32l4xx_hal_rcc_ex.c **** 
 617:Drivers/STM32L4xx_HAL_Driver/Src/stm32l4xx_hal_rcc_ex.c ****     if(PeriphClkInit->RngClockSelection == RCC_RNGCLKSOURCE_PLL)
 618:Drivers/STM32L4xx_HAL_Driver/Src/stm32l4xx_hal_rcc_ex.c ****     {
 619:Drivers/STM32L4xx_HAL_Driver/Src/stm32l4xx_hal_rcc_ex.c ****       /* Enable PLL48M1CLK output clock */
 620:Drivers/STM32L4xx_HAL_Driver/Src/stm32l4xx_hal_rcc_ex.c ****       __HAL_RCC_PLLCLKOUT_ENABLE(RCC_PLL_48M1CLK);
 621:Drivers/STM32L4xx_HAL_Driver/Src/stm32l4xx_hal_rcc_ex.c ****     }
 622:Drivers/STM32L4xx_HAL_Driver/Src/stm32l4xx_hal_rcc_ex.c **** #if defined(RCC_PLLSAI1_SUPPORT)
 623:Drivers/STM32L4xx_HAL_Driver/Src/stm32l4xx_hal_rcc_ex.c ****     else if(PeriphClkInit->RngClockSelection == RCC_RNGCLKSOURCE_PLLSAI1)
 624:Drivers/STM32L4xx_HAL_Driver/Src/stm32l4xx_hal_rcc_ex.c ****     {
 625:Drivers/STM32L4xx_HAL_Driver/Src/stm32l4xx_hal_rcc_ex.c ****       /* PLLSAI1 input clock, parameters M, N & Q configuration and clock output (PLLSAI1ClockOut) 
 626:Drivers/STM32L4xx_HAL_Driver/Src/stm32l4xx_hal_rcc_ex.c ****       ret = RCCEx_PLLSAI1_Config(&(PeriphClkInit->PLLSAI1), DIVIDER_Q_UPDATE);
 627:Drivers/STM32L4xx_HAL_Driver/Src/stm32l4xx_hal_rcc_ex.c **** 
 628:Drivers/STM32L4xx_HAL_Driver/Src/stm32l4xx_hal_rcc_ex.c ****       if(ret != HAL_OK)
 629:Drivers/STM32L4xx_HAL_Driver/Src/stm32l4xx_hal_rcc_ex.c ****       {
 630:Drivers/STM32L4xx_HAL_Driver/Src/stm32l4xx_hal_rcc_ex.c ****         /* set overall return value */
 631:Drivers/STM32L4xx_HAL_Driver/Src/stm32l4xx_hal_rcc_ex.c ****         status = ret;
 632:Drivers/STM32L4xx_HAL_Driver/Src/stm32l4xx_hal_rcc_ex.c ****       }
 633:Drivers/STM32L4xx_HAL_Driver/Src/stm32l4xx_hal_rcc_ex.c ****     }
 634:Drivers/STM32L4xx_HAL_Driver/Src/stm32l4xx_hal_rcc_ex.c **** #endif /* RCC_PLLSAI1_SUPPORT */
 635:Drivers/STM32L4xx_HAL_Driver/Src/stm32l4xx_hal_rcc_ex.c ****     else
 636:Drivers/STM32L4xx_HAL_Driver/Src/stm32l4xx_hal_rcc_ex.c ****     {
 637:Drivers/STM32L4xx_HAL_Driver/Src/stm32l4xx_hal_rcc_ex.c ****       /* nothing to do */
 638:Drivers/STM32L4xx_HAL_Driver/Src/stm32l4xx_hal_rcc_ex.c ****     }
 639:Drivers/STM32L4xx_HAL_Driver/Src/stm32l4xx_hal_rcc_ex.c ****   }
 640:Drivers/STM32L4xx_HAL_Driver/Src/stm32l4xx_hal_rcc_ex.c **** 
 641:Drivers/STM32L4xx_HAL_Driver/Src/stm32l4xx_hal_rcc_ex.c ****   /*-------------------------- ADC clock source configuration ----------------------*/
 642:Drivers/STM32L4xx_HAL_Driver/Src/stm32l4xx_hal_rcc_ex.c **** #if !defined(STM32L412xx) && !defined(STM32L422xx)
 643:Drivers/STM32L4xx_HAL_Driver/Src/stm32l4xx_hal_rcc_ex.c ****   if(((PeriphClkInit->PeriphClockSelection) & RCC_PERIPHCLK_ADC) == RCC_PERIPHCLK_ADC)
 644:Drivers/STM32L4xx_HAL_Driver/Src/stm32l4xx_hal_rcc_ex.c ****   {
 645:Drivers/STM32L4xx_HAL_Driver/Src/stm32l4xx_hal_rcc_ex.c ****     /* Check the parameters */
 646:Drivers/STM32L4xx_HAL_Driver/Src/stm32l4xx_hal_rcc_ex.c ****     assert_param(IS_RCC_ADCCLKSOURCE(PeriphClkInit->AdcClockSelection));
 647:Drivers/STM32L4xx_HAL_Driver/Src/stm32l4xx_hal_rcc_ex.c **** 
 648:Drivers/STM32L4xx_HAL_Driver/Src/stm32l4xx_hal_rcc_ex.c ****     /* Configure the ADC interface clock source */
 649:Drivers/STM32L4xx_HAL_Driver/Src/stm32l4xx_hal_rcc_ex.c ****     __HAL_RCC_ADC_CONFIG(PeriphClkInit->AdcClockSelection);
 650:Drivers/STM32L4xx_HAL_Driver/Src/stm32l4xx_hal_rcc_ex.c **** 
 651:Drivers/STM32L4xx_HAL_Driver/Src/stm32l4xx_hal_rcc_ex.c **** #if defined(RCC_PLLSAI1_SUPPORT)
 652:Drivers/STM32L4xx_HAL_Driver/Src/stm32l4xx_hal_rcc_ex.c ****     if(PeriphClkInit->AdcClockSelection == RCC_ADCCLKSOURCE_PLLSAI1)
 653:Drivers/STM32L4xx_HAL_Driver/Src/stm32l4xx_hal_rcc_ex.c ****     {
 654:Drivers/STM32L4xx_HAL_Driver/Src/stm32l4xx_hal_rcc_ex.c ****       /* PLLSAI1 input clock, parameters M, N & R configuration and clock output (PLLSAI1ClockOut) 
 655:Drivers/STM32L4xx_HAL_Driver/Src/stm32l4xx_hal_rcc_ex.c ****       ret = RCCEx_PLLSAI1_Config(&(PeriphClkInit->PLLSAI1), DIVIDER_R_UPDATE);
 656:Drivers/STM32L4xx_HAL_Driver/Src/stm32l4xx_hal_rcc_ex.c **** 
 657:Drivers/STM32L4xx_HAL_Driver/Src/stm32l4xx_hal_rcc_ex.c ****       if(ret != HAL_OK)
ARM GAS  C:\Users\adisa\AppData\Local\Temp\ccmroX4q.s 			page 13


 658:Drivers/STM32L4xx_HAL_Driver/Src/stm32l4xx_hal_rcc_ex.c ****       {
 659:Drivers/STM32L4xx_HAL_Driver/Src/stm32l4xx_hal_rcc_ex.c ****         /* set overall return value */
 660:Drivers/STM32L4xx_HAL_Driver/Src/stm32l4xx_hal_rcc_ex.c ****         status = ret;
 661:Drivers/STM32L4xx_HAL_Driver/Src/stm32l4xx_hal_rcc_ex.c ****       }
 662:Drivers/STM32L4xx_HAL_Driver/Src/stm32l4xx_hal_rcc_ex.c ****     }
 663:Drivers/STM32L4xx_HAL_Driver/Src/stm32l4xx_hal_rcc_ex.c **** #endif /* RCC_PLLSAI1_SUPPORT */
 664:Drivers/STM32L4xx_HAL_Driver/Src/stm32l4xx_hal_rcc_ex.c **** 
 665:Drivers/STM32L4xx_HAL_Driver/Src/stm32l4xx_hal_rcc_ex.c **** #if defined(STM32L471xx) || defined(STM32L475xx) || defined(STM32L476xx) || defined(STM32L485xx) ||
 666:Drivers/STM32L4xx_HAL_Driver/Src/stm32l4xx_hal_rcc_ex.c **** 
 667:Drivers/STM32L4xx_HAL_Driver/Src/stm32l4xx_hal_rcc_ex.c ****     else if(PeriphClkInit->AdcClockSelection == RCC_ADCCLKSOURCE_PLLSAI2)
 668:Drivers/STM32L4xx_HAL_Driver/Src/stm32l4xx_hal_rcc_ex.c ****     {
 669:Drivers/STM32L4xx_HAL_Driver/Src/stm32l4xx_hal_rcc_ex.c ****       /* PLLSAI2 input clock, parameters M, N & R configuration and clock output (PLLSAI2ClockOut) 
 670:Drivers/STM32L4xx_HAL_Driver/Src/stm32l4xx_hal_rcc_ex.c ****       ret = RCCEx_PLLSAI2_Config(&(PeriphClkInit->PLLSAI2), DIVIDER_R_UPDATE);
 671:Drivers/STM32L4xx_HAL_Driver/Src/stm32l4xx_hal_rcc_ex.c **** 
 672:Drivers/STM32L4xx_HAL_Driver/Src/stm32l4xx_hal_rcc_ex.c ****       if(ret != HAL_OK)
 673:Drivers/STM32L4xx_HAL_Driver/Src/stm32l4xx_hal_rcc_ex.c ****       {
 674:Drivers/STM32L4xx_HAL_Driver/Src/stm32l4xx_hal_rcc_ex.c ****         /* set overall return value */
 675:Drivers/STM32L4xx_HAL_Driver/Src/stm32l4xx_hal_rcc_ex.c ****         status = ret;
 676:Drivers/STM32L4xx_HAL_Driver/Src/stm32l4xx_hal_rcc_ex.c ****       }
 677:Drivers/STM32L4xx_HAL_Driver/Src/stm32l4xx_hal_rcc_ex.c ****     }
 678:Drivers/STM32L4xx_HAL_Driver/Src/stm32l4xx_hal_rcc_ex.c ****     else
 679:Drivers/STM32L4xx_HAL_Driver/Src/stm32l4xx_hal_rcc_ex.c ****     {
 680:Drivers/STM32L4xx_HAL_Driver/Src/stm32l4xx_hal_rcc_ex.c ****       /* nothing to do */
 681:Drivers/STM32L4xx_HAL_Driver/Src/stm32l4xx_hal_rcc_ex.c ****     }
 682:Drivers/STM32L4xx_HAL_Driver/Src/stm32l4xx_hal_rcc_ex.c **** 
 683:Drivers/STM32L4xx_HAL_Driver/Src/stm32l4xx_hal_rcc_ex.c **** #endif /* STM32L471xx || STM32L475xx || STM32L476xx || STM32L485xx || STM32L486xx || STM32L496xx ||
 684:Drivers/STM32L4xx_HAL_Driver/Src/stm32l4xx_hal_rcc_ex.c **** 
 685:Drivers/STM32L4xx_HAL_Driver/Src/stm32l4xx_hal_rcc_ex.c ****   }
 686:Drivers/STM32L4xx_HAL_Driver/Src/stm32l4xx_hal_rcc_ex.c **** #endif /* !STM32L412xx && !STM32L422xx */
 687:Drivers/STM32L4xx_HAL_Driver/Src/stm32l4xx_hal_rcc_ex.c **** 
 688:Drivers/STM32L4xx_HAL_Driver/Src/stm32l4xx_hal_rcc_ex.c **** #if defined(SWPMI1)
 689:Drivers/STM32L4xx_HAL_Driver/Src/stm32l4xx_hal_rcc_ex.c **** 
 690:Drivers/STM32L4xx_HAL_Driver/Src/stm32l4xx_hal_rcc_ex.c ****   /*-------------------------- SWPMI1 clock source configuration -------------------*/
 691:Drivers/STM32L4xx_HAL_Driver/Src/stm32l4xx_hal_rcc_ex.c ****   if(((PeriphClkInit->PeriphClockSelection) & RCC_PERIPHCLK_SWPMI1) == RCC_PERIPHCLK_SWPMI1)
 692:Drivers/STM32L4xx_HAL_Driver/Src/stm32l4xx_hal_rcc_ex.c ****   {
 693:Drivers/STM32L4xx_HAL_Driver/Src/stm32l4xx_hal_rcc_ex.c ****     /* Check the parameters */
 694:Drivers/STM32L4xx_HAL_Driver/Src/stm32l4xx_hal_rcc_ex.c ****     assert_param(IS_RCC_SWPMI1CLKSOURCE(PeriphClkInit->Swpmi1ClockSelection));
 695:Drivers/STM32L4xx_HAL_Driver/Src/stm32l4xx_hal_rcc_ex.c **** 
 696:Drivers/STM32L4xx_HAL_Driver/Src/stm32l4xx_hal_rcc_ex.c ****     /* Configure the SWPMI1 clock source */
 697:Drivers/STM32L4xx_HAL_Driver/Src/stm32l4xx_hal_rcc_ex.c ****     __HAL_RCC_SWPMI1_CONFIG(PeriphClkInit->Swpmi1ClockSelection);
 698:Drivers/STM32L4xx_HAL_Driver/Src/stm32l4xx_hal_rcc_ex.c ****   }
 699:Drivers/STM32L4xx_HAL_Driver/Src/stm32l4xx_hal_rcc_ex.c **** 
 700:Drivers/STM32L4xx_HAL_Driver/Src/stm32l4xx_hal_rcc_ex.c **** #endif /* SWPMI1 */
 701:Drivers/STM32L4xx_HAL_Driver/Src/stm32l4xx_hal_rcc_ex.c **** 
 702:Drivers/STM32L4xx_HAL_Driver/Src/stm32l4xx_hal_rcc_ex.c **** #if defined(DFSDM1_Filter0)
 703:Drivers/STM32L4xx_HAL_Driver/Src/stm32l4xx_hal_rcc_ex.c **** 
 704:Drivers/STM32L4xx_HAL_Driver/Src/stm32l4xx_hal_rcc_ex.c ****   /*-------------------------- DFSDM1 clock source configuration -------------------*/
 705:Drivers/STM32L4xx_HAL_Driver/Src/stm32l4xx_hal_rcc_ex.c ****   if(((PeriphClkInit->PeriphClockSelection) & RCC_PERIPHCLK_DFSDM1) == RCC_PERIPHCLK_DFSDM1)
 706:Drivers/STM32L4xx_HAL_Driver/Src/stm32l4xx_hal_rcc_ex.c ****   {
 707:Drivers/STM32L4xx_HAL_Driver/Src/stm32l4xx_hal_rcc_ex.c ****     /* Check the parameters */
 708:Drivers/STM32L4xx_HAL_Driver/Src/stm32l4xx_hal_rcc_ex.c ****     assert_param(IS_RCC_DFSDM1CLKSOURCE(PeriphClkInit->Dfsdm1ClockSelection));
 709:Drivers/STM32L4xx_HAL_Driver/Src/stm32l4xx_hal_rcc_ex.c **** 
 710:Drivers/STM32L4xx_HAL_Driver/Src/stm32l4xx_hal_rcc_ex.c ****     /* Configure the DFSDM1 interface clock source */
 711:Drivers/STM32L4xx_HAL_Driver/Src/stm32l4xx_hal_rcc_ex.c ****     __HAL_RCC_DFSDM1_CONFIG(PeriphClkInit->Dfsdm1ClockSelection);
 712:Drivers/STM32L4xx_HAL_Driver/Src/stm32l4xx_hal_rcc_ex.c ****   }
 713:Drivers/STM32L4xx_HAL_Driver/Src/stm32l4xx_hal_rcc_ex.c **** 
 714:Drivers/STM32L4xx_HAL_Driver/Src/stm32l4xx_hal_rcc_ex.c **** #if defined(STM32L4P5xx) || defined(STM32L4Q5xx) || defined(STM32L4R5xx) || defined(STM32L4R7xx) ||
ARM GAS  C:\Users\adisa\AppData\Local\Temp\ccmroX4q.s 			page 14


 715:Drivers/STM32L4xx_HAL_Driver/Src/stm32l4xx_hal_rcc_ex.c ****   /*-------------------------- DFSDM1 audio clock source configuration -------------*/
 716:Drivers/STM32L4xx_HAL_Driver/Src/stm32l4xx_hal_rcc_ex.c ****   if(((PeriphClkInit->PeriphClockSelection) & RCC_PERIPHCLK_DFSDM1AUDIO) == RCC_PERIPHCLK_DFSDM1AUD
 717:Drivers/STM32L4xx_HAL_Driver/Src/stm32l4xx_hal_rcc_ex.c ****   {
 718:Drivers/STM32L4xx_HAL_Driver/Src/stm32l4xx_hal_rcc_ex.c ****     /* Check the parameters */
 719:Drivers/STM32L4xx_HAL_Driver/Src/stm32l4xx_hal_rcc_ex.c ****     assert_param(IS_RCC_DFSDM1AUDIOCLKSOURCE(PeriphClkInit->Dfsdm1AudioClockSelection));
 720:Drivers/STM32L4xx_HAL_Driver/Src/stm32l4xx_hal_rcc_ex.c **** 
 721:Drivers/STM32L4xx_HAL_Driver/Src/stm32l4xx_hal_rcc_ex.c ****     /* Configure the DFSDM1 interface audio clock source */
 722:Drivers/STM32L4xx_HAL_Driver/Src/stm32l4xx_hal_rcc_ex.c ****     __HAL_RCC_DFSDM1AUDIO_CONFIG(PeriphClkInit->Dfsdm1AudioClockSelection);
 723:Drivers/STM32L4xx_HAL_Driver/Src/stm32l4xx_hal_rcc_ex.c ****   }
 724:Drivers/STM32L4xx_HAL_Driver/Src/stm32l4xx_hal_rcc_ex.c **** 
 725:Drivers/STM32L4xx_HAL_Driver/Src/stm32l4xx_hal_rcc_ex.c **** #endif /* STM32L4P5xx || STM32L4Q5xx || STM32L4R5xx || STM32L4R7xx || STM32L4R9xx || STM32L4S5xx ||
 726:Drivers/STM32L4xx_HAL_Driver/Src/stm32l4xx_hal_rcc_ex.c **** 
 727:Drivers/STM32L4xx_HAL_Driver/Src/stm32l4xx_hal_rcc_ex.c **** #endif /* DFSDM1_Filter0 */
 728:Drivers/STM32L4xx_HAL_Driver/Src/stm32l4xx_hal_rcc_ex.c **** 
 729:Drivers/STM32L4xx_HAL_Driver/Src/stm32l4xx_hal_rcc_ex.c **** #if defined(LTDC)
 730:Drivers/STM32L4xx_HAL_Driver/Src/stm32l4xx_hal_rcc_ex.c **** 
 731:Drivers/STM32L4xx_HAL_Driver/Src/stm32l4xx_hal_rcc_ex.c ****   /*-------------------------- LTDC clock source configuration --------------------*/
 732:Drivers/STM32L4xx_HAL_Driver/Src/stm32l4xx_hal_rcc_ex.c ****   if(((PeriphClkInit->PeriphClockSelection) & RCC_PERIPHCLK_LTDC) == RCC_PERIPHCLK_LTDC)
 733:Drivers/STM32L4xx_HAL_Driver/Src/stm32l4xx_hal_rcc_ex.c ****   {
 734:Drivers/STM32L4xx_HAL_Driver/Src/stm32l4xx_hal_rcc_ex.c ****     /* Check the parameters */
 735:Drivers/STM32L4xx_HAL_Driver/Src/stm32l4xx_hal_rcc_ex.c ****     assert_param(IS_RCC_LTDCCLKSOURCE(PeriphClkInit->LtdcClockSelection));
 736:Drivers/STM32L4xx_HAL_Driver/Src/stm32l4xx_hal_rcc_ex.c **** 
 737:Drivers/STM32L4xx_HAL_Driver/Src/stm32l4xx_hal_rcc_ex.c ****     /* Disable the PLLSAI2 */
 738:Drivers/STM32L4xx_HAL_Driver/Src/stm32l4xx_hal_rcc_ex.c ****     __HAL_RCC_PLLSAI2_DISABLE();
 739:Drivers/STM32L4xx_HAL_Driver/Src/stm32l4xx_hal_rcc_ex.c **** 
 740:Drivers/STM32L4xx_HAL_Driver/Src/stm32l4xx_hal_rcc_ex.c ****     /* Get Start Tick*/
 741:Drivers/STM32L4xx_HAL_Driver/Src/stm32l4xx_hal_rcc_ex.c ****     tickstart = HAL_GetTick();
 742:Drivers/STM32L4xx_HAL_Driver/Src/stm32l4xx_hal_rcc_ex.c **** 
 743:Drivers/STM32L4xx_HAL_Driver/Src/stm32l4xx_hal_rcc_ex.c ****     /* Wait till PLLSAI2 is ready */
 744:Drivers/STM32L4xx_HAL_Driver/Src/stm32l4xx_hal_rcc_ex.c ****     while(READ_BIT(RCC->CR, RCC_CR_PLLSAI2RDY) != 0U)
 745:Drivers/STM32L4xx_HAL_Driver/Src/stm32l4xx_hal_rcc_ex.c ****     {
 746:Drivers/STM32L4xx_HAL_Driver/Src/stm32l4xx_hal_rcc_ex.c ****       if((HAL_GetTick() - tickstart) > PLLSAI2_TIMEOUT_VALUE)
 747:Drivers/STM32L4xx_HAL_Driver/Src/stm32l4xx_hal_rcc_ex.c ****       {
 748:Drivers/STM32L4xx_HAL_Driver/Src/stm32l4xx_hal_rcc_ex.c ****         ret = HAL_TIMEOUT;
 749:Drivers/STM32L4xx_HAL_Driver/Src/stm32l4xx_hal_rcc_ex.c ****         break;
 750:Drivers/STM32L4xx_HAL_Driver/Src/stm32l4xx_hal_rcc_ex.c ****       }
 751:Drivers/STM32L4xx_HAL_Driver/Src/stm32l4xx_hal_rcc_ex.c ****     }
 752:Drivers/STM32L4xx_HAL_Driver/Src/stm32l4xx_hal_rcc_ex.c **** 
 753:Drivers/STM32L4xx_HAL_Driver/Src/stm32l4xx_hal_rcc_ex.c ****     if(ret == HAL_OK)
 754:Drivers/STM32L4xx_HAL_Driver/Src/stm32l4xx_hal_rcc_ex.c ****     {
 755:Drivers/STM32L4xx_HAL_Driver/Src/stm32l4xx_hal_rcc_ex.c ****       /* Configure the LTDC clock source */
 756:Drivers/STM32L4xx_HAL_Driver/Src/stm32l4xx_hal_rcc_ex.c ****       __HAL_RCC_LTDC_CONFIG(PeriphClkInit->LtdcClockSelection);
 757:Drivers/STM32L4xx_HAL_Driver/Src/stm32l4xx_hal_rcc_ex.c **** 
 758:Drivers/STM32L4xx_HAL_Driver/Src/stm32l4xx_hal_rcc_ex.c ****       /* PLLSAI2 input clock, parameters M, N & R configuration and clock output (PLLSAI2ClockOut) 
 759:Drivers/STM32L4xx_HAL_Driver/Src/stm32l4xx_hal_rcc_ex.c ****       ret = RCCEx_PLLSAI2_Config(&(PeriphClkInit->PLLSAI2), DIVIDER_R_UPDATE);
 760:Drivers/STM32L4xx_HAL_Driver/Src/stm32l4xx_hal_rcc_ex.c ****     }
 761:Drivers/STM32L4xx_HAL_Driver/Src/stm32l4xx_hal_rcc_ex.c **** 
 762:Drivers/STM32L4xx_HAL_Driver/Src/stm32l4xx_hal_rcc_ex.c ****     if(ret != HAL_OK)
 763:Drivers/STM32L4xx_HAL_Driver/Src/stm32l4xx_hal_rcc_ex.c ****     {
 764:Drivers/STM32L4xx_HAL_Driver/Src/stm32l4xx_hal_rcc_ex.c ****       /* set overall return value */
 765:Drivers/STM32L4xx_HAL_Driver/Src/stm32l4xx_hal_rcc_ex.c ****       status = ret;
 766:Drivers/STM32L4xx_HAL_Driver/Src/stm32l4xx_hal_rcc_ex.c ****     }
 767:Drivers/STM32L4xx_HAL_Driver/Src/stm32l4xx_hal_rcc_ex.c ****   }
 768:Drivers/STM32L4xx_HAL_Driver/Src/stm32l4xx_hal_rcc_ex.c **** 
 769:Drivers/STM32L4xx_HAL_Driver/Src/stm32l4xx_hal_rcc_ex.c **** #endif /* LTDC */
 770:Drivers/STM32L4xx_HAL_Driver/Src/stm32l4xx_hal_rcc_ex.c **** 
 771:Drivers/STM32L4xx_HAL_Driver/Src/stm32l4xx_hal_rcc_ex.c **** #if defined(DSI)
ARM GAS  C:\Users\adisa\AppData\Local\Temp\ccmroX4q.s 			page 15


 772:Drivers/STM32L4xx_HAL_Driver/Src/stm32l4xx_hal_rcc_ex.c **** 
 773:Drivers/STM32L4xx_HAL_Driver/Src/stm32l4xx_hal_rcc_ex.c ****   /*-------------------------- DSI clock source configuration ---------------------*/
 774:Drivers/STM32L4xx_HAL_Driver/Src/stm32l4xx_hal_rcc_ex.c ****   if(((PeriphClkInit->PeriphClockSelection) & RCC_PERIPHCLK_DSI) == RCC_PERIPHCLK_DSI)
 775:Drivers/STM32L4xx_HAL_Driver/Src/stm32l4xx_hal_rcc_ex.c ****   {
 776:Drivers/STM32L4xx_HAL_Driver/Src/stm32l4xx_hal_rcc_ex.c ****     /* Check the parameters */
 777:Drivers/STM32L4xx_HAL_Driver/Src/stm32l4xx_hal_rcc_ex.c ****     assert_param(IS_RCC_DSICLKSOURCE(PeriphClkInit->DsiClockSelection));
 778:Drivers/STM32L4xx_HAL_Driver/Src/stm32l4xx_hal_rcc_ex.c **** 
 779:Drivers/STM32L4xx_HAL_Driver/Src/stm32l4xx_hal_rcc_ex.c ****     /* Configure the DSI clock source */
 780:Drivers/STM32L4xx_HAL_Driver/Src/stm32l4xx_hal_rcc_ex.c ****     __HAL_RCC_DSI_CONFIG(PeriphClkInit->DsiClockSelection);
 781:Drivers/STM32L4xx_HAL_Driver/Src/stm32l4xx_hal_rcc_ex.c **** 
 782:Drivers/STM32L4xx_HAL_Driver/Src/stm32l4xx_hal_rcc_ex.c ****     if(PeriphClkInit->DsiClockSelection == RCC_DSICLKSOURCE_PLLSAI2)
 783:Drivers/STM32L4xx_HAL_Driver/Src/stm32l4xx_hal_rcc_ex.c ****     {
 784:Drivers/STM32L4xx_HAL_Driver/Src/stm32l4xx_hal_rcc_ex.c ****       /* PLLSAI2 input clock, parameters M, N & Q configuration and clock output (PLLSAI2ClockOut) 
 785:Drivers/STM32L4xx_HAL_Driver/Src/stm32l4xx_hal_rcc_ex.c ****       ret = RCCEx_PLLSAI2_Config(&(PeriphClkInit->PLLSAI2), DIVIDER_Q_UPDATE);
 786:Drivers/STM32L4xx_HAL_Driver/Src/stm32l4xx_hal_rcc_ex.c **** 
 787:Drivers/STM32L4xx_HAL_Driver/Src/stm32l4xx_hal_rcc_ex.c ****       if(ret != HAL_OK)
 788:Drivers/STM32L4xx_HAL_Driver/Src/stm32l4xx_hal_rcc_ex.c ****       {
 789:Drivers/STM32L4xx_HAL_Driver/Src/stm32l4xx_hal_rcc_ex.c ****         /* set overall return value */
 790:Drivers/STM32L4xx_HAL_Driver/Src/stm32l4xx_hal_rcc_ex.c ****         status = ret;
 791:Drivers/STM32L4xx_HAL_Driver/Src/stm32l4xx_hal_rcc_ex.c ****       }
 792:Drivers/STM32L4xx_HAL_Driver/Src/stm32l4xx_hal_rcc_ex.c ****     }
 793:Drivers/STM32L4xx_HAL_Driver/Src/stm32l4xx_hal_rcc_ex.c ****   }
 794:Drivers/STM32L4xx_HAL_Driver/Src/stm32l4xx_hal_rcc_ex.c **** 
 795:Drivers/STM32L4xx_HAL_Driver/Src/stm32l4xx_hal_rcc_ex.c **** #endif /* DSI */
 796:Drivers/STM32L4xx_HAL_Driver/Src/stm32l4xx_hal_rcc_ex.c **** 
 797:Drivers/STM32L4xx_HAL_Driver/Src/stm32l4xx_hal_rcc_ex.c **** #if defined(OCTOSPI1) || defined(OCTOSPI2)
 798:Drivers/STM32L4xx_HAL_Driver/Src/stm32l4xx_hal_rcc_ex.c **** 
 799:Drivers/STM32L4xx_HAL_Driver/Src/stm32l4xx_hal_rcc_ex.c ****   /*-------------------------- OctoSPIx clock source configuration ----------------*/
 800:Drivers/STM32L4xx_HAL_Driver/Src/stm32l4xx_hal_rcc_ex.c ****   if(((PeriphClkInit->PeriphClockSelection) & RCC_PERIPHCLK_OSPI) == RCC_PERIPHCLK_OSPI)
 801:Drivers/STM32L4xx_HAL_Driver/Src/stm32l4xx_hal_rcc_ex.c ****   {
 802:Drivers/STM32L4xx_HAL_Driver/Src/stm32l4xx_hal_rcc_ex.c ****     /* Check the parameters */
 803:Drivers/STM32L4xx_HAL_Driver/Src/stm32l4xx_hal_rcc_ex.c ****     assert_param(IS_RCC_OSPICLKSOURCE(PeriphClkInit->OspiClockSelection));
 804:Drivers/STM32L4xx_HAL_Driver/Src/stm32l4xx_hal_rcc_ex.c **** 
 805:Drivers/STM32L4xx_HAL_Driver/Src/stm32l4xx_hal_rcc_ex.c ****     /* Configure the OctoSPI clock source */
 806:Drivers/STM32L4xx_HAL_Driver/Src/stm32l4xx_hal_rcc_ex.c ****     __HAL_RCC_OSPI_CONFIG(PeriphClkInit->OspiClockSelection);
 807:Drivers/STM32L4xx_HAL_Driver/Src/stm32l4xx_hal_rcc_ex.c **** 
 808:Drivers/STM32L4xx_HAL_Driver/Src/stm32l4xx_hal_rcc_ex.c ****     if(PeriphClkInit->OspiClockSelection == RCC_OSPICLKSOURCE_PLL)
 809:Drivers/STM32L4xx_HAL_Driver/Src/stm32l4xx_hal_rcc_ex.c ****     {
 810:Drivers/STM32L4xx_HAL_Driver/Src/stm32l4xx_hal_rcc_ex.c ****       /* Enable PLL48M1CLK output */
 811:Drivers/STM32L4xx_HAL_Driver/Src/stm32l4xx_hal_rcc_ex.c ****       __HAL_RCC_PLLCLKOUT_ENABLE(RCC_PLL_48M1CLK);
 812:Drivers/STM32L4xx_HAL_Driver/Src/stm32l4xx_hal_rcc_ex.c ****     }
 813:Drivers/STM32L4xx_HAL_Driver/Src/stm32l4xx_hal_rcc_ex.c ****   }
 814:Drivers/STM32L4xx_HAL_Driver/Src/stm32l4xx_hal_rcc_ex.c **** 
 815:Drivers/STM32L4xx_HAL_Driver/Src/stm32l4xx_hal_rcc_ex.c **** #endif /* OCTOSPI1 || OCTOSPI2 */
 816:Drivers/STM32L4xx_HAL_Driver/Src/stm32l4xx_hal_rcc_ex.c **** 
 817:Drivers/STM32L4xx_HAL_Driver/Src/stm32l4xx_hal_rcc_ex.c ****   return status;
 818:Drivers/STM32L4xx_HAL_Driver/Src/stm32l4xx_hal_rcc_ex.c **** }
 819:Drivers/STM32L4xx_HAL_Driver/Src/stm32l4xx_hal_rcc_ex.c **** 
 820:Drivers/STM32L4xx_HAL_Driver/Src/stm32l4xx_hal_rcc_ex.c **** /**
 821:Drivers/STM32L4xx_HAL_Driver/Src/stm32l4xx_hal_rcc_ex.c ****   * @brief  Get the RCC_ClkInitStruct according to the internal RCC configuration registers.
 822:Drivers/STM32L4xx_HAL_Driver/Src/stm32l4xx_hal_rcc_ex.c ****   * @param  PeriphClkInit  pointer to an RCC_PeriphCLKInitTypeDef structure that
 823:Drivers/STM32L4xx_HAL_Driver/Src/stm32l4xx_hal_rcc_ex.c ****   *         returns the configuration information for the Extended Peripherals
 824:Drivers/STM32L4xx_HAL_Driver/Src/stm32l4xx_hal_rcc_ex.c ****   *         clocks(SAI1, SAI2, LPTIM1, LPTIM2, I2C1, I2C2, I2C3, I2C4, LPUART1,
 825:Drivers/STM32L4xx_HAL_Driver/Src/stm32l4xx_hal_rcc_ex.c ****   *         USART1, USART2, USART3, UART4, UART5, RTC, ADCx, DFSDMx, SWPMI1, USB, SDMMC1 and RNG).
 826:Drivers/STM32L4xx_HAL_Driver/Src/stm32l4xx_hal_rcc_ex.c ****   * @retval None
 827:Drivers/STM32L4xx_HAL_Driver/Src/stm32l4xx_hal_rcc_ex.c ****   */
 828:Drivers/STM32L4xx_HAL_Driver/Src/stm32l4xx_hal_rcc_ex.c **** void HAL_RCCEx_GetPeriphCLKConfig(RCC_PeriphCLKInitTypeDef  *PeriphClkInit)
ARM GAS  C:\Users\adisa\AppData\Local\Temp\ccmroX4q.s 			page 16


 829:Drivers/STM32L4xx_HAL_Driver/Src/stm32l4xx_hal_rcc_ex.c **** {
 830:Drivers/STM32L4xx_HAL_Driver/Src/stm32l4xx_hal_rcc_ex.c ****   /* Set all possible values for the extended clock type parameter------------*/
 831:Drivers/STM32L4xx_HAL_Driver/Src/stm32l4xx_hal_rcc_ex.c **** 
 832:Drivers/STM32L4xx_HAL_Driver/Src/stm32l4xx_hal_rcc_ex.c **** #if defined(STM32L412xx) || defined(STM32L422xx)
 833:Drivers/STM32L4xx_HAL_Driver/Src/stm32l4xx_hal_rcc_ex.c **** 
 834:Drivers/STM32L4xx_HAL_Driver/Src/stm32l4xx_hal_rcc_ex.c ****   PeriphClkInit->PeriphClockSelection = RCC_PERIPHCLK_USART1  | RCC_PERIPHCLK_USART2 | RCC_PERIPHCL
 835:Drivers/STM32L4xx_HAL_Driver/Src/stm32l4xx_hal_rcc_ex.c ****                                         RCC_PERIPHCLK_LPUART1 | RCC_PERIPHCLK_I2C1   | RCC_PERIPHCL
 836:Drivers/STM32L4xx_HAL_Driver/Src/stm32l4xx_hal_rcc_ex.c ****                                         RCC_PERIPHCLK_LPTIM1  | RCC_PERIPHCLK_LPTIM2 |             
 837:Drivers/STM32L4xx_HAL_Driver/Src/stm32l4xx_hal_rcc_ex.c ****                                                                 RCC_PERIPHCLK_RNG    |             
 838:Drivers/STM32L4xx_HAL_Driver/Src/stm32l4xx_hal_rcc_ex.c ****                                         RCC_PERIPHCLK_RTC ;
 839:Drivers/STM32L4xx_HAL_Driver/Src/stm32l4xx_hal_rcc_ex.c **** 
 840:Drivers/STM32L4xx_HAL_Driver/Src/stm32l4xx_hal_rcc_ex.c **** #elif defined(STM32L431xx)
 841:Drivers/STM32L4xx_HAL_Driver/Src/stm32l4xx_hal_rcc_ex.c **** 
 842:Drivers/STM32L4xx_HAL_Driver/Src/stm32l4xx_hal_rcc_ex.c ****   PeriphClkInit->PeriphClockSelection = RCC_PERIPHCLK_USART1  | RCC_PERIPHCLK_USART2 | RCC_PERIPHCL
 843:Drivers/STM32L4xx_HAL_Driver/Src/stm32l4xx_hal_rcc_ex.c ****                                         RCC_PERIPHCLK_LPUART1 | RCC_PERIPHCLK_I2C1   | RCC_PERIPHCL
 844:Drivers/STM32L4xx_HAL_Driver/Src/stm32l4xx_hal_rcc_ex.c ****                                         RCC_PERIPHCLK_LPTIM1  | RCC_PERIPHCLK_LPTIM2 | RCC_PERIPHCL
 845:Drivers/STM32L4xx_HAL_Driver/Src/stm32l4xx_hal_rcc_ex.c ****                                         RCC_PERIPHCLK_SDMMC1  | RCC_PERIPHCLK_RNG    | RCC_PERIPHCL
 846:Drivers/STM32L4xx_HAL_Driver/Src/stm32l4xx_hal_rcc_ex.c ****                                         RCC_PERIPHCLK_RTC ;
 847:Drivers/STM32L4xx_HAL_Driver/Src/stm32l4xx_hal_rcc_ex.c **** 
 848:Drivers/STM32L4xx_HAL_Driver/Src/stm32l4xx_hal_rcc_ex.c **** #elif defined(STM32L432xx) || defined(STM32L442xx)
 849:Drivers/STM32L4xx_HAL_Driver/Src/stm32l4xx_hal_rcc_ex.c **** 
 850:Drivers/STM32L4xx_HAL_Driver/Src/stm32l4xx_hal_rcc_ex.c ****   PeriphClkInit->PeriphClockSelection = RCC_PERIPHCLK_USART1  | RCC_PERIPHCLK_USART2 |             
 851:Drivers/STM32L4xx_HAL_Driver/Src/stm32l4xx_hal_rcc_ex.c ****                                         RCC_PERIPHCLK_LPUART1 | RCC_PERIPHCLK_I2C1   |             
 852:Drivers/STM32L4xx_HAL_Driver/Src/stm32l4xx_hal_rcc_ex.c ****                                         RCC_PERIPHCLK_LPTIM1  | RCC_PERIPHCLK_LPTIM2 | RCC_PERIPHCL
 853:Drivers/STM32L4xx_HAL_Driver/Src/stm32l4xx_hal_rcc_ex.c ****                                                                 RCC_PERIPHCLK_RNG    | RCC_PERIPHCL
 854:Drivers/STM32L4xx_HAL_Driver/Src/stm32l4xx_hal_rcc_ex.c ****                                         RCC_PERIPHCLK_RTC ;
 855:Drivers/STM32L4xx_HAL_Driver/Src/stm32l4xx_hal_rcc_ex.c **** 
 856:Drivers/STM32L4xx_HAL_Driver/Src/stm32l4xx_hal_rcc_ex.c **** #elif defined(STM32L433xx) || defined(STM32L443xx)
 857:Drivers/STM32L4xx_HAL_Driver/Src/stm32l4xx_hal_rcc_ex.c **** 
 858:Drivers/STM32L4xx_HAL_Driver/Src/stm32l4xx_hal_rcc_ex.c ****   PeriphClkInit->PeriphClockSelection = RCC_PERIPHCLK_USART1  | RCC_PERIPHCLK_USART2 | RCC_PERIPHCL
 859:Drivers/STM32L4xx_HAL_Driver/Src/stm32l4xx_hal_rcc_ex.c ****                                         RCC_PERIPHCLK_LPUART1 | RCC_PERIPHCLK_I2C1   | RCC_PERIPHCL
 860:Drivers/STM32L4xx_HAL_Driver/Src/stm32l4xx_hal_rcc_ex.c ****                                         RCC_PERIPHCLK_LPTIM1  | RCC_PERIPHCLK_LPTIM2 | RCC_PERIPHCL
 861:Drivers/STM32L4xx_HAL_Driver/Src/stm32l4xx_hal_rcc_ex.c ****                                         RCC_PERIPHCLK_SDMMC1  | RCC_PERIPHCLK_RNG    | RCC_PERIPHCL
 862:Drivers/STM32L4xx_HAL_Driver/Src/stm32l4xx_hal_rcc_ex.c ****                                         RCC_PERIPHCLK_RTC ;
 863:Drivers/STM32L4xx_HAL_Driver/Src/stm32l4xx_hal_rcc_ex.c **** 
 864:Drivers/STM32L4xx_HAL_Driver/Src/stm32l4xx_hal_rcc_ex.c **** #elif defined(STM32L451xx)
 865:Drivers/STM32L4xx_HAL_Driver/Src/stm32l4xx_hal_rcc_ex.c **** 
 866:Drivers/STM32L4xx_HAL_Driver/Src/stm32l4xx_hal_rcc_ex.c ****   PeriphClkInit->PeriphClockSelection = RCC_PERIPHCLK_USART1  | RCC_PERIPHCLK_USART2 | RCC_PERIPHCL
 867:Drivers/STM32L4xx_HAL_Driver/Src/stm32l4xx_hal_rcc_ex.c ****                                         RCC_PERIPHCLK_LPUART1 | RCC_PERIPHCLK_I2C1   | RCC_PERIPHCL
 868:Drivers/STM32L4xx_HAL_Driver/Src/stm32l4xx_hal_rcc_ex.c ****                                         RCC_PERIPHCLK_LPTIM1  | RCC_PERIPHCLK_LPTIM2 | RCC_PERIPHCL
 869:Drivers/STM32L4xx_HAL_Driver/Src/stm32l4xx_hal_rcc_ex.c ****                                         RCC_PERIPHCLK_SDMMC1  | RCC_PERIPHCLK_RNG    | RCC_PERIPHCL
 870:Drivers/STM32L4xx_HAL_Driver/Src/stm32l4xx_hal_rcc_ex.c ****                                         RCC_PERIPHCLK_RTC ;
 871:Drivers/STM32L4xx_HAL_Driver/Src/stm32l4xx_hal_rcc_ex.c **** 
 872:Drivers/STM32L4xx_HAL_Driver/Src/stm32l4xx_hal_rcc_ex.c **** #elif defined(STM32L452xx) || defined(STM32L462xx)
 873:Drivers/STM32L4xx_HAL_Driver/Src/stm32l4xx_hal_rcc_ex.c **** 
 874:Drivers/STM32L4xx_HAL_Driver/Src/stm32l4xx_hal_rcc_ex.c ****   PeriphClkInit->PeriphClockSelection = RCC_PERIPHCLK_USART1  | RCC_PERIPHCLK_USART2 | RCC_PERIPHCL
 875:Drivers/STM32L4xx_HAL_Driver/Src/stm32l4xx_hal_rcc_ex.c ****                                         RCC_PERIPHCLK_LPUART1 | RCC_PERIPHCLK_I2C1   | RCC_PERIPHCL
 876:Drivers/STM32L4xx_HAL_Driver/Src/stm32l4xx_hal_rcc_ex.c ****                                         RCC_PERIPHCLK_LPTIM1  | RCC_PERIPHCLK_LPTIM2 | RCC_PERIPHCL
 877:Drivers/STM32L4xx_HAL_Driver/Src/stm32l4xx_hal_rcc_ex.c ****                                         RCC_PERIPHCLK_SDMMC1  | RCC_PERIPHCLK_RNG    | RCC_PERIPHCL
 878:Drivers/STM32L4xx_HAL_Driver/Src/stm32l4xx_hal_rcc_ex.c ****                                         RCC_PERIPHCLK_RTC ;
 879:Drivers/STM32L4xx_HAL_Driver/Src/stm32l4xx_hal_rcc_ex.c **** 
 880:Drivers/STM32L4xx_HAL_Driver/Src/stm32l4xx_hal_rcc_ex.c **** #elif defined(STM32L471xx)
 881:Drivers/STM32L4xx_HAL_Driver/Src/stm32l4xx_hal_rcc_ex.c **** 
 882:Drivers/STM32L4xx_HAL_Driver/Src/stm32l4xx_hal_rcc_ex.c ****   PeriphClkInit->PeriphClockSelection = RCC_PERIPHCLK_USART1  | RCC_PERIPHCLK_USART2 | RCC_PERIPHCL
 883:Drivers/STM32L4xx_HAL_Driver/Src/stm32l4xx_hal_rcc_ex.c ****                                         RCC_PERIPHCLK_LPUART1 | RCC_PERIPHCLK_I2C1   | RCC_PERIPHCL
 884:Drivers/STM32L4xx_HAL_Driver/Src/stm32l4xx_hal_rcc_ex.c ****                                         RCC_PERIPHCLK_LPTIM1  | RCC_PERIPHCLK_LPTIM2 | RCC_PERIPHCL
 885:Drivers/STM32L4xx_HAL_Driver/Src/stm32l4xx_hal_rcc_ex.c ****                                         RCC_PERIPHCLK_SDMMC1  | RCC_PERIPHCLK_RNG    | RCC_PERIPHCL
ARM GAS  C:\Users\adisa\AppData\Local\Temp\ccmroX4q.s 			page 17


 886:Drivers/STM32L4xx_HAL_Driver/Src/stm32l4xx_hal_rcc_ex.c ****                                         RCC_PERIPHCLK_RTC ;
 887:Drivers/STM32L4xx_HAL_Driver/Src/stm32l4xx_hal_rcc_ex.c **** 
 888:Drivers/STM32L4xx_HAL_Driver/Src/stm32l4xx_hal_rcc_ex.c **** #elif defined(STM32L475xx) || defined(STM32L476xx) || defined(STM32L485xx) || defined(STM32L486xx)
 889:Drivers/STM32L4xx_HAL_Driver/Src/stm32l4xx_hal_rcc_ex.c **** 
 890:Drivers/STM32L4xx_HAL_Driver/Src/stm32l4xx_hal_rcc_ex.c ****   PeriphClkInit->PeriphClockSelection = RCC_PERIPHCLK_USART1  | RCC_PERIPHCLK_USART2 | RCC_PERIPHCL
 891:Drivers/STM32L4xx_HAL_Driver/Src/stm32l4xx_hal_rcc_ex.c ****                                         RCC_PERIPHCLK_LPUART1 | RCC_PERIPHCLK_I2C1   | RCC_PERIPHCL
 892:Drivers/STM32L4xx_HAL_Driver/Src/stm32l4xx_hal_rcc_ex.c ****                                         RCC_PERIPHCLK_LPTIM1  | RCC_PERIPHCLK_LPTIM2 | RCC_PERIPHCL
 893:Drivers/STM32L4xx_HAL_Driver/Src/stm32l4xx_hal_rcc_ex.c ****                                         RCC_PERIPHCLK_SDMMC1  | RCC_PERIPHCLK_RNG    | RCC_PERIPHCL
 894:Drivers/STM32L4xx_HAL_Driver/Src/stm32l4xx_hal_rcc_ex.c ****                                         RCC_PERIPHCLK_RTC ;
 895:Drivers/STM32L4xx_HAL_Driver/Src/stm32l4xx_hal_rcc_ex.c **** 
 896:Drivers/STM32L4xx_HAL_Driver/Src/stm32l4xx_hal_rcc_ex.c **** #elif defined(STM32L496xx) || defined(STM32L4A6xx)
 897:Drivers/STM32L4xx_HAL_Driver/Src/stm32l4xx_hal_rcc_ex.c **** 
 898:Drivers/STM32L4xx_HAL_Driver/Src/stm32l4xx_hal_rcc_ex.c ****   PeriphClkInit->PeriphClockSelection = RCC_PERIPHCLK_USART1  | RCC_PERIPHCLK_USART2 | RCC_PERIPHCL
 899:Drivers/STM32L4xx_HAL_Driver/Src/stm32l4xx_hal_rcc_ex.c ****                                         RCC_PERIPHCLK_LPUART1 | RCC_PERIPHCLK_I2C1   | RCC_PERIPHCL
 900:Drivers/STM32L4xx_HAL_Driver/Src/stm32l4xx_hal_rcc_ex.c ****                                         RCC_PERIPHCLK_LPTIM1  | RCC_PERIPHCLK_LPTIM2 | RCC_PERIPHCL
 901:Drivers/STM32L4xx_HAL_Driver/Src/stm32l4xx_hal_rcc_ex.c ****                                         RCC_PERIPHCLK_SDMMC1  | RCC_PERIPHCLK_RNG    | RCC_PERIPHCL
 902:Drivers/STM32L4xx_HAL_Driver/Src/stm32l4xx_hal_rcc_ex.c ****                                         RCC_PERIPHCLK_RTC ;
 903:Drivers/STM32L4xx_HAL_Driver/Src/stm32l4xx_hal_rcc_ex.c **** 
 904:Drivers/STM32L4xx_HAL_Driver/Src/stm32l4xx_hal_rcc_ex.c **** #elif defined(STM32L4R5xx) || defined(STM32L4S5xx)
 905:Drivers/STM32L4xx_HAL_Driver/Src/stm32l4xx_hal_rcc_ex.c **** 
 906:Drivers/STM32L4xx_HAL_Driver/Src/stm32l4xx_hal_rcc_ex.c ****   PeriphClkInit->PeriphClockSelection = RCC_PERIPHCLK_USART1  | RCC_PERIPHCLK_USART2 | RCC_PERIPHCL
 907:Drivers/STM32L4xx_HAL_Driver/Src/stm32l4xx_hal_rcc_ex.c ****                                         RCC_PERIPHCLK_LPUART1 | RCC_PERIPHCLK_I2C1   | RCC_PERIPHCL
 908:Drivers/STM32L4xx_HAL_Driver/Src/stm32l4xx_hal_rcc_ex.c ****                                         RCC_PERIPHCLK_LPTIM1  | RCC_PERIPHCLK_LPTIM2 | RCC_PERIPHCL
 909:Drivers/STM32L4xx_HAL_Driver/Src/stm32l4xx_hal_rcc_ex.c ****                                         RCC_PERIPHCLK_SDMMC1  | RCC_PERIPHCLK_RNG    | RCC_PERIPHCL
 910:Drivers/STM32L4xx_HAL_Driver/Src/stm32l4xx_hal_rcc_ex.c ****                                         RCC_PERIPHCLK_DFSDM1AUDIO | RCC_PERIPHCLK_RTC | RCC_PERIPHC
 911:Drivers/STM32L4xx_HAL_Driver/Src/stm32l4xx_hal_rcc_ex.c **** 
 912:Drivers/STM32L4xx_HAL_Driver/Src/stm32l4xx_hal_rcc_ex.c **** #elif defined(STM32L4R7xx) || defined(STM32L4S7xx) || defined(STM32L4Q5xx)
 913:Drivers/STM32L4xx_HAL_Driver/Src/stm32l4xx_hal_rcc_ex.c **** 
 914:Drivers/STM32L4xx_HAL_Driver/Src/stm32l4xx_hal_rcc_ex.c ****   PeriphClkInit->PeriphClockSelection = RCC_PERIPHCLK_USART1  | RCC_PERIPHCLK_USART2 | RCC_PERIPHCL
 915:Drivers/STM32L4xx_HAL_Driver/Src/stm32l4xx_hal_rcc_ex.c ****                                         RCC_PERIPHCLK_LPUART1 | RCC_PERIPHCLK_I2C1   | RCC_PERIPHCL
 916:Drivers/STM32L4xx_HAL_Driver/Src/stm32l4xx_hal_rcc_ex.c ****                                         RCC_PERIPHCLK_LPTIM1  | RCC_PERIPHCLK_LPTIM2 | RCC_PERIPHCL
 917:Drivers/STM32L4xx_HAL_Driver/Src/stm32l4xx_hal_rcc_ex.c ****                                         RCC_PERIPHCLK_SDMMC1  | RCC_PERIPHCLK_RNG    | RCC_PERIPHCL
 918:Drivers/STM32L4xx_HAL_Driver/Src/stm32l4xx_hal_rcc_ex.c ****                                         RCC_PERIPHCLK_DFSDM1AUDIO | RCC_PERIPHCLK_RTC | RCC_PERIPHC
 919:Drivers/STM32L4xx_HAL_Driver/Src/stm32l4xx_hal_rcc_ex.c **** 
 920:Drivers/STM32L4xx_HAL_Driver/Src/stm32l4xx_hal_rcc_ex.c **** #elif defined(STM32L4R9xx) || defined(STM32L4S9xx)
 921:Drivers/STM32L4xx_HAL_Driver/Src/stm32l4xx_hal_rcc_ex.c **** 
 922:Drivers/STM32L4xx_HAL_Driver/Src/stm32l4xx_hal_rcc_ex.c ****   PeriphClkInit->PeriphClockSelection = RCC_PERIPHCLK_USART1  | RCC_PERIPHCLK_USART2 | RCC_PERIPHCL
 923:Drivers/STM32L4xx_HAL_Driver/Src/stm32l4xx_hal_rcc_ex.c ****                                         RCC_PERIPHCLK_LPUART1 | RCC_PERIPHCLK_I2C1   | RCC_PERIPHCL
 924:Drivers/STM32L4xx_HAL_Driver/Src/stm32l4xx_hal_rcc_ex.c ****                                         RCC_PERIPHCLK_LPTIM1  | RCC_PERIPHCLK_LPTIM2 | RCC_PERIPHCL
 925:Drivers/STM32L4xx_HAL_Driver/Src/stm32l4xx_hal_rcc_ex.c ****                                         RCC_PERIPHCLK_SDMMC1  | RCC_PERIPHCLK_RNG    | RCC_PERIPHCL
 926:Drivers/STM32L4xx_HAL_Driver/Src/stm32l4xx_hal_rcc_ex.c ****                                         RCC_PERIPHCLK_DFSDM1AUDIO | RCC_PERIPHCLK_RTC | RCC_PERIPHC
 927:Drivers/STM32L4xx_HAL_Driver/Src/stm32l4xx_hal_rcc_ex.c **** 
 928:Drivers/STM32L4xx_HAL_Driver/Src/stm32l4xx_hal_rcc_ex.c **** #endif /* STM32L431xx */
 929:Drivers/STM32L4xx_HAL_Driver/Src/stm32l4xx_hal_rcc_ex.c **** 
 930:Drivers/STM32L4xx_HAL_Driver/Src/stm32l4xx_hal_rcc_ex.c **** #if defined(RCC_PLLSAI1_SUPPORT)
 931:Drivers/STM32L4xx_HAL_Driver/Src/stm32l4xx_hal_rcc_ex.c **** 
 932:Drivers/STM32L4xx_HAL_Driver/Src/stm32l4xx_hal_rcc_ex.c ****   /* Get the PLLSAI1 Clock configuration -----------------------------------------------*/
 933:Drivers/STM32L4xx_HAL_Driver/Src/stm32l4xx_hal_rcc_ex.c **** 
 934:Drivers/STM32L4xx_HAL_Driver/Src/stm32l4xx_hal_rcc_ex.c ****   PeriphClkInit->PLLSAI1.PLLSAI1Source = READ_BIT(RCC->PLLCFGR, RCC_PLLCFGR_PLLSRC) >> RCC_PLLCFGR_
 935:Drivers/STM32L4xx_HAL_Driver/Src/stm32l4xx_hal_rcc_ex.c **** #if defined(RCC_PLLSAI1M_DIV_1_16_SUPPORT)
 936:Drivers/STM32L4xx_HAL_Driver/Src/stm32l4xx_hal_rcc_ex.c ****   PeriphClkInit->PLLSAI1.PLLSAI1M = (READ_BIT(RCC->PLLSAI1CFGR, RCC_PLLSAI1CFGR_PLLSAI1M) >> RCC_PL
 937:Drivers/STM32L4xx_HAL_Driver/Src/stm32l4xx_hal_rcc_ex.c **** #else
 938:Drivers/STM32L4xx_HAL_Driver/Src/stm32l4xx_hal_rcc_ex.c ****   PeriphClkInit->PLLSAI1.PLLSAI1M = (READ_BIT(RCC->PLLCFGR, RCC_PLLCFGR_PLLM) >> RCC_PLLCFGR_PLLM_P
 939:Drivers/STM32L4xx_HAL_Driver/Src/stm32l4xx_hal_rcc_ex.c **** #endif /* RCC_PLLSAI1M_DIV_1_16_SUPPORT */
 940:Drivers/STM32L4xx_HAL_Driver/Src/stm32l4xx_hal_rcc_ex.c ****   PeriphClkInit->PLLSAI1.PLLSAI1N = READ_BIT(RCC->PLLSAI1CFGR, RCC_PLLSAI1CFGR_PLLSAI1N) >> RCC_PLL
 941:Drivers/STM32L4xx_HAL_Driver/Src/stm32l4xx_hal_rcc_ex.c ****   PeriphClkInit->PLLSAI1.PLLSAI1P = ((READ_BIT(RCC->PLLSAI1CFGR, RCC_PLLSAI1CFGR_PLLSAI1P) >> RCC_P
 942:Drivers/STM32L4xx_HAL_Driver/Src/stm32l4xx_hal_rcc_ex.c ****   PeriphClkInit->PLLSAI1.PLLSAI1Q = ((READ_BIT(RCC->PLLSAI1CFGR, RCC_PLLSAI1CFGR_PLLSAI1Q) >> RCC_P
ARM GAS  C:\Users\adisa\AppData\Local\Temp\ccmroX4q.s 			page 18


 943:Drivers/STM32L4xx_HAL_Driver/Src/stm32l4xx_hal_rcc_ex.c ****   PeriphClkInit->PLLSAI1.PLLSAI1R = ((READ_BIT(RCC->PLLSAI1CFGR, RCC_PLLSAI1CFGR_PLLSAI1R) >> RCC_P
 944:Drivers/STM32L4xx_HAL_Driver/Src/stm32l4xx_hal_rcc_ex.c **** 
 945:Drivers/STM32L4xx_HAL_Driver/Src/stm32l4xx_hal_rcc_ex.c **** #endif /* RCC_PLLSAI1_SUPPORT */
 946:Drivers/STM32L4xx_HAL_Driver/Src/stm32l4xx_hal_rcc_ex.c **** 
 947:Drivers/STM32L4xx_HAL_Driver/Src/stm32l4xx_hal_rcc_ex.c **** #if defined(RCC_PLLSAI2_SUPPORT)
 948:Drivers/STM32L4xx_HAL_Driver/Src/stm32l4xx_hal_rcc_ex.c **** 
 949:Drivers/STM32L4xx_HAL_Driver/Src/stm32l4xx_hal_rcc_ex.c ****   /* Get the PLLSAI2 Clock configuration -----------------------------------------------*/
 950:Drivers/STM32L4xx_HAL_Driver/Src/stm32l4xx_hal_rcc_ex.c **** 
 951:Drivers/STM32L4xx_HAL_Driver/Src/stm32l4xx_hal_rcc_ex.c ****   PeriphClkInit->PLLSAI2.PLLSAI2Source = PeriphClkInit->PLLSAI1.PLLSAI1Source;
 952:Drivers/STM32L4xx_HAL_Driver/Src/stm32l4xx_hal_rcc_ex.c **** #if defined(RCC_PLLSAI2M_DIV_1_16_SUPPORT)
 953:Drivers/STM32L4xx_HAL_Driver/Src/stm32l4xx_hal_rcc_ex.c ****   PeriphClkInit->PLLSAI2.PLLSAI2M = (READ_BIT(RCC->PLLSAI2CFGR, RCC_PLLSAI2CFGR_PLLSAI2M) >> RCC_PL
 954:Drivers/STM32L4xx_HAL_Driver/Src/stm32l4xx_hal_rcc_ex.c **** #else
 955:Drivers/STM32L4xx_HAL_Driver/Src/stm32l4xx_hal_rcc_ex.c ****   PeriphClkInit->PLLSAI2.PLLSAI2M = PeriphClkInit->PLLSAI1.PLLSAI1M;
 956:Drivers/STM32L4xx_HAL_Driver/Src/stm32l4xx_hal_rcc_ex.c **** #endif /* RCC_PLLSAI2M_DIV_1_16_SUPPORT */
 957:Drivers/STM32L4xx_HAL_Driver/Src/stm32l4xx_hal_rcc_ex.c ****   PeriphClkInit->PLLSAI2.PLLSAI2N = READ_BIT(RCC->PLLSAI2CFGR, RCC_PLLSAI2CFGR_PLLSAI2N) >> RCC_PLL
 958:Drivers/STM32L4xx_HAL_Driver/Src/stm32l4xx_hal_rcc_ex.c ****   PeriphClkInit->PLLSAI2.PLLSAI2P = ((READ_BIT(RCC->PLLSAI2CFGR, RCC_PLLSAI2CFGR_PLLSAI2P) >> RCC_P
 959:Drivers/STM32L4xx_HAL_Driver/Src/stm32l4xx_hal_rcc_ex.c **** #if defined(RCC_PLLSAI2Q_DIV_SUPPORT)
 960:Drivers/STM32L4xx_HAL_Driver/Src/stm32l4xx_hal_rcc_ex.c ****   PeriphClkInit->PLLSAI2.PLLSAI2Q = ((READ_BIT(RCC->PLLSAI2CFGR, RCC_PLLSAI2CFGR_PLLSAI2Q) >> RCC_P
 961:Drivers/STM32L4xx_HAL_Driver/Src/stm32l4xx_hal_rcc_ex.c **** #endif /* RCC_PLLSAI2Q_DIV_SUPPORT */
 962:Drivers/STM32L4xx_HAL_Driver/Src/stm32l4xx_hal_rcc_ex.c ****   PeriphClkInit->PLLSAI2.PLLSAI2R = ((READ_BIT(RCC->PLLSAI2CFGR, RCC_PLLSAI2CFGR_PLLSAI2R)>> RCC_PL
 963:Drivers/STM32L4xx_HAL_Driver/Src/stm32l4xx_hal_rcc_ex.c **** 
 964:Drivers/STM32L4xx_HAL_Driver/Src/stm32l4xx_hal_rcc_ex.c **** #endif /* RCC_PLLSAI2_SUPPORT */
 965:Drivers/STM32L4xx_HAL_Driver/Src/stm32l4xx_hal_rcc_ex.c **** 
 966:Drivers/STM32L4xx_HAL_Driver/Src/stm32l4xx_hal_rcc_ex.c ****   /* Get the USART1 clock source ---------------------------------------------*/
 967:Drivers/STM32L4xx_HAL_Driver/Src/stm32l4xx_hal_rcc_ex.c ****   PeriphClkInit->Usart1ClockSelection  = __HAL_RCC_GET_USART1_SOURCE();
 968:Drivers/STM32L4xx_HAL_Driver/Src/stm32l4xx_hal_rcc_ex.c ****   /* Get the USART2 clock source ---------------------------------------------*/
 969:Drivers/STM32L4xx_HAL_Driver/Src/stm32l4xx_hal_rcc_ex.c ****   PeriphClkInit->Usart2ClockSelection  = __HAL_RCC_GET_USART2_SOURCE();
 970:Drivers/STM32L4xx_HAL_Driver/Src/stm32l4xx_hal_rcc_ex.c **** 
 971:Drivers/STM32L4xx_HAL_Driver/Src/stm32l4xx_hal_rcc_ex.c **** #if defined(USART3)
 972:Drivers/STM32L4xx_HAL_Driver/Src/stm32l4xx_hal_rcc_ex.c ****   /* Get the USART3 clock source ---------------------------------------------*/
 973:Drivers/STM32L4xx_HAL_Driver/Src/stm32l4xx_hal_rcc_ex.c ****   PeriphClkInit->Usart3ClockSelection  = __HAL_RCC_GET_USART3_SOURCE();
 974:Drivers/STM32L4xx_HAL_Driver/Src/stm32l4xx_hal_rcc_ex.c **** #endif /* USART3 */
 975:Drivers/STM32L4xx_HAL_Driver/Src/stm32l4xx_hal_rcc_ex.c **** 
 976:Drivers/STM32L4xx_HAL_Driver/Src/stm32l4xx_hal_rcc_ex.c **** #if defined(UART4)
 977:Drivers/STM32L4xx_HAL_Driver/Src/stm32l4xx_hal_rcc_ex.c ****   /* Get the UART4 clock source ----------------------------------------------*/
 978:Drivers/STM32L4xx_HAL_Driver/Src/stm32l4xx_hal_rcc_ex.c ****   PeriphClkInit->Uart4ClockSelection   = __HAL_RCC_GET_UART4_SOURCE();
 979:Drivers/STM32L4xx_HAL_Driver/Src/stm32l4xx_hal_rcc_ex.c **** #endif /* UART4 */
 980:Drivers/STM32L4xx_HAL_Driver/Src/stm32l4xx_hal_rcc_ex.c **** 
 981:Drivers/STM32L4xx_HAL_Driver/Src/stm32l4xx_hal_rcc_ex.c **** #if defined(UART5)
 982:Drivers/STM32L4xx_HAL_Driver/Src/stm32l4xx_hal_rcc_ex.c ****   /* Get the UART5 clock source ----------------------------------------------*/
 983:Drivers/STM32L4xx_HAL_Driver/Src/stm32l4xx_hal_rcc_ex.c ****   PeriphClkInit->Uart5ClockSelection   = __HAL_RCC_GET_UART5_SOURCE();
 984:Drivers/STM32L4xx_HAL_Driver/Src/stm32l4xx_hal_rcc_ex.c **** #endif /* UART5 */
 985:Drivers/STM32L4xx_HAL_Driver/Src/stm32l4xx_hal_rcc_ex.c **** 
 986:Drivers/STM32L4xx_HAL_Driver/Src/stm32l4xx_hal_rcc_ex.c ****   /* Get the LPUART1 clock source --------------------------------------------*/
 987:Drivers/STM32L4xx_HAL_Driver/Src/stm32l4xx_hal_rcc_ex.c ****   PeriphClkInit->Lpuart1ClockSelection = __HAL_RCC_GET_LPUART1_SOURCE();
 988:Drivers/STM32L4xx_HAL_Driver/Src/stm32l4xx_hal_rcc_ex.c **** 
 989:Drivers/STM32L4xx_HAL_Driver/Src/stm32l4xx_hal_rcc_ex.c ****   /* Get the I2C1 clock source -----------------------------------------------*/
 990:Drivers/STM32L4xx_HAL_Driver/Src/stm32l4xx_hal_rcc_ex.c ****   PeriphClkInit->I2c1ClockSelection    = __HAL_RCC_GET_I2C1_SOURCE();
 991:Drivers/STM32L4xx_HAL_Driver/Src/stm32l4xx_hal_rcc_ex.c **** 
 992:Drivers/STM32L4xx_HAL_Driver/Src/stm32l4xx_hal_rcc_ex.c **** #if defined(I2C2)
 993:Drivers/STM32L4xx_HAL_Driver/Src/stm32l4xx_hal_rcc_ex.c ****    /* Get the I2C2 clock source ----------------------------------------------*/
 994:Drivers/STM32L4xx_HAL_Driver/Src/stm32l4xx_hal_rcc_ex.c ****   PeriphClkInit->I2c2ClockSelection    = __HAL_RCC_GET_I2C2_SOURCE();
 995:Drivers/STM32L4xx_HAL_Driver/Src/stm32l4xx_hal_rcc_ex.c **** #endif /* I2C2 */
 996:Drivers/STM32L4xx_HAL_Driver/Src/stm32l4xx_hal_rcc_ex.c **** 
 997:Drivers/STM32L4xx_HAL_Driver/Src/stm32l4xx_hal_rcc_ex.c ****   /* Get the I2C3 clock source -----------------------------------------------*/
 998:Drivers/STM32L4xx_HAL_Driver/Src/stm32l4xx_hal_rcc_ex.c ****   PeriphClkInit->I2c3ClockSelection    = __HAL_RCC_GET_I2C3_SOURCE();
 999:Drivers/STM32L4xx_HAL_Driver/Src/stm32l4xx_hal_rcc_ex.c **** 
ARM GAS  C:\Users\adisa\AppData\Local\Temp\ccmroX4q.s 			page 19


1000:Drivers/STM32L4xx_HAL_Driver/Src/stm32l4xx_hal_rcc_ex.c **** #if defined(I2C4)
1001:Drivers/STM32L4xx_HAL_Driver/Src/stm32l4xx_hal_rcc_ex.c ****   /* Get the I2C4 clock source -----------------------------------------------*/
1002:Drivers/STM32L4xx_HAL_Driver/Src/stm32l4xx_hal_rcc_ex.c ****   PeriphClkInit->I2c4ClockSelection    = __HAL_RCC_GET_I2C4_SOURCE();
1003:Drivers/STM32L4xx_HAL_Driver/Src/stm32l4xx_hal_rcc_ex.c **** #endif /* I2C4 */
1004:Drivers/STM32L4xx_HAL_Driver/Src/stm32l4xx_hal_rcc_ex.c **** 
1005:Drivers/STM32L4xx_HAL_Driver/Src/stm32l4xx_hal_rcc_ex.c ****   /* Get the LPTIM1 clock source ---------------------------------------------*/
1006:Drivers/STM32L4xx_HAL_Driver/Src/stm32l4xx_hal_rcc_ex.c ****   PeriphClkInit->Lptim1ClockSelection  = __HAL_RCC_GET_LPTIM1_SOURCE();
1007:Drivers/STM32L4xx_HAL_Driver/Src/stm32l4xx_hal_rcc_ex.c **** 
1008:Drivers/STM32L4xx_HAL_Driver/Src/stm32l4xx_hal_rcc_ex.c ****   /* Get the LPTIM2 clock source ---------------------------------------------*/
1009:Drivers/STM32L4xx_HAL_Driver/Src/stm32l4xx_hal_rcc_ex.c ****   PeriphClkInit->Lptim2ClockSelection  = __HAL_RCC_GET_LPTIM2_SOURCE();
1010:Drivers/STM32L4xx_HAL_Driver/Src/stm32l4xx_hal_rcc_ex.c **** 
1011:Drivers/STM32L4xx_HAL_Driver/Src/stm32l4xx_hal_rcc_ex.c **** #if defined(SAI1)
1012:Drivers/STM32L4xx_HAL_Driver/Src/stm32l4xx_hal_rcc_ex.c ****   /* Get the SAI1 clock source -----------------------------------------------*/
1013:Drivers/STM32L4xx_HAL_Driver/Src/stm32l4xx_hal_rcc_ex.c ****   PeriphClkInit->Sai1ClockSelection    = __HAL_RCC_GET_SAI1_SOURCE();
1014:Drivers/STM32L4xx_HAL_Driver/Src/stm32l4xx_hal_rcc_ex.c **** #endif /* SAI1 */
1015:Drivers/STM32L4xx_HAL_Driver/Src/stm32l4xx_hal_rcc_ex.c **** 
1016:Drivers/STM32L4xx_HAL_Driver/Src/stm32l4xx_hal_rcc_ex.c **** #if defined(SAI2)
1017:Drivers/STM32L4xx_HAL_Driver/Src/stm32l4xx_hal_rcc_ex.c ****   /* Get the SAI2 clock source -----------------------------------------------*/
1018:Drivers/STM32L4xx_HAL_Driver/Src/stm32l4xx_hal_rcc_ex.c ****   PeriphClkInit->Sai2ClockSelection    = __HAL_RCC_GET_SAI2_SOURCE();
1019:Drivers/STM32L4xx_HAL_Driver/Src/stm32l4xx_hal_rcc_ex.c **** #endif /* SAI2 */
1020:Drivers/STM32L4xx_HAL_Driver/Src/stm32l4xx_hal_rcc_ex.c **** 
1021:Drivers/STM32L4xx_HAL_Driver/Src/stm32l4xx_hal_rcc_ex.c ****   /* Get the RTC clock source ------------------------------------------------*/
1022:Drivers/STM32L4xx_HAL_Driver/Src/stm32l4xx_hal_rcc_ex.c ****   PeriphClkInit->RTCClockSelection     = __HAL_RCC_GET_RTC_SOURCE();
1023:Drivers/STM32L4xx_HAL_Driver/Src/stm32l4xx_hal_rcc_ex.c **** 
1024:Drivers/STM32L4xx_HAL_Driver/Src/stm32l4xx_hal_rcc_ex.c **** #if defined(USB_OTG_FS) || defined(USB)
1025:Drivers/STM32L4xx_HAL_Driver/Src/stm32l4xx_hal_rcc_ex.c ****   /* Get the USB clock source ------------------------------------------------*/
1026:Drivers/STM32L4xx_HAL_Driver/Src/stm32l4xx_hal_rcc_ex.c ****   PeriphClkInit->UsbClockSelection   = __HAL_RCC_GET_USB_SOURCE();
1027:Drivers/STM32L4xx_HAL_Driver/Src/stm32l4xx_hal_rcc_ex.c **** #endif /* USB_OTG_FS || USB */
1028:Drivers/STM32L4xx_HAL_Driver/Src/stm32l4xx_hal_rcc_ex.c **** 
1029:Drivers/STM32L4xx_HAL_Driver/Src/stm32l4xx_hal_rcc_ex.c **** #if defined(SDMMC1)
1030:Drivers/STM32L4xx_HAL_Driver/Src/stm32l4xx_hal_rcc_ex.c ****   /* Get the SDMMC1 clock source ---------------------------------------------*/
1031:Drivers/STM32L4xx_HAL_Driver/Src/stm32l4xx_hal_rcc_ex.c ****   PeriphClkInit->Sdmmc1ClockSelection   = __HAL_RCC_GET_SDMMC1_SOURCE();
1032:Drivers/STM32L4xx_HAL_Driver/Src/stm32l4xx_hal_rcc_ex.c **** #endif /* SDMMC1 */
1033:Drivers/STM32L4xx_HAL_Driver/Src/stm32l4xx_hal_rcc_ex.c **** 
1034:Drivers/STM32L4xx_HAL_Driver/Src/stm32l4xx_hal_rcc_ex.c ****   /* Get the RNG clock source ------------------------------------------------*/
1035:Drivers/STM32L4xx_HAL_Driver/Src/stm32l4xx_hal_rcc_ex.c ****   PeriphClkInit->RngClockSelection   = __HAL_RCC_GET_RNG_SOURCE();
1036:Drivers/STM32L4xx_HAL_Driver/Src/stm32l4xx_hal_rcc_ex.c **** 
1037:Drivers/STM32L4xx_HAL_Driver/Src/stm32l4xx_hal_rcc_ex.c **** #if !defined(STM32L412xx) && !defined(STM32L422xx)
1038:Drivers/STM32L4xx_HAL_Driver/Src/stm32l4xx_hal_rcc_ex.c ****   /* Get the ADC clock source ------------------------------------------------*/
1039:Drivers/STM32L4xx_HAL_Driver/Src/stm32l4xx_hal_rcc_ex.c ****   PeriphClkInit->AdcClockSelection     = __HAL_RCC_GET_ADC_SOURCE();
1040:Drivers/STM32L4xx_HAL_Driver/Src/stm32l4xx_hal_rcc_ex.c **** #endif /* !STM32L412xx && !STM32L422xx */
1041:Drivers/STM32L4xx_HAL_Driver/Src/stm32l4xx_hal_rcc_ex.c **** 
1042:Drivers/STM32L4xx_HAL_Driver/Src/stm32l4xx_hal_rcc_ex.c **** #if defined(SWPMI1)
1043:Drivers/STM32L4xx_HAL_Driver/Src/stm32l4xx_hal_rcc_ex.c ****   /* Get the SWPMI1 clock source ---------------------------------------------*/
1044:Drivers/STM32L4xx_HAL_Driver/Src/stm32l4xx_hal_rcc_ex.c ****   PeriphClkInit->Swpmi1ClockSelection  = __HAL_RCC_GET_SWPMI1_SOURCE();
1045:Drivers/STM32L4xx_HAL_Driver/Src/stm32l4xx_hal_rcc_ex.c **** #endif /* SWPMI1 */
1046:Drivers/STM32L4xx_HAL_Driver/Src/stm32l4xx_hal_rcc_ex.c **** 
1047:Drivers/STM32L4xx_HAL_Driver/Src/stm32l4xx_hal_rcc_ex.c **** #if defined(DFSDM1_Filter0)
1048:Drivers/STM32L4xx_HAL_Driver/Src/stm32l4xx_hal_rcc_ex.c ****   /* Get the DFSDM1 clock source ---------------------------------------------*/
1049:Drivers/STM32L4xx_HAL_Driver/Src/stm32l4xx_hal_rcc_ex.c ****   PeriphClkInit->Dfsdm1ClockSelection  = __HAL_RCC_GET_DFSDM1_SOURCE();
1050:Drivers/STM32L4xx_HAL_Driver/Src/stm32l4xx_hal_rcc_ex.c **** 
1051:Drivers/STM32L4xx_HAL_Driver/Src/stm32l4xx_hal_rcc_ex.c **** #if defined(STM32L4R5xx) || defined(STM32L4R7xx) || defined(STM32L4R9xx) || defined(STM32L4S5xx) ||
1052:Drivers/STM32L4xx_HAL_Driver/Src/stm32l4xx_hal_rcc_ex.c ****   /* Get the DFSDM1 audio clock source ---------------------------------------*/
1053:Drivers/STM32L4xx_HAL_Driver/Src/stm32l4xx_hal_rcc_ex.c ****   PeriphClkInit->Dfsdm1AudioClockSelection  = __HAL_RCC_GET_DFSDM1AUDIO_SOURCE();
1054:Drivers/STM32L4xx_HAL_Driver/Src/stm32l4xx_hal_rcc_ex.c **** #endif /* STM32L4R5xx || STM32L4R7xx || STM32L4R9xx || STM32L4S5xx || STM32L4S7xx || STM32L4S9xx */
1055:Drivers/STM32L4xx_HAL_Driver/Src/stm32l4xx_hal_rcc_ex.c **** #endif /* DFSDM1_Filter0 */
1056:Drivers/STM32L4xx_HAL_Driver/Src/stm32l4xx_hal_rcc_ex.c **** 
ARM GAS  C:\Users\adisa\AppData\Local\Temp\ccmroX4q.s 			page 20


1057:Drivers/STM32L4xx_HAL_Driver/Src/stm32l4xx_hal_rcc_ex.c **** #if defined(LTDC)
1058:Drivers/STM32L4xx_HAL_Driver/Src/stm32l4xx_hal_rcc_ex.c ****   /* Get the LTDC clock source -----------------------------------------------*/
1059:Drivers/STM32L4xx_HAL_Driver/Src/stm32l4xx_hal_rcc_ex.c ****   PeriphClkInit->LtdcClockSelection = __HAL_RCC_GET_LTDC_SOURCE();
1060:Drivers/STM32L4xx_HAL_Driver/Src/stm32l4xx_hal_rcc_ex.c **** #endif /* LTDC */
1061:Drivers/STM32L4xx_HAL_Driver/Src/stm32l4xx_hal_rcc_ex.c **** 
1062:Drivers/STM32L4xx_HAL_Driver/Src/stm32l4xx_hal_rcc_ex.c **** #if defined(DSI)
1063:Drivers/STM32L4xx_HAL_Driver/Src/stm32l4xx_hal_rcc_ex.c ****   /* Get the DSI clock source ------------------------------------------------*/
1064:Drivers/STM32L4xx_HAL_Driver/Src/stm32l4xx_hal_rcc_ex.c ****   PeriphClkInit->DsiClockSelection = __HAL_RCC_GET_DSI_SOURCE();
1065:Drivers/STM32L4xx_HAL_Driver/Src/stm32l4xx_hal_rcc_ex.c **** #endif /* DSI */
1066:Drivers/STM32L4xx_HAL_Driver/Src/stm32l4xx_hal_rcc_ex.c **** 
1067:Drivers/STM32L4xx_HAL_Driver/Src/stm32l4xx_hal_rcc_ex.c **** #if defined(OCTOSPI1) || defined(OCTOSPI2)
1068:Drivers/STM32L4xx_HAL_Driver/Src/stm32l4xx_hal_rcc_ex.c ****   /* Get the OctoSPIclock source --------------------------------------------*/
1069:Drivers/STM32L4xx_HAL_Driver/Src/stm32l4xx_hal_rcc_ex.c ****   PeriphClkInit->OspiClockSelection = __HAL_RCC_GET_OSPI_SOURCE();
1070:Drivers/STM32L4xx_HAL_Driver/Src/stm32l4xx_hal_rcc_ex.c **** #endif /* OCTOSPI1 || OCTOSPI2 */
1071:Drivers/STM32L4xx_HAL_Driver/Src/stm32l4xx_hal_rcc_ex.c **** }
1072:Drivers/STM32L4xx_HAL_Driver/Src/stm32l4xx_hal_rcc_ex.c **** 
1073:Drivers/STM32L4xx_HAL_Driver/Src/stm32l4xx_hal_rcc_ex.c **** /**
1074:Drivers/STM32L4xx_HAL_Driver/Src/stm32l4xx_hal_rcc_ex.c ****   * @brief  Return the peripheral clock frequency for peripherals with clock source from PLLSAIs
1075:Drivers/STM32L4xx_HAL_Driver/Src/stm32l4xx_hal_rcc_ex.c ****   * @note   Return 0 if peripheral clock identifier not managed by this API
1076:Drivers/STM32L4xx_HAL_Driver/Src/stm32l4xx_hal_rcc_ex.c ****   * @param  PeriphClk  Peripheral clock identifier
1077:Drivers/STM32L4xx_HAL_Driver/Src/stm32l4xx_hal_rcc_ex.c ****   *         This parameter can be one of the following values:
1078:Drivers/STM32L4xx_HAL_Driver/Src/stm32l4xx_hal_rcc_ex.c ****   *            @arg @ref RCC_PERIPHCLK_RTC  RTC peripheral clock
1079:Drivers/STM32L4xx_HAL_Driver/Src/stm32l4xx_hal_rcc_ex.c ****   *            @arg @ref RCC_PERIPHCLK_ADC  ADC peripheral clock
1080:Drivers/STM32L4xx_HAL_Driver/Src/stm32l4xx_hal_rcc_ex.c ****   @if STM32L462xx
1081:Drivers/STM32L4xx_HAL_Driver/Src/stm32l4xx_hal_rcc_ex.c ****   *            @arg @ref RCC_PERIPHCLK_DFSDM1  DFSDM1 peripheral clock (only for devices with DFSDM
1082:Drivers/STM32L4xx_HAL_Driver/Src/stm32l4xx_hal_rcc_ex.c ****   @endif
1083:Drivers/STM32L4xx_HAL_Driver/Src/stm32l4xx_hal_rcc_ex.c ****   @if STM32L486xx
1084:Drivers/STM32L4xx_HAL_Driver/Src/stm32l4xx_hal_rcc_ex.c ****   *            @arg @ref RCC_PERIPHCLK_DFSDM1  DFSDM1 peripheral clock (only for devices with DFSDM
1085:Drivers/STM32L4xx_HAL_Driver/Src/stm32l4xx_hal_rcc_ex.c ****   @endif
1086:Drivers/STM32L4xx_HAL_Driver/Src/stm32l4xx_hal_rcc_ex.c ****   @if STM32L4A6xx
1087:Drivers/STM32L4xx_HAL_Driver/Src/stm32l4xx_hal_rcc_ex.c ****   *            @arg @ref RCC_PERIPHCLK_DFSDM1  DFSDM1 peripheral clock (only for devices with DFSDM
1088:Drivers/STM32L4xx_HAL_Driver/Src/stm32l4xx_hal_rcc_ex.c ****   @endif
1089:Drivers/STM32L4xx_HAL_Driver/Src/stm32l4xx_hal_rcc_ex.c ****   *            @arg @ref RCC_PERIPHCLK_I2C1  I2C1 peripheral clock
1090:Drivers/STM32L4xx_HAL_Driver/Src/stm32l4xx_hal_rcc_ex.c ****   *            @arg @ref RCC_PERIPHCLK_I2C2  I2C2 peripheral clock
1091:Drivers/STM32L4xx_HAL_Driver/Src/stm32l4xx_hal_rcc_ex.c ****   *            @arg @ref RCC_PERIPHCLK_I2C3  I2C3 peripheral clock
1092:Drivers/STM32L4xx_HAL_Driver/Src/stm32l4xx_hal_rcc_ex.c ****   @if STM32L462xx
1093:Drivers/STM32L4xx_HAL_Driver/Src/stm32l4xx_hal_rcc_ex.c ****   *            @arg @ref RCC_PERIPHCLK_I2C4  I2C4 peripheral clock (only for devices with I2C4)
1094:Drivers/STM32L4xx_HAL_Driver/Src/stm32l4xx_hal_rcc_ex.c ****   @endif
1095:Drivers/STM32L4xx_HAL_Driver/Src/stm32l4xx_hal_rcc_ex.c ****   @if STM32L4A6xx
1096:Drivers/STM32L4xx_HAL_Driver/Src/stm32l4xx_hal_rcc_ex.c ****   *            @arg @ref RCC_PERIPHCLK_I2C4  I2C4 peripheral clock (only for devices with I2C4)
1097:Drivers/STM32L4xx_HAL_Driver/Src/stm32l4xx_hal_rcc_ex.c ****   @endif
1098:Drivers/STM32L4xx_HAL_Driver/Src/stm32l4xx_hal_rcc_ex.c ****   @if STM32L4S9xx
1099:Drivers/STM32L4xx_HAL_Driver/Src/stm32l4xx_hal_rcc_ex.c ****   *            @arg @ref RCC_PERIPHCLK_I2C4  I2C4 peripheral clock (only for devices with I2C4)
1100:Drivers/STM32L4xx_HAL_Driver/Src/stm32l4xx_hal_rcc_ex.c ****   @endif
1101:Drivers/STM32L4xx_HAL_Driver/Src/stm32l4xx_hal_rcc_ex.c ****   *            @arg @ref RCC_PERIPHCLK_LPTIM1  LPTIM1 peripheral clock
1102:Drivers/STM32L4xx_HAL_Driver/Src/stm32l4xx_hal_rcc_ex.c ****   *            @arg @ref RCC_PERIPHCLK_LPTIM2  LPTIM2 peripheral clock
1103:Drivers/STM32L4xx_HAL_Driver/Src/stm32l4xx_hal_rcc_ex.c ****   *            @arg @ref RCC_PERIPHCLK_LPUART1  LPUART1 peripheral clock
1104:Drivers/STM32L4xx_HAL_Driver/Src/stm32l4xx_hal_rcc_ex.c ****   *            @arg @ref RCC_PERIPHCLK_RNG  RNG peripheral clock
1105:Drivers/STM32L4xx_HAL_Driver/Src/stm32l4xx_hal_rcc_ex.c ****   *            @arg @ref RCC_PERIPHCLK_SAI1  SAI1 peripheral clock (only for devices with SAI1)
1106:Drivers/STM32L4xx_HAL_Driver/Src/stm32l4xx_hal_rcc_ex.c ****   @if STM32L486xx
1107:Drivers/STM32L4xx_HAL_Driver/Src/stm32l4xx_hal_rcc_ex.c ****   *            @arg @ref RCC_PERIPHCLK_SAI2  SAI2 peripheral clock (only for devices with SAI2)
1108:Drivers/STM32L4xx_HAL_Driver/Src/stm32l4xx_hal_rcc_ex.c ****   @endif
1109:Drivers/STM32L4xx_HAL_Driver/Src/stm32l4xx_hal_rcc_ex.c ****   @if STM32L4A6xx
1110:Drivers/STM32L4xx_HAL_Driver/Src/stm32l4xx_hal_rcc_ex.c ****   *            @arg @ref RCC_PERIPHCLK_SAI2  SAI2 peripheral clock (only for devices with SAI2)
1111:Drivers/STM32L4xx_HAL_Driver/Src/stm32l4xx_hal_rcc_ex.c ****   @endif
1112:Drivers/STM32L4xx_HAL_Driver/Src/stm32l4xx_hal_rcc_ex.c ****   @if STM32L4S9xx
1113:Drivers/STM32L4xx_HAL_Driver/Src/stm32l4xx_hal_rcc_ex.c ****   *            @arg @ref RCC_PERIPHCLK_SAI2  SAI2 peripheral clock (only for devices with SAI2)
ARM GAS  C:\Users\adisa\AppData\Local\Temp\ccmroX4q.s 			page 21


1114:Drivers/STM32L4xx_HAL_Driver/Src/stm32l4xx_hal_rcc_ex.c ****   @endif
1115:Drivers/STM32L4xx_HAL_Driver/Src/stm32l4xx_hal_rcc_ex.c ****   *            @arg @ref RCC_PERIPHCLK_SDMMC1  SDMMC1 peripheral clock
1116:Drivers/STM32L4xx_HAL_Driver/Src/stm32l4xx_hal_rcc_ex.c ****   @if STM32L443xx
1117:Drivers/STM32L4xx_HAL_Driver/Src/stm32l4xx_hal_rcc_ex.c ****   *            @arg @ref RCC_PERIPHCLK_SWPMI1  SWPMI1 peripheral clock (only for devices with SWPMI
1118:Drivers/STM32L4xx_HAL_Driver/Src/stm32l4xx_hal_rcc_ex.c ****   @endif
1119:Drivers/STM32L4xx_HAL_Driver/Src/stm32l4xx_hal_rcc_ex.c ****   @if STM32L486xx
1120:Drivers/STM32L4xx_HAL_Driver/Src/stm32l4xx_hal_rcc_ex.c ****   *            @arg @ref RCC_PERIPHCLK_SWPMI1  SWPMI1 peripheral clock (only for devices with SWPMI
1121:Drivers/STM32L4xx_HAL_Driver/Src/stm32l4xx_hal_rcc_ex.c ****   @endif
1122:Drivers/STM32L4xx_HAL_Driver/Src/stm32l4xx_hal_rcc_ex.c ****   @if STM32L4A6xx
1123:Drivers/STM32L4xx_HAL_Driver/Src/stm32l4xx_hal_rcc_ex.c ****   *            @arg @ref RCC_PERIPHCLK_SWPMI1  SWPMI1 peripheral clock (only for devices with SWPMI
1124:Drivers/STM32L4xx_HAL_Driver/Src/stm32l4xx_hal_rcc_ex.c ****   @endif
1125:Drivers/STM32L4xx_HAL_Driver/Src/stm32l4xx_hal_rcc_ex.c ****   *            @arg @ref RCC_PERIPHCLK_USART1  USART1 peripheral clock
1126:Drivers/STM32L4xx_HAL_Driver/Src/stm32l4xx_hal_rcc_ex.c ****   *            @arg @ref RCC_PERIPHCLK_USART2  USART1 peripheral clock
1127:Drivers/STM32L4xx_HAL_Driver/Src/stm32l4xx_hal_rcc_ex.c ****   *            @arg @ref RCC_PERIPHCLK_USART3  USART1 peripheral clock
1128:Drivers/STM32L4xx_HAL_Driver/Src/stm32l4xx_hal_rcc_ex.c ****   @if STM32L462xx
1129:Drivers/STM32L4xx_HAL_Driver/Src/stm32l4xx_hal_rcc_ex.c ****   *            @arg @ref RCC_PERIPHCLK_UART4  UART4 peripheral clock (only for devices with UART4)
1130:Drivers/STM32L4xx_HAL_Driver/Src/stm32l4xx_hal_rcc_ex.c ****   *            @arg @ref RCC_PERIPHCLK_USB  USB peripheral clock (only for devices with USB)
1131:Drivers/STM32L4xx_HAL_Driver/Src/stm32l4xx_hal_rcc_ex.c ****   @endif
1132:Drivers/STM32L4xx_HAL_Driver/Src/stm32l4xx_hal_rcc_ex.c ****   @if STM32L486xx
1133:Drivers/STM32L4xx_HAL_Driver/Src/stm32l4xx_hal_rcc_ex.c ****   *            @arg @ref RCC_PERIPHCLK_UART4  UART4 peripheral clock (only for devices with UART4)
1134:Drivers/STM32L4xx_HAL_Driver/Src/stm32l4xx_hal_rcc_ex.c ****   *            @arg @ref RCC_PERIPHCLK_UART5  UART5 peripheral clock (only for devices with UART5)
1135:Drivers/STM32L4xx_HAL_Driver/Src/stm32l4xx_hal_rcc_ex.c ****   *            @arg @ref RCC_PERIPHCLK_USB  USB peripheral clock (only for devices with USB)
1136:Drivers/STM32L4xx_HAL_Driver/Src/stm32l4xx_hal_rcc_ex.c ****   @endif
1137:Drivers/STM32L4xx_HAL_Driver/Src/stm32l4xx_hal_rcc_ex.c ****   @if STM32L4A6xx
1138:Drivers/STM32L4xx_HAL_Driver/Src/stm32l4xx_hal_rcc_ex.c ****   *            @arg @ref RCC_PERIPHCLK_UART4  UART4 peripheral clock (only for devices with UART4)
1139:Drivers/STM32L4xx_HAL_Driver/Src/stm32l4xx_hal_rcc_ex.c ****   *            @arg @ref RCC_PERIPHCLK_UART5  UART5 peripheral clock (only for devices with UART5)
1140:Drivers/STM32L4xx_HAL_Driver/Src/stm32l4xx_hal_rcc_ex.c ****   *            @arg @ref RCC_PERIPHCLK_USB  USB peripheral clock (only for devices with USB)
1141:Drivers/STM32L4xx_HAL_Driver/Src/stm32l4xx_hal_rcc_ex.c ****   @endif
1142:Drivers/STM32L4xx_HAL_Driver/Src/stm32l4xx_hal_rcc_ex.c ****   @if STM32L4S9xx
1143:Drivers/STM32L4xx_HAL_Driver/Src/stm32l4xx_hal_rcc_ex.c ****   *            @arg @ref RCC_PERIPHCLK_UART4  USART1 peripheral clock (only for devices with UART4)
1144:Drivers/STM32L4xx_HAL_Driver/Src/stm32l4xx_hal_rcc_ex.c ****   *            @arg @ref RCC_PERIPHCLK_UART5  USART1 peripheral clock (only for devices with UART5)
1145:Drivers/STM32L4xx_HAL_Driver/Src/stm32l4xx_hal_rcc_ex.c ****   *            @arg @ref RCC_PERIPHCLK_USB  USB peripheral clock (only for devices with USB)
1146:Drivers/STM32L4xx_HAL_Driver/Src/stm32l4xx_hal_rcc_ex.c ****   *            @arg @ref RCC_PERIPHCLK_DFSDM1  DFSDM1 peripheral kernel clock (only for devices wit
1147:Drivers/STM32L4xx_HAL_Driver/Src/stm32l4xx_hal_rcc_ex.c ****   *            @arg @ref RCC_PERIPHCLK_DFSDM1AUDIO  DFSDM1 peripheral audio clock (only for devices
1148:Drivers/STM32L4xx_HAL_Driver/Src/stm32l4xx_hal_rcc_ex.c ****   *            @arg @ref RCC_PERIPHCLK_LTDC  LTDC peripheral clock (only for devices with LTDC)
1149:Drivers/STM32L4xx_HAL_Driver/Src/stm32l4xx_hal_rcc_ex.c ****   *            @arg @ref RCC_PERIPHCLK_DSI  DSI peripheral clock (only for devices with DSI)
1150:Drivers/STM32L4xx_HAL_Driver/Src/stm32l4xx_hal_rcc_ex.c ****   *            @arg @ref RCC_PERIPHCLK_OSPI  OctoSPI peripheral clock (only for devices with OctoSP
1151:Drivers/STM32L4xx_HAL_Driver/Src/stm32l4xx_hal_rcc_ex.c ****   @endif
1152:Drivers/STM32L4xx_HAL_Driver/Src/stm32l4xx_hal_rcc_ex.c ****   * @retval Frequency in Hz
1153:Drivers/STM32L4xx_HAL_Driver/Src/stm32l4xx_hal_rcc_ex.c ****   */
1154:Drivers/STM32L4xx_HAL_Driver/Src/stm32l4xx_hal_rcc_ex.c **** uint32_t HAL_RCCEx_GetPeriphCLKFreq(uint32_t PeriphClk)
1155:Drivers/STM32L4xx_HAL_Driver/Src/stm32l4xx_hal_rcc_ex.c **** {
1156:Drivers/STM32L4xx_HAL_Driver/Src/stm32l4xx_hal_rcc_ex.c ****   uint32_t frequency = 0U;
1157:Drivers/STM32L4xx_HAL_Driver/Src/stm32l4xx_hal_rcc_ex.c ****   uint32_t srcclk, pll_oscsource, pllvco, plln;    /* no init needed */
1158:Drivers/STM32L4xx_HAL_Driver/Src/stm32l4xx_hal_rcc_ex.c **** #if defined(SDMMC1) && defined(RCC_CCIPR2_SDMMCSEL)
1159:Drivers/STM32L4xx_HAL_Driver/Src/stm32l4xx_hal_rcc_ex.c ****   uint32_t pllp;  /* no init needed */
1160:Drivers/STM32L4xx_HAL_Driver/Src/stm32l4xx_hal_rcc_ex.c **** #endif
1161:Drivers/STM32L4xx_HAL_Driver/Src/stm32l4xx_hal_rcc_ex.c **** 
1162:Drivers/STM32L4xx_HAL_Driver/Src/stm32l4xx_hal_rcc_ex.c ****   /* Check the parameters */
1163:Drivers/STM32L4xx_HAL_Driver/Src/stm32l4xx_hal_rcc_ex.c ****   assert_param(IS_RCC_PERIPHCLOCK(PeriphClk));
1164:Drivers/STM32L4xx_HAL_Driver/Src/stm32l4xx_hal_rcc_ex.c **** 
1165:Drivers/STM32L4xx_HAL_Driver/Src/stm32l4xx_hal_rcc_ex.c ****   if(PeriphClk == RCC_PERIPHCLK_RTC)
1166:Drivers/STM32L4xx_HAL_Driver/Src/stm32l4xx_hal_rcc_ex.c ****   {
1167:Drivers/STM32L4xx_HAL_Driver/Src/stm32l4xx_hal_rcc_ex.c ****     /* Get the current RTC source */
1168:Drivers/STM32L4xx_HAL_Driver/Src/stm32l4xx_hal_rcc_ex.c ****     srcclk = __HAL_RCC_GET_RTC_SOURCE();
1169:Drivers/STM32L4xx_HAL_Driver/Src/stm32l4xx_hal_rcc_ex.c **** 
1170:Drivers/STM32L4xx_HAL_Driver/Src/stm32l4xx_hal_rcc_ex.c ****     switch(srcclk)
ARM GAS  C:\Users\adisa\AppData\Local\Temp\ccmroX4q.s 			page 22


1171:Drivers/STM32L4xx_HAL_Driver/Src/stm32l4xx_hal_rcc_ex.c ****     {
1172:Drivers/STM32L4xx_HAL_Driver/Src/stm32l4xx_hal_rcc_ex.c ****     case RCC_RTCCLKSOURCE_LSE:
1173:Drivers/STM32L4xx_HAL_Driver/Src/stm32l4xx_hal_rcc_ex.c ****       /* Check if LSE is ready */
1174:Drivers/STM32L4xx_HAL_Driver/Src/stm32l4xx_hal_rcc_ex.c ****       if(HAL_IS_BIT_SET(RCC->BDCR, RCC_BDCR_LSERDY))
1175:Drivers/STM32L4xx_HAL_Driver/Src/stm32l4xx_hal_rcc_ex.c ****       {
1176:Drivers/STM32L4xx_HAL_Driver/Src/stm32l4xx_hal_rcc_ex.c ****         frequency = LSE_VALUE;
1177:Drivers/STM32L4xx_HAL_Driver/Src/stm32l4xx_hal_rcc_ex.c ****       }
1178:Drivers/STM32L4xx_HAL_Driver/Src/stm32l4xx_hal_rcc_ex.c ****       break;
1179:Drivers/STM32L4xx_HAL_Driver/Src/stm32l4xx_hal_rcc_ex.c ****     case RCC_RTCCLKSOURCE_LSI:
1180:Drivers/STM32L4xx_HAL_Driver/Src/stm32l4xx_hal_rcc_ex.c ****       /* Check if LSI is ready */
1181:Drivers/STM32L4xx_HAL_Driver/Src/stm32l4xx_hal_rcc_ex.c ****       if(HAL_IS_BIT_SET(RCC->CSR, RCC_CSR_LSIRDY))
1182:Drivers/STM32L4xx_HAL_Driver/Src/stm32l4xx_hal_rcc_ex.c ****       {
1183:Drivers/STM32L4xx_HAL_Driver/Src/stm32l4xx_hal_rcc_ex.c **** #if defined(RCC_CSR_LSIPREDIV)
1184:Drivers/STM32L4xx_HAL_Driver/Src/stm32l4xx_hal_rcc_ex.c ****         if(HAL_IS_BIT_SET(RCC->CSR, RCC_CSR_LSIPREDIV))
1185:Drivers/STM32L4xx_HAL_Driver/Src/stm32l4xx_hal_rcc_ex.c ****         {
1186:Drivers/STM32L4xx_HAL_Driver/Src/stm32l4xx_hal_rcc_ex.c ****           frequency = LSI_VALUE/128U;
1187:Drivers/STM32L4xx_HAL_Driver/Src/stm32l4xx_hal_rcc_ex.c ****         }
1188:Drivers/STM32L4xx_HAL_Driver/Src/stm32l4xx_hal_rcc_ex.c ****         else
1189:Drivers/STM32L4xx_HAL_Driver/Src/stm32l4xx_hal_rcc_ex.c **** #endif /* RCC_CSR_LSIPREDIV */
1190:Drivers/STM32L4xx_HAL_Driver/Src/stm32l4xx_hal_rcc_ex.c ****         {
1191:Drivers/STM32L4xx_HAL_Driver/Src/stm32l4xx_hal_rcc_ex.c ****           frequency = LSI_VALUE;
1192:Drivers/STM32L4xx_HAL_Driver/Src/stm32l4xx_hal_rcc_ex.c ****         }
1193:Drivers/STM32L4xx_HAL_Driver/Src/stm32l4xx_hal_rcc_ex.c ****       }
1194:Drivers/STM32L4xx_HAL_Driver/Src/stm32l4xx_hal_rcc_ex.c ****       break;
1195:Drivers/STM32L4xx_HAL_Driver/Src/stm32l4xx_hal_rcc_ex.c ****     case RCC_RTCCLKSOURCE_HSE_DIV32:
1196:Drivers/STM32L4xx_HAL_Driver/Src/stm32l4xx_hal_rcc_ex.c ****       /* Check if HSE is ready */
1197:Drivers/STM32L4xx_HAL_Driver/Src/stm32l4xx_hal_rcc_ex.c ****       if(HAL_IS_BIT_SET(RCC->CR, RCC_CR_HSERDY))
1198:Drivers/STM32L4xx_HAL_Driver/Src/stm32l4xx_hal_rcc_ex.c ****       {
1199:Drivers/STM32L4xx_HAL_Driver/Src/stm32l4xx_hal_rcc_ex.c ****         frequency = HSE_VALUE / 32U;
1200:Drivers/STM32L4xx_HAL_Driver/Src/stm32l4xx_hal_rcc_ex.c ****       }
1201:Drivers/STM32L4xx_HAL_Driver/Src/stm32l4xx_hal_rcc_ex.c ****       break;
1202:Drivers/STM32L4xx_HAL_Driver/Src/stm32l4xx_hal_rcc_ex.c ****     default:
1203:Drivers/STM32L4xx_HAL_Driver/Src/stm32l4xx_hal_rcc_ex.c ****       /* No clock source, frequency default init at 0 */
1204:Drivers/STM32L4xx_HAL_Driver/Src/stm32l4xx_hal_rcc_ex.c ****       break;
1205:Drivers/STM32L4xx_HAL_Driver/Src/stm32l4xx_hal_rcc_ex.c ****     }
1206:Drivers/STM32L4xx_HAL_Driver/Src/stm32l4xx_hal_rcc_ex.c ****   }
1207:Drivers/STM32L4xx_HAL_Driver/Src/stm32l4xx_hal_rcc_ex.c ****   else
1208:Drivers/STM32L4xx_HAL_Driver/Src/stm32l4xx_hal_rcc_ex.c ****   {
1209:Drivers/STM32L4xx_HAL_Driver/Src/stm32l4xx_hal_rcc_ex.c ****     /* Other external peripheral clock source than RTC */
1210:Drivers/STM32L4xx_HAL_Driver/Src/stm32l4xx_hal_rcc_ex.c ****     pll_oscsource = __HAL_RCC_GET_PLL_OSCSOURCE();
1211:Drivers/STM32L4xx_HAL_Driver/Src/stm32l4xx_hal_rcc_ex.c **** 
1212:Drivers/STM32L4xx_HAL_Driver/Src/stm32l4xx_hal_rcc_ex.c ****     /* Compute PLL clock input */
1213:Drivers/STM32L4xx_HAL_Driver/Src/stm32l4xx_hal_rcc_ex.c ****     switch(pll_oscsource)
1214:Drivers/STM32L4xx_HAL_Driver/Src/stm32l4xx_hal_rcc_ex.c ****     {
1215:Drivers/STM32L4xx_HAL_Driver/Src/stm32l4xx_hal_rcc_ex.c ****     case RCC_PLLSOURCE_MSI:   /* MSI ? */
1216:Drivers/STM32L4xx_HAL_Driver/Src/stm32l4xx_hal_rcc_ex.c ****       if(HAL_IS_BIT_SET(RCC->CR, RCC_CR_MSIRDY))
1217:Drivers/STM32L4xx_HAL_Driver/Src/stm32l4xx_hal_rcc_ex.c ****       {
1218:Drivers/STM32L4xx_HAL_Driver/Src/stm32l4xx_hal_rcc_ex.c ****         /*MSI frequency range in HZ*/
1219:Drivers/STM32L4xx_HAL_Driver/Src/stm32l4xx_hal_rcc_ex.c ****         pllvco = MSIRangeTable[(__HAL_RCC_GET_MSI_RANGE() >> 4U)];
1220:Drivers/STM32L4xx_HAL_Driver/Src/stm32l4xx_hal_rcc_ex.c ****       }
1221:Drivers/STM32L4xx_HAL_Driver/Src/stm32l4xx_hal_rcc_ex.c ****       else
1222:Drivers/STM32L4xx_HAL_Driver/Src/stm32l4xx_hal_rcc_ex.c ****       {
1223:Drivers/STM32L4xx_HAL_Driver/Src/stm32l4xx_hal_rcc_ex.c ****         pllvco = 0U;
1224:Drivers/STM32L4xx_HAL_Driver/Src/stm32l4xx_hal_rcc_ex.c ****       }
1225:Drivers/STM32L4xx_HAL_Driver/Src/stm32l4xx_hal_rcc_ex.c ****       break;
1226:Drivers/STM32L4xx_HAL_Driver/Src/stm32l4xx_hal_rcc_ex.c ****     case RCC_PLLSOURCE_HSI:   /* HSI ? */
1227:Drivers/STM32L4xx_HAL_Driver/Src/stm32l4xx_hal_rcc_ex.c ****       if(HAL_IS_BIT_SET(RCC->CR, RCC_CR_HSIRDY))
ARM GAS  C:\Users\adisa\AppData\Local\Temp\ccmroX4q.s 			page 23


1228:Drivers/STM32L4xx_HAL_Driver/Src/stm32l4xx_hal_rcc_ex.c ****       {
1229:Drivers/STM32L4xx_HAL_Driver/Src/stm32l4xx_hal_rcc_ex.c ****         pllvco = HSI_VALUE;
1230:Drivers/STM32L4xx_HAL_Driver/Src/stm32l4xx_hal_rcc_ex.c ****       }
1231:Drivers/STM32L4xx_HAL_Driver/Src/stm32l4xx_hal_rcc_ex.c ****       else
1232:Drivers/STM32L4xx_HAL_Driver/Src/stm32l4xx_hal_rcc_ex.c ****       {
1233:Drivers/STM32L4xx_HAL_Driver/Src/stm32l4xx_hal_rcc_ex.c ****         pllvco = 0U;
1234:Drivers/STM32L4xx_HAL_Driver/Src/stm32l4xx_hal_rcc_ex.c ****       }
1235:Drivers/STM32L4xx_HAL_Driver/Src/stm32l4xx_hal_rcc_ex.c ****       break;
1236:Drivers/STM32L4xx_HAL_Driver/Src/stm32l4xx_hal_rcc_ex.c ****     case RCC_PLLSOURCE_HSE:   /* HSE ? */
1237:Drivers/STM32L4xx_HAL_Driver/Src/stm32l4xx_hal_rcc_ex.c ****       if(HAL_IS_BIT_SET(RCC->CR, RCC_CR_HSERDY))
1238:Drivers/STM32L4xx_HAL_Driver/Src/stm32l4xx_hal_rcc_ex.c ****       {
1239:Drivers/STM32L4xx_HAL_Driver/Src/stm32l4xx_hal_rcc_ex.c ****         pllvco = HSE_VALUE;
1240:Drivers/STM32L4xx_HAL_Driver/Src/stm32l4xx_hal_rcc_ex.c ****       }
1241:Drivers/STM32L4xx_HAL_Driver/Src/stm32l4xx_hal_rcc_ex.c ****       else
1242:Drivers/STM32L4xx_HAL_Driver/Src/stm32l4xx_hal_rcc_ex.c ****       {
1243:Drivers/STM32L4xx_HAL_Driver/Src/stm32l4xx_hal_rcc_ex.c ****         pllvco = 0U;
1244:Drivers/STM32L4xx_HAL_Driver/Src/stm32l4xx_hal_rcc_ex.c ****       }
1245:Drivers/STM32L4xx_HAL_Driver/Src/stm32l4xx_hal_rcc_ex.c ****       break;
1246:Drivers/STM32L4xx_HAL_Driver/Src/stm32l4xx_hal_rcc_ex.c ****     default:
1247:Drivers/STM32L4xx_HAL_Driver/Src/stm32l4xx_hal_rcc_ex.c ****       /* No source */
1248:Drivers/STM32L4xx_HAL_Driver/Src/stm32l4xx_hal_rcc_ex.c ****       pllvco = 0U;
1249:Drivers/STM32L4xx_HAL_Driver/Src/stm32l4xx_hal_rcc_ex.c ****       break;
1250:Drivers/STM32L4xx_HAL_Driver/Src/stm32l4xx_hal_rcc_ex.c ****     }
1251:Drivers/STM32L4xx_HAL_Driver/Src/stm32l4xx_hal_rcc_ex.c **** 
1252:Drivers/STM32L4xx_HAL_Driver/Src/stm32l4xx_hal_rcc_ex.c ****     switch(PeriphClk)
1253:Drivers/STM32L4xx_HAL_Driver/Src/stm32l4xx_hal_rcc_ex.c ****     {
1254:Drivers/STM32L4xx_HAL_Driver/Src/stm32l4xx_hal_rcc_ex.c **** #if defined(SAI1)
1255:Drivers/STM32L4xx_HAL_Driver/Src/stm32l4xx_hal_rcc_ex.c **** 
1256:Drivers/STM32L4xx_HAL_Driver/Src/stm32l4xx_hal_rcc_ex.c ****     case RCC_PERIPHCLK_SAI1:
1257:Drivers/STM32L4xx_HAL_Driver/Src/stm32l4xx_hal_rcc_ex.c ****       frequency = RCCEx_GetSAIxPeriphCLKFreq(RCC_PERIPHCLK_SAI1, pllvco);
1258:Drivers/STM32L4xx_HAL_Driver/Src/stm32l4xx_hal_rcc_ex.c ****       break;
1259:Drivers/STM32L4xx_HAL_Driver/Src/stm32l4xx_hal_rcc_ex.c **** 
1260:Drivers/STM32L4xx_HAL_Driver/Src/stm32l4xx_hal_rcc_ex.c **** #endif
1261:Drivers/STM32L4xx_HAL_Driver/Src/stm32l4xx_hal_rcc_ex.c **** 
1262:Drivers/STM32L4xx_HAL_Driver/Src/stm32l4xx_hal_rcc_ex.c **** #if defined(SAI2)
1263:Drivers/STM32L4xx_HAL_Driver/Src/stm32l4xx_hal_rcc_ex.c **** 
1264:Drivers/STM32L4xx_HAL_Driver/Src/stm32l4xx_hal_rcc_ex.c ****     case RCC_PERIPHCLK_SAI2:
1265:Drivers/STM32L4xx_HAL_Driver/Src/stm32l4xx_hal_rcc_ex.c ****       frequency = RCCEx_GetSAIxPeriphCLKFreq(RCC_PERIPHCLK_SAI2, pllvco);
1266:Drivers/STM32L4xx_HAL_Driver/Src/stm32l4xx_hal_rcc_ex.c ****       break;
1267:Drivers/STM32L4xx_HAL_Driver/Src/stm32l4xx_hal_rcc_ex.c **** 
1268:Drivers/STM32L4xx_HAL_Driver/Src/stm32l4xx_hal_rcc_ex.c **** #endif
1269:Drivers/STM32L4xx_HAL_Driver/Src/stm32l4xx_hal_rcc_ex.c **** 
1270:Drivers/STM32L4xx_HAL_Driver/Src/stm32l4xx_hal_rcc_ex.c **** #if defined(USB_OTG_FS) || defined(USB)
1271:Drivers/STM32L4xx_HAL_Driver/Src/stm32l4xx_hal_rcc_ex.c **** 
1272:Drivers/STM32L4xx_HAL_Driver/Src/stm32l4xx_hal_rcc_ex.c ****     case RCC_PERIPHCLK_USB:
1273:Drivers/STM32L4xx_HAL_Driver/Src/stm32l4xx_hal_rcc_ex.c **** 
1274:Drivers/STM32L4xx_HAL_Driver/Src/stm32l4xx_hal_rcc_ex.c **** #endif /* USB_OTG_FS || USB */
1275:Drivers/STM32L4xx_HAL_Driver/Src/stm32l4xx_hal_rcc_ex.c **** 
1276:Drivers/STM32L4xx_HAL_Driver/Src/stm32l4xx_hal_rcc_ex.c ****     case RCC_PERIPHCLK_RNG:
1277:Drivers/STM32L4xx_HAL_Driver/Src/stm32l4xx_hal_rcc_ex.c **** 
1278:Drivers/STM32L4xx_HAL_Driver/Src/stm32l4xx_hal_rcc_ex.c **** #if defined(SDMMC1) && !defined(RCC_CCIPR2_SDMMCSEL)
1279:Drivers/STM32L4xx_HAL_Driver/Src/stm32l4xx_hal_rcc_ex.c **** 
1280:Drivers/STM32L4xx_HAL_Driver/Src/stm32l4xx_hal_rcc_ex.c ****     case RCC_PERIPHCLK_SDMMC1:
1281:Drivers/STM32L4xx_HAL_Driver/Src/stm32l4xx_hal_rcc_ex.c **** 
1282:Drivers/STM32L4xx_HAL_Driver/Src/stm32l4xx_hal_rcc_ex.c **** #endif /* SDMMC1 && !RCC_CCIPR2_SDMMCSEL */
1283:Drivers/STM32L4xx_HAL_Driver/Src/stm32l4xx_hal_rcc_ex.c ****       {
1284:Drivers/STM32L4xx_HAL_Driver/Src/stm32l4xx_hal_rcc_ex.c ****         srcclk = READ_BIT(RCC->CCIPR, RCC_CCIPR_CLK48SEL);
ARM GAS  C:\Users\adisa\AppData\Local\Temp\ccmroX4q.s 			page 24


1285:Drivers/STM32L4xx_HAL_Driver/Src/stm32l4xx_hal_rcc_ex.c **** 
1286:Drivers/STM32L4xx_HAL_Driver/Src/stm32l4xx_hal_rcc_ex.c ****         switch(srcclk)
1287:Drivers/STM32L4xx_HAL_Driver/Src/stm32l4xx_hal_rcc_ex.c ****         {
1288:Drivers/STM32L4xx_HAL_Driver/Src/stm32l4xx_hal_rcc_ex.c ****         case RCC_CCIPR_CLK48SEL:   /* MSI ? */
1289:Drivers/STM32L4xx_HAL_Driver/Src/stm32l4xx_hal_rcc_ex.c ****           if(HAL_IS_BIT_SET(RCC->CR, RCC_CR_MSIRDY))
1290:Drivers/STM32L4xx_HAL_Driver/Src/stm32l4xx_hal_rcc_ex.c ****           {
1291:Drivers/STM32L4xx_HAL_Driver/Src/stm32l4xx_hal_rcc_ex.c ****             /*MSI frequency range in HZ*/
1292:Drivers/STM32L4xx_HAL_Driver/Src/stm32l4xx_hal_rcc_ex.c ****             frequency = MSIRangeTable[(__HAL_RCC_GET_MSI_RANGE() >> 4U)];
1293:Drivers/STM32L4xx_HAL_Driver/Src/stm32l4xx_hal_rcc_ex.c ****           }
1294:Drivers/STM32L4xx_HAL_Driver/Src/stm32l4xx_hal_rcc_ex.c ****           break;
1295:Drivers/STM32L4xx_HAL_Driver/Src/stm32l4xx_hal_rcc_ex.c ****         case RCC_CCIPR_CLK48SEL_1:  /* PLL ? */
1296:Drivers/STM32L4xx_HAL_Driver/Src/stm32l4xx_hal_rcc_ex.c ****           if(HAL_IS_BIT_SET(RCC->CR, RCC_CR_PLLRDY))
1297:Drivers/STM32L4xx_HAL_Driver/Src/stm32l4xx_hal_rcc_ex.c ****           {
1298:Drivers/STM32L4xx_HAL_Driver/Src/stm32l4xx_hal_rcc_ex.c ****             if(HAL_IS_BIT_SET(RCC->PLLCFGR, RCC_PLLCFGR_PLLQEN))
1299:Drivers/STM32L4xx_HAL_Driver/Src/stm32l4xx_hal_rcc_ex.c ****             {
1300:Drivers/STM32L4xx_HAL_Driver/Src/stm32l4xx_hal_rcc_ex.c ****               /* f(PLL Source) * PLLN / PLLM */
1301:Drivers/STM32L4xx_HAL_Driver/Src/stm32l4xx_hal_rcc_ex.c ****               plln = READ_BIT(RCC->PLLCFGR, RCC_PLLCFGR_PLLN) >> RCC_PLLCFGR_PLLN_Pos;
1302:Drivers/STM32L4xx_HAL_Driver/Src/stm32l4xx_hal_rcc_ex.c ****               pllvco = ((pllvco * plln) / ((READ_BIT(RCC->PLLCFGR, RCC_PLLCFGR_PLLM) >> RCC_PLLCFGR
1303:Drivers/STM32L4xx_HAL_Driver/Src/stm32l4xx_hal_rcc_ex.c ****               /* f(PLL48M1CLK) = f(VCO input) / PLLQ */
1304:Drivers/STM32L4xx_HAL_Driver/Src/stm32l4xx_hal_rcc_ex.c ****               frequency = (pllvco / (((READ_BIT(RCC->PLLCFGR, RCC_PLLCFGR_PLLQ) >> RCC_PLLCFGR_PLLQ
1305:Drivers/STM32L4xx_HAL_Driver/Src/stm32l4xx_hal_rcc_ex.c ****             }
1306:Drivers/STM32L4xx_HAL_Driver/Src/stm32l4xx_hal_rcc_ex.c ****           }
1307:Drivers/STM32L4xx_HAL_Driver/Src/stm32l4xx_hal_rcc_ex.c ****           break;
1308:Drivers/STM32L4xx_HAL_Driver/Src/stm32l4xx_hal_rcc_ex.c **** #if defined(RCC_PLLSAI1_SUPPORT)
1309:Drivers/STM32L4xx_HAL_Driver/Src/stm32l4xx_hal_rcc_ex.c ****         case RCC_CCIPR_CLK48SEL_0:  /* PLLSAI1 ? */
1310:Drivers/STM32L4xx_HAL_Driver/Src/stm32l4xx_hal_rcc_ex.c ****           if(HAL_IS_BIT_SET(RCC->CR, RCC_CR_PLLSAI1RDY))
1311:Drivers/STM32L4xx_HAL_Driver/Src/stm32l4xx_hal_rcc_ex.c ****           {
1312:Drivers/STM32L4xx_HAL_Driver/Src/stm32l4xx_hal_rcc_ex.c ****             if(HAL_IS_BIT_SET(RCC->PLLSAI1CFGR, RCC_PLLSAI1CFGR_PLLSAI1QEN))
1313:Drivers/STM32L4xx_HAL_Driver/Src/stm32l4xx_hal_rcc_ex.c ****             {
1314:Drivers/STM32L4xx_HAL_Driver/Src/stm32l4xx_hal_rcc_ex.c ****               plln = READ_BIT(RCC->PLLSAI1CFGR, RCC_PLLSAI1CFGR_PLLSAI1N) >> RCC_PLLSAI1CFGR_PLLSAI
1315:Drivers/STM32L4xx_HAL_Driver/Src/stm32l4xx_hal_rcc_ex.c **** #if defined(RCC_PLLSAI1M_DIV_1_16_SUPPORT)
1316:Drivers/STM32L4xx_HAL_Driver/Src/stm32l4xx_hal_rcc_ex.c ****               /* PLLSAI1M exists: apply PLLSAI1M divider for PLLSAI1 output computation */
1317:Drivers/STM32L4xx_HAL_Driver/Src/stm32l4xx_hal_rcc_ex.c ****               /* f(PLLSAI1 Source) * PLLSAI1N / PLLSAI1M */
1318:Drivers/STM32L4xx_HAL_Driver/Src/stm32l4xx_hal_rcc_ex.c ****               pllvco = ((pllvco * plln) / ((READ_BIT(RCC->PLLSAI1CFGR, RCC_PLLSAI1CFGR_PLLSAI1M) >>
1319:Drivers/STM32L4xx_HAL_Driver/Src/stm32l4xx_hal_rcc_ex.c **** #else
1320:Drivers/STM32L4xx_HAL_Driver/Src/stm32l4xx_hal_rcc_ex.c ****               /* f(PLL Source) * PLLSAI1N / PLLM */
1321:Drivers/STM32L4xx_HAL_Driver/Src/stm32l4xx_hal_rcc_ex.c ****               pllvco = ((pllvco * plln) / ((READ_BIT(RCC->PLLCFGR, RCC_PLLCFGR_PLLM) >> RCC_PLLCFGR
1322:Drivers/STM32L4xx_HAL_Driver/Src/stm32l4xx_hal_rcc_ex.c **** #endif
1323:Drivers/STM32L4xx_HAL_Driver/Src/stm32l4xx_hal_rcc_ex.c ****               /* f(PLL48M2CLK) = f(VCOSAI1 input) / PLLSAI1Q */
1324:Drivers/STM32L4xx_HAL_Driver/Src/stm32l4xx_hal_rcc_ex.c ****               frequency = (pllvco / (((READ_BIT(RCC->PLLSAI1CFGR, RCC_PLLSAI1CFGR_PLLSAI1Q) >> RCC_
1325:Drivers/STM32L4xx_HAL_Driver/Src/stm32l4xx_hal_rcc_ex.c ****             }
1326:Drivers/STM32L4xx_HAL_Driver/Src/stm32l4xx_hal_rcc_ex.c ****           }
1327:Drivers/STM32L4xx_HAL_Driver/Src/stm32l4xx_hal_rcc_ex.c ****           break;
1328:Drivers/STM32L4xx_HAL_Driver/Src/stm32l4xx_hal_rcc_ex.c **** #endif /* RCC_PLLSAI1_SUPPORT */
1329:Drivers/STM32L4xx_HAL_Driver/Src/stm32l4xx_hal_rcc_ex.c **** #if defined(RCC_HSI48_SUPPORT)
1330:Drivers/STM32L4xx_HAL_Driver/Src/stm32l4xx_hal_rcc_ex.c ****         case 0U:
1331:Drivers/STM32L4xx_HAL_Driver/Src/stm32l4xx_hal_rcc_ex.c ****           if(HAL_IS_BIT_SET(RCC->CRRCR, RCC_CRRCR_HSI48RDY)) /* HSI48 ? */
1332:Drivers/STM32L4xx_HAL_Driver/Src/stm32l4xx_hal_rcc_ex.c ****           {
1333:Drivers/STM32L4xx_HAL_Driver/Src/stm32l4xx_hal_rcc_ex.c ****             frequency = HSI48_VALUE;
1334:Drivers/STM32L4xx_HAL_Driver/Src/stm32l4xx_hal_rcc_ex.c ****           }
1335:Drivers/STM32L4xx_HAL_Driver/Src/stm32l4xx_hal_rcc_ex.c ****           break;
1336:Drivers/STM32L4xx_HAL_Driver/Src/stm32l4xx_hal_rcc_ex.c **** #endif /* RCC_HSI48_SUPPORT */
1337:Drivers/STM32L4xx_HAL_Driver/Src/stm32l4xx_hal_rcc_ex.c ****         default:
1338:Drivers/STM32L4xx_HAL_Driver/Src/stm32l4xx_hal_rcc_ex.c ****           /* No clock source, frequency default init at 0 */
1339:Drivers/STM32L4xx_HAL_Driver/Src/stm32l4xx_hal_rcc_ex.c ****           break;
1340:Drivers/STM32L4xx_HAL_Driver/Src/stm32l4xx_hal_rcc_ex.c ****         } /* switch(srcclk) */
1341:Drivers/STM32L4xx_HAL_Driver/Src/stm32l4xx_hal_rcc_ex.c ****         break;
ARM GAS  C:\Users\adisa\AppData\Local\Temp\ccmroX4q.s 			page 25


1342:Drivers/STM32L4xx_HAL_Driver/Src/stm32l4xx_hal_rcc_ex.c ****       }
1343:Drivers/STM32L4xx_HAL_Driver/Src/stm32l4xx_hal_rcc_ex.c **** 
1344:Drivers/STM32L4xx_HAL_Driver/Src/stm32l4xx_hal_rcc_ex.c **** #if defined(SDMMC1) && defined(RCC_CCIPR2_SDMMCSEL)
1345:Drivers/STM32L4xx_HAL_Driver/Src/stm32l4xx_hal_rcc_ex.c **** 
1346:Drivers/STM32L4xx_HAL_Driver/Src/stm32l4xx_hal_rcc_ex.c ****     case RCC_PERIPHCLK_SDMMC1:
1347:Drivers/STM32L4xx_HAL_Driver/Src/stm32l4xx_hal_rcc_ex.c **** 
1348:Drivers/STM32L4xx_HAL_Driver/Src/stm32l4xx_hal_rcc_ex.c ****       if(HAL_IS_BIT_SET(RCC->CCIPR2, RCC_CCIPR2_SDMMCSEL))  /* PLL "P" ? */
1349:Drivers/STM32L4xx_HAL_Driver/Src/stm32l4xx_hal_rcc_ex.c ****       {
1350:Drivers/STM32L4xx_HAL_Driver/Src/stm32l4xx_hal_rcc_ex.c ****         if(HAL_IS_BIT_SET(RCC->CR, RCC_CR_PLLRDY))
1351:Drivers/STM32L4xx_HAL_Driver/Src/stm32l4xx_hal_rcc_ex.c ****         {
1352:Drivers/STM32L4xx_HAL_Driver/Src/stm32l4xx_hal_rcc_ex.c ****           if(HAL_IS_BIT_SET(RCC->PLLCFGR, RCC_PLLCFGR_PLLPEN))
1353:Drivers/STM32L4xx_HAL_Driver/Src/stm32l4xx_hal_rcc_ex.c ****           {
1354:Drivers/STM32L4xx_HAL_Driver/Src/stm32l4xx_hal_rcc_ex.c ****             /* f(PLL Source) * PLLN / PLLM */
1355:Drivers/STM32L4xx_HAL_Driver/Src/stm32l4xx_hal_rcc_ex.c ****             plln = READ_BIT(RCC->PLLCFGR, RCC_PLLCFGR_PLLN) >> RCC_PLLCFGR_PLLN_Pos;
1356:Drivers/STM32L4xx_HAL_Driver/Src/stm32l4xx_hal_rcc_ex.c ****             pllvco = ((pllvco * plln) / ((READ_BIT(RCC->PLLCFGR, RCC_PLLCFGR_PLLM) >> RCC_PLLCFGR_P
1357:Drivers/STM32L4xx_HAL_Driver/Src/stm32l4xx_hal_rcc_ex.c ****             /* f(PLLSAI3CLK) = f(VCO input) / PLLP */
1358:Drivers/STM32L4xx_HAL_Driver/Src/stm32l4xx_hal_rcc_ex.c ****             pllp = READ_BIT(RCC->PLLCFGR, RCC_PLLCFGR_PLLPDIV) >> RCC_PLLCFGR_PLLPDIV_Pos;
1359:Drivers/STM32L4xx_HAL_Driver/Src/stm32l4xx_hal_rcc_ex.c ****             if(pllp == 0U)
1360:Drivers/STM32L4xx_HAL_Driver/Src/stm32l4xx_hal_rcc_ex.c ****             {
1361:Drivers/STM32L4xx_HAL_Driver/Src/stm32l4xx_hal_rcc_ex.c ****               if(READ_BIT(RCC->PLLCFGR, RCC_PLLCFGR_PLLP) != 0U)
1362:Drivers/STM32L4xx_HAL_Driver/Src/stm32l4xx_hal_rcc_ex.c ****               {
1363:Drivers/STM32L4xx_HAL_Driver/Src/stm32l4xx_hal_rcc_ex.c ****                 pllp = 17U;
1364:Drivers/STM32L4xx_HAL_Driver/Src/stm32l4xx_hal_rcc_ex.c ****               }
1365:Drivers/STM32L4xx_HAL_Driver/Src/stm32l4xx_hal_rcc_ex.c ****               else
1366:Drivers/STM32L4xx_HAL_Driver/Src/stm32l4xx_hal_rcc_ex.c ****               {
1367:Drivers/STM32L4xx_HAL_Driver/Src/stm32l4xx_hal_rcc_ex.c ****                 pllp = 7U;
1368:Drivers/STM32L4xx_HAL_Driver/Src/stm32l4xx_hal_rcc_ex.c ****               }
1369:Drivers/STM32L4xx_HAL_Driver/Src/stm32l4xx_hal_rcc_ex.c ****             }
1370:Drivers/STM32L4xx_HAL_Driver/Src/stm32l4xx_hal_rcc_ex.c ****             frequency = (pllvco / pllp);
1371:Drivers/STM32L4xx_HAL_Driver/Src/stm32l4xx_hal_rcc_ex.c ****           }
1372:Drivers/STM32L4xx_HAL_Driver/Src/stm32l4xx_hal_rcc_ex.c ****         }
1373:Drivers/STM32L4xx_HAL_Driver/Src/stm32l4xx_hal_rcc_ex.c ****       }
1374:Drivers/STM32L4xx_HAL_Driver/Src/stm32l4xx_hal_rcc_ex.c ****       else  /* 48MHz from PLL "Q" or MSI or PLLSAI1Q or HSI48 */
1375:Drivers/STM32L4xx_HAL_Driver/Src/stm32l4xx_hal_rcc_ex.c ****       {
1376:Drivers/STM32L4xx_HAL_Driver/Src/stm32l4xx_hal_rcc_ex.c ****         srcclk = READ_BIT(RCC->CCIPR, RCC_CCIPR_CLK48SEL);
1377:Drivers/STM32L4xx_HAL_Driver/Src/stm32l4xx_hal_rcc_ex.c **** 
1378:Drivers/STM32L4xx_HAL_Driver/Src/stm32l4xx_hal_rcc_ex.c ****         switch(srcclk)
1379:Drivers/STM32L4xx_HAL_Driver/Src/stm32l4xx_hal_rcc_ex.c ****         {
1380:Drivers/STM32L4xx_HAL_Driver/Src/stm32l4xx_hal_rcc_ex.c ****         case RCC_CCIPR_CLK48SEL:   /* MSI ? */
1381:Drivers/STM32L4xx_HAL_Driver/Src/stm32l4xx_hal_rcc_ex.c ****           if(HAL_IS_BIT_SET(RCC->CR, RCC_CR_MSIRDY))
1382:Drivers/STM32L4xx_HAL_Driver/Src/stm32l4xx_hal_rcc_ex.c ****           {
1383:Drivers/STM32L4xx_HAL_Driver/Src/stm32l4xx_hal_rcc_ex.c ****             /*MSI frequency range in HZ*/
1384:Drivers/STM32L4xx_HAL_Driver/Src/stm32l4xx_hal_rcc_ex.c ****             frequency = MSIRangeTable[(__HAL_RCC_GET_MSI_RANGE() >> 4U)];
1385:Drivers/STM32L4xx_HAL_Driver/Src/stm32l4xx_hal_rcc_ex.c ****           }
1386:Drivers/STM32L4xx_HAL_Driver/Src/stm32l4xx_hal_rcc_ex.c ****           break;
1387:Drivers/STM32L4xx_HAL_Driver/Src/stm32l4xx_hal_rcc_ex.c ****         case RCC_CCIPR_CLK48SEL_1:  /* PLL "Q" ? */
1388:Drivers/STM32L4xx_HAL_Driver/Src/stm32l4xx_hal_rcc_ex.c ****           if(HAL_IS_BIT_SET(RCC->CR, RCC_CR_PLLRDY))
1389:Drivers/STM32L4xx_HAL_Driver/Src/stm32l4xx_hal_rcc_ex.c ****           {
1390:Drivers/STM32L4xx_HAL_Driver/Src/stm32l4xx_hal_rcc_ex.c ****             if(HAL_IS_BIT_SET(RCC->PLLCFGR, RCC_PLLCFGR_PLLQEN))
1391:Drivers/STM32L4xx_HAL_Driver/Src/stm32l4xx_hal_rcc_ex.c ****             {
1392:Drivers/STM32L4xx_HAL_Driver/Src/stm32l4xx_hal_rcc_ex.c ****               /* f(PLL Source) * PLLN / PLLM */
1393:Drivers/STM32L4xx_HAL_Driver/Src/stm32l4xx_hal_rcc_ex.c ****               plln = READ_BIT(RCC->PLLCFGR, RCC_PLLCFGR_PLLN) >> RCC_PLLCFGR_PLLN_Pos;
1394:Drivers/STM32L4xx_HAL_Driver/Src/stm32l4xx_hal_rcc_ex.c ****               pllvco = ((pllvco * plln) / ((READ_BIT(RCC->PLLCFGR, RCC_PLLCFGR_PLLM) >> RCC_PLLCFGR
1395:Drivers/STM32L4xx_HAL_Driver/Src/stm32l4xx_hal_rcc_ex.c ****               /* f(PLL48M1CLK) = f(VCO input) / PLLQ */
1396:Drivers/STM32L4xx_HAL_Driver/Src/stm32l4xx_hal_rcc_ex.c ****               frequency = (pllvco / (((READ_BIT(RCC->PLLCFGR, RCC_PLLCFGR_PLLQ) >> RCC_PLLCFGR_PLLQ
1397:Drivers/STM32L4xx_HAL_Driver/Src/stm32l4xx_hal_rcc_ex.c ****             }
1398:Drivers/STM32L4xx_HAL_Driver/Src/stm32l4xx_hal_rcc_ex.c ****           }
ARM GAS  C:\Users\adisa\AppData\Local\Temp\ccmroX4q.s 			page 26


1399:Drivers/STM32L4xx_HAL_Driver/Src/stm32l4xx_hal_rcc_ex.c ****           break;
1400:Drivers/STM32L4xx_HAL_Driver/Src/stm32l4xx_hal_rcc_ex.c ****         case RCC_CCIPR_CLK48SEL_0:  /* PLLSAI1 ? */
1401:Drivers/STM32L4xx_HAL_Driver/Src/stm32l4xx_hal_rcc_ex.c ****           if(HAL_IS_BIT_SET(RCC->CR, RCC_CR_PLLSAI1RDY))
1402:Drivers/STM32L4xx_HAL_Driver/Src/stm32l4xx_hal_rcc_ex.c ****           {
1403:Drivers/STM32L4xx_HAL_Driver/Src/stm32l4xx_hal_rcc_ex.c ****             if(HAL_IS_BIT_SET(RCC->PLLSAI1CFGR, RCC_PLLSAI1CFGR_PLLSAI1QEN))
1404:Drivers/STM32L4xx_HAL_Driver/Src/stm32l4xx_hal_rcc_ex.c ****             {
1405:Drivers/STM32L4xx_HAL_Driver/Src/stm32l4xx_hal_rcc_ex.c ****               /* f(PLLSAI1 Source) * PLLSAI1N / PLLSAI1M */
1406:Drivers/STM32L4xx_HAL_Driver/Src/stm32l4xx_hal_rcc_ex.c ****               plln = READ_BIT(RCC->PLLSAI1CFGR, RCC_PLLSAI1CFGR_PLLSAI1N) >> RCC_PLLSAI1CFGR_PLLSAI
1407:Drivers/STM32L4xx_HAL_Driver/Src/stm32l4xx_hal_rcc_ex.c ****               pllvco = ((pllvco * plln) / ((READ_BIT(RCC->PLLSAI1CFGR, RCC_PLLSAI1CFGR_PLLSAI1M) >>
1408:Drivers/STM32L4xx_HAL_Driver/Src/stm32l4xx_hal_rcc_ex.c ****               /* f(PLL48M2CLK) = f(VCOSAI1 input) / PLLSAI1Q */
1409:Drivers/STM32L4xx_HAL_Driver/Src/stm32l4xx_hal_rcc_ex.c ****               frequency = (pllvco / (((READ_BIT(RCC->PLLSAI1CFGR, RCC_PLLSAI1CFGR_PLLSAI1Q) >> RCC_
1410:Drivers/STM32L4xx_HAL_Driver/Src/stm32l4xx_hal_rcc_ex.c ****             }
1411:Drivers/STM32L4xx_HAL_Driver/Src/stm32l4xx_hal_rcc_ex.c ****           }
1412:Drivers/STM32L4xx_HAL_Driver/Src/stm32l4xx_hal_rcc_ex.c ****           break;
1413:Drivers/STM32L4xx_HAL_Driver/Src/stm32l4xx_hal_rcc_ex.c ****         case 0U:
1414:Drivers/STM32L4xx_HAL_Driver/Src/stm32l4xx_hal_rcc_ex.c ****           if(HAL_IS_BIT_SET(RCC->CRRCR, RCC_CRRCR_HSI48RDY)) /* HSI48 ? */
1415:Drivers/STM32L4xx_HAL_Driver/Src/stm32l4xx_hal_rcc_ex.c ****           {
1416:Drivers/STM32L4xx_HAL_Driver/Src/stm32l4xx_hal_rcc_ex.c ****             frequency = HSI48_VALUE;
1417:Drivers/STM32L4xx_HAL_Driver/Src/stm32l4xx_hal_rcc_ex.c ****           }
1418:Drivers/STM32L4xx_HAL_Driver/Src/stm32l4xx_hal_rcc_ex.c ****           break;
1419:Drivers/STM32L4xx_HAL_Driver/Src/stm32l4xx_hal_rcc_ex.c ****         default:
1420:Drivers/STM32L4xx_HAL_Driver/Src/stm32l4xx_hal_rcc_ex.c ****           /* No clock source, frequency default init at 0 */
1421:Drivers/STM32L4xx_HAL_Driver/Src/stm32l4xx_hal_rcc_ex.c ****           break;
1422:Drivers/STM32L4xx_HAL_Driver/Src/stm32l4xx_hal_rcc_ex.c ****         } /* switch(srcclk) */
1423:Drivers/STM32L4xx_HAL_Driver/Src/stm32l4xx_hal_rcc_ex.c ****       }
1424:Drivers/STM32L4xx_HAL_Driver/Src/stm32l4xx_hal_rcc_ex.c ****       break;
1425:Drivers/STM32L4xx_HAL_Driver/Src/stm32l4xx_hal_rcc_ex.c **** 
1426:Drivers/STM32L4xx_HAL_Driver/Src/stm32l4xx_hal_rcc_ex.c **** #endif /* SDMMC1 && RCC_CCIPR2_SDMMCSEL */
1427:Drivers/STM32L4xx_HAL_Driver/Src/stm32l4xx_hal_rcc_ex.c **** 
1428:Drivers/STM32L4xx_HAL_Driver/Src/stm32l4xx_hal_rcc_ex.c ****     case RCC_PERIPHCLK_USART1:
1429:Drivers/STM32L4xx_HAL_Driver/Src/stm32l4xx_hal_rcc_ex.c ****       {
1430:Drivers/STM32L4xx_HAL_Driver/Src/stm32l4xx_hal_rcc_ex.c ****         /* Get the current USART1 source */
1431:Drivers/STM32L4xx_HAL_Driver/Src/stm32l4xx_hal_rcc_ex.c ****         srcclk = __HAL_RCC_GET_USART1_SOURCE();
1432:Drivers/STM32L4xx_HAL_Driver/Src/stm32l4xx_hal_rcc_ex.c **** 
1433:Drivers/STM32L4xx_HAL_Driver/Src/stm32l4xx_hal_rcc_ex.c ****         switch(srcclk)
1434:Drivers/STM32L4xx_HAL_Driver/Src/stm32l4xx_hal_rcc_ex.c ****         {
1435:Drivers/STM32L4xx_HAL_Driver/Src/stm32l4xx_hal_rcc_ex.c ****         case RCC_USART1CLKSOURCE_PCLK2:
1436:Drivers/STM32L4xx_HAL_Driver/Src/stm32l4xx_hal_rcc_ex.c ****           frequency = HAL_RCC_GetPCLK2Freq();
1437:Drivers/STM32L4xx_HAL_Driver/Src/stm32l4xx_hal_rcc_ex.c ****           break;
1438:Drivers/STM32L4xx_HAL_Driver/Src/stm32l4xx_hal_rcc_ex.c ****         case RCC_USART1CLKSOURCE_SYSCLK:
1439:Drivers/STM32L4xx_HAL_Driver/Src/stm32l4xx_hal_rcc_ex.c ****           frequency = HAL_RCC_GetSysClockFreq();
1440:Drivers/STM32L4xx_HAL_Driver/Src/stm32l4xx_hal_rcc_ex.c ****           break;
1441:Drivers/STM32L4xx_HAL_Driver/Src/stm32l4xx_hal_rcc_ex.c ****         case RCC_USART1CLKSOURCE_HSI:
1442:Drivers/STM32L4xx_HAL_Driver/Src/stm32l4xx_hal_rcc_ex.c ****           if(HAL_IS_BIT_SET(RCC->CR, RCC_CR_HSIRDY))
1443:Drivers/STM32L4xx_HAL_Driver/Src/stm32l4xx_hal_rcc_ex.c ****           {
1444:Drivers/STM32L4xx_HAL_Driver/Src/stm32l4xx_hal_rcc_ex.c ****             frequency = HSI_VALUE;
1445:Drivers/STM32L4xx_HAL_Driver/Src/stm32l4xx_hal_rcc_ex.c ****           }
1446:Drivers/STM32L4xx_HAL_Driver/Src/stm32l4xx_hal_rcc_ex.c ****           break;
1447:Drivers/STM32L4xx_HAL_Driver/Src/stm32l4xx_hal_rcc_ex.c ****         case RCC_USART1CLKSOURCE_LSE:
1448:Drivers/STM32L4xx_HAL_Driver/Src/stm32l4xx_hal_rcc_ex.c ****           if(HAL_IS_BIT_SET(RCC->BDCR, RCC_BDCR_LSERDY))
1449:Drivers/STM32L4xx_HAL_Driver/Src/stm32l4xx_hal_rcc_ex.c ****           {
1450:Drivers/STM32L4xx_HAL_Driver/Src/stm32l4xx_hal_rcc_ex.c ****             frequency = LSE_VALUE;
1451:Drivers/STM32L4xx_HAL_Driver/Src/stm32l4xx_hal_rcc_ex.c ****           }
1452:Drivers/STM32L4xx_HAL_Driver/Src/stm32l4xx_hal_rcc_ex.c ****           break;
1453:Drivers/STM32L4xx_HAL_Driver/Src/stm32l4xx_hal_rcc_ex.c ****         default:
1454:Drivers/STM32L4xx_HAL_Driver/Src/stm32l4xx_hal_rcc_ex.c ****           /* No clock source, frequency default init at 0 */
1455:Drivers/STM32L4xx_HAL_Driver/Src/stm32l4xx_hal_rcc_ex.c ****           break;
ARM GAS  C:\Users\adisa\AppData\Local\Temp\ccmroX4q.s 			page 27


1456:Drivers/STM32L4xx_HAL_Driver/Src/stm32l4xx_hal_rcc_ex.c ****         }
1457:Drivers/STM32L4xx_HAL_Driver/Src/stm32l4xx_hal_rcc_ex.c **** 
1458:Drivers/STM32L4xx_HAL_Driver/Src/stm32l4xx_hal_rcc_ex.c ****         break;
1459:Drivers/STM32L4xx_HAL_Driver/Src/stm32l4xx_hal_rcc_ex.c ****       }
1460:Drivers/STM32L4xx_HAL_Driver/Src/stm32l4xx_hal_rcc_ex.c **** 
1461:Drivers/STM32L4xx_HAL_Driver/Src/stm32l4xx_hal_rcc_ex.c ****     case RCC_PERIPHCLK_USART2:
1462:Drivers/STM32L4xx_HAL_Driver/Src/stm32l4xx_hal_rcc_ex.c ****       {
1463:Drivers/STM32L4xx_HAL_Driver/Src/stm32l4xx_hal_rcc_ex.c ****         /* Get the current USART2 source */
1464:Drivers/STM32L4xx_HAL_Driver/Src/stm32l4xx_hal_rcc_ex.c ****         srcclk = __HAL_RCC_GET_USART2_SOURCE();
1465:Drivers/STM32L4xx_HAL_Driver/Src/stm32l4xx_hal_rcc_ex.c **** 
1466:Drivers/STM32L4xx_HAL_Driver/Src/stm32l4xx_hal_rcc_ex.c ****         switch(srcclk)
1467:Drivers/STM32L4xx_HAL_Driver/Src/stm32l4xx_hal_rcc_ex.c ****         {
1468:Drivers/STM32L4xx_HAL_Driver/Src/stm32l4xx_hal_rcc_ex.c ****         case RCC_USART2CLKSOURCE_PCLK1:
1469:Drivers/STM32L4xx_HAL_Driver/Src/stm32l4xx_hal_rcc_ex.c ****           frequency = HAL_RCC_GetPCLK1Freq();
1470:Drivers/STM32L4xx_HAL_Driver/Src/stm32l4xx_hal_rcc_ex.c ****           break;
1471:Drivers/STM32L4xx_HAL_Driver/Src/stm32l4xx_hal_rcc_ex.c ****         case RCC_USART2CLKSOURCE_SYSCLK:
1472:Drivers/STM32L4xx_HAL_Driver/Src/stm32l4xx_hal_rcc_ex.c ****           frequency = HAL_RCC_GetSysClockFreq();
1473:Drivers/STM32L4xx_HAL_Driver/Src/stm32l4xx_hal_rcc_ex.c ****           break;
1474:Drivers/STM32L4xx_HAL_Driver/Src/stm32l4xx_hal_rcc_ex.c ****         case RCC_USART2CLKSOURCE_HSI:
1475:Drivers/STM32L4xx_HAL_Driver/Src/stm32l4xx_hal_rcc_ex.c ****           if(HAL_IS_BIT_SET(RCC->CR, RCC_CR_HSIRDY))
1476:Drivers/STM32L4xx_HAL_Driver/Src/stm32l4xx_hal_rcc_ex.c ****           {
1477:Drivers/STM32L4xx_HAL_Driver/Src/stm32l4xx_hal_rcc_ex.c ****             frequency = HSI_VALUE;
1478:Drivers/STM32L4xx_HAL_Driver/Src/stm32l4xx_hal_rcc_ex.c ****           }
1479:Drivers/STM32L4xx_HAL_Driver/Src/stm32l4xx_hal_rcc_ex.c ****           break;
1480:Drivers/STM32L4xx_HAL_Driver/Src/stm32l4xx_hal_rcc_ex.c ****         case RCC_USART2CLKSOURCE_LSE:
1481:Drivers/STM32L4xx_HAL_Driver/Src/stm32l4xx_hal_rcc_ex.c ****           if(HAL_IS_BIT_SET(RCC->BDCR, RCC_BDCR_LSERDY))
1482:Drivers/STM32L4xx_HAL_Driver/Src/stm32l4xx_hal_rcc_ex.c ****           {
1483:Drivers/STM32L4xx_HAL_Driver/Src/stm32l4xx_hal_rcc_ex.c ****             frequency = LSE_VALUE;
1484:Drivers/STM32L4xx_HAL_Driver/Src/stm32l4xx_hal_rcc_ex.c ****           }
1485:Drivers/STM32L4xx_HAL_Driver/Src/stm32l4xx_hal_rcc_ex.c ****           break;
1486:Drivers/STM32L4xx_HAL_Driver/Src/stm32l4xx_hal_rcc_ex.c ****         default:
1487:Drivers/STM32L4xx_HAL_Driver/Src/stm32l4xx_hal_rcc_ex.c ****           /* No clock source, frequency default init at 0 */
1488:Drivers/STM32L4xx_HAL_Driver/Src/stm32l4xx_hal_rcc_ex.c ****           break;
1489:Drivers/STM32L4xx_HAL_Driver/Src/stm32l4xx_hal_rcc_ex.c ****         }
1490:Drivers/STM32L4xx_HAL_Driver/Src/stm32l4xx_hal_rcc_ex.c **** 
1491:Drivers/STM32L4xx_HAL_Driver/Src/stm32l4xx_hal_rcc_ex.c ****         break;
1492:Drivers/STM32L4xx_HAL_Driver/Src/stm32l4xx_hal_rcc_ex.c ****       }
1493:Drivers/STM32L4xx_HAL_Driver/Src/stm32l4xx_hal_rcc_ex.c **** 
1494:Drivers/STM32L4xx_HAL_Driver/Src/stm32l4xx_hal_rcc_ex.c **** #if defined(USART3)
1495:Drivers/STM32L4xx_HAL_Driver/Src/stm32l4xx_hal_rcc_ex.c **** 
1496:Drivers/STM32L4xx_HAL_Driver/Src/stm32l4xx_hal_rcc_ex.c ****     case RCC_PERIPHCLK_USART3:
1497:Drivers/STM32L4xx_HAL_Driver/Src/stm32l4xx_hal_rcc_ex.c ****       {
1498:Drivers/STM32L4xx_HAL_Driver/Src/stm32l4xx_hal_rcc_ex.c ****         /* Get the current USART3 source */
1499:Drivers/STM32L4xx_HAL_Driver/Src/stm32l4xx_hal_rcc_ex.c ****         srcclk = __HAL_RCC_GET_USART3_SOURCE();
1500:Drivers/STM32L4xx_HAL_Driver/Src/stm32l4xx_hal_rcc_ex.c **** 
1501:Drivers/STM32L4xx_HAL_Driver/Src/stm32l4xx_hal_rcc_ex.c ****         switch(srcclk)
1502:Drivers/STM32L4xx_HAL_Driver/Src/stm32l4xx_hal_rcc_ex.c ****         {
1503:Drivers/STM32L4xx_HAL_Driver/Src/stm32l4xx_hal_rcc_ex.c ****         case RCC_USART3CLKSOURCE_PCLK1:
1504:Drivers/STM32L4xx_HAL_Driver/Src/stm32l4xx_hal_rcc_ex.c ****           frequency = HAL_RCC_GetPCLK1Freq();
1505:Drivers/STM32L4xx_HAL_Driver/Src/stm32l4xx_hal_rcc_ex.c ****           break;
1506:Drivers/STM32L4xx_HAL_Driver/Src/stm32l4xx_hal_rcc_ex.c ****         case RCC_USART3CLKSOURCE_SYSCLK:
1507:Drivers/STM32L4xx_HAL_Driver/Src/stm32l4xx_hal_rcc_ex.c ****           frequency = HAL_RCC_GetSysClockFreq();
1508:Drivers/STM32L4xx_HAL_Driver/Src/stm32l4xx_hal_rcc_ex.c ****           break;
1509:Drivers/STM32L4xx_HAL_Driver/Src/stm32l4xx_hal_rcc_ex.c ****         case RCC_USART3CLKSOURCE_HSI:
1510:Drivers/STM32L4xx_HAL_Driver/Src/stm32l4xx_hal_rcc_ex.c ****           if(HAL_IS_BIT_SET(RCC->CR, RCC_CR_HSIRDY))
1511:Drivers/STM32L4xx_HAL_Driver/Src/stm32l4xx_hal_rcc_ex.c ****           {
1512:Drivers/STM32L4xx_HAL_Driver/Src/stm32l4xx_hal_rcc_ex.c ****             frequency = HSI_VALUE;
ARM GAS  C:\Users\adisa\AppData\Local\Temp\ccmroX4q.s 			page 28


1513:Drivers/STM32L4xx_HAL_Driver/Src/stm32l4xx_hal_rcc_ex.c ****           }
1514:Drivers/STM32L4xx_HAL_Driver/Src/stm32l4xx_hal_rcc_ex.c ****           break;
1515:Drivers/STM32L4xx_HAL_Driver/Src/stm32l4xx_hal_rcc_ex.c ****         case RCC_USART3CLKSOURCE_LSE:
1516:Drivers/STM32L4xx_HAL_Driver/Src/stm32l4xx_hal_rcc_ex.c ****           if(HAL_IS_BIT_SET(RCC->BDCR, RCC_BDCR_LSERDY))
1517:Drivers/STM32L4xx_HAL_Driver/Src/stm32l4xx_hal_rcc_ex.c ****           {
1518:Drivers/STM32L4xx_HAL_Driver/Src/stm32l4xx_hal_rcc_ex.c ****             frequency = LSE_VALUE;
1519:Drivers/STM32L4xx_HAL_Driver/Src/stm32l4xx_hal_rcc_ex.c ****           }
1520:Drivers/STM32L4xx_HAL_Driver/Src/stm32l4xx_hal_rcc_ex.c ****           break;
1521:Drivers/STM32L4xx_HAL_Driver/Src/stm32l4xx_hal_rcc_ex.c ****         default:
1522:Drivers/STM32L4xx_HAL_Driver/Src/stm32l4xx_hal_rcc_ex.c ****           /* No clock source, frequency default init at 0 */
1523:Drivers/STM32L4xx_HAL_Driver/Src/stm32l4xx_hal_rcc_ex.c ****           break;
1524:Drivers/STM32L4xx_HAL_Driver/Src/stm32l4xx_hal_rcc_ex.c ****         }
1525:Drivers/STM32L4xx_HAL_Driver/Src/stm32l4xx_hal_rcc_ex.c **** 
1526:Drivers/STM32L4xx_HAL_Driver/Src/stm32l4xx_hal_rcc_ex.c ****         break;
1527:Drivers/STM32L4xx_HAL_Driver/Src/stm32l4xx_hal_rcc_ex.c ****       }
1528:Drivers/STM32L4xx_HAL_Driver/Src/stm32l4xx_hal_rcc_ex.c **** 
1529:Drivers/STM32L4xx_HAL_Driver/Src/stm32l4xx_hal_rcc_ex.c **** #endif /* USART3 */
1530:Drivers/STM32L4xx_HAL_Driver/Src/stm32l4xx_hal_rcc_ex.c **** 
1531:Drivers/STM32L4xx_HAL_Driver/Src/stm32l4xx_hal_rcc_ex.c **** #if defined(UART4)
1532:Drivers/STM32L4xx_HAL_Driver/Src/stm32l4xx_hal_rcc_ex.c **** 
1533:Drivers/STM32L4xx_HAL_Driver/Src/stm32l4xx_hal_rcc_ex.c ****     case RCC_PERIPHCLK_UART4:
1534:Drivers/STM32L4xx_HAL_Driver/Src/stm32l4xx_hal_rcc_ex.c ****       {
1535:Drivers/STM32L4xx_HAL_Driver/Src/stm32l4xx_hal_rcc_ex.c ****         /* Get the current UART4 source */
1536:Drivers/STM32L4xx_HAL_Driver/Src/stm32l4xx_hal_rcc_ex.c ****         srcclk = __HAL_RCC_GET_UART4_SOURCE();
1537:Drivers/STM32L4xx_HAL_Driver/Src/stm32l4xx_hal_rcc_ex.c **** 
1538:Drivers/STM32L4xx_HAL_Driver/Src/stm32l4xx_hal_rcc_ex.c ****         switch(srcclk)
1539:Drivers/STM32L4xx_HAL_Driver/Src/stm32l4xx_hal_rcc_ex.c ****         {
1540:Drivers/STM32L4xx_HAL_Driver/Src/stm32l4xx_hal_rcc_ex.c ****         case RCC_UART4CLKSOURCE_PCLK1:
1541:Drivers/STM32L4xx_HAL_Driver/Src/stm32l4xx_hal_rcc_ex.c ****           frequency = HAL_RCC_GetPCLK1Freq();
1542:Drivers/STM32L4xx_HAL_Driver/Src/stm32l4xx_hal_rcc_ex.c ****           break;
1543:Drivers/STM32L4xx_HAL_Driver/Src/stm32l4xx_hal_rcc_ex.c ****         case RCC_UART4CLKSOURCE_SYSCLK:
1544:Drivers/STM32L4xx_HAL_Driver/Src/stm32l4xx_hal_rcc_ex.c ****           frequency = HAL_RCC_GetSysClockFreq();
1545:Drivers/STM32L4xx_HAL_Driver/Src/stm32l4xx_hal_rcc_ex.c ****           break;
1546:Drivers/STM32L4xx_HAL_Driver/Src/stm32l4xx_hal_rcc_ex.c ****         case RCC_UART4CLKSOURCE_HSI:
1547:Drivers/STM32L4xx_HAL_Driver/Src/stm32l4xx_hal_rcc_ex.c ****           if(HAL_IS_BIT_SET(RCC->CR, RCC_CR_HSIRDY))
1548:Drivers/STM32L4xx_HAL_Driver/Src/stm32l4xx_hal_rcc_ex.c ****           {
1549:Drivers/STM32L4xx_HAL_Driver/Src/stm32l4xx_hal_rcc_ex.c ****             frequency = HSI_VALUE;
1550:Drivers/STM32L4xx_HAL_Driver/Src/stm32l4xx_hal_rcc_ex.c ****           }
1551:Drivers/STM32L4xx_HAL_Driver/Src/stm32l4xx_hal_rcc_ex.c ****           break;
1552:Drivers/STM32L4xx_HAL_Driver/Src/stm32l4xx_hal_rcc_ex.c ****         case RCC_UART4CLKSOURCE_LSE:
1553:Drivers/STM32L4xx_HAL_Driver/Src/stm32l4xx_hal_rcc_ex.c ****           if(HAL_IS_BIT_SET(RCC->BDCR, RCC_BDCR_LSERDY))
1554:Drivers/STM32L4xx_HAL_Driver/Src/stm32l4xx_hal_rcc_ex.c ****           {
1555:Drivers/STM32L4xx_HAL_Driver/Src/stm32l4xx_hal_rcc_ex.c ****             frequency = LSE_VALUE;
1556:Drivers/STM32L4xx_HAL_Driver/Src/stm32l4xx_hal_rcc_ex.c ****           }
1557:Drivers/STM32L4xx_HAL_Driver/Src/stm32l4xx_hal_rcc_ex.c ****           break;
1558:Drivers/STM32L4xx_HAL_Driver/Src/stm32l4xx_hal_rcc_ex.c ****         default:
1559:Drivers/STM32L4xx_HAL_Driver/Src/stm32l4xx_hal_rcc_ex.c ****           /* No clock source, frequency default init at 0 */
1560:Drivers/STM32L4xx_HAL_Driver/Src/stm32l4xx_hal_rcc_ex.c ****           break;
1561:Drivers/STM32L4xx_HAL_Driver/Src/stm32l4xx_hal_rcc_ex.c ****         }
1562:Drivers/STM32L4xx_HAL_Driver/Src/stm32l4xx_hal_rcc_ex.c **** 
1563:Drivers/STM32L4xx_HAL_Driver/Src/stm32l4xx_hal_rcc_ex.c ****         break;
1564:Drivers/STM32L4xx_HAL_Driver/Src/stm32l4xx_hal_rcc_ex.c ****       }
1565:Drivers/STM32L4xx_HAL_Driver/Src/stm32l4xx_hal_rcc_ex.c **** 
1566:Drivers/STM32L4xx_HAL_Driver/Src/stm32l4xx_hal_rcc_ex.c **** #endif /* UART4 */
1567:Drivers/STM32L4xx_HAL_Driver/Src/stm32l4xx_hal_rcc_ex.c **** 
1568:Drivers/STM32L4xx_HAL_Driver/Src/stm32l4xx_hal_rcc_ex.c **** #if defined(UART5)
1569:Drivers/STM32L4xx_HAL_Driver/Src/stm32l4xx_hal_rcc_ex.c **** 
ARM GAS  C:\Users\adisa\AppData\Local\Temp\ccmroX4q.s 			page 29


1570:Drivers/STM32L4xx_HAL_Driver/Src/stm32l4xx_hal_rcc_ex.c ****     case RCC_PERIPHCLK_UART5:
1571:Drivers/STM32L4xx_HAL_Driver/Src/stm32l4xx_hal_rcc_ex.c ****       {
1572:Drivers/STM32L4xx_HAL_Driver/Src/stm32l4xx_hal_rcc_ex.c ****         /* Get the current UART5 source */
1573:Drivers/STM32L4xx_HAL_Driver/Src/stm32l4xx_hal_rcc_ex.c ****         srcclk = __HAL_RCC_GET_UART5_SOURCE();
1574:Drivers/STM32L4xx_HAL_Driver/Src/stm32l4xx_hal_rcc_ex.c **** 
1575:Drivers/STM32L4xx_HAL_Driver/Src/stm32l4xx_hal_rcc_ex.c ****         switch(srcclk)
1576:Drivers/STM32L4xx_HAL_Driver/Src/stm32l4xx_hal_rcc_ex.c ****         {
1577:Drivers/STM32L4xx_HAL_Driver/Src/stm32l4xx_hal_rcc_ex.c ****         case RCC_UART5CLKSOURCE_PCLK1:
1578:Drivers/STM32L4xx_HAL_Driver/Src/stm32l4xx_hal_rcc_ex.c ****           frequency = HAL_RCC_GetPCLK1Freq();
1579:Drivers/STM32L4xx_HAL_Driver/Src/stm32l4xx_hal_rcc_ex.c ****           break;
1580:Drivers/STM32L4xx_HAL_Driver/Src/stm32l4xx_hal_rcc_ex.c ****         case RCC_UART5CLKSOURCE_SYSCLK:
1581:Drivers/STM32L4xx_HAL_Driver/Src/stm32l4xx_hal_rcc_ex.c ****           frequency = HAL_RCC_GetSysClockFreq();
1582:Drivers/STM32L4xx_HAL_Driver/Src/stm32l4xx_hal_rcc_ex.c ****           break;
1583:Drivers/STM32L4xx_HAL_Driver/Src/stm32l4xx_hal_rcc_ex.c ****         case RCC_UART5CLKSOURCE_HSI:
1584:Drivers/STM32L4xx_HAL_Driver/Src/stm32l4xx_hal_rcc_ex.c ****           if(HAL_IS_BIT_SET(RCC->CR, RCC_CR_HSIRDY))
1585:Drivers/STM32L4xx_HAL_Driver/Src/stm32l4xx_hal_rcc_ex.c ****           {
1586:Drivers/STM32L4xx_HAL_Driver/Src/stm32l4xx_hal_rcc_ex.c ****             frequency = HSI_VALUE;
1587:Drivers/STM32L4xx_HAL_Driver/Src/stm32l4xx_hal_rcc_ex.c ****           }
1588:Drivers/STM32L4xx_HAL_Driver/Src/stm32l4xx_hal_rcc_ex.c ****           break;
1589:Drivers/STM32L4xx_HAL_Driver/Src/stm32l4xx_hal_rcc_ex.c ****         case RCC_UART5CLKSOURCE_LSE:
1590:Drivers/STM32L4xx_HAL_Driver/Src/stm32l4xx_hal_rcc_ex.c ****           if(HAL_IS_BIT_SET(RCC->BDCR, RCC_BDCR_LSERDY))
1591:Drivers/STM32L4xx_HAL_Driver/Src/stm32l4xx_hal_rcc_ex.c ****           {
1592:Drivers/STM32L4xx_HAL_Driver/Src/stm32l4xx_hal_rcc_ex.c ****             frequency = LSE_VALUE;
1593:Drivers/STM32L4xx_HAL_Driver/Src/stm32l4xx_hal_rcc_ex.c ****           }
1594:Drivers/STM32L4xx_HAL_Driver/Src/stm32l4xx_hal_rcc_ex.c ****           break;
1595:Drivers/STM32L4xx_HAL_Driver/Src/stm32l4xx_hal_rcc_ex.c ****         default:
1596:Drivers/STM32L4xx_HAL_Driver/Src/stm32l4xx_hal_rcc_ex.c ****           /* No clock source, frequency default init at 0 */
1597:Drivers/STM32L4xx_HAL_Driver/Src/stm32l4xx_hal_rcc_ex.c ****           break;
1598:Drivers/STM32L4xx_HAL_Driver/Src/stm32l4xx_hal_rcc_ex.c ****         }
1599:Drivers/STM32L4xx_HAL_Driver/Src/stm32l4xx_hal_rcc_ex.c **** 
1600:Drivers/STM32L4xx_HAL_Driver/Src/stm32l4xx_hal_rcc_ex.c ****         break;
1601:Drivers/STM32L4xx_HAL_Driver/Src/stm32l4xx_hal_rcc_ex.c ****       }
1602:Drivers/STM32L4xx_HAL_Driver/Src/stm32l4xx_hal_rcc_ex.c **** 
1603:Drivers/STM32L4xx_HAL_Driver/Src/stm32l4xx_hal_rcc_ex.c **** #endif /* UART5 */
1604:Drivers/STM32L4xx_HAL_Driver/Src/stm32l4xx_hal_rcc_ex.c **** 
1605:Drivers/STM32L4xx_HAL_Driver/Src/stm32l4xx_hal_rcc_ex.c ****     case RCC_PERIPHCLK_LPUART1:
1606:Drivers/STM32L4xx_HAL_Driver/Src/stm32l4xx_hal_rcc_ex.c ****       {
1607:Drivers/STM32L4xx_HAL_Driver/Src/stm32l4xx_hal_rcc_ex.c ****         /* Get the current LPUART1 source */
1608:Drivers/STM32L4xx_HAL_Driver/Src/stm32l4xx_hal_rcc_ex.c ****         srcclk = __HAL_RCC_GET_LPUART1_SOURCE();
1609:Drivers/STM32L4xx_HAL_Driver/Src/stm32l4xx_hal_rcc_ex.c **** 
1610:Drivers/STM32L4xx_HAL_Driver/Src/stm32l4xx_hal_rcc_ex.c ****         switch(srcclk)
1611:Drivers/STM32L4xx_HAL_Driver/Src/stm32l4xx_hal_rcc_ex.c ****         {
1612:Drivers/STM32L4xx_HAL_Driver/Src/stm32l4xx_hal_rcc_ex.c ****         case RCC_LPUART1CLKSOURCE_PCLK1:
1613:Drivers/STM32L4xx_HAL_Driver/Src/stm32l4xx_hal_rcc_ex.c ****           frequency = HAL_RCC_GetPCLK1Freq();
1614:Drivers/STM32L4xx_HAL_Driver/Src/stm32l4xx_hal_rcc_ex.c ****           break;
1615:Drivers/STM32L4xx_HAL_Driver/Src/stm32l4xx_hal_rcc_ex.c ****         case RCC_LPUART1CLKSOURCE_SYSCLK:
1616:Drivers/STM32L4xx_HAL_Driver/Src/stm32l4xx_hal_rcc_ex.c ****           frequency = HAL_RCC_GetSysClockFreq();
1617:Drivers/STM32L4xx_HAL_Driver/Src/stm32l4xx_hal_rcc_ex.c ****           break;
1618:Drivers/STM32L4xx_HAL_Driver/Src/stm32l4xx_hal_rcc_ex.c ****         case RCC_LPUART1CLKSOURCE_HSI:
1619:Drivers/STM32L4xx_HAL_Driver/Src/stm32l4xx_hal_rcc_ex.c ****           if(HAL_IS_BIT_SET(RCC->CR, RCC_CR_HSIRDY))
1620:Drivers/STM32L4xx_HAL_Driver/Src/stm32l4xx_hal_rcc_ex.c ****           {
1621:Drivers/STM32L4xx_HAL_Driver/Src/stm32l4xx_hal_rcc_ex.c ****             frequency = HSI_VALUE;
1622:Drivers/STM32L4xx_HAL_Driver/Src/stm32l4xx_hal_rcc_ex.c ****           }
1623:Drivers/STM32L4xx_HAL_Driver/Src/stm32l4xx_hal_rcc_ex.c ****           break;
1624:Drivers/STM32L4xx_HAL_Driver/Src/stm32l4xx_hal_rcc_ex.c ****         case RCC_LPUART1CLKSOURCE_LSE:
1625:Drivers/STM32L4xx_HAL_Driver/Src/stm32l4xx_hal_rcc_ex.c ****           if(HAL_IS_BIT_SET(RCC->BDCR, RCC_BDCR_LSERDY))
1626:Drivers/STM32L4xx_HAL_Driver/Src/stm32l4xx_hal_rcc_ex.c ****           {
ARM GAS  C:\Users\adisa\AppData\Local\Temp\ccmroX4q.s 			page 30


1627:Drivers/STM32L4xx_HAL_Driver/Src/stm32l4xx_hal_rcc_ex.c ****             frequency = LSE_VALUE;
1628:Drivers/STM32L4xx_HAL_Driver/Src/stm32l4xx_hal_rcc_ex.c ****           }
1629:Drivers/STM32L4xx_HAL_Driver/Src/stm32l4xx_hal_rcc_ex.c ****           break;
1630:Drivers/STM32L4xx_HAL_Driver/Src/stm32l4xx_hal_rcc_ex.c ****         default:
1631:Drivers/STM32L4xx_HAL_Driver/Src/stm32l4xx_hal_rcc_ex.c ****           /* No clock source, frequency default init at 0 */
1632:Drivers/STM32L4xx_HAL_Driver/Src/stm32l4xx_hal_rcc_ex.c ****           break;
1633:Drivers/STM32L4xx_HAL_Driver/Src/stm32l4xx_hal_rcc_ex.c ****         }
1634:Drivers/STM32L4xx_HAL_Driver/Src/stm32l4xx_hal_rcc_ex.c **** 
1635:Drivers/STM32L4xx_HAL_Driver/Src/stm32l4xx_hal_rcc_ex.c ****         break;
1636:Drivers/STM32L4xx_HAL_Driver/Src/stm32l4xx_hal_rcc_ex.c ****       }
1637:Drivers/STM32L4xx_HAL_Driver/Src/stm32l4xx_hal_rcc_ex.c **** 
1638:Drivers/STM32L4xx_HAL_Driver/Src/stm32l4xx_hal_rcc_ex.c ****     case RCC_PERIPHCLK_ADC:
1639:Drivers/STM32L4xx_HAL_Driver/Src/stm32l4xx_hal_rcc_ex.c ****       {
1640:Drivers/STM32L4xx_HAL_Driver/Src/stm32l4xx_hal_rcc_ex.c ****         srcclk = __HAL_RCC_GET_ADC_SOURCE();
1641:Drivers/STM32L4xx_HAL_Driver/Src/stm32l4xx_hal_rcc_ex.c **** 
1642:Drivers/STM32L4xx_HAL_Driver/Src/stm32l4xx_hal_rcc_ex.c ****         switch(srcclk)
1643:Drivers/STM32L4xx_HAL_Driver/Src/stm32l4xx_hal_rcc_ex.c ****         {
1644:Drivers/STM32L4xx_HAL_Driver/Src/stm32l4xx_hal_rcc_ex.c ****         case RCC_ADCCLKSOURCE_SYSCLK:
1645:Drivers/STM32L4xx_HAL_Driver/Src/stm32l4xx_hal_rcc_ex.c ****           frequency = HAL_RCC_GetSysClockFreq();
1646:Drivers/STM32L4xx_HAL_Driver/Src/stm32l4xx_hal_rcc_ex.c ****           break;
1647:Drivers/STM32L4xx_HAL_Driver/Src/stm32l4xx_hal_rcc_ex.c **** #if defined(RCC_PLLSAI1_SUPPORT)
1648:Drivers/STM32L4xx_HAL_Driver/Src/stm32l4xx_hal_rcc_ex.c ****         case RCC_ADCCLKSOURCE_PLLSAI1:
1649:Drivers/STM32L4xx_HAL_Driver/Src/stm32l4xx_hal_rcc_ex.c ****           if(HAL_IS_BIT_SET(RCC->CR, RCC_CR_PLLSAI1RDY) && (__HAL_RCC_GET_PLLSAI1CLKOUT_CONFIG(RCC_
1650:Drivers/STM32L4xx_HAL_Driver/Src/stm32l4xx_hal_rcc_ex.c ****           {
1651:Drivers/STM32L4xx_HAL_Driver/Src/stm32l4xx_hal_rcc_ex.c ****             plln = READ_BIT(RCC->PLLSAI1CFGR, RCC_PLLSAI1CFGR_PLLSAI1N) >> RCC_PLLSAI1CFGR_PLLSAI1N
1652:Drivers/STM32L4xx_HAL_Driver/Src/stm32l4xx_hal_rcc_ex.c **** #if defined(RCC_PLLSAI1M_DIV_1_16_SUPPORT)
1653:Drivers/STM32L4xx_HAL_Driver/Src/stm32l4xx_hal_rcc_ex.c ****             /* PLLSAI1M exists: apply PLLSAI1M divider for PLLSAI1 output computation */
1654:Drivers/STM32L4xx_HAL_Driver/Src/stm32l4xx_hal_rcc_ex.c ****             /* f(PLLSAI1 Source) * PLLSAI1N / PLLSAI1M */
1655:Drivers/STM32L4xx_HAL_Driver/Src/stm32l4xx_hal_rcc_ex.c ****             pllvco = ((pllvco * plln) / ((READ_BIT(RCC->PLLSAI1CFGR, RCC_PLLSAI1CFGR_PLLSAI1M) >> R
1656:Drivers/STM32L4xx_HAL_Driver/Src/stm32l4xx_hal_rcc_ex.c **** #else
1657:Drivers/STM32L4xx_HAL_Driver/Src/stm32l4xx_hal_rcc_ex.c ****             /* f(PLL Source) * PLLSAI1N / PLLM */
1658:Drivers/STM32L4xx_HAL_Driver/Src/stm32l4xx_hal_rcc_ex.c ****             pllvco = ((pllvco * plln) / ((READ_BIT(RCC->PLLCFGR, RCC_PLLCFGR_PLLM) >> RCC_PLLCFGR_P
1659:Drivers/STM32L4xx_HAL_Driver/Src/stm32l4xx_hal_rcc_ex.c **** #endif
1660:Drivers/STM32L4xx_HAL_Driver/Src/stm32l4xx_hal_rcc_ex.c ****             /* f(PLLADC1CLK) = f(VCOSAI1 input) / PLLSAI1R */
1661:Drivers/STM32L4xx_HAL_Driver/Src/stm32l4xx_hal_rcc_ex.c ****             frequency = (pllvco / (((READ_BIT(RCC->PLLSAI1CFGR, RCC_PLLSAI1CFGR_PLLSAI1R) >> RCC_PL
1662:Drivers/STM32L4xx_HAL_Driver/Src/stm32l4xx_hal_rcc_ex.c ****           }
1663:Drivers/STM32L4xx_HAL_Driver/Src/stm32l4xx_hal_rcc_ex.c ****           break;
1664:Drivers/STM32L4xx_HAL_Driver/Src/stm32l4xx_hal_rcc_ex.c **** #endif /* RCC_PLLSAI1_SUPPORT */
1665:Drivers/STM32L4xx_HAL_Driver/Src/stm32l4xx_hal_rcc_ex.c **** #if defined(STM32L471xx) || defined(STM32L475xx) || defined(STM32L476xx) || defined(STM32L485xx) ||
1666:Drivers/STM32L4xx_HAL_Driver/Src/stm32l4xx_hal_rcc_ex.c ****         case RCC_ADCCLKSOURCE_PLLSAI2:
1667:Drivers/STM32L4xx_HAL_Driver/Src/stm32l4xx_hal_rcc_ex.c ****           if(HAL_IS_BIT_SET(RCC->CR, RCC_CR_PLLSAI2RDY) && (__HAL_RCC_GET_PLLSAI2CLKOUT_CONFIG(RCC_
1668:Drivers/STM32L4xx_HAL_Driver/Src/stm32l4xx_hal_rcc_ex.c ****           {
1669:Drivers/STM32L4xx_HAL_Driver/Src/stm32l4xx_hal_rcc_ex.c ****             plln = READ_BIT(RCC->PLLSAI2CFGR, RCC_PLLSAI2CFGR_PLLSAI2N) >> RCC_PLLSAI2CFGR_PLLSAI2N
1670:Drivers/STM32L4xx_HAL_Driver/Src/stm32l4xx_hal_rcc_ex.c **** #if defined(RCC_PLLSAI2M_DIV_1_16_SUPPORT)
1671:Drivers/STM32L4xx_HAL_Driver/Src/stm32l4xx_hal_rcc_ex.c ****             /* PLLSAI2M exists: apply PLLSAI2M divider for PLLSAI2 output computation */
1672:Drivers/STM32L4xx_HAL_Driver/Src/stm32l4xx_hal_rcc_ex.c ****             /* f(PLLSAI2 Source) * PLLSAI2N / PLLSAI2M */
1673:Drivers/STM32L4xx_HAL_Driver/Src/stm32l4xx_hal_rcc_ex.c ****             pllvco = ((pllvco * plln) / ((READ_BIT(RCC->PLLSAI2CFGR, RCC_PLLSAI2CFGR_PLLSAI2M) >> R
1674:Drivers/STM32L4xx_HAL_Driver/Src/stm32l4xx_hal_rcc_ex.c **** #else
1675:Drivers/STM32L4xx_HAL_Driver/Src/stm32l4xx_hal_rcc_ex.c ****             /* f(PLL Source) * PLLSAI2N / PLLM */
1676:Drivers/STM32L4xx_HAL_Driver/Src/stm32l4xx_hal_rcc_ex.c ****             pllvco = ((pllvco * plln) / ((READ_BIT(RCC->PLLCFGR, RCC_PLLCFGR_PLLM) >> RCC_PLLCFGR_P
1677:Drivers/STM32L4xx_HAL_Driver/Src/stm32l4xx_hal_rcc_ex.c **** #endif
1678:Drivers/STM32L4xx_HAL_Driver/Src/stm32l4xx_hal_rcc_ex.c ****             /* f(PLLADC2CLK) = f(VCOSAI2 input) / PLLSAI2R */
1679:Drivers/STM32L4xx_HAL_Driver/Src/stm32l4xx_hal_rcc_ex.c ****             frequency = (pllvco / (((READ_BIT(RCC->PLLSAI2CFGR, RCC_PLLSAI2CFGR_PLLSAI2R) >> RCC_PL
1680:Drivers/STM32L4xx_HAL_Driver/Src/stm32l4xx_hal_rcc_ex.c ****           }
1681:Drivers/STM32L4xx_HAL_Driver/Src/stm32l4xx_hal_rcc_ex.c ****           break;
1682:Drivers/STM32L4xx_HAL_Driver/Src/stm32l4xx_hal_rcc_ex.c **** #endif /* STM32L471xx || STM32L475xx || STM32L476xx || STM32L485xx || STM32L486xx || STM32L496xx ||
1683:Drivers/STM32L4xx_HAL_Driver/Src/stm32l4xx_hal_rcc_ex.c ****         default:
ARM GAS  C:\Users\adisa\AppData\Local\Temp\ccmroX4q.s 			page 31


1684:Drivers/STM32L4xx_HAL_Driver/Src/stm32l4xx_hal_rcc_ex.c ****           /* No clock source, frequency default init at 0 */
1685:Drivers/STM32L4xx_HAL_Driver/Src/stm32l4xx_hal_rcc_ex.c ****           break;
1686:Drivers/STM32L4xx_HAL_Driver/Src/stm32l4xx_hal_rcc_ex.c ****         }
1687:Drivers/STM32L4xx_HAL_Driver/Src/stm32l4xx_hal_rcc_ex.c **** 
1688:Drivers/STM32L4xx_HAL_Driver/Src/stm32l4xx_hal_rcc_ex.c ****         break;
1689:Drivers/STM32L4xx_HAL_Driver/Src/stm32l4xx_hal_rcc_ex.c ****       }
1690:Drivers/STM32L4xx_HAL_Driver/Src/stm32l4xx_hal_rcc_ex.c **** 
1691:Drivers/STM32L4xx_HAL_Driver/Src/stm32l4xx_hal_rcc_ex.c **** #if defined(DFSDM1_Filter0)
1692:Drivers/STM32L4xx_HAL_Driver/Src/stm32l4xx_hal_rcc_ex.c **** 
1693:Drivers/STM32L4xx_HAL_Driver/Src/stm32l4xx_hal_rcc_ex.c ****     case RCC_PERIPHCLK_DFSDM1:
1694:Drivers/STM32L4xx_HAL_Driver/Src/stm32l4xx_hal_rcc_ex.c ****       {
1695:Drivers/STM32L4xx_HAL_Driver/Src/stm32l4xx_hal_rcc_ex.c ****         /* Get the current DFSDM1 source */
1696:Drivers/STM32L4xx_HAL_Driver/Src/stm32l4xx_hal_rcc_ex.c ****         srcclk = __HAL_RCC_GET_DFSDM1_SOURCE();
1697:Drivers/STM32L4xx_HAL_Driver/Src/stm32l4xx_hal_rcc_ex.c **** 
1698:Drivers/STM32L4xx_HAL_Driver/Src/stm32l4xx_hal_rcc_ex.c ****         if(srcclk == RCC_DFSDM1CLKSOURCE_PCLK2)
1699:Drivers/STM32L4xx_HAL_Driver/Src/stm32l4xx_hal_rcc_ex.c ****         {
1700:Drivers/STM32L4xx_HAL_Driver/Src/stm32l4xx_hal_rcc_ex.c ****           frequency = HAL_RCC_GetPCLK2Freq();
1701:Drivers/STM32L4xx_HAL_Driver/Src/stm32l4xx_hal_rcc_ex.c ****         }
1702:Drivers/STM32L4xx_HAL_Driver/Src/stm32l4xx_hal_rcc_ex.c ****         else
1703:Drivers/STM32L4xx_HAL_Driver/Src/stm32l4xx_hal_rcc_ex.c ****         {
1704:Drivers/STM32L4xx_HAL_Driver/Src/stm32l4xx_hal_rcc_ex.c ****           frequency = HAL_RCC_GetSysClockFreq();
1705:Drivers/STM32L4xx_HAL_Driver/Src/stm32l4xx_hal_rcc_ex.c ****         }
1706:Drivers/STM32L4xx_HAL_Driver/Src/stm32l4xx_hal_rcc_ex.c **** 
1707:Drivers/STM32L4xx_HAL_Driver/Src/stm32l4xx_hal_rcc_ex.c ****         break;
1708:Drivers/STM32L4xx_HAL_Driver/Src/stm32l4xx_hal_rcc_ex.c ****       }
1709:Drivers/STM32L4xx_HAL_Driver/Src/stm32l4xx_hal_rcc_ex.c **** 
1710:Drivers/STM32L4xx_HAL_Driver/Src/stm32l4xx_hal_rcc_ex.c **** #if defined(STM32L4R5xx) || defined(STM32L4R7xx) || defined(STM32L4R9xx) || defined(STM32L4S5xx) ||
1711:Drivers/STM32L4xx_HAL_Driver/Src/stm32l4xx_hal_rcc_ex.c **** 
1712:Drivers/STM32L4xx_HAL_Driver/Src/stm32l4xx_hal_rcc_ex.c ****     case RCC_PERIPHCLK_DFSDM1AUDIO:
1713:Drivers/STM32L4xx_HAL_Driver/Src/stm32l4xx_hal_rcc_ex.c ****       {
1714:Drivers/STM32L4xx_HAL_Driver/Src/stm32l4xx_hal_rcc_ex.c ****         /* Get the current DFSDM1 audio source */
1715:Drivers/STM32L4xx_HAL_Driver/Src/stm32l4xx_hal_rcc_ex.c ****         srcclk = __HAL_RCC_GET_DFSDM1AUDIO_SOURCE();
1716:Drivers/STM32L4xx_HAL_Driver/Src/stm32l4xx_hal_rcc_ex.c **** 
1717:Drivers/STM32L4xx_HAL_Driver/Src/stm32l4xx_hal_rcc_ex.c ****         switch(srcclk)
1718:Drivers/STM32L4xx_HAL_Driver/Src/stm32l4xx_hal_rcc_ex.c ****         {
1719:Drivers/STM32L4xx_HAL_Driver/Src/stm32l4xx_hal_rcc_ex.c ****         case RCC_DFSDM1AUDIOCLKSOURCE_SAI1:
1720:Drivers/STM32L4xx_HAL_Driver/Src/stm32l4xx_hal_rcc_ex.c ****           frequency = RCCEx_GetSAIxPeriphCLKFreq(RCC_PERIPHCLK_SAI1, pllvco);
1721:Drivers/STM32L4xx_HAL_Driver/Src/stm32l4xx_hal_rcc_ex.c ****           break;
1722:Drivers/STM32L4xx_HAL_Driver/Src/stm32l4xx_hal_rcc_ex.c ****         case RCC_DFSDM1AUDIOCLKSOURCE_MSI:
1723:Drivers/STM32L4xx_HAL_Driver/Src/stm32l4xx_hal_rcc_ex.c ****           if(HAL_IS_BIT_SET(RCC->CR, RCC_CR_MSIRDY))
1724:Drivers/STM32L4xx_HAL_Driver/Src/stm32l4xx_hal_rcc_ex.c ****           {
1725:Drivers/STM32L4xx_HAL_Driver/Src/stm32l4xx_hal_rcc_ex.c ****             /*MSI frequency range in HZ*/
1726:Drivers/STM32L4xx_HAL_Driver/Src/stm32l4xx_hal_rcc_ex.c ****             frequency = MSIRangeTable[(__HAL_RCC_GET_MSI_RANGE() >> 4U)];
1727:Drivers/STM32L4xx_HAL_Driver/Src/stm32l4xx_hal_rcc_ex.c ****           }
1728:Drivers/STM32L4xx_HAL_Driver/Src/stm32l4xx_hal_rcc_ex.c ****           break;
1729:Drivers/STM32L4xx_HAL_Driver/Src/stm32l4xx_hal_rcc_ex.c ****         case RCC_DFSDM1AUDIOCLKSOURCE_HSI:
1730:Drivers/STM32L4xx_HAL_Driver/Src/stm32l4xx_hal_rcc_ex.c ****           if(HAL_IS_BIT_SET(RCC->CR, RCC_CR_HSIRDY))
1731:Drivers/STM32L4xx_HAL_Driver/Src/stm32l4xx_hal_rcc_ex.c ****           {
1732:Drivers/STM32L4xx_HAL_Driver/Src/stm32l4xx_hal_rcc_ex.c ****             frequency = HSI_VALUE;
1733:Drivers/STM32L4xx_HAL_Driver/Src/stm32l4xx_hal_rcc_ex.c ****           }
1734:Drivers/STM32L4xx_HAL_Driver/Src/stm32l4xx_hal_rcc_ex.c ****           break;
1735:Drivers/STM32L4xx_HAL_Driver/Src/stm32l4xx_hal_rcc_ex.c ****         default:
1736:Drivers/STM32L4xx_HAL_Driver/Src/stm32l4xx_hal_rcc_ex.c ****           /* No clock source, frequency default init at 0 */
1737:Drivers/STM32L4xx_HAL_Driver/Src/stm32l4xx_hal_rcc_ex.c ****           break;
1738:Drivers/STM32L4xx_HAL_Driver/Src/stm32l4xx_hal_rcc_ex.c ****         }
1739:Drivers/STM32L4xx_HAL_Driver/Src/stm32l4xx_hal_rcc_ex.c **** 
1740:Drivers/STM32L4xx_HAL_Driver/Src/stm32l4xx_hal_rcc_ex.c ****         break;
ARM GAS  C:\Users\adisa\AppData\Local\Temp\ccmroX4q.s 			page 32


1741:Drivers/STM32L4xx_HAL_Driver/Src/stm32l4xx_hal_rcc_ex.c ****       }
1742:Drivers/STM32L4xx_HAL_Driver/Src/stm32l4xx_hal_rcc_ex.c **** 
1743:Drivers/STM32L4xx_HAL_Driver/Src/stm32l4xx_hal_rcc_ex.c **** #endif /* STM32L4R5xx || STM32L4R7xx || STM32L4R9xx || STM32L4S5xx || STM32L4S7xx || STM32L4S9xx */
1744:Drivers/STM32L4xx_HAL_Driver/Src/stm32l4xx_hal_rcc_ex.c **** 
1745:Drivers/STM32L4xx_HAL_Driver/Src/stm32l4xx_hal_rcc_ex.c **** #endif /* DFSDM1_Filter0 */
1746:Drivers/STM32L4xx_HAL_Driver/Src/stm32l4xx_hal_rcc_ex.c **** 
1747:Drivers/STM32L4xx_HAL_Driver/Src/stm32l4xx_hal_rcc_ex.c ****     case RCC_PERIPHCLK_I2C1:
1748:Drivers/STM32L4xx_HAL_Driver/Src/stm32l4xx_hal_rcc_ex.c ****       {
1749:Drivers/STM32L4xx_HAL_Driver/Src/stm32l4xx_hal_rcc_ex.c ****         /* Get the current I2C1 source */
1750:Drivers/STM32L4xx_HAL_Driver/Src/stm32l4xx_hal_rcc_ex.c ****         srcclk = __HAL_RCC_GET_I2C1_SOURCE();
1751:Drivers/STM32L4xx_HAL_Driver/Src/stm32l4xx_hal_rcc_ex.c **** 
1752:Drivers/STM32L4xx_HAL_Driver/Src/stm32l4xx_hal_rcc_ex.c ****         switch(srcclk)
1753:Drivers/STM32L4xx_HAL_Driver/Src/stm32l4xx_hal_rcc_ex.c ****         {
1754:Drivers/STM32L4xx_HAL_Driver/Src/stm32l4xx_hal_rcc_ex.c ****         case RCC_I2C1CLKSOURCE_PCLK1:
1755:Drivers/STM32L4xx_HAL_Driver/Src/stm32l4xx_hal_rcc_ex.c ****           frequency = HAL_RCC_GetPCLK1Freq();
1756:Drivers/STM32L4xx_HAL_Driver/Src/stm32l4xx_hal_rcc_ex.c ****           break;
1757:Drivers/STM32L4xx_HAL_Driver/Src/stm32l4xx_hal_rcc_ex.c ****         case RCC_I2C1CLKSOURCE_SYSCLK:
1758:Drivers/STM32L4xx_HAL_Driver/Src/stm32l4xx_hal_rcc_ex.c ****           frequency = HAL_RCC_GetSysClockFreq();
1759:Drivers/STM32L4xx_HAL_Driver/Src/stm32l4xx_hal_rcc_ex.c ****           break;
1760:Drivers/STM32L4xx_HAL_Driver/Src/stm32l4xx_hal_rcc_ex.c ****         case RCC_I2C1CLKSOURCE_HSI:
1761:Drivers/STM32L4xx_HAL_Driver/Src/stm32l4xx_hal_rcc_ex.c ****           if(HAL_IS_BIT_SET(RCC->CR, RCC_CR_HSIRDY))
1762:Drivers/STM32L4xx_HAL_Driver/Src/stm32l4xx_hal_rcc_ex.c ****           {
1763:Drivers/STM32L4xx_HAL_Driver/Src/stm32l4xx_hal_rcc_ex.c ****             frequency = HSI_VALUE;
1764:Drivers/STM32L4xx_HAL_Driver/Src/stm32l4xx_hal_rcc_ex.c ****           }
1765:Drivers/STM32L4xx_HAL_Driver/Src/stm32l4xx_hal_rcc_ex.c ****           break;
1766:Drivers/STM32L4xx_HAL_Driver/Src/stm32l4xx_hal_rcc_ex.c ****         default:
1767:Drivers/STM32L4xx_HAL_Driver/Src/stm32l4xx_hal_rcc_ex.c ****           /* No clock source, frequency default init at 0 */
1768:Drivers/STM32L4xx_HAL_Driver/Src/stm32l4xx_hal_rcc_ex.c ****           break;
1769:Drivers/STM32L4xx_HAL_Driver/Src/stm32l4xx_hal_rcc_ex.c ****         }
1770:Drivers/STM32L4xx_HAL_Driver/Src/stm32l4xx_hal_rcc_ex.c **** 
1771:Drivers/STM32L4xx_HAL_Driver/Src/stm32l4xx_hal_rcc_ex.c ****         break;
1772:Drivers/STM32L4xx_HAL_Driver/Src/stm32l4xx_hal_rcc_ex.c ****       }
1773:Drivers/STM32L4xx_HAL_Driver/Src/stm32l4xx_hal_rcc_ex.c **** 
1774:Drivers/STM32L4xx_HAL_Driver/Src/stm32l4xx_hal_rcc_ex.c **** #if defined(I2C2)
1775:Drivers/STM32L4xx_HAL_Driver/Src/stm32l4xx_hal_rcc_ex.c **** 
1776:Drivers/STM32L4xx_HAL_Driver/Src/stm32l4xx_hal_rcc_ex.c ****     case RCC_PERIPHCLK_I2C2:
1777:Drivers/STM32L4xx_HAL_Driver/Src/stm32l4xx_hal_rcc_ex.c ****       {
1778:Drivers/STM32L4xx_HAL_Driver/Src/stm32l4xx_hal_rcc_ex.c ****         /* Get the current I2C2 source */
1779:Drivers/STM32L4xx_HAL_Driver/Src/stm32l4xx_hal_rcc_ex.c ****         srcclk = __HAL_RCC_GET_I2C2_SOURCE();
1780:Drivers/STM32L4xx_HAL_Driver/Src/stm32l4xx_hal_rcc_ex.c **** 
1781:Drivers/STM32L4xx_HAL_Driver/Src/stm32l4xx_hal_rcc_ex.c ****         switch(srcclk)
1782:Drivers/STM32L4xx_HAL_Driver/Src/stm32l4xx_hal_rcc_ex.c ****         {
1783:Drivers/STM32L4xx_HAL_Driver/Src/stm32l4xx_hal_rcc_ex.c ****         case RCC_I2C2CLKSOURCE_PCLK1:
1784:Drivers/STM32L4xx_HAL_Driver/Src/stm32l4xx_hal_rcc_ex.c ****           frequency = HAL_RCC_GetPCLK1Freq();
1785:Drivers/STM32L4xx_HAL_Driver/Src/stm32l4xx_hal_rcc_ex.c ****           break;
1786:Drivers/STM32L4xx_HAL_Driver/Src/stm32l4xx_hal_rcc_ex.c ****         case RCC_I2C2CLKSOURCE_SYSCLK:
1787:Drivers/STM32L4xx_HAL_Driver/Src/stm32l4xx_hal_rcc_ex.c ****           frequency = HAL_RCC_GetSysClockFreq();
1788:Drivers/STM32L4xx_HAL_Driver/Src/stm32l4xx_hal_rcc_ex.c ****           break;
1789:Drivers/STM32L4xx_HAL_Driver/Src/stm32l4xx_hal_rcc_ex.c ****         case RCC_I2C2CLKSOURCE_HSI:
1790:Drivers/STM32L4xx_HAL_Driver/Src/stm32l4xx_hal_rcc_ex.c ****           if(HAL_IS_BIT_SET(RCC->CR, RCC_CR_HSIRDY))
1791:Drivers/STM32L4xx_HAL_Driver/Src/stm32l4xx_hal_rcc_ex.c ****           {
1792:Drivers/STM32L4xx_HAL_Driver/Src/stm32l4xx_hal_rcc_ex.c ****             frequency = HSI_VALUE;
1793:Drivers/STM32L4xx_HAL_Driver/Src/stm32l4xx_hal_rcc_ex.c ****           }
1794:Drivers/STM32L4xx_HAL_Driver/Src/stm32l4xx_hal_rcc_ex.c ****           break;
1795:Drivers/STM32L4xx_HAL_Driver/Src/stm32l4xx_hal_rcc_ex.c ****         default:
1796:Drivers/STM32L4xx_HAL_Driver/Src/stm32l4xx_hal_rcc_ex.c ****           /* No clock source, frequency default init at 0 */
1797:Drivers/STM32L4xx_HAL_Driver/Src/stm32l4xx_hal_rcc_ex.c ****           break;
ARM GAS  C:\Users\adisa\AppData\Local\Temp\ccmroX4q.s 			page 33


1798:Drivers/STM32L4xx_HAL_Driver/Src/stm32l4xx_hal_rcc_ex.c ****         }
1799:Drivers/STM32L4xx_HAL_Driver/Src/stm32l4xx_hal_rcc_ex.c **** 
1800:Drivers/STM32L4xx_HAL_Driver/Src/stm32l4xx_hal_rcc_ex.c ****         break;
1801:Drivers/STM32L4xx_HAL_Driver/Src/stm32l4xx_hal_rcc_ex.c ****       }
1802:Drivers/STM32L4xx_HAL_Driver/Src/stm32l4xx_hal_rcc_ex.c **** 
1803:Drivers/STM32L4xx_HAL_Driver/Src/stm32l4xx_hal_rcc_ex.c **** #endif /* I2C2 */
1804:Drivers/STM32L4xx_HAL_Driver/Src/stm32l4xx_hal_rcc_ex.c **** 
1805:Drivers/STM32L4xx_HAL_Driver/Src/stm32l4xx_hal_rcc_ex.c ****     case RCC_PERIPHCLK_I2C3:
1806:Drivers/STM32L4xx_HAL_Driver/Src/stm32l4xx_hal_rcc_ex.c ****       {
1807:Drivers/STM32L4xx_HAL_Driver/Src/stm32l4xx_hal_rcc_ex.c ****         /* Get the current I2C3 source */
1808:Drivers/STM32L4xx_HAL_Driver/Src/stm32l4xx_hal_rcc_ex.c ****         srcclk = __HAL_RCC_GET_I2C3_SOURCE();
1809:Drivers/STM32L4xx_HAL_Driver/Src/stm32l4xx_hal_rcc_ex.c **** 
1810:Drivers/STM32L4xx_HAL_Driver/Src/stm32l4xx_hal_rcc_ex.c ****         switch(srcclk)
1811:Drivers/STM32L4xx_HAL_Driver/Src/stm32l4xx_hal_rcc_ex.c ****         {
1812:Drivers/STM32L4xx_HAL_Driver/Src/stm32l4xx_hal_rcc_ex.c ****         case RCC_I2C3CLKSOURCE_PCLK1:
1813:Drivers/STM32L4xx_HAL_Driver/Src/stm32l4xx_hal_rcc_ex.c ****           frequency = HAL_RCC_GetPCLK1Freq();
1814:Drivers/STM32L4xx_HAL_Driver/Src/stm32l4xx_hal_rcc_ex.c ****           break;
1815:Drivers/STM32L4xx_HAL_Driver/Src/stm32l4xx_hal_rcc_ex.c ****         case RCC_I2C3CLKSOURCE_SYSCLK:
1816:Drivers/STM32L4xx_HAL_Driver/Src/stm32l4xx_hal_rcc_ex.c ****           frequency = HAL_RCC_GetSysClockFreq();
1817:Drivers/STM32L4xx_HAL_Driver/Src/stm32l4xx_hal_rcc_ex.c ****           break;
1818:Drivers/STM32L4xx_HAL_Driver/Src/stm32l4xx_hal_rcc_ex.c ****         case RCC_I2C3CLKSOURCE_HSI:
1819:Drivers/STM32L4xx_HAL_Driver/Src/stm32l4xx_hal_rcc_ex.c ****           if(HAL_IS_BIT_SET(RCC->CR, RCC_CR_HSIRDY))
1820:Drivers/STM32L4xx_HAL_Driver/Src/stm32l4xx_hal_rcc_ex.c ****           {
1821:Drivers/STM32L4xx_HAL_Driver/Src/stm32l4xx_hal_rcc_ex.c ****             frequency = HSI_VALUE;
1822:Drivers/STM32L4xx_HAL_Driver/Src/stm32l4xx_hal_rcc_ex.c ****           }
1823:Drivers/STM32L4xx_HAL_Driver/Src/stm32l4xx_hal_rcc_ex.c ****           break;
1824:Drivers/STM32L4xx_HAL_Driver/Src/stm32l4xx_hal_rcc_ex.c ****         default:
1825:Drivers/STM32L4xx_HAL_Driver/Src/stm32l4xx_hal_rcc_ex.c ****           /* No clock source, frequency default init at 0 */
1826:Drivers/STM32L4xx_HAL_Driver/Src/stm32l4xx_hal_rcc_ex.c ****           break;
1827:Drivers/STM32L4xx_HAL_Driver/Src/stm32l4xx_hal_rcc_ex.c ****         }
1828:Drivers/STM32L4xx_HAL_Driver/Src/stm32l4xx_hal_rcc_ex.c **** 
1829:Drivers/STM32L4xx_HAL_Driver/Src/stm32l4xx_hal_rcc_ex.c ****         break;
1830:Drivers/STM32L4xx_HAL_Driver/Src/stm32l4xx_hal_rcc_ex.c ****       }
1831:Drivers/STM32L4xx_HAL_Driver/Src/stm32l4xx_hal_rcc_ex.c **** 
1832:Drivers/STM32L4xx_HAL_Driver/Src/stm32l4xx_hal_rcc_ex.c **** #if defined(I2C4)
1833:Drivers/STM32L4xx_HAL_Driver/Src/stm32l4xx_hal_rcc_ex.c **** 
1834:Drivers/STM32L4xx_HAL_Driver/Src/stm32l4xx_hal_rcc_ex.c ****     case RCC_PERIPHCLK_I2C4:
1835:Drivers/STM32L4xx_HAL_Driver/Src/stm32l4xx_hal_rcc_ex.c ****       {
1836:Drivers/STM32L4xx_HAL_Driver/Src/stm32l4xx_hal_rcc_ex.c ****         /* Get the current I2C4 source */
1837:Drivers/STM32L4xx_HAL_Driver/Src/stm32l4xx_hal_rcc_ex.c ****         srcclk = __HAL_RCC_GET_I2C4_SOURCE();
1838:Drivers/STM32L4xx_HAL_Driver/Src/stm32l4xx_hal_rcc_ex.c **** 
1839:Drivers/STM32L4xx_HAL_Driver/Src/stm32l4xx_hal_rcc_ex.c ****         switch(srcclk)
1840:Drivers/STM32L4xx_HAL_Driver/Src/stm32l4xx_hal_rcc_ex.c ****         {
1841:Drivers/STM32L4xx_HAL_Driver/Src/stm32l4xx_hal_rcc_ex.c ****         case RCC_I2C4CLKSOURCE_PCLK1:
1842:Drivers/STM32L4xx_HAL_Driver/Src/stm32l4xx_hal_rcc_ex.c ****           frequency = HAL_RCC_GetPCLK1Freq();
1843:Drivers/STM32L4xx_HAL_Driver/Src/stm32l4xx_hal_rcc_ex.c ****           break;
1844:Drivers/STM32L4xx_HAL_Driver/Src/stm32l4xx_hal_rcc_ex.c ****         case RCC_I2C4CLKSOURCE_SYSCLK:
1845:Drivers/STM32L4xx_HAL_Driver/Src/stm32l4xx_hal_rcc_ex.c ****           frequency = HAL_RCC_GetSysClockFreq();
1846:Drivers/STM32L4xx_HAL_Driver/Src/stm32l4xx_hal_rcc_ex.c ****           break;
1847:Drivers/STM32L4xx_HAL_Driver/Src/stm32l4xx_hal_rcc_ex.c ****         case RCC_I2C4CLKSOURCE_HSI:
1848:Drivers/STM32L4xx_HAL_Driver/Src/stm32l4xx_hal_rcc_ex.c ****           if(HAL_IS_BIT_SET(RCC->CR, RCC_CR_HSIRDY))
1849:Drivers/STM32L4xx_HAL_Driver/Src/stm32l4xx_hal_rcc_ex.c ****           {
1850:Drivers/STM32L4xx_HAL_Driver/Src/stm32l4xx_hal_rcc_ex.c ****             frequency = HSI_VALUE;
1851:Drivers/STM32L4xx_HAL_Driver/Src/stm32l4xx_hal_rcc_ex.c ****           }
1852:Drivers/STM32L4xx_HAL_Driver/Src/stm32l4xx_hal_rcc_ex.c ****           break;
1853:Drivers/STM32L4xx_HAL_Driver/Src/stm32l4xx_hal_rcc_ex.c ****         default:
1854:Drivers/STM32L4xx_HAL_Driver/Src/stm32l4xx_hal_rcc_ex.c ****           /* No clock source, frequency default init at 0 */
ARM GAS  C:\Users\adisa\AppData\Local\Temp\ccmroX4q.s 			page 34


1855:Drivers/STM32L4xx_HAL_Driver/Src/stm32l4xx_hal_rcc_ex.c ****           break;
1856:Drivers/STM32L4xx_HAL_Driver/Src/stm32l4xx_hal_rcc_ex.c ****         }
1857:Drivers/STM32L4xx_HAL_Driver/Src/stm32l4xx_hal_rcc_ex.c **** 
1858:Drivers/STM32L4xx_HAL_Driver/Src/stm32l4xx_hal_rcc_ex.c ****         break;
1859:Drivers/STM32L4xx_HAL_Driver/Src/stm32l4xx_hal_rcc_ex.c ****       }
1860:Drivers/STM32L4xx_HAL_Driver/Src/stm32l4xx_hal_rcc_ex.c **** 
1861:Drivers/STM32L4xx_HAL_Driver/Src/stm32l4xx_hal_rcc_ex.c **** #endif /* I2C4 */
1862:Drivers/STM32L4xx_HAL_Driver/Src/stm32l4xx_hal_rcc_ex.c **** 
1863:Drivers/STM32L4xx_HAL_Driver/Src/stm32l4xx_hal_rcc_ex.c ****     case RCC_PERIPHCLK_LPTIM1:
1864:Drivers/STM32L4xx_HAL_Driver/Src/stm32l4xx_hal_rcc_ex.c ****       {
1865:Drivers/STM32L4xx_HAL_Driver/Src/stm32l4xx_hal_rcc_ex.c ****         /* Get the current LPTIM1 source */
1866:Drivers/STM32L4xx_HAL_Driver/Src/stm32l4xx_hal_rcc_ex.c ****         srcclk = __HAL_RCC_GET_LPTIM1_SOURCE();
1867:Drivers/STM32L4xx_HAL_Driver/Src/stm32l4xx_hal_rcc_ex.c **** 
1868:Drivers/STM32L4xx_HAL_Driver/Src/stm32l4xx_hal_rcc_ex.c ****         switch(srcclk)
1869:Drivers/STM32L4xx_HAL_Driver/Src/stm32l4xx_hal_rcc_ex.c ****         {
1870:Drivers/STM32L4xx_HAL_Driver/Src/stm32l4xx_hal_rcc_ex.c ****         case RCC_LPTIM1CLKSOURCE_PCLK1:
1871:Drivers/STM32L4xx_HAL_Driver/Src/stm32l4xx_hal_rcc_ex.c ****           frequency = HAL_RCC_GetPCLK1Freq();
1872:Drivers/STM32L4xx_HAL_Driver/Src/stm32l4xx_hal_rcc_ex.c ****           break;
1873:Drivers/STM32L4xx_HAL_Driver/Src/stm32l4xx_hal_rcc_ex.c ****         case RCC_LPTIM1CLKSOURCE_LSI:
1874:Drivers/STM32L4xx_HAL_Driver/Src/stm32l4xx_hal_rcc_ex.c ****           if(HAL_IS_BIT_SET(RCC->CSR, RCC_CSR_LSIRDY))
1875:Drivers/STM32L4xx_HAL_Driver/Src/stm32l4xx_hal_rcc_ex.c ****           {
1876:Drivers/STM32L4xx_HAL_Driver/Src/stm32l4xx_hal_rcc_ex.c **** #if defined(RCC_CSR_LSIPREDIV)
1877:Drivers/STM32L4xx_HAL_Driver/Src/stm32l4xx_hal_rcc_ex.c ****             if(HAL_IS_BIT_SET(RCC->CSR, RCC_CSR_LSIPREDIV))
1878:Drivers/STM32L4xx_HAL_Driver/Src/stm32l4xx_hal_rcc_ex.c ****             {
1879:Drivers/STM32L4xx_HAL_Driver/Src/stm32l4xx_hal_rcc_ex.c ****               frequency = LSI_VALUE/128U;
1880:Drivers/STM32L4xx_HAL_Driver/Src/stm32l4xx_hal_rcc_ex.c ****             }
1881:Drivers/STM32L4xx_HAL_Driver/Src/stm32l4xx_hal_rcc_ex.c ****             else
1882:Drivers/STM32L4xx_HAL_Driver/Src/stm32l4xx_hal_rcc_ex.c **** #endif /* RCC_CSR_LSIPREDIV */
1883:Drivers/STM32L4xx_HAL_Driver/Src/stm32l4xx_hal_rcc_ex.c ****             {
1884:Drivers/STM32L4xx_HAL_Driver/Src/stm32l4xx_hal_rcc_ex.c ****               frequency = LSI_VALUE;
1885:Drivers/STM32L4xx_HAL_Driver/Src/stm32l4xx_hal_rcc_ex.c ****             }
1886:Drivers/STM32L4xx_HAL_Driver/Src/stm32l4xx_hal_rcc_ex.c ****           }
1887:Drivers/STM32L4xx_HAL_Driver/Src/stm32l4xx_hal_rcc_ex.c ****           break;
1888:Drivers/STM32L4xx_HAL_Driver/Src/stm32l4xx_hal_rcc_ex.c ****         case RCC_LPTIM1CLKSOURCE_HSI:
1889:Drivers/STM32L4xx_HAL_Driver/Src/stm32l4xx_hal_rcc_ex.c ****           if(HAL_IS_BIT_SET(RCC->CR, RCC_CR_HSIRDY))
1890:Drivers/STM32L4xx_HAL_Driver/Src/stm32l4xx_hal_rcc_ex.c ****           {
1891:Drivers/STM32L4xx_HAL_Driver/Src/stm32l4xx_hal_rcc_ex.c ****             frequency = HSI_VALUE;
1892:Drivers/STM32L4xx_HAL_Driver/Src/stm32l4xx_hal_rcc_ex.c ****           }
1893:Drivers/STM32L4xx_HAL_Driver/Src/stm32l4xx_hal_rcc_ex.c ****           break;
1894:Drivers/STM32L4xx_HAL_Driver/Src/stm32l4xx_hal_rcc_ex.c ****         case RCC_LPTIM1CLKSOURCE_LSE:
1895:Drivers/STM32L4xx_HAL_Driver/Src/stm32l4xx_hal_rcc_ex.c ****           if(HAL_IS_BIT_SET(RCC->BDCR, RCC_BDCR_LSERDY))
1896:Drivers/STM32L4xx_HAL_Driver/Src/stm32l4xx_hal_rcc_ex.c ****           {
1897:Drivers/STM32L4xx_HAL_Driver/Src/stm32l4xx_hal_rcc_ex.c ****             frequency = LSE_VALUE;
1898:Drivers/STM32L4xx_HAL_Driver/Src/stm32l4xx_hal_rcc_ex.c ****           }
1899:Drivers/STM32L4xx_HAL_Driver/Src/stm32l4xx_hal_rcc_ex.c ****           break;
1900:Drivers/STM32L4xx_HAL_Driver/Src/stm32l4xx_hal_rcc_ex.c ****         default:
1901:Drivers/STM32L4xx_HAL_Driver/Src/stm32l4xx_hal_rcc_ex.c ****           /* No clock source, frequency default init at 0 */
1902:Drivers/STM32L4xx_HAL_Driver/Src/stm32l4xx_hal_rcc_ex.c ****           break;
1903:Drivers/STM32L4xx_HAL_Driver/Src/stm32l4xx_hal_rcc_ex.c ****         }
1904:Drivers/STM32L4xx_HAL_Driver/Src/stm32l4xx_hal_rcc_ex.c **** 
1905:Drivers/STM32L4xx_HAL_Driver/Src/stm32l4xx_hal_rcc_ex.c ****         break;
1906:Drivers/STM32L4xx_HAL_Driver/Src/stm32l4xx_hal_rcc_ex.c ****       }
1907:Drivers/STM32L4xx_HAL_Driver/Src/stm32l4xx_hal_rcc_ex.c **** 
1908:Drivers/STM32L4xx_HAL_Driver/Src/stm32l4xx_hal_rcc_ex.c ****     case RCC_PERIPHCLK_LPTIM2:
1909:Drivers/STM32L4xx_HAL_Driver/Src/stm32l4xx_hal_rcc_ex.c ****       {
1910:Drivers/STM32L4xx_HAL_Driver/Src/stm32l4xx_hal_rcc_ex.c ****         /* Get the current LPTIM2 source */
1911:Drivers/STM32L4xx_HAL_Driver/Src/stm32l4xx_hal_rcc_ex.c ****        srcclk = __HAL_RCC_GET_LPTIM2_SOURCE();
ARM GAS  C:\Users\adisa\AppData\Local\Temp\ccmroX4q.s 			page 35


1912:Drivers/STM32L4xx_HAL_Driver/Src/stm32l4xx_hal_rcc_ex.c **** 
1913:Drivers/STM32L4xx_HAL_Driver/Src/stm32l4xx_hal_rcc_ex.c ****         switch(srcclk)
1914:Drivers/STM32L4xx_HAL_Driver/Src/stm32l4xx_hal_rcc_ex.c ****         {
1915:Drivers/STM32L4xx_HAL_Driver/Src/stm32l4xx_hal_rcc_ex.c ****         case RCC_LPTIM2CLKSOURCE_PCLK1:
1916:Drivers/STM32L4xx_HAL_Driver/Src/stm32l4xx_hal_rcc_ex.c ****           frequency = HAL_RCC_GetPCLK1Freq();
1917:Drivers/STM32L4xx_HAL_Driver/Src/stm32l4xx_hal_rcc_ex.c ****           break;
1918:Drivers/STM32L4xx_HAL_Driver/Src/stm32l4xx_hal_rcc_ex.c ****         case RCC_LPTIM2CLKSOURCE_LSI:
1919:Drivers/STM32L4xx_HAL_Driver/Src/stm32l4xx_hal_rcc_ex.c ****           if(HAL_IS_BIT_SET(RCC->CSR, RCC_CSR_LSIRDY))
1920:Drivers/STM32L4xx_HAL_Driver/Src/stm32l4xx_hal_rcc_ex.c ****           {
1921:Drivers/STM32L4xx_HAL_Driver/Src/stm32l4xx_hal_rcc_ex.c **** #if defined(RCC_CSR_LSIPREDIV)
1922:Drivers/STM32L4xx_HAL_Driver/Src/stm32l4xx_hal_rcc_ex.c ****             if(HAL_IS_BIT_SET(RCC->CSR, RCC_CSR_LSIPREDIV))
1923:Drivers/STM32L4xx_HAL_Driver/Src/stm32l4xx_hal_rcc_ex.c ****             {
1924:Drivers/STM32L4xx_HAL_Driver/Src/stm32l4xx_hal_rcc_ex.c ****               frequency = LSI_VALUE/128U;
1925:Drivers/STM32L4xx_HAL_Driver/Src/stm32l4xx_hal_rcc_ex.c ****             }
1926:Drivers/STM32L4xx_HAL_Driver/Src/stm32l4xx_hal_rcc_ex.c ****             else
1927:Drivers/STM32L4xx_HAL_Driver/Src/stm32l4xx_hal_rcc_ex.c **** #endif /* RCC_CSR_LSIPREDIV */
1928:Drivers/STM32L4xx_HAL_Driver/Src/stm32l4xx_hal_rcc_ex.c ****             {
1929:Drivers/STM32L4xx_HAL_Driver/Src/stm32l4xx_hal_rcc_ex.c ****               frequency = LSI_VALUE;
1930:Drivers/STM32L4xx_HAL_Driver/Src/stm32l4xx_hal_rcc_ex.c ****             }
1931:Drivers/STM32L4xx_HAL_Driver/Src/stm32l4xx_hal_rcc_ex.c ****           }
1932:Drivers/STM32L4xx_HAL_Driver/Src/stm32l4xx_hal_rcc_ex.c ****           break;
1933:Drivers/STM32L4xx_HAL_Driver/Src/stm32l4xx_hal_rcc_ex.c ****         case RCC_LPTIM2CLKSOURCE_HSI:
1934:Drivers/STM32L4xx_HAL_Driver/Src/stm32l4xx_hal_rcc_ex.c ****           if(HAL_IS_BIT_SET(RCC->CR, RCC_CR_HSIRDY))
1935:Drivers/STM32L4xx_HAL_Driver/Src/stm32l4xx_hal_rcc_ex.c ****           {
1936:Drivers/STM32L4xx_HAL_Driver/Src/stm32l4xx_hal_rcc_ex.c ****             frequency = HSI_VALUE;
1937:Drivers/STM32L4xx_HAL_Driver/Src/stm32l4xx_hal_rcc_ex.c ****           }
1938:Drivers/STM32L4xx_HAL_Driver/Src/stm32l4xx_hal_rcc_ex.c ****           break;
1939:Drivers/STM32L4xx_HAL_Driver/Src/stm32l4xx_hal_rcc_ex.c ****         case RCC_LPTIM2CLKSOURCE_LSE:
1940:Drivers/STM32L4xx_HAL_Driver/Src/stm32l4xx_hal_rcc_ex.c ****           if(HAL_IS_BIT_SET(RCC->BDCR, RCC_BDCR_LSERDY))
1941:Drivers/STM32L4xx_HAL_Driver/Src/stm32l4xx_hal_rcc_ex.c ****           {
1942:Drivers/STM32L4xx_HAL_Driver/Src/stm32l4xx_hal_rcc_ex.c ****             frequency = LSE_VALUE;
1943:Drivers/STM32L4xx_HAL_Driver/Src/stm32l4xx_hal_rcc_ex.c ****           }
1944:Drivers/STM32L4xx_HAL_Driver/Src/stm32l4xx_hal_rcc_ex.c ****           break;
1945:Drivers/STM32L4xx_HAL_Driver/Src/stm32l4xx_hal_rcc_ex.c ****         default:
1946:Drivers/STM32L4xx_HAL_Driver/Src/stm32l4xx_hal_rcc_ex.c ****           /* No clock source, frequency default init at 0 */
1947:Drivers/STM32L4xx_HAL_Driver/Src/stm32l4xx_hal_rcc_ex.c ****           break;
1948:Drivers/STM32L4xx_HAL_Driver/Src/stm32l4xx_hal_rcc_ex.c ****         }
1949:Drivers/STM32L4xx_HAL_Driver/Src/stm32l4xx_hal_rcc_ex.c **** 
1950:Drivers/STM32L4xx_HAL_Driver/Src/stm32l4xx_hal_rcc_ex.c ****         break;
1951:Drivers/STM32L4xx_HAL_Driver/Src/stm32l4xx_hal_rcc_ex.c ****       }
1952:Drivers/STM32L4xx_HAL_Driver/Src/stm32l4xx_hal_rcc_ex.c **** 
1953:Drivers/STM32L4xx_HAL_Driver/Src/stm32l4xx_hal_rcc_ex.c **** #if defined(SWPMI1)
1954:Drivers/STM32L4xx_HAL_Driver/Src/stm32l4xx_hal_rcc_ex.c **** 
1955:Drivers/STM32L4xx_HAL_Driver/Src/stm32l4xx_hal_rcc_ex.c ****     case RCC_PERIPHCLK_SWPMI1:
1956:Drivers/STM32L4xx_HAL_Driver/Src/stm32l4xx_hal_rcc_ex.c ****       {
1957:Drivers/STM32L4xx_HAL_Driver/Src/stm32l4xx_hal_rcc_ex.c ****         /* Get the current SWPMI1 source */
1958:Drivers/STM32L4xx_HAL_Driver/Src/stm32l4xx_hal_rcc_ex.c ****         srcclk = __HAL_RCC_GET_SWPMI1_SOURCE();
1959:Drivers/STM32L4xx_HAL_Driver/Src/stm32l4xx_hal_rcc_ex.c **** 
1960:Drivers/STM32L4xx_HAL_Driver/Src/stm32l4xx_hal_rcc_ex.c ****         switch(srcclk)
1961:Drivers/STM32L4xx_HAL_Driver/Src/stm32l4xx_hal_rcc_ex.c ****         {
1962:Drivers/STM32L4xx_HAL_Driver/Src/stm32l4xx_hal_rcc_ex.c ****         case RCC_SWPMI1CLKSOURCE_PCLK1:
1963:Drivers/STM32L4xx_HAL_Driver/Src/stm32l4xx_hal_rcc_ex.c ****           frequency = HAL_RCC_GetPCLK1Freq();
1964:Drivers/STM32L4xx_HAL_Driver/Src/stm32l4xx_hal_rcc_ex.c ****           break;
1965:Drivers/STM32L4xx_HAL_Driver/Src/stm32l4xx_hal_rcc_ex.c ****         case RCC_SWPMI1CLKSOURCE_HSI:
1966:Drivers/STM32L4xx_HAL_Driver/Src/stm32l4xx_hal_rcc_ex.c ****           if(HAL_IS_BIT_SET(RCC->CR, RCC_CR_HSIRDY))
1967:Drivers/STM32L4xx_HAL_Driver/Src/stm32l4xx_hal_rcc_ex.c ****           {
1968:Drivers/STM32L4xx_HAL_Driver/Src/stm32l4xx_hal_rcc_ex.c ****             frequency = HSI_VALUE;
ARM GAS  C:\Users\adisa\AppData\Local\Temp\ccmroX4q.s 			page 36


1969:Drivers/STM32L4xx_HAL_Driver/Src/stm32l4xx_hal_rcc_ex.c ****           }
1970:Drivers/STM32L4xx_HAL_Driver/Src/stm32l4xx_hal_rcc_ex.c ****           break;
1971:Drivers/STM32L4xx_HAL_Driver/Src/stm32l4xx_hal_rcc_ex.c ****         default:
1972:Drivers/STM32L4xx_HAL_Driver/Src/stm32l4xx_hal_rcc_ex.c ****           /* No clock source, frequency default init at 0 */
1973:Drivers/STM32L4xx_HAL_Driver/Src/stm32l4xx_hal_rcc_ex.c ****           break;
1974:Drivers/STM32L4xx_HAL_Driver/Src/stm32l4xx_hal_rcc_ex.c ****         }
1975:Drivers/STM32L4xx_HAL_Driver/Src/stm32l4xx_hal_rcc_ex.c **** 
1976:Drivers/STM32L4xx_HAL_Driver/Src/stm32l4xx_hal_rcc_ex.c ****         break;
1977:Drivers/STM32L4xx_HAL_Driver/Src/stm32l4xx_hal_rcc_ex.c ****       }
1978:Drivers/STM32L4xx_HAL_Driver/Src/stm32l4xx_hal_rcc_ex.c **** 
1979:Drivers/STM32L4xx_HAL_Driver/Src/stm32l4xx_hal_rcc_ex.c **** #endif /* SWPMI1 */
1980:Drivers/STM32L4xx_HAL_Driver/Src/stm32l4xx_hal_rcc_ex.c **** 
1981:Drivers/STM32L4xx_HAL_Driver/Src/stm32l4xx_hal_rcc_ex.c **** #if defined(OCTOSPI1) || defined(OCTOSPI2)
1982:Drivers/STM32L4xx_HAL_Driver/Src/stm32l4xx_hal_rcc_ex.c **** 
1983:Drivers/STM32L4xx_HAL_Driver/Src/stm32l4xx_hal_rcc_ex.c ****     case RCC_PERIPHCLK_OSPI:
1984:Drivers/STM32L4xx_HAL_Driver/Src/stm32l4xx_hal_rcc_ex.c ****       {
1985:Drivers/STM32L4xx_HAL_Driver/Src/stm32l4xx_hal_rcc_ex.c ****         /* Get the current OctoSPI clock source */
1986:Drivers/STM32L4xx_HAL_Driver/Src/stm32l4xx_hal_rcc_ex.c ****         srcclk = __HAL_RCC_GET_OSPI_SOURCE();
1987:Drivers/STM32L4xx_HAL_Driver/Src/stm32l4xx_hal_rcc_ex.c **** 
1988:Drivers/STM32L4xx_HAL_Driver/Src/stm32l4xx_hal_rcc_ex.c ****         switch(srcclk)
1989:Drivers/STM32L4xx_HAL_Driver/Src/stm32l4xx_hal_rcc_ex.c ****         {
1990:Drivers/STM32L4xx_HAL_Driver/Src/stm32l4xx_hal_rcc_ex.c ****         case RCC_OSPICLKSOURCE_SYSCLK:
1991:Drivers/STM32L4xx_HAL_Driver/Src/stm32l4xx_hal_rcc_ex.c ****           frequency = HAL_RCC_GetSysClockFreq();
1992:Drivers/STM32L4xx_HAL_Driver/Src/stm32l4xx_hal_rcc_ex.c ****           break;
1993:Drivers/STM32L4xx_HAL_Driver/Src/stm32l4xx_hal_rcc_ex.c ****         case RCC_OSPICLKSOURCE_MSI:
1994:Drivers/STM32L4xx_HAL_Driver/Src/stm32l4xx_hal_rcc_ex.c ****           if(HAL_IS_BIT_SET(RCC->CR, RCC_CR_MSIRDY))
1995:Drivers/STM32L4xx_HAL_Driver/Src/stm32l4xx_hal_rcc_ex.c ****           {
1996:Drivers/STM32L4xx_HAL_Driver/Src/stm32l4xx_hal_rcc_ex.c ****             /*MSI frequency range in HZ*/
1997:Drivers/STM32L4xx_HAL_Driver/Src/stm32l4xx_hal_rcc_ex.c ****             frequency = MSIRangeTable[(__HAL_RCC_GET_MSI_RANGE() >> 4U)];
1998:Drivers/STM32L4xx_HAL_Driver/Src/stm32l4xx_hal_rcc_ex.c ****           }
1999:Drivers/STM32L4xx_HAL_Driver/Src/stm32l4xx_hal_rcc_ex.c ****           break;
2000:Drivers/STM32L4xx_HAL_Driver/Src/stm32l4xx_hal_rcc_ex.c ****         case RCC_OSPICLKSOURCE_PLL:
2001:Drivers/STM32L4xx_HAL_Driver/Src/stm32l4xx_hal_rcc_ex.c ****           if(HAL_IS_BIT_SET(RCC->CR, RCC_CR_PLLRDY))
2002:Drivers/STM32L4xx_HAL_Driver/Src/stm32l4xx_hal_rcc_ex.c ****           {
2003:Drivers/STM32L4xx_HAL_Driver/Src/stm32l4xx_hal_rcc_ex.c ****             if(HAL_IS_BIT_SET(RCC->PLLCFGR, RCC_PLLCFGR_PLLQEN))
2004:Drivers/STM32L4xx_HAL_Driver/Src/stm32l4xx_hal_rcc_ex.c ****             {
2005:Drivers/STM32L4xx_HAL_Driver/Src/stm32l4xx_hal_rcc_ex.c ****               /* f(PLL Source) * PLLN / PLLM */
2006:Drivers/STM32L4xx_HAL_Driver/Src/stm32l4xx_hal_rcc_ex.c ****               plln = READ_BIT(RCC->PLLCFGR, RCC_PLLCFGR_PLLN) >> RCC_PLLCFGR_PLLN_Pos;
2007:Drivers/STM32L4xx_HAL_Driver/Src/stm32l4xx_hal_rcc_ex.c ****               pllvco = ((pllvco * plln) / ((READ_BIT(RCC->PLLCFGR, RCC_PLLCFGR_PLLM) >> RCC_PLLCFGR
2008:Drivers/STM32L4xx_HAL_Driver/Src/stm32l4xx_hal_rcc_ex.c ****               /* f(PLL48M1CLK) = f(VCO input) / PLLQ */
2009:Drivers/STM32L4xx_HAL_Driver/Src/stm32l4xx_hal_rcc_ex.c ****               frequency = (pllvco / (((READ_BIT(RCC->PLLCFGR, RCC_PLLCFGR_PLLQ) >> RCC_PLLCFGR_PLLQ
2010:Drivers/STM32L4xx_HAL_Driver/Src/stm32l4xx_hal_rcc_ex.c ****             }
2011:Drivers/STM32L4xx_HAL_Driver/Src/stm32l4xx_hal_rcc_ex.c ****           }
2012:Drivers/STM32L4xx_HAL_Driver/Src/stm32l4xx_hal_rcc_ex.c ****           break;
2013:Drivers/STM32L4xx_HAL_Driver/Src/stm32l4xx_hal_rcc_ex.c ****         default:
2014:Drivers/STM32L4xx_HAL_Driver/Src/stm32l4xx_hal_rcc_ex.c ****           /* No clock source, frequency default init at 0 */
2015:Drivers/STM32L4xx_HAL_Driver/Src/stm32l4xx_hal_rcc_ex.c ****           break;
2016:Drivers/STM32L4xx_HAL_Driver/Src/stm32l4xx_hal_rcc_ex.c ****         }
2017:Drivers/STM32L4xx_HAL_Driver/Src/stm32l4xx_hal_rcc_ex.c **** 
2018:Drivers/STM32L4xx_HAL_Driver/Src/stm32l4xx_hal_rcc_ex.c ****         break;
2019:Drivers/STM32L4xx_HAL_Driver/Src/stm32l4xx_hal_rcc_ex.c ****       }
2020:Drivers/STM32L4xx_HAL_Driver/Src/stm32l4xx_hal_rcc_ex.c **** 
2021:Drivers/STM32L4xx_HAL_Driver/Src/stm32l4xx_hal_rcc_ex.c **** #endif /* OCTOSPI1 || OCTOSPI2 */
2022:Drivers/STM32L4xx_HAL_Driver/Src/stm32l4xx_hal_rcc_ex.c **** 
2023:Drivers/STM32L4xx_HAL_Driver/Src/stm32l4xx_hal_rcc_ex.c ****     default:
2024:Drivers/STM32L4xx_HAL_Driver/Src/stm32l4xx_hal_rcc_ex.c ****       break;
2025:Drivers/STM32L4xx_HAL_Driver/Src/stm32l4xx_hal_rcc_ex.c ****     }
ARM GAS  C:\Users\adisa\AppData\Local\Temp\ccmroX4q.s 			page 37


2026:Drivers/STM32L4xx_HAL_Driver/Src/stm32l4xx_hal_rcc_ex.c ****   }
2027:Drivers/STM32L4xx_HAL_Driver/Src/stm32l4xx_hal_rcc_ex.c **** 
2028:Drivers/STM32L4xx_HAL_Driver/Src/stm32l4xx_hal_rcc_ex.c ****   return(frequency);
2029:Drivers/STM32L4xx_HAL_Driver/Src/stm32l4xx_hal_rcc_ex.c **** }
2030:Drivers/STM32L4xx_HAL_Driver/Src/stm32l4xx_hal_rcc_ex.c **** 
2031:Drivers/STM32L4xx_HAL_Driver/Src/stm32l4xx_hal_rcc_ex.c **** /**
2032:Drivers/STM32L4xx_HAL_Driver/Src/stm32l4xx_hal_rcc_ex.c ****   * @}
2033:Drivers/STM32L4xx_HAL_Driver/Src/stm32l4xx_hal_rcc_ex.c ****   */
2034:Drivers/STM32L4xx_HAL_Driver/Src/stm32l4xx_hal_rcc_ex.c **** 
2035:Drivers/STM32L4xx_HAL_Driver/Src/stm32l4xx_hal_rcc_ex.c **** /** @defgroup RCCEx_Exported_Functions_Group2 Extended Clock management functions
2036:Drivers/STM32L4xx_HAL_Driver/Src/stm32l4xx_hal_rcc_ex.c ****  *  @brief  Extended Clock management functions
2037:Drivers/STM32L4xx_HAL_Driver/Src/stm32l4xx_hal_rcc_ex.c ****  *
2038:Drivers/STM32L4xx_HAL_Driver/Src/stm32l4xx_hal_rcc_ex.c **** @verbatim
2039:Drivers/STM32L4xx_HAL_Driver/Src/stm32l4xx_hal_rcc_ex.c ****  ===============================================================================
2040:Drivers/STM32L4xx_HAL_Driver/Src/stm32l4xx_hal_rcc_ex.c ****                 ##### Extended clock management functions  #####
2041:Drivers/STM32L4xx_HAL_Driver/Src/stm32l4xx_hal_rcc_ex.c ****  ===============================================================================
2042:Drivers/STM32L4xx_HAL_Driver/Src/stm32l4xx_hal_rcc_ex.c ****     [..]
2043:Drivers/STM32L4xx_HAL_Driver/Src/stm32l4xx_hal_rcc_ex.c ****     This subsection provides a set of functions allowing to control the
2044:Drivers/STM32L4xx_HAL_Driver/Src/stm32l4xx_hal_rcc_ex.c ****     activation or deactivation of MSI PLL-mode, PLLSAI1, PLLSAI2, LSE CSS,
2045:Drivers/STM32L4xx_HAL_Driver/Src/stm32l4xx_hal_rcc_ex.c ****     Low speed clock output and clock after wake-up from STOP mode.
2046:Drivers/STM32L4xx_HAL_Driver/Src/stm32l4xx_hal_rcc_ex.c **** @endverbatim
2047:Drivers/STM32L4xx_HAL_Driver/Src/stm32l4xx_hal_rcc_ex.c ****   * @{
2048:Drivers/STM32L4xx_HAL_Driver/Src/stm32l4xx_hal_rcc_ex.c ****   */
2049:Drivers/STM32L4xx_HAL_Driver/Src/stm32l4xx_hal_rcc_ex.c **** 
2050:Drivers/STM32L4xx_HAL_Driver/Src/stm32l4xx_hal_rcc_ex.c **** #if defined(RCC_PLLSAI1_SUPPORT)
2051:Drivers/STM32L4xx_HAL_Driver/Src/stm32l4xx_hal_rcc_ex.c **** 
2052:Drivers/STM32L4xx_HAL_Driver/Src/stm32l4xx_hal_rcc_ex.c **** /**
2053:Drivers/STM32L4xx_HAL_Driver/Src/stm32l4xx_hal_rcc_ex.c ****   * @brief  Enable PLLSAI1.
2054:Drivers/STM32L4xx_HAL_Driver/Src/stm32l4xx_hal_rcc_ex.c ****   * @param  PLLSAI1Init  pointer to an RCC_PLLSAI1InitTypeDef structure that
2055:Drivers/STM32L4xx_HAL_Driver/Src/stm32l4xx_hal_rcc_ex.c ****   *         contains the configuration information for the PLLSAI1
2056:Drivers/STM32L4xx_HAL_Driver/Src/stm32l4xx_hal_rcc_ex.c ****   * @retval HAL status
2057:Drivers/STM32L4xx_HAL_Driver/Src/stm32l4xx_hal_rcc_ex.c ****   */
2058:Drivers/STM32L4xx_HAL_Driver/Src/stm32l4xx_hal_rcc_ex.c **** HAL_StatusTypeDef HAL_RCCEx_EnablePLLSAI1(RCC_PLLSAI1InitTypeDef  *PLLSAI1Init)
2059:Drivers/STM32L4xx_HAL_Driver/Src/stm32l4xx_hal_rcc_ex.c **** {
2060:Drivers/STM32L4xx_HAL_Driver/Src/stm32l4xx_hal_rcc_ex.c ****   uint32_t tickstart;
2061:Drivers/STM32L4xx_HAL_Driver/Src/stm32l4xx_hal_rcc_ex.c ****   HAL_StatusTypeDef status = HAL_OK;
2062:Drivers/STM32L4xx_HAL_Driver/Src/stm32l4xx_hal_rcc_ex.c **** 
2063:Drivers/STM32L4xx_HAL_Driver/Src/stm32l4xx_hal_rcc_ex.c ****   /* check for PLLSAI1 Parameters used to output PLLSAI1CLK */
2064:Drivers/STM32L4xx_HAL_Driver/Src/stm32l4xx_hal_rcc_ex.c ****   assert_param(IS_RCC_PLLSAI1SOURCE(PLLSAI1Init->PLLSAI1Source));
2065:Drivers/STM32L4xx_HAL_Driver/Src/stm32l4xx_hal_rcc_ex.c ****   assert_param(IS_RCC_PLLSAI1M_VALUE(PLLSAI1Init->PLLSAI1M));
2066:Drivers/STM32L4xx_HAL_Driver/Src/stm32l4xx_hal_rcc_ex.c ****   assert_param(IS_RCC_PLLSAI1N_VALUE(PLLSAI1Init->PLLSAI1N));
2067:Drivers/STM32L4xx_HAL_Driver/Src/stm32l4xx_hal_rcc_ex.c ****   assert_param(IS_RCC_PLLSAI1P_VALUE(PLLSAI1Init->PLLSAI1P));
2068:Drivers/STM32L4xx_HAL_Driver/Src/stm32l4xx_hal_rcc_ex.c ****   assert_param(IS_RCC_PLLSAI1Q_VALUE(PLLSAI1Init->PLLSAI1Q));
2069:Drivers/STM32L4xx_HAL_Driver/Src/stm32l4xx_hal_rcc_ex.c ****   assert_param(IS_RCC_PLLSAI1R_VALUE(PLLSAI1Init->PLLSAI1R));
2070:Drivers/STM32L4xx_HAL_Driver/Src/stm32l4xx_hal_rcc_ex.c ****   assert_param(IS_RCC_PLLSAI1CLOCKOUT_VALUE(PLLSAI1Init->PLLSAI1ClockOut));
2071:Drivers/STM32L4xx_HAL_Driver/Src/stm32l4xx_hal_rcc_ex.c **** 
2072:Drivers/STM32L4xx_HAL_Driver/Src/stm32l4xx_hal_rcc_ex.c ****   /* Disable the PLLSAI1 */
2073:Drivers/STM32L4xx_HAL_Driver/Src/stm32l4xx_hal_rcc_ex.c ****   __HAL_RCC_PLLSAI1_DISABLE();
2074:Drivers/STM32L4xx_HAL_Driver/Src/stm32l4xx_hal_rcc_ex.c **** 
2075:Drivers/STM32L4xx_HAL_Driver/Src/stm32l4xx_hal_rcc_ex.c ****   /* Get Start Tick*/
2076:Drivers/STM32L4xx_HAL_Driver/Src/stm32l4xx_hal_rcc_ex.c ****   tickstart = HAL_GetTick();
2077:Drivers/STM32L4xx_HAL_Driver/Src/stm32l4xx_hal_rcc_ex.c **** 
2078:Drivers/STM32L4xx_HAL_Driver/Src/stm32l4xx_hal_rcc_ex.c ****   /* Wait till PLLSAI1 is ready to be updated */
2079:Drivers/STM32L4xx_HAL_Driver/Src/stm32l4xx_hal_rcc_ex.c ****   while(READ_BIT(RCC->CR, RCC_CR_PLLSAI1RDY) != 0U)
2080:Drivers/STM32L4xx_HAL_Driver/Src/stm32l4xx_hal_rcc_ex.c ****   {
2081:Drivers/STM32L4xx_HAL_Driver/Src/stm32l4xx_hal_rcc_ex.c ****     if((HAL_GetTick() - tickstart) > PLLSAI1_TIMEOUT_VALUE)
2082:Drivers/STM32L4xx_HAL_Driver/Src/stm32l4xx_hal_rcc_ex.c ****     {
ARM GAS  C:\Users\adisa\AppData\Local\Temp\ccmroX4q.s 			page 38


2083:Drivers/STM32L4xx_HAL_Driver/Src/stm32l4xx_hal_rcc_ex.c ****       status = HAL_TIMEOUT;
2084:Drivers/STM32L4xx_HAL_Driver/Src/stm32l4xx_hal_rcc_ex.c ****       break;
2085:Drivers/STM32L4xx_HAL_Driver/Src/stm32l4xx_hal_rcc_ex.c ****     }
2086:Drivers/STM32L4xx_HAL_Driver/Src/stm32l4xx_hal_rcc_ex.c ****   }
2087:Drivers/STM32L4xx_HAL_Driver/Src/stm32l4xx_hal_rcc_ex.c **** 
2088:Drivers/STM32L4xx_HAL_Driver/Src/stm32l4xx_hal_rcc_ex.c ****   if(status == HAL_OK)
2089:Drivers/STM32L4xx_HAL_Driver/Src/stm32l4xx_hal_rcc_ex.c ****   {
2090:Drivers/STM32L4xx_HAL_Driver/Src/stm32l4xx_hal_rcc_ex.c **** #if defined(RCC_PLLSAI1M_DIV_1_16_SUPPORT)
2091:Drivers/STM32L4xx_HAL_Driver/Src/stm32l4xx_hal_rcc_ex.c ****     /* Configure the PLLSAI1 Multiplication factor N */
2092:Drivers/STM32L4xx_HAL_Driver/Src/stm32l4xx_hal_rcc_ex.c ****     /* Configure the PLLSAI1 Division factors M, P, Q and R */
2093:Drivers/STM32L4xx_HAL_Driver/Src/stm32l4xx_hal_rcc_ex.c ****     __HAL_RCC_PLLSAI1_CONFIG(PLLSAI1Init->PLLSAI1M, PLLSAI1Init->PLLSAI1N, PLLSAI1Init->PLLSAI1P, P
2094:Drivers/STM32L4xx_HAL_Driver/Src/stm32l4xx_hal_rcc_ex.c **** #else
2095:Drivers/STM32L4xx_HAL_Driver/Src/stm32l4xx_hal_rcc_ex.c ****     /* Configure the PLLSAI1 Multiplication factor N */
2096:Drivers/STM32L4xx_HAL_Driver/Src/stm32l4xx_hal_rcc_ex.c ****     /* Configure the PLLSAI1 Division factors P, Q and R */
2097:Drivers/STM32L4xx_HAL_Driver/Src/stm32l4xx_hal_rcc_ex.c ****     __HAL_RCC_PLLSAI1_CONFIG(PLLSAI1Init->PLLSAI1N, PLLSAI1Init->PLLSAI1P, PLLSAI1Init->PLLSAI1Q, P
2098:Drivers/STM32L4xx_HAL_Driver/Src/stm32l4xx_hal_rcc_ex.c **** #endif /* RCC_PLLSAI1M_DIV_1_16_SUPPORT */
2099:Drivers/STM32L4xx_HAL_Driver/Src/stm32l4xx_hal_rcc_ex.c ****     /* Configure the PLLSAI1 Clock output(s) */
2100:Drivers/STM32L4xx_HAL_Driver/Src/stm32l4xx_hal_rcc_ex.c ****     __HAL_RCC_PLLSAI1CLKOUT_ENABLE(PLLSAI1Init->PLLSAI1ClockOut);
2101:Drivers/STM32L4xx_HAL_Driver/Src/stm32l4xx_hal_rcc_ex.c **** 
2102:Drivers/STM32L4xx_HAL_Driver/Src/stm32l4xx_hal_rcc_ex.c ****     /* Enable the PLLSAI1 again by setting PLLSAI1ON to 1*/
2103:Drivers/STM32L4xx_HAL_Driver/Src/stm32l4xx_hal_rcc_ex.c ****     __HAL_RCC_PLLSAI1_ENABLE();
2104:Drivers/STM32L4xx_HAL_Driver/Src/stm32l4xx_hal_rcc_ex.c **** 
2105:Drivers/STM32L4xx_HAL_Driver/Src/stm32l4xx_hal_rcc_ex.c ****     /* Get Start Tick*/
2106:Drivers/STM32L4xx_HAL_Driver/Src/stm32l4xx_hal_rcc_ex.c ****     tickstart = HAL_GetTick();
2107:Drivers/STM32L4xx_HAL_Driver/Src/stm32l4xx_hal_rcc_ex.c **** 
2108:Drivers/STM32L4xx_HAL_Driver/Src/stm32l4xx_hal_rcc_ex.c ****     /* Wait till PLLSAI1 is ready */
2109:Drivers/STM32L4xx_HAL_Driver/Src/stm32l4xx_hal_rcc_ex.c ****     while(READ_BIT(RCC->CR, RCC_CR_PLLSAI1RDY) == 0U)
2110:Drivers/STM32L4xx_HAL_Driver/Src/stm32l4xx_hal_rcc_ex.c ****     {
2111:Drivers/STM32L4xx_HAL_Driver/Src/stm32l4xx_hal_rcc_ex.c ****       if((HAL_GetTick() - tickstart) > PLLSAI1_TIMEOUT_VALUE)
2112:Drivers/STM32L4xx_HAL_Driver/Src/stm32l4xx_hal_rcc_ex.c ****       {
2113:Drivers/STM32L4xx_HAL_Driver/Src/stm32l4xx_hal_rcc_ex.c ****         status = HAL_TIMEOUT;
2114:Drivers/STM32L4xx_HAL_Driver/Src/stm32l4xx_hal_rcc_ex.c ****         break;
2115:Drivers/STM32L4xx_HAL_Driver/Src/stm32l4xx_hal_rcc_ex.c ****       }
2116:Drivers/STM32L4xx_HAL_Driver/Src/stm32l4xx_hal_rcc_ex.c ****     }
2117:Drivers/STM32L4xx_HAL_Driver/Src/stm32l4xx_hal_rcc_ex.c ****   }
2118:Drivers/STM32L4xx_HAL_Driver/Src/stm32l4xx_hal_rcc_ex.c **** 
2119:Drivers/STM32L4xx_HAL_Driver/Src/stm32l4xx_hal_rcc_ex.c ****   return status;
2120:Drivers/STM32L4xx_HAL_Driver/Src/stm32l4xx_hal_rcc_ex.c **** }
2121:Drivers/STM32L4xx_HAL_Driver/Src/stm32l4xx_hal_rcc_ex.c **** 
2122:Drivers/STM32L4xx_HAL_Driver/Src/stm32l4xx_hal_rcc_ex.c **** /**
2123:Drivers/STM32L4xx_HAL_Driver/Src/stm32l4xx_hal_rcc_ex.c ****   * @brief  Disable PLLSAI1.
2124:Drivers/STM32L4xx_HAL_Driver/Src/stm32l4xx_hal_rcc_ex.c ****   * @retval HAL status
2125:Drivers/STM32L4xx_HAL_Driver/Src/stm32l4xx_hal_rcc_ex.c ****   */
2126:Drivers/STM32L4xx_HAL_Driver/Src/stm32l4xx_hal_rcc_ex.c **** HAL_StatusTypeDef HAL_RCCEx_DisablePLLSAI1(void)
2127:Drivers/STM32L4xx_HAL_Driver/Src/stm32l4xx_hal_rcc_ex.c **** {
2128:Drivers/STM32L4xx_HAL_Driver/Src/stm32l4xx_hal_rcc_ex.c ****   uint32_t tickstart;
2129:Drivers/STM32L4xx_HAL_Driver/Src/stm32l4xx_hal_rcc_ex.c ****   HAL_StatusTypeDef status = HAL_OK;
2130:Drivers/STM32L4xx_HAL_Driver/Src/stm32l4xx_hal_rcc_ex.c **** 
2131:Drivers/STM32L4xx_HAL_Driver/Src/stm32l4xx_hal_rcc_ex.c ****   /* Disable the PLLSAI1 */
2132:Drivers/STM32L4xx_HAL_Driver/Src/stm32l4xx_hal_rcc_ex.c ****   __HAL_RCC_PLLSAI1_DISABLE();
2133:Drivers/STM32L4xx_HAL_Driver/Src/stm32l4xx_hal_rcc_ex.c **** 
2134:Drivers/STM32L4xx_HAL_Driver/Src/stm32l4xx_hal_rcc_ex.c ****   /* Get Start Tick*/
2135:Drivers/STM32L4xx_HAL_Driver/Src/stm32l4xx_hal_rcc_ex.c ****   tickstart = HAL_GetTick();
2136:Drivers/STM32L4xx_HAL_Driver/Src/stm32l4xx_hal_rcc_ex.c **** 
2137:Drivers/STM32L4xx_HAL_Driver/Src/stm32l4xx_hal_rcc_ex.c ****   /* Wait till PLLSAI1 is ready */
2138:Drivers/STM32L4xx_HAL_Driver/Src/stm32l4xx_hal_rcc_ex.c ****   while(READ_BIT(RCC->CR, RCC_CR_PLLSAI1RDY) != 0U)
2139:Drivers/STM32L4xx_HAL_Driver/Src/stm32l4xx_hal_rcc_ex.c ****   {
ARM GAS  C:\Users\adisa\AppData\Local\Temp\ccmroX4q.s 			page 39


2140:Drivers/STM32L4xx_HAL_Driver/Src/stm32l4xx_hal_rcc_ex.c ****     if((HAL_GetTick() - tickstart) > PLLSAI1_TIMEOUT_VALUE)
2141:Drivers/STM32L4xx_HAL_Driver/Src/stm32l4xx_hal_rcc_ex.c ****     {
2142:Drivers/STM32L4xx_HAL_Driver/Src/stm32l4xx_hal_rcc_ex.c ****       status = HAL_TIMEOUT;
2143:Drivers/STM32L4xx_HAL_Driver/Src/stm32l4xx_hal_rcc_ex.c ****       break;
2144:Drivers/STM32L4xx_HAL_Driver/Src/stm32l4xx_hal_rcc_ex.c ****     }
2145:Drivers/STM32L4xx_HAL_Driver/Src/stm32l4xx_hal_rcc_ex.c ****   }
2146:Drivers/STM32L4xx_HAL_Driver/Src/stm32l4xx_hal_rcc_ex.c **** 
2147:Drivers/STM32L4xx_HAL_Driver/Src/stm32l4xx_hal_rcc_ex.c ****   /* Disable the PLLSAI1 Clock outputs */
2148:Drivers/STM32L4xx_HAL_Driver/Src/stm32l4xx_hal_rcc_ex.c ****   __HAL_RCC_PLLSAI1CLKOUT_DISABLE(RCC_PLLSAI1CFGR_PLLSAI1PEN|RCC_PLLSAI1CFGR_PLLSAI1QEN|RCC_PLLSAI1
2149:Drivers/STM32L4xx_HAL_Driver/Src/stm32l4xx_hal_rcc_ex.c **** 
2150:Drivers/STM32L4xx_HAL_Driver/Src/stm32l4xx_hal_rcc_ex.c ****   /* Reset PLL source to save power if no PLLs on */
2151:Drivers/STM32L4xx_HAL_Driver/Src/stm32l4xx_hal_rcc_ex.c **** #if defined(RCC_PLLSAI2_SUPPORT)
2152:Drivers/STM32L4xx_HAL_Driver/Src/stm32l4xx_hal_rcc_ex.c ****   if(READ_BIT(RCC->CR, (RCC_CR_PLLRDY | RCC_CR_PLLSAI2RDY)) == 0U)
2153:Drivers/STM32L4xx_HAL_Driver/Src/stm32l4xx_hal_rcc_ex.c ****   {
2154:Drivers/STM32L4xx_HAL_Driver/Src/stm32l4xx_hal_rcc_ex.c ****     MODIFY_REG(RCC->PLLCFGR, RCC_PLLCFGR_PLLSRC, RCC_PLLSOURCE_NONE);
2155:Drivers/STM32L4xx_HAL_Driver/Src/stm32l4xx_hal_rcc_ex.c ****   }
2156:Drivers/STM32L4xx_HAL_Driver/Src/stm32l4xx_hal_rcc_ex.c **** #else
2157:Drivers/STM32L4xx_HAL_Driver/Src/stm32l4xx_hal_rcc_ex.c ****   if(READ_BIT(RCC->CR, RCC_CR_PLLRDY) == 0U)
2158:Drivers/STM32L4xx_HAL_Driver/Src/stm32l4xx_hal_rcc_ex.c ****   {
2159:Drivers/STM32L4xx_HAL_Driver/Src/stm32l4xx_hal_rcc_ex.c ****     MODIFY_REG(RCC->PLLCFGR, RCC_PLLCFGR_PLLSRC, RCC_PLLSOURCE_NONE);
2160:Drivers/STM32L4xx_HAL_Driver/Src/stm32l4xx_hal_rcc_ex.c ****   }
2161:Drivers/STM32L4xx_HAL_Driver/Src/stm32l4xx_hal_rcc_ex.c **** #endif /* RCC_PLLSAI2_SUPPORT */
2162:Drivers/STM32L4xx_HAL_Driver/Src/stm32l4xx_hal_rcc_ex.c **** 
2163:Drivers/STM32L4xx_HAL_Driver/Src/stm32l4xx_hal_rcc_ex.c ****   return status;
2164:Drivers/STM32L4xx_HAL_Driver/Src/stm32l4xx_hal_rcc_ex.c **** }
2165:Drivers/STM32L4xx_HAL_Driver/Src/stm32l4xx_hal_rcc_ex.c **** 
2166:Drivers/STM32L4xx_HAL_Driver/Src/stm32l4xx_hal_rcc_ex.c **** #endif /* RCC_PLLSAI1_SUPPORT */
2167:Drivers/STM32L4xx_HAL_Driver/Src/stm32l4xx_hal_rcc_ex.c **** 
2168:Drivers/STM32L4xx_HAL_Driver/Src/stm32l4xx_hal_rcc_ex.c **** #if defined(RCC_PLLSAI2_SUPPORT)
2169:Drivers/STM32L4xx_HAL_Driver/Src/stm32l4xx_hal_rcc_ex.c **** 
2170:Drivers/STM32L4xx_HAL_Driver/Src/stm32l4xx_hal_rcc_ex.c **** /**
2171:Drivers/STM32L4xx_HAL_Driver/Src/stm32l4xx_hal_rcc_ex.c ****   * @brief  Enable PLLSAI2.
2172:Drivers/STM32L4xx_HAL_Driver/Src/stm32l4xx_hal_rcc_ex.c ****   * @param  PLLSAI2Init  pointer to an RCC_PLLSAI2InitTypeDef structure that
2173:Drivers/STM32L4xx_HAL_Driver/Src/stm32l4xx_hal_rcc_ex.c ****   *         contains the configuration information for the PLLSAI2
2174:Drivers/STM32L4xx_HAL_Driver/Src/stm32l4xx_hal_rcc_ex.c ****   * @retval HAL status
2175:Drivers/STM32L4xx_HAL_Driver/Src/stm32l4xx_hal_rcc_ex.c ****   */
2176:Drivers/STM32L4xx_HAL_Driver/Src/stm32l4xx_hal_rcc_ex.c **** HAL_StatusTypeDef HAL_RCCEx_EnablePLLSAI2(RCC_PLLSAI2InitTypeDef  *PLLSAI2Init)
2177:Drivers/STM32L4xx_HAL_Driver/Src/stm32l4xx_hal_rcc_ex.c **** {
2178:Drivers/STM32L4xx_HAL_Driver/Src/stm32l4xx_hal_rcc_ex.c ****   uint32_t tickstart;
2179:Drivers/STM32L4xx_HAL_Driver/Src/stm32l4xx_hal_rcc_ex.c ****   HAL_StatusTypeDef status = HAL_OK;
2180:Drivers/STM32L4xx_HAL_Driver/Src/stm32l4xx_hal_rcc_ex.c **** 
2181:Drivers/STM32L4xx_HAL_Driver/Src/stm32l4xx_hal_rcc_ex.c ****   /* check for PLLSAI2 Parameters used to output PLLSAI2CLK */
2182:Drivers/STM32L4xx_HAL_Driver/Src/stm32l4xx_hal_rcc_ex.c ****   assert_param(IS_RCC_PLLSAI2SOURCE(PLLSAI2Init->PLLSAI2Source));
2183:Drivers/STM32L4xx_HAL_Driver/Src/stm32l4xx_hal_rcc_ex.c ****   assert_param(IS_RCC_PLLSAI2M_VALUE(PLLSAI2Init->PLLSAI2M));
2184:Drivers/STM32L4xx_HAL_Driver/Src/stm32l4xx_hal_rcc_ex.c ****   assert_param(IS_RCC_PLLSAI2N_VALUE(PLLSAI2Init->PLLSAI2N));
2185:Drivers/STM32L4xx_HAL_Driver/Src/stm32l4xx_hal_rcc_ex.c ****   assert_param(IS_RCC_PLLSAI2P_VALUE(PLLSAI2Init->PLLSAI2P));
2186:Drivers/STM32L4xx_HAL_Driver/Src/stm32l4xx_hal_rcc_ex.c **** #if defined(RCC_PLLSAI2Q_DIV_SUPPORT)
2187:Drivers/STM32L4xx_HAL_Driver/Src/stm32l4xx_hal_rcc_ex.c ****   assert_param(IS_RCC_PLLSAI2Q_VALUE(PLLSAI2Init->PLLSAI2Q));
2188:Drivers/STM32L4xx_HAL_Driver/Src/stm32l4xx_hal_rcc_ex.c **** #endif /* RCC_PLLSAI2Q_DIV_SUPPORT */
2189:Drivers/STM32L4xx_HAL_Driver/Src/stm32l4xx_hal_rcc_ex.c ****   assert_param(IS_RCC_PLLSAI2R_VALUE(PLLSAI2Init->PLLSAI2R));
2190:Drivers/STM32L4xx_HAL_Driver/Src/stm32l4xx_hal_rcc_ex.c ****   assert_param(IS_RCC_PLLSAI2CLOCKOUT_VALUE(PLLSAI2Init->PLLSAI2ClockOut));
2191:Drivers/STM32L4xx_HAL_Driver/Src/stm32l4xx_hal_rcc_ex.c **** 
2192:Drivers/STM32L4xx_HAL_Driver/Src/stm32l4xx_hal_rcc_ex.c ****   /* Disable the PLLSAI2 */
2193:Drivers/STM32L4xx_HAL_Driver/Src/stm32l4xx_hal_rcc_ex.c ****   __HAL_RCC_PLLSAI2_DISABLE();
2194:Drivers/STM32L4xx_HAL_Driver/Src/stm32l4xx_hal_rcc_ex.c **** 
2195:Drivers/STM32L4xx_HAL_Driver/Src/stm32l4xx_hal_rcc_ex.c ****   /* Get Start Tick*/
2196:Drivers/STM32L4xx_HAL_Driver/Src/stm32l4xx_hal_rcc_ex.c ****   tickstart = HAL_GetTick();
ARM GAS  C:\Users\adisa\AppData\Local\Temp\ccmroX4q.s 			page 40


2197:Drivers/STM32L4xx_HAL_Driver/Src/stm32l4xx_hal_rcc_ex.c **** 
2198:Drivers/STM32L4xx_HAL_Driver/Src/stm32l4xx_hal_rcc_ex.c ****   /* Wait till PLLSAI2 is ready to be updated */
2199:Drivers/STM32L4xx_HAL_Driver/Src/stm32l4xx_hal_rcc_ex.c ****   while(READ_BIT(RCC->CR, RCC_CR_PLLSAI2RDY) != 0U)
2200:Drivers/STM32L4xx_HAL_Driver/Src/stm32l4xx_hal_rcc_ex.c ****   {
2201:Drivers/STM32L4xx_HAL_Driver/Src/stm32l4xx_hal_rcc_ex.c ****     if((HAL_GetTick() - tickstart) > PLLSAI2_TIMEOUT_VALUE)
2202:Drivers/STM32L4xx_HAL_Driver/Src/stm32l4xx_hal_rcc_ex.c ****     {
2203:Drivers/STM32L4xx_HAL_Driver/Src/stm32l4xx_hal_rcc_ex.c ****       status = HAL_TIMEOUT;
2204:Drivers/STM32L4xx_HAL_Driver/Src/stm32l4xx_hal_rcc_ex.c ****       break;
2205:Drivers/STM32L4xx_HAL_Driver/Src/stm32l4xx_hal_rcc_ex.c ****     }
2206:Drivers/STM32L4xx_HAL_Driver/Src/stm32l4xx_hal_rcc_ex.c ****   }
2207:Drivers/STM32L4xx_HAL_Driver/Src/stm32l4xx_hal_rcc_ex.c **** 
2208:Drivers/STM32L4xx_HAL_Driver/Src/stm32l4xx_hal_rcc_ex.c ****   if(status == HAL_OK)
2209:Drivers/STM32L4xx_HAL_Driver/Src/stm32l4xx_hal_rcc_ex.c ****   {
2210:Drivers/STM32L4xx_HAL_Driver/Src/stm32l4xx_hal_rcc_ex.c **** #if defined(RCC_PLLSAI2M_DIV_1_16_SUPPORT) && defined(RCC_PLLSAI2Q_DIV_SUPPORT)
2211:Drivers/STM32L4xx_HAL_Driver/Src/stm32l4xx_hal_rcc_ex.c ****     /* Configure the PLLSAI2 Multiplication factor N */
2212:Drivers/STM32L4xx_HAL_Driver/Src/stm32l4xx_hal_rcc_ex.c ****     /* Configure the PLLSAI2 Division factors M, P, Q and R */
2213:Drivers/STM32L4xx_HAL_Driver/Src/stm32l4xx_hal_rcc_ex.c ****     __HAL_RCC_PLLSAI2_CONFIG(PLLSAI2Init->PLLSAI2M, PLLSAI2Init->PLLSAI2N, PLLSAI2Init->PLLSAI2P, P
2214:Drivers/STM32L4xx_HAL_Driver/Src/stm32l4xx_hal_rcc_ex.c **** #elif defined(RCC_PLLSAI2M_DIV_1_16_SUPPORT)
2215:Drivers/STM32L4xx_HAL_Driver/Src/stm32l4xx_hal_rcc_ex.c ****     /* Configure the PLLSAI2 Multiplication factor N */
2216:Drivers/STM32L4xx_HAL_Driver/Src/stm32l4xx_hal_rcc_ex.c ****     /* Configure the PLLSAI2 Division factors M, P and R */
2217:Drivers/STM32L4xx_HAL_Driver/Src/stm32l4xx_hal_rcc_ex.c ****     __HAL_RCC_PLLSAI2_CONFIG(PLLSAI2Init->PLLSAI2M, PLLSAI2Init->PLLSAI2N, PLLSAI2Init->PLLSAI2P, P
2218:Drivers/STM32L4xx_HAL_Driver/Src/stm32l4xx_hal_rcc_ex.c **** #elif defined(RCC_PLLSAI2Q_DIV_SUPPORT)
2219:Drivers/STM32L4xx_HAL_Driver/Src/stm32l4xx_hal_rcc_ex.c ****     /* Configure the PLLSAI2 Multiplication factor N */
2220:Drivers/STM32L4xx_HAL_Driver/Src/stm32l4xx_hal_rcc_ex.c ****     /* Configure the PLLSAI2 Division factors P, Q and R */
2221:Drivers/STM32L4xx_HAL_Driver/Src/stm32l4xx_hal_rcc_ex.c ****     __HAL_RCC_PLLSAI2_CONFIG(PLLSAI2Init->PLLSAI2N, PLLSAI2Init->PLLSAI2P, PLLSAI2Init->PLLSAI2Q, P
2222:Drivers/STM32L4xx_HAL_Driver/Src/stm32l4xx_hal_rcc_ex.c **** #else
2223:Drivers/STM32L4xx_HAL_Driver/Src/stm32l4xx_hal_rcc_ex.c ****     /* Configure the PLLSAI2 Multiplication factor N */
2224:Drivers/STM32L4xx_HAL_Driver/Src/stm32l4xx_hal_rcc_ex.c ****     /* Configure the PLLSAI2 Division factors P and R */
2225:Drivers/STM32L4xx_HAL_Driver/Src/stm32l4xx_hal_rcc_ex.c ****     __HAL_RCC_PLLSAI2_CONFIG(PLLSAI2Init->PLLSAI2N, PLLSAI2Init->PLLSAI2P, PLLSAI2Init->PLLSAI2R);
2226:Drivers/STM32L4xx_HAL_Driver/Src/stm32l4xx_hal_rcc_ex.c **** #endif /* RCC_PLLSAI2M_DIV_1_16_SUPPORT && RCC_PLLSAI2Q_DIV_SUPPORT */
2227:Drivers/STM32L4xx_HAL_Driver/Src/stm32l4xx_hal_rcc_ex.c ****     /* Configure the PLLSAI2 Clock output(s) */
2228:Drivers/STM32L4xx_HAL_Driver/Src/stm32l4xx_hal_rcc_ex.c ****     __HAL_RCC_PLLSAI2CLKOUT_ENABLE(PLLSAI2Init->PLLSAI2ClockOut);
2229:Drivers/STM32L4xx_HAL_Driver/Src/stm32l4xx_hal_rcc_ex.c **** 
2230:Drivers/STM32L4xx_HAL_Driver/Src/stm32l4xx_hal_rcc_ex.c ****     /* Enable the PLLSAI2 again by setting PLLSAI2ON to 1*/
2231:Drivers/STM32L4xx_HAL_Driver/Src/stm32l4xx_hal_rcc_ex.c ****     __HAL_RCC_PLLSAI2_ENABLE();
2232:Drivers/STM32L4xx_HAL_Driver/Src/stm32l4xx_hal_rcc_ex.c **** 
2233:Drivers/STM32L4xx_HAL_Driver/Src/stm32l4xx_hal_rcc_ex.c ****     /* Get Start Tick*/
2234:Drivers/STM32L4xx_HAL_Driver/Src/stm32l4xx_hal_rcc_ex.c ****     tickstart = HAL_GetTick();
2235:Drivers/STM32L4xx_HAL_Driver/Src/stm32l4xx_hal_rcc_ex.c **** 
2236:Drivers/STM32L4xx_HAL_Driver/Src/stm32l4xx_hal_rcc_ex.c ****     /* Wait till PLLSAI2 is ready */
2237:Drivers/STM32L4xx_HAL_Driver/Src/stm32l4xx_hal_rcc_ex.c ****     while(READ_BIT(RCC->CR, RCC_CR_PLLSAI2RDY) == 0U)
2238:Drivers/STM32L4xx_HAL_Driver/Src/stm32l4xx_hal_rcc_ex.c ****     {
2239:Drivers/STM32L4xx_HAL_Driver/Src/stm32l4xx_hal_rcc_ex.c ****       if((HAL_GetTick() - tickstart) > PLLSAI2_TIMEOUT_VALUE)
2240:Drivers/STM32L4xx_HAL_Driver/Src/stm32l4xx_hal_rcc_ex.c ****       {
2241:Drivers/STM32L4xx_HAL_Driver/Src/stm32l4xx_hal_rcc_ex.c ****         status = HAL_TIMEOUT;
2242:Drivers/STM32L4xx_HAL_Driver/Src/stm32l4xx_hal_rcc_ex.c ****         break;
2243:Drivers/STM32L4xx_HAL_Driver/Src/stm32l4xx_hal_rcc_ex.c ****       }
2244:Drivers/STM32L4xx_HAL_Driver/Src/stm32l4xx_hal_rcc_ex.c ****     }
2245:Drivers/STM32L4xx_HAL_Driver/Src/stm32l4xx_hal_rcc_ex.c ****   }
2246:Drivers/STM32L4xx_HAL_Driver/Src/stm32l4xx_hal_rcc_ex.c **** 
2247:Drivers/STM32L4xx_HAL_Driver/Src/stm32l4xx_hal_rcc_ex.c ****   return status;
2248:Drivers/STM32L4xx_HAL_Driver/Src/stm32l4xx_hal_rcc_ex.c **** }
2249:Drivers/STM32L4xx_HAL_Driver/Src/stm32l4xx_hal_rcc_ex.c **** 
2250:Drivers/STM32L4xx_HAL_Driver/Src/stm32l4xx_hal_rcc_ex.c **** /**
2251:Drivers/STM32L4xx_HAL_Driver/Src/stm32l4xx_hal_rcc_ex.c ****   * @brief  Disable PLLISAI2.
2252:Drivers/STM32L4xx_HAL_Driver/Src/stm32l4xx_hal_rcc_ex.c ****   * @retval HAL status
2253:Drivers/STM32L4xx_HAL_Driver/Src/stm32l4xx_hal_rcc_ex.c ****   */
ARM GAS  C:\Users\adisa\AppData\Local\Temp\ccmroX4q.s 			page 41


2254:Drivers/STM32L4xx_HAL_Driver/Src/stm32l4xx_hal_rcc_ex.c **** HAL_StatusTypeDef HAL_RCCEx_DisablePLLSAI2(void)
2255:Drivers/STM32L4xx_HAL_Driver/Src/stm32l4xx_hal_rcc_ex.c **** {
2256:Drivers/STM32L4xx_HAL_Driver/Src/stm32l4xx_hal_rcc_ex.c ****   uint32_t tickstart;
2257:Drivers/STM32L4xx_HAL_Driver/Src/stm32l4xx_hal_rcc_ex.c ****   HAL_StatusTypeDef status = HAL_OK;
2258:Drivers/STM32L4xx_HAL_Driver/Src/stm32l4xx_hal_rcc_ex.c **** 
2259:Drivers/STM32L4xx_HAL_Driver/Src/stm32l4xx_hal_rcc_ex.c ****   /* Disable the PLLSAI2 */
2260:Drivers/STM32L4xx_HAL_Driver/Src/stm32l4xx_hal_rcc_ex.c ****   __HAL_RCC_PLLSAI2_DISABLE();
2261:Drivers/STM32L4xx_HAL_Driver/Src/stm32l4xx_hal_rcc_ex.c **** 
2262:Drivers/STM32L4xx_HAL_Driver/Src/stm32l4xx_hal_rcc_ex.c ****   /* Get Start Tick*/
2263:Drivers/STM32L4xx_HAL_Driver/Src/stm32l4xx_hal_rcc_ex.c ****   tickstart = HAL_GetTick();
2264:Drivers/STM32L4xx_HAL_Driver/Src/stm32l4xx_hal_rcc_ex.c **** 
2265:Drivers/STM32L4xx_HAL_Driver/Src/stm32l4xx_hal_rcc_ex.c ****   /* Wait till PLLSAI2 is ready */
2266:Drivers/STM32L4xx_HAL_Driver/Src/stm32l4xx_hal_rcc_ex.c ****   while(READ_BIT(RCC->CR, RCC_CR_PLLSAI2RDY) != 0U)
2267:Drivers/STM32L4xx_HAL_Driver/Src/stm32l4xx_hal_rcc_ex.c ****   {
2268:Drivers/STM32L4xx_HAL_Driver/Src/stm32l4xx_hal_rcc_ex.c ****     if((HAL_GetTick() - tickstart) > PLLSAI2_TIMEOUT_VALUE)
2269:Drivers/STM32L4xx_HAL_Driver/Src/stm32l4xx_hal_rcc_ex.c ****     {
2270:Drivers/STM32L4xx_HAL_Driver/Src/stm32l4xx_hal_rcc_ex.c ****       status = HAL_TIMEOUT;
2271:Drivers/STM32L4xx_HAL_Driver/Src/stm32l4xx_hal_rcc_ex.c ****       break;
2272:Drivers/STM32L4xx_HAL_Driver/Src/stm32l4xx_hal_rcc_ex.c ****     }
2273:Drivers/STM32L4xx_HAL_Driver/Src/stm32l4xx_hal_rcc_ex.c ****   }
2274:Drivers/STM32L4xx_HAL_Driver/Src/stm32l4xx_hal_rcc_ex.c **** 
2275:Drivers/STM32L4xx_HAL_Driver/Src/stm32l4xx_hal_rcc_ex.c ****   /* Disable the PLLSAI2 Clock outputs */
2276:Drivers/STM32L4xx_HAL_Driver/Src/stm32l4xx_hal_rcc_ex.c **** #if defined(RCC_PLLSAI2Q_DIV_SUPPORT)
2277:Drivers/STM32L4xx_HAL_Driver/Src/stm32l4xx_hal_rcc_ex.c ****   __HAL_RCC_PLLSAI2CLKOUT_DISABLE(RCC_PLLSAI2CFGR_PLLSAI2PEN|RCC_PLLSAI2CFGR_PLLSAI2QEN|RCC_PLLSAI2
2278:Drivers/STM32L4xx_HAL_Driver/Src/stm32l4xx_hal_rcc_ex.c **** #else
2279:Drivers/STM32L4xx_HAL_Driver/Src/stm32l4xx_hal_rcc_ex.c ****   __HAL_RCC_PLLSAI2CLKOUT_DISABLE(RCC_PLLSAI2CFGR_PLLSAI2PEN|RCC_PLLSAI2CFGR_PLLSAI2REN);
2280:Drivers/STM32L4xx_HAL_Driver/Src/stm32l4xx_hal_rcc_ex.c **** #endif /* RCC_PLLSAI2M_DIV_1_16_SUPPORT && RCC_PLLSAI2Q_DIV_SUPPORT */
2281:Drivers/STM32L4xx_HAL_Driver/Src/stm32l4xx_hal_rcc_ex.c **** 
2282:Drivers/STM32L4xx_HAL_Driver/Src/stm32l4xx_hal_rcc_ex.c ****   /* Reset PLL source to save power if no PLLs on */
2283:Drivers/STM32L4xx_HAL_Driver/Src/stm32l4xx_hal_rcc_ex.c ****   if(READ_BIT(RCC->CR, (RCC_CR_PLLRDY | RCC_CR_PLLSAI1RDY)) == 0U)
2284:Drivers/STM32L4xx_HAL_Driver/Src/stm32l4xx_hal_rcc_ex.c ****   {
2285:Drivers/STM32L4xx_HAL_Driver/Src/stm32l4xx_hal_rcc_ex.c ****     MODIFY_REG(RCC->PLLCFGR, RCC_PLLCFGR_PLLSRC, RCC_PLLSOURCE_NONE);
2286:Drivers/STM32L4xx_HAL_Driver/Src/stm32l4xx_hal_rcc_ex.c ****   }
2287:Drivers/STM32L4xx_HAL_Driver/Src/stm32l4xx_hal_rcc_ex.c **** 
2288:Drivers/STM32L4xx_HAL_Driver/Src/stm32l4xx_hal_rcc_ex.c ****   return status;
2289:Drivers/STM32L4xx_HAL_Driver/Src/stm32l4xx_hal_rcc_ex.c **** }
2290:Drivers/STM32L4xx_HAL_Driver/Src/stm32l4xx_hal_rcc_ex.c **** 
2291:Drivers/STM32L4xx_HAL_Driver/Src/stm32l4xx_hal_rcc_ex.c **** #endif /* RCC_PLLSAI2_SUPPORT */
2292:Drivers/STM32L4xx_HAL_Driver/Src/stm32l4xx_hal_rcc_ex.c **** 
2293:Drivers/STM32L4xx_HAL_Driver/Src/stm32l4xx_hal_rcc_ex.c **** /**
2294:Drivers/STM32L4xx_HAL_Driver/Src/stm32l4xx_hal_rcc_ex.c ****   * @brief  Configure the oscillator clock source for wakeup from Stop and CSS backup clock.
2295:Drivers/STM32L4xx_HAL_Driver/Src/stm32l4xx_hal_rcc_ex.c ****   * @param  WakeUpClk  Wakeup clock
2296:Drivers/STM32L4xx_HAL_Driver/Src/stm32l4xx_hal_rcc_ex.c ****   *         This parameter can be one of the following values:
2297:Drivers/STM32L4xx_HAL_Driver/Src/stm32l4xx_hal_rcc_ex.c ****   *            @arg @ref RCC_STOP_WAKEUPCLOCK_MSI  MSI oscillator selection
2298:Drivers/STM32L4xx_HAL_Driver/Src/stm32l4xx_hal_rcc_ex.c ****   *            @arg @ref RCC_STOP_WAKEUPCLOCK_HSI  HSI oscillator selection
2299:Drivers/STM32L4xx_HAL_Driver/Src/stm32l4xx_hal_rcc_ex.c ****   * @note   This function shall not be called after the Clock Security System on HSE has been
2300:Drivers/STM32L4xx_HAL_Driver/Src/stm32l4xx_hal_rcc_ex.c ****   *         enabled.
2301:Drivers/STM32L4xx_HAL_Driver/Src/stm32l4xx_hal_rcc_ex.c ****   * @retval None
2302:Drivers/STM32L4xx_HAL_Driver/Src/stm32l4xx_hal_rcc_ex.c ****   */
2303:Drivers/STM32L4xx_HAL_Driver/Src/stm32l4xx_hal_rcc_ex.c **** void HAL_RCCEx_WakeUpStopCLKConfig(uint32_t WakeUpClk)
2304:Drivers/STM32L4xx_HAL_Driver/Src/stm32l4xx_hal_rcc_ex.c **** {
2305:Drivers/STM32L4xx_HAL_Driver/Src/stm32l4xx_hal_rcc_ex.c ****   assert_param(IS_RCC_STOP_WAKEUPCLOCK(WakeUpClk));
2306:Drivers/STM32L4xx_HAL_Driver/Src/stm32l4xx_hal_rcc_ex.c **** 
2307:Drivers/STM32L4xx_HAL_Driver/Src/stm32l4xx_hal_rcc_ex.c ****   __HAL_RCC_WAKEUPSTOP_CLK_CONFIG(WakeUpClk);
2308:Drivers/STM32L4xx_HAL_Driver/Src/stm32l4xx_hal_rcc_ex.c **** }
2309:Drivers/STM32L4xx_HAL_Driver/Src/stm32l4xx_hal_rcc_ex.c **** 
2310:Drivers/STM32L4xx_HAL_Driver/Src/stm32l4xx_hal_rcc_ex.c **** /**
ARM GAS  C:\Users\adisa\AppData\Local\Temp\ccmroX4q.s 			page 42


2311:Drivers/STM32L4xx_HAL_Driver/Src/stm32l4xx_hal_rcc_ex.c ****   * @brief  Configure the MSI range after standby mode.
2312:Drivers/STM32L4xx_HAL_Driver/Src/stm32l4xx_hal_rcc_ex.c ****   * @note   After Standby its frequency can be selected between 4 possible values (1, 2, 4 or 8 MHz
2313:Drivers/STM32L4xx_HAL_Driver/Src/stm32l4xx_hal_rcc_ex.c ****   * @param  MSIRange  MSI range
2314:Drivers/STM32L4xx_HAL_Driver/Src/stm32l4xx_hal_rcc_ex.c ****   *         This parameter can be one of the following values:
2315:Drivers/STM32L4xx_HAL_Driver/Src/stm32l4xx_hal_rcc_ex.c ****   *            @arg @ref RCC_MSIRANGE_4  Range 4 around 1 MHz
2316:Drivers/STM32L4xx_HAL_Driver/Src/stm32l4xx_hal_rcc_ex.c ****   *            @arg @ref RCC_MSIRANGE_5  Range 5 around 2 MHz
2317:Drivers/STM32L4xx_HAL_Driver/Src/stm32l4xx_hal_rcc_ex.c ****   *            @arg @ref RCC_MSIRANGE_6  Range 6 around 4 MHz (reset value)
2318:Drivers/STM32L4xx_HAL_Driver/Src/stm32l4xx_hal_rcc_ex.c ****   *            @arg @ref RCC_MSIRANGE_7  Range 7 around 8 MHz
2319:Drivers/STM32L4xx_HAL_Driver/Src/stm32l4xx_hal_rcc_ex.c ****   * @retval None
2320:Drivers/STM32L4xx_HAL_Driver/Src/stm32l4xx_hal_rcc_ex.c ****   */
2321:Drivers/STM32L4xx_HAL_Driver/Src/stm32l4xx_hal_rcc_ex.c **** void HAL_RCCEx_StandbyMSIRangeConfig(uint32_t MSIRange)
2322:Drivers/STM32L4xx_HAL_Driver/Src/stm32l4xx_hal_rcc_ex.c **** {
2323:Drivers/STM32L4xx_HAL_Driver/Src/stm32l4xx_hal_rcc_ex.c ****   assert_param(IS_RCC_MSI_STANDBY_CLOCK_RANGE(MSIRange));
2324:Drivers/STM32L4xx_HAL_Driver/Src/stm32l4xx_hal_rcc_ex.c **** 
2325:Drivers/STM32L4xx_HAL_Driver/Src/stm32l4xx_hal_rcc_ex.c ****   __HAL_RCC_MSI_STANDBY_RANGE_CONFIG(MSIRange);
2326:Drivers/STM32L4xx_HAL_Driver/Src/stm32l4xx_hal_rcc_ex.c **** }
2327:Drivers/STM32L4xx_HAL_Driver/Src/stm32l4xx_hal_rcc_ex.c **** 
2328:Drivers/STM32L4xx_HAL_Driver/Src/stm32l4xx_hal_rcc_ex.c **** /**
2329:Drivers/STM32L4xx_HAL_Driver/Src/stm32l4xx_hal_rcc_ex.c ****   * @brief  Enable the LSE Clock Security System.
2330:Drivers/STM32L4xx_HAL_Driver/Src/stm32l4xx_hal_rcc_ex.c ****   * @note   Prior to enable the LSE Clock Security System, LSE oscillator is to be enabled
2331:Drivers/STM32L4xx_HAL_Driver/Src/stm32l4xx_hal_rcc_ex.c ****   *         with HAL_RCC_OscConfig() and the LSE oscillator clock is to be selected as RTC
2332:Drivers/STM32L4xx_HAL_Driver/Src/stm32l4xx_hal_rcc_ex.c ****   *         clock with HAL_RCCEx_PeriphCLKConfig().
2333:Drivers/STM32L4xx_HAL_Driver/Src/stm32l4xx_hal_rcc_ex.c ****   * @retval None
2334:Drivers/STM32L4xx_HAL_Driver/Src/stm32l4xx_hal_rcc_ex.c ****   */
2335:Drivers/STM32L4xx_HAL_Driver/Src/stm32l4xx_hal_rcc_ex.c **** void HAL_RCCEx_EnableLSECSS(void)
2336:Drivers/STM32L4xx_HAL_Driver/Src/stm32l4xx_hal_rcc_ex.c **** {
2337:Drivers/STM32L4xx_HAL_Driver/Src/stm32l4xx_hal_rcc_ex.c ****   SET_BIT(RCC->BDCR, RCC_BDCR_LSECSSON);
2338:Drivers/STM32L4xx_HAL_Driver/Src/stm32l4xx_hal_rcc_ex.c **** }
2339:Drivers/STM32L4xx_HAL_Driver/Src/stm32l4xx_hal_rcc_ex.c **** 
2340:Drivers/STM32L4xx_HAL_Driver/Src/stm32l4xx_hal_rcc_ex.c **** /**
2341:Drivers/STM32L4xx_HAL_Driver/Src/stm32l4xx_hal_rcc_ex.c ****   * @brief  Disable the LSE Clock Security System.
2342:Drivers/STM32L4xx_HAL_Driver/Src/stm32l4xx_hal_rcc_ex.c ****   * @note   LSE Clock Security System can only be disabled after a LSE failure detection.
2343:Drivers/STM32L4xx_HAL_Driver/Src/stm32l4xx_hal_rcc_ex.c ****   * @retval None
2344:Drivers/STM32L4xx_HAL_Driver/Src/stm32l4xx_hal_rcc_ex.c ****   */
2345:Drivers/STM32L4xx_HAL_Driver/Src/stm32l4xx_hal_rcc_ex.c **** void HAL_RCCEx_DisableLSECSS(void)
2346:Drivers/STM32L4xx_HAL_Driver/Src/stm32l4xx_hal_rcc_ex.c **** {
2347:Drivers/STM32L4xx_HAL_Driver/Src/stm32l4xx_hal_rcc_ex.c ****   CLEAR_BIT(RCC->BDCR, RCC_BDCR_LSECSSON) ;
2348:Drivers/STM32L4xx_HAL_Driver/Src/stm32l4xx_hal_rcc_ex.c **** 
2349:Drivers/STM32L4xx_HAL_Driver/Src/stm32l4xx_hal_rcc_ex.c ****   /* Disable LSE CSS IT if any */
2350:Drivers/STM32L4xx_HAL_Driver/Src/stm32l4xx_hal_rcc_ex.c ****   __HAL_RCC_DISABLE_IT(RCC_IT_LSECSS);
2351:Drivers/STM32L4xx_HAL_Driver/Src/stm32l4xx_hal_rcc_ex.c **** }
2352:Drivers/STM32L4xx_HAL_Driver/Src/stm32l4xx_hal_rcc_ex.c **** 
2353:Drivers/STM32L4xx_HAL_Driver/Src/stm32l4xx_hal_rcc_ex.c **** /**
2354:Drivers/STM32L4xx_HAL_Driver/Src/stm32l4xx_hal_rcc_ex.c ****   * @brief  Enable the LSE Clock Security System Interrupt & corresponding EXTI line.
2355:Drivers/STM32L4xx_HAL_Driver/Src/stm32l4xx_hal_rcc_ex.c ****   * @note   LSE Clock Security System Interrupt is mapped on RTC EXTI line 19
2356:Drivers/STM32L4xx_HAL_Driver/Src/stm32l4xx_hal_rcc_ex.c ****   * @retval None
2357:Drivers/STM32L4xx_HAL_Driver/Src/stm32l4xx_hal_rcc_ex.c ****   */
2358:Drivers/STM32L4xx_HAL_Driver/Src/stm32l4xx_hal_rcc_ex.c **** void HAL_RCCEx_EnableLSECSS_IT(void)
2359:Drivers/STM32L4xx_HAL_Driver/Src/stm32l4xx_hal_rcc_ex.c **** {
2360:Drivers/STM32L4xx_HAL_Driver/Src/stm32l4xx_hal_rcc_ex.c ****   /* Enable LSE CSS */
2361:Drivers/STM32L4xx_HAL_Driver/Src/stm32l4xx_hal_rcc_ex.c ****   SET_BIT(RCC->BDCR, RCC_BDCR_LSECSSON) ;
2362:Drivers/STM32L4xx_HAL_Driver/Src/stm32l4xx_hal_rcc_ex.c **** 
2363:Drivers/STM32L4xx_HAL_Driver/Src/stm32l4xx_hal_rcc_ex.c ****   /* Enable LSE CSS IT */
2364:Drivers/STM32L4xx_HAL_Driver/Src/stm32l4xx_hal_rcc_ex.c ****   __HAL_RCC_ENABLE_IT(RCC_IT_LSECSS);
2365:Drivers/STM32L4xx_HAL_Driver/Src/stm32l4xx_hal_rcc_ex.c **** 
2366:Drivers/STM32L4xx_HAL_Driver/Src/stm32l4xx_hal_rcc_ex.c ****   /* Enable IT on EXTI Line 19 */
2367:Drivers/STM32L4xx_HAL_Driver/Src/stm32l4xx_hal_rcc_ex.c ****   __HAL_RCC_LSECSS_EXTI_ENABLE_IT();
ARM GAS  C:\Users\adisa\AppData\Local\Temp\ccmroX4q.s 			page 43


2368:Drivers/STM32L4xx_HAL_Driver/Src/stm32l4xx_hal_rcc_ex.c ****   __HAL_RCC_LSECSS_EXTI_ENABLE_RISING_EDGE();
2369:Drivers/STM32L4xx_HAL_Driver/Src/stm32l4xx_hal_rcc_ex.c **** }
2370:Drivers/STM32L4xx_HAL_Driver/Src/stm32l4xx_hal_rcc_ex.c **** 
2371:Drivers/STM32L4xx_HAL_Driver/Src/stm32l4xx_hal_rcc_ex.c **** /**
2372:Drivers/STM32L4xx_HAL_Driver/Src/stm32l4xx_hal_rcc_ex.c ****   * @brief Handle the RCC LSE Clock Security System interrupt request.
2373:Drivers/STM32L4xx_HAL_Driver/Src/stm32l4xx_hal_rcc_ex.c ****   * @retval None
2374:Drivers/STM32L4xx_HAL_Driver/Src/stm32l4xx_hal_rcc_ex.c ****   */
2375:Drivers/STM32L4xx_HAL_Driver/Src/stm32l4xx_hal_rcc_ex.c **** void HAL_RCCEx_LSECSS_IRQHandler(void)
2376:Drivers/STM32L4xx_HAL_Driver/Src/stm32l4xx_hal_rcc_ex.c **** {
2377:Drivers/STM32L4xx_HAL_Driver/Src/stm32l4xx_hal_rcc_ex.c ****   /* Check RCC LSE CSSF flag  */
2378:Drivers/STM32L4xx_HAL_Driver/Src/stm32l4xx_hal_rcc_ex.c ****   if(__HAL_RCC_GET_IT(RCC_IT_LSECSS))
2379:Drivers/STM32L4xx_HAL_Driver/Src/stm32l4xx_hal_rcc_ex.c ****   {
2380:Drivers/STM32L4xx_HAL_Driver/Src/stm32l4xx_hal_rcc_ex.c ****     /* RCC LSE Clock Security System interrupt user callback */
2381:Drivers/STM32L4xx_HAL_Driver/Src/stm32l4xx_hal_rcc_ex.c ****     HAL_RCCEx_LSECSS_Callback();
2382:Drivers/STM32L4xx_HAL_Driver/Src/stm32l4xx_hal_rcc_ex.c **** 
2383:Drivers/STM32L4xx_HAL_Driver/Src/stm32l4xx_hal_rcc_ex.c ****     /* Clear RCC LSE CSS pending bit */
2384:Drivers/STM32L4xx_HAL_Driver/Src/stm32l4xx_hal_rcc_ex.c ****     __HAL_RCC_CLEAR_IT(RCC_IT_LSECSS);
2385:Drivers/STM32L4xx_HAL_Driver/Src/stm32l4xx_hal_rcc_ex.c ****   }
2386:Drivers/STM32L4xx_HAL_Driver/Src/stm32l4xx_hal_rcc_ex.c **** }
2387:Drivers/STM32L4xx_HAL_Driver/Src/stm32l4xx_hal_rcc_ex.c **** 
2388:Drivers/STM32L4xx_HAL_Driver/Src/stm32l4xx_hal_rcc_ex.c **** /**
2389:Drivers/STM32L4xx_HAL_Driver/Src/stm32l4xx_hal_rcc_ex.c ****   * @brief  RCCEx LSE Clock Security System interrupt callback.
2390:Drivers/STM32L4xx_HAL_Driver/Src/stm32l4xx_hal_rcc_ex.c ****   * @retval none
2391:Drivers/STM32L4xx_HAL_Driver/Src/stm32l4xx_hal_rcc_ex.c ****   */
2392:Drivers/STM32L4xx_HAL_Driver/Src/stm32l4xx_hal_rcc_ex.c **** __weak void HAL_RCCEx_LSECSS_Callback(void)
2393:Drivers/STM32L4xx_HAL_Driver/Src/stm32l4xx_hal_rcc_ex.c **** {
2394:Drivers/STM32L4xx_HAL_Driver/Src/stm32l4xx_hal_rcc_ex.c ****   /* NOTE : This function should not be modified, when the callback is needed,
2395:Drivers/STM32L4xx_HAL_Driver/Src/stm32l4xx_hal_rcc_ex.c ****             the @ref HAL_RCCEx_LSECSS_Callback should be implemented in the user file
2396:Drivers/STM32L4xx_HAL_Driver/Src/stm32l4xx_hal_rcc_ex.c ****    */
2397:Drivers/STM32L4xx_HAL_Driver/Src/stm32l4xx_hal_rcc_ex.c **** }
2398:Drivers/STM32L4xx_HAL_Driver/Src/stm32l4xx_hal_rcc_ex.c **** 
2399:Drivers/STM32L4xx_HAL_Driver/Src/stm32l4xx_hal_rcc_ex.c **** /**
2400:Drivers/STM32L4xx_HAL_Driver/Src/stm32l4xx_hal_rcc_ex.c ****   * @brief  Select the Low Speed clock source to output on LSCO pin (PA2).
2401:Drivers/STM32L4xx_HAL_Driver/Src/stm32l4xx_hal_rcc_ex.c ****   * @param  LSCOSource  specifies the Low Speed clock source to output.
2402:Drivers/STM32L4xx_HAL_Driver/Src/stm32l4xx_hal_rcc_ex.c ****   *          This parameter can be one of the following values:
2403:Drivers/STM32L4xx_HAL_Driver/Src/stm32l4xx_hal_rcc_ex.c ****   *            @arg @ref RCC_LSCOSOURCE_LSI  LSI clock selected as LSCO source
2404:Drivers/STM32L4xx_HAL_Driver/Src/stm32l4xx_hal_rcc_ex.c ****   *            @arg @ref RCC_LSCOSOURCE_LSE  LSE clock selected as LSCO source
2405:Drivers/STM32L4xx_HAL_Driver/Src/stm32l4xx_hal_rcc_ex.c ****   * @retval None
2406:Drivers/STM32L4xx_HAL_Driver/Src/stm32l4xx_hal_rcc_ex.c ****   */
2407:Drivers/STM32L4xx_HAL_Driver/Src/stm32l4xx_hal_rcc_ex.c **** void HAL_RCCEx_EnableLSCO(uint32_t LSCOSource)
2408:Drivers/STM32L4xx_HAL_Driver/Src/stm32l4xx_hal_rcc_ex.c **** {
2409:Drivers/STM32L4xx_HAL_Driver/Src/stm32l4xx_hal_rcc_ex.c ****   GPIO_InitTypeDef GPIO_InitStruct = {0};
2410:Drivers/STM32L4xx_HAL_Driver/Src/stm32l4xx_hal_rcc_ex.c ****   FlagStatus       pwrclkchanged = RESET;
2411:Drivers/STM32L4xx_HAL_Driver/Src/stm32l4xx_hal_rcc_ex.c ****   FlagStatus       backupchanged = RESET;
2412:Drivers/STM32L4xx_HAL_Driver/Src/stm32l4xx_hal_rcc_ex.c **** 
2413:Drivers/STM32L4xx_HAL_Driver/Src/stm32l4xx_hal_rcc_ex.c ****   /* Check the parameters */
2414:Drivers/STM32L4xx_HAL_Driver/Src/stm32l4xx_hal_rcc_ex.c ****   assert_param(IS_RCC_LSCOSOURCE(LSCOSource));
2415:Drivers/STM32L4xx_HAL_Driver/Src/stm32l4xx_hal_rcc_ex.c **** 
2416:Drivers/STM32L4xx_HAL_Driver/Src/stm32l4xx_hal_rcc_ex.c ****   /* LSCO Pin Clock Enable */
2417:Drivers/STM32L4xx_HAL_Driver/Src/stm32l4xx_hal_rcc_ex.c ****   __LSCO_CLK_ENABLE();
2418:Drivers/STM32L4xx_HAL_Driver/Src/stm32l4xx_hal_rcc_ex.c **** 
2419:Drivers/STM32L4xx_HAL_Driver/Src/stm32l4xx_hal_rcc_ex.c ****   /* Configure the LSCO pin in analog mode */
2420:Drivers/STM32L4xx_HAL_Driver/Src/stm32l4xx_hal_rcc_ex.c ****   GPIO_InitStruct.Pin = LSCO_PIN;
2421:Drivers/STM32L4xx_HAL_Driver/Src/stm32l4xx_hal_rcc_ex.c ****   GPIO_InitStruct.Mode = GPIO_MODE_ANALOG;
2422:Drivers/STM32L4xx_HAL_Driver/Src/stm32l4xx_hal_rcc_ex.c ****   GPIO_InitStruct.Speed = GPIO_SPEED_FREQ_HIGH;
2423:Drivers/STM32L4xx_HAL_Driver/Src/stm32l4xx_hal_rcc_ex.c ****   GPIO_InitStruct.Pull = GPIO_NOPULL;
2424:Drivers/STM32L4xx_HAL_Driver/Src/stm32l4xx_hal_rcc_ex.c ****   HAL_GPIO_Init(LSCO_GPIO_PORT, &GPIO_InitStruct);
ARM GAS  C:\Users\adisa\AppData\Local\Temp\ccmroX4q.s 			page 44


2425:Drivers/STM32L4xx_HAL_Driver/Src/stm32l4xx_hal_rcc_ex.c **** 
2426:Drivers/STM32L4xx_HAL_Driver/Src/stm32l4xx_hal_rcc_ex.c ****   /* Update LSCOSEL clock source in Backup Domain control register */
2427:Drivers/STM32L4xx_HAL_Driver/Src/stm32l4xx_hal_rcc_ex.c ****   if(__HAL_RCC_PWR_IS_CLK_DISABLED())
2428:Drivers/STM32L4xx_HAL_Driver/Src/stm32l4xx_hal_rcc_ex.c ****   {
2429:Drivers/STM32L4xx_HAL_Driver/Src/stm32l4xx_hal_rcc_ex.c ****     __HAL_RCC_PWR_CLK_ENABLE();
2430:Drivers/STM32L4xx_HAL_Driver/Src/stm32l4xx_hal_rcc_ex.c ****     pwrclkchanged = SET;
2431:Drivers/STM32L4xx_HAL_Driver/Src/stm32l4xx_hal_rcc_ex.c ****   }
2432:Drivers/STM32L4xx_HAL_Driver/Src/stm32l4xx_hal_rcc_ex.c ****   if(HAL_IS_BIT_CLR(PWR->CR1, PWR_CR1_DBP))
2433:Drivers/STM32L4xx_HAL_Driver/Src/stm32l4xx_hal_rcc_ex.c ****   {
2434:Drivers/STM32L4xx_HAL_Driver/Src/stm32l4xx_hal_rcc_ex.c ****     HAL_PWR_EnableBkUpAccess();
2435:Drivers/STM32L4xx_HAL_Driver/Src/stm32l4xx_hal_rcc_ex.c ****     backupchanged = SET;
2436:Drivers/STM32L4xx_HAL_Driver/Src/stm32l4xx_hal_rcc_ex.c ****   }
2437:Drivers/STM32L4xx_HAL_Driver/Src/stm32l4xx_hal_rcc_ex.c **** 
2438:Drivers/STM32L4xx_HAL_Driver/Src/stm32l4xx_hal_rcc_ex.c ****   MODIFY_REG(RCC->BDCR, RCC_BDCR_LSCOSEL | RCC_BDCR_LSCOEN, LSCOSource | RCC_BDCR_LSCOEN);
2439:Drivers/STM32L4xx_HAL_Driver/Src/stm32l4xx_hal_rcc_ex.c **** 
2440:Drivers/STM32L4xx_HAL_Driver/Src/stm32l4xx_hal_rcc_ex.c ****   if(backupchanged == SET)
2441:Drivers/STM32L4xx_HAL_Driver/Src/stm32l4xx_hal_rcc_ex.c ****   {
2442:Drivers/STM32L4xx_HAL_Driver/Src/stm32l4xx_hal_rcc_ex.c ****     HAL_PWR_DisableBkUpAccess();
2443:Drivers/STM32L4xx_HAL_Driver/Src/stm32l4xx_hal_rcc_ex.c ****   }
2444:Drivers/STM32L4xx_HAL_Driver/Src/stm32l4xx_hal_rcc_ex.c ****   if(pwrclkchanged == SET)
2445:Drivers/STM32L4xx_HAL_Driver/Src/stm32l4xx_hal_rcc_ex.c ****   {
2446:Drivers/STM32L4xx_HAL_Driver/Src/stm32l4xx_hal_rcc_ex.c ****     __HAL_RCC_PWR_CLK_DISABLE();
2447:Drivers/STM32L4xx_HAL_Driver/Src/stm32l4xx_hal_rcc_ex.c ****   }
2448:Drivers/STM32L4xx_HAL_Driver/Src/stm32l4xx_hal_rcc_ex.c **** }
2449:Drivers/STM32L4xx_HAL_Driver/Src/stm32l4xx_hal_rcc_ex.c **** 
2450:Drivers/STM32L4xx_HAL_Driver/Src/stm32l4xx_hal_rcc_ex.c **** /**
2451:Drivers/STM32L4xx_HAL_Driver/Src/stm32l4xx_hal_rcc_ex.c ****   * @brief  Disable the Low Speed clock output.
2452:Drivers/STM32L4xx_HAL_Driver/Src/stm32l4xx_hal_rcc_ex.c ****   * @retval None
2453:Drivers/STM32L4xx_HAL_Driver/Src/stm32l4xx_hal_rcc_ex.c ****   */
2454:Drivers/STM32L4xx_HAL_Driver/Src/stm32l4xx_hal_rcc_ex.c **** void HAL_RCCEx_DisableLSCO(void)
2455:Drivers/STM32L4xx_HAL_Driver/Src/stm32l4xx_hal_rcc_ex.c **** {
2456:Drivers/STM32L4xx_HAL_Driver/Src/stm32l4xx_hal_rcc_ex.c ****   FlagStatus       pwrclkchanged = RESET;
2457:Drivers/STM32L4xx_HAL_Driver/Src/stm32l4xx_hal_rcc_ex.c ****   FlagStatus       backupchanged = RESET;
2458:Drivers/STM32L4xx_HAL_Driver/Src/stm32l4xx_hal_rcc_ex.c **** 
2459:Drivers/STM32L4xx_HAL_Driver/Src/stm32l4xx_hal_rcc_ex.c ****   /* Update LSCOEN bit in Backup Domain control register */
2460:Drivers/STM32L4xx_HAL_Driver/Src/stm32l4xx_hal_rcc_ex.c ****   if(__HAL_RCC_PWR_IS_CLK_DISABLED())
2461:Drivers/STM32L4xx_HAL_Driver/Src/stm32l4xx_hal_rcc_ex.c ****   {
2462:Drivers/STM32L4xx_HAL_Driver/Src/stm32l4xx_hal_rcc_ex.c ****     __HAL_RCC_PWR_CLK_ENABLE();
2463:Drivers/STM32L4xx_HAL_Driver/Src/stm32l4xx_hal_rcc_ex.c ****     pwrclkchanged = SET;
2464:Drivers/STM32L4xx_HAL_Driver/Src/stm32l4xx_hal_rcc_ex.c ****   }
2465:Drivers/STM32L4xx_HAL_Driver/Src/stm32l4xx_hal_rcc_ex.c ****   if(HAL_IS_BIT_CLR(PWR->CR1, PWR_CR1_DBP))
2466:Drivers/STM32L4xx_HAL_Driver/Src/stm32l4xx_hal_rcc_ex.c ****   {
2467:Drivers/STM32L4xx_HAL_Driver/Src/stm32l4xx_hal_rcc_ex.c ****     /* Enable access to the backup domain */
2468:Drivers/STM32L4xx_HAL_Driver/Src/stm32l4xx_hal_rcc_ex.c ****     HAL_PWR_EnableBkUpAccess();
2469:Drivers/STM32L4xx_HAL_Driver/Src/stm32l4xx_hal_rcc_ex.c ****     backupchanged = SET;
2470:Drivers/STM32L4xx_HAL_Driver/Src/stm32l4xx_hal_rcc_ex.c ****   }
2471:Drivers/STM32L4xx_HAL_Driver/Src/stm32l4xx_hal_rcc_ex.c **** 
2472:Drivers/STM32L4xx_HAL_Driver/Src/stm32l4xx_hal_rcc_ex.c ****   CLEAR_BIT(RCC->BDCR, RCC_BDCR_LSCOEN);
2473:Drivers/STM32L4xx_HAL_Driver/Src/stm32l4xx_hal_rcc_ex.c **** 
2474:Drivers/STM32L4xx_HAL_Driver/Src/stm32l4xx_hal_rcc_ex.c ****   /* Restore previous configuration */
2475:Drivers/STM32L4xx_HAL_Driver/Src/stm32l4xx_hal_rcc_ex.c ****   if(backupchanged == SET)
2476:Drivers/STM32L4xx_HAL_Driver/Src/stm32l4xx_hal_rcc_ex.c ****   {
2477:Drivers/STM32L4xx_HAL_Driver/Src/stm32l4xx_hal_rcc_ex.c ****     /* Disable access to the backup domain */
2478:Drivers/STM32L4xx_HAL_Driver/Src/stm32l4xx_hal_rcc_ex.c ****     HAL_PWR_DisableBkUpAccess();
2479:Drivers/STM32L4xx_HAL_Driver/Src/stm32l4xx_hal_rcc_ex.c ****   }
2480:Drivers/STM32L4xx_HAL_Driver/Src/stm32l4xx_hal_rcc_ex.c ****   if(pwrclkchanged == SET)
2481:Drivers/STM32L4xx_HAL_Driver/Src/stm32l4xx_hal_rcc_ex.c ****   {
ARM GAS  C:\Users\adisa\AppData\Local\Temp\ccmroX4q.s 			page 45


2482:Drivers/STM32L4xx_HAL_Driver/Src/stm32l4xx_hal_rcc_ex.c ****     __HAL_RCC_PWR_CLK_DISABLE();
2483:Drivers/STM32L4xx_HAL_Driver/Src/stm32l4xx_hal_rcc_ex.c ****   }
2484:Drivers/STM32L4xx_HAL_Driver/Src/stm32l4xx_hal_rcc_ex.c **** }
2485:Drivers/STM32L4xx_HAL_Driver/Src/stm32l4xx_hal_rcc_ex.c **** 
2486:Drivers/STM32L4xx_HAL_Driver/Src/stm32l4xx_hal_rcc_ex.c **** /**
2487:Drivers/STM32L4xx_HAL_Driver/Src/stm32l4xx_hal_rcc_ex.c ****   * @brief  Enable the PLL-mode of the MSI.
2488:Drivers/STM32L4xx_HAL_Driver/Src/stm32l4xx_hal_rcc_ex.c ****   * @note   Prior to enable the PLL-mode of the MSI for automatic hardware
2489:Drivers/STM32L4xx_HAL_Driver/Src/stm32l4xx_hal_rcc_ex.c ****   *         calibration LSE oscillator is to be enabled with HAL_RCC_OscConfig().
2490:Drivers/STM32L4xx_HAL_Driver/Src/stm32l4xx_hal_rcc_ex.c ****   * @retval None
2491:Drivers/STM32L4xx_HAL_Driver/Src/stm32l4xx_hal_rcc_ex.c ****   */
2492:Drivers/STM32L4xx_HAL_Driver/Src/stm32l4xx_hal_rcc_ex.c **** void HAL_RCCEx_EnableMSIPLLMode(void)
2493:Drivers/STM32L4xx_HAL_Driver/Src/stm32l4xx_hal_rcc_ex.c **** {
2494:Drivers/STM32L4xx_HAL_Driver/Src/stm32l4xx_hal_rcc_ex.c ****   SET_BIT(RCC->CR, RCC_CR_MSIPLLEN) ;
2495:Drivers/STM32L4xx_HAL_Driver/Src/stm32l4xx_hal_rcc_ex.c **** }
2496:Drivers/STM32L4xx_HAL_Driver/Src/stm32l4xx_hal_rcc_ex.c **** 
2497:Drivers/STM32L4xx_HAL_Driver/Src/stm32l4xx_hal_rcc_ex.c **** /**
2498:Drivers/STM32L4xx_HAL_Driver/Src/stm32l4xx_hal_rcc_ex.c ****   * @brief  Disable the PLL-mode of the MSI.
2499:Drivers/STM32L4xx_HAL_Driver/Src/stm32l4xx_hal_rcc_ex.c ****   * @note   PLL-mode of the MSI is automatically reset when LSE oscillator is disabled.
2500:Drivers/STM32L4xx_HAL_Driver/Src/stm32l4xx_hal_rcc_ex.c ****   * @retval None
2501:Drivers/STM32L4xx_HAL_Driver/Src/stm32l4xx_hal_rcc_ex.c ****   */
2502:Drivers/STM32L4xx_HAL_Driver/Src/stm32l4xx_hal_rcc_ex.c **** void HAL_RCCEx_DisableMSIPLLMode(void)
2503:Drivers/STM32L4xx_HAL_Driver/Src/stm32l4xx_hal_rcc_ex.c **** {
2504:Drivers/STM32L4xx_HAL_Driver/Src/stm32l4xx_hal_rcc_ex.c ****   CLEAR_BIT(RCC->CR, RCC_CR_MSIPLLEN) ;
2505:Drivers/STM32L4xx_HAL_Driver/Src/stm32l4xx_hal_rcc_ex.c **** }
2506:Drivers/STM32L4xx_HAL_Driver/Src/stm32l4xx_hal_rcc_ex.c **** 
2507:Drivers/STM32L4xx_HAL_Driver/Src/stm32l4xx_hal_rcc_ex.c **** #if defined (OCTOSPI1) && defined (OCTOSPI2)
2508:Drivers/STM32L4xx_HAL_Driver/Src/stm32l4xx_hal_rcc_ex.c **** /**
2509:Drivers/STM32L4xx_HAL_Driver/Src/stm32l4xx_hal_rcc_ex.c ****   * @brief  Configure OCTOSPI instances DQS delays.
2510:Drivers/STM32L4xx_HAL_Driver/Src/stm32l4xx_hal_rcc_ex.c ****   * @param  Delay1  OCTOSPI1 DQS delay
2511:Drivers/STM32L4xx_HAL_Driver/Src/stm32l4xx_hal_rcc_ex.c ****   * @param  Delay2  OCTOSPI2 DQS delay
2512:Drivers/STM32L4xx_HAL_Driver/Src/stm32l4xx_hal_rcc_ex.c ****   * @note   Delay parameters stand for unitary delays from 0 to 15. Actual delay is Delay1 or Delay
2513:Drivers/STM32L4xx_HAL_Driver/Src/stm32l4xx_hal_rcc_ex.c ****   * @retval None
2514:Drivers/STM32L4xx_HAL_Driver/Src/stm32l4xx_hal_rcc_ex.c ****   */
2515:Drivers/STM32L4xx_HAL_Driver/Src/stm32l4xx_hal_rcc_ex.c **** void HAL_RCCEx_OCTOSPIDelayConfig(uint32_t Delay1, uint32_t Delay2)
2516:Drivers/STM32L4xx_HAL_Driver/Src/stm32l4xx_hal_rcc_ex.c **** {
2517:Drivers/STM32L4xx_HAL_Driver/Src/stm32l4xx_hal_rcc_ex.c ****   assert_param(IS_RCC_OCTOSPIDELAY(Delay1));
2518:Drivers/STM32L4xx_HAL_Driver/Src/stm32l4xx_hal_rcc_ex.c ****   assert_param(IS_RCC_OCTOSPIDELAY(Delay2));
2519:Drivers/STM32L4xx_HAL_Driver/Src/stm32l4xx_hal_rcc_ex.c **** 
2520:Drivers/STM32L4xx_HAL_Driver/Src/stm32l4xx_hal_rcc_ex.c ****   MODIFY_REG(RCC->DLYCFGR, RCC_DLYCFGR_OCTOSPI1_DLY|RCC_DLYCFGR_OCTOSPI2_DLY, (Delay1 | (Delay2 << 
2521:Drivers/STM32L4xx_HAL_Driver/Src/stm32l4xx_hal_rcc_ex.c **** }
2522:Drivers/STM32L4xx_HAL_Driver/Src/stm32l4xx_hal_rcc_ex.c **** #endif /* OCTOSPI1 && OCTOSPI2 */
2523:Drivers/STM32L4xx_HAL_Driver/Src/stm32l4xx_hal_rcc_ex.c **** 
2524:Drivers/STM32L4xx_HAL_Driver/Src/stm32l4xx_hal_rcc_ex.c **** /**
2525:Drivers/STM32L4xx_HAL_Driver/Src/stm32l4xx_hal_rcc_ex.c ****   * @}
2526:Drivers/STM32L4xx_HAL_Driver/Src/stm32l4xx_hal_rcc_ex.c ****   */
2527:Drivers/STM32L4xx_HAL_Driver/Src/stm32l4xx_hal_rcc_ex.c **** 
2528:Drivers/STM32L4xx_HAL_Driver/Src/stm32l4xx_hal_rcc_ex.c **** #if defined(CRS)
2529:Drivers/STM32L4xx_HAL_Driver/Src/stm32l4xx_hal_rcc_ex.c **** 
2530:Drivers/STM32L4xx_HAL_Driver/Src/stm32l4xx_hal_rcc_ex.c **** /** @defgroup RCCEx_Exported_Functions_Group3 Extended Clock Recovery System Control functions
2531:Drivers/STM32L4xx_HAL_Driver/Src/stm32l4xx_hal_rcc_ex.c ****  *  @brief  Extended Clock Recovery System Control functions
2532:Drivers/STM32L4xx_HAL_Driver/Src/stm32l4xx_hal_rcc_ex.c ****  *
2533:Drivers/STM32L4xx_HAL_Driver/Src/stm32l4xx_hal_rcc_ex.c **** @verbatim
2534:Drivers/STM32L4xx_HAL_Driver/Src/stm32l4xx_hal_rcc_ex.c ****  ===============================================================================
2535:Drivers/STM32L4xx_HAL_Driver/Src/stm32l4xx_hal_rcc_ex.c ****                 ##### Extended Clock Recovery System Control functions  #####
2536:Drivers/STM32L4xx_HAL_Driver/Src/stm32l4xx_hal_rcc_ex.c ****  ===============================================================================
2537:Drivers/STM32L4xx_HAL_Driver/Src/stm32l4xx_hal_rcc_ex.c ****     [..]
2538:Drivers/STM32L4xx_HAL_Driver/Src/stm32l4xx_hal_rcc_ex.c ****       For devices with Clock Recovery System feature (CRS), RCC Extension HAL driver can be used as
ARM GAS  C:\Users\adisa\AppData\Local\Temp\ccmroX4q.s 			page 46


2539:Drivers/STM32L4xx_HAL_Driver/Src/stm32l4xx_hal_rcc_ex.c **** 
2540:Drivers/STM32L4xx_HAL_Driver/Src/stm32l4xx_hal_rcc_ex.c ****       (#) In System clock config, HSI48 needs to be enabled
2541:Drivers/STM32L4xx_HAL_Driver/Src/stm32l4xx_hal_rcc_ex.c **** 
2542:Drivers/STM32L4xx_HAL_Driver/Src/stm32l4xx_hal_rcc_ex.c ****       (#) Enable CRS clock in IP MSP init which will use CRS functions
2543:Drivers/STM32L4xx_HAL_Driver/Src/stm32l4xx_hal_rcc_ex.c **** 
2544:Drivers/STM32L4xx_HAL_Driver/Src/stm32l4xx_hal_rcc_ex.c ****       (#) Call CRS functions as follows:
2545:Drivers/STM32L4xx_HAL_Driver/Src/stm32l4xx_hal_rcc_ex.c ****           (##) Prepare synchronization configuration necessary for HSI48 calibration
2546:Drivers/STM32L4xx_HAL_Driver/Src/stm32l4xx_hal_rcc_ex.c ****               (+++) Default values can be set for frequency Error Measurement (reload and error lim
2547:Drivers/STM32L4xx_HAL_Driver/Src/stm32l4xx_hal_rcc_ex.c ****                         and also HSI48 oscillator smooth trimming.
2548:Drivers/STM32L4xx_HAL_Driver/Src/stm32l4xx_hal_rcc_ex.c ****               (+++) Macro __HAL_RCC_CRS_RELOADVALUE_CALCULATE can be also used to calculate
2549:Drivers/STM32L4xx_HAL_Driver/Src/stm32l4xx_hal_rcc_ex.c ****                         directly reload value with target and synchronization frequencies values
2550:Drivers/STM32L4xx_HAL_Driver/Src/stm32l4xx_hal_rcc_ex.c ****           (##) Call function HAL_RCCEx_CRSConfig which
2551:Drivers/STM32L4xx_HAL_Driver/Src/stm32l4xx_hal_rcc_ex.c ****               (+++) Resets CRS registers to their default values.
2552:Drivers/STM32L4xx_HAL_Driver/Src/stm32l4xx_hal_rcc_ex.c ****               (+++) Configures CRS registers with synchronization configuration
2553:Drivers/STM32L4xx_HAL_Driver/Src/stm32l4xx_hal_rcc_ex.c ****               (+++) Enables automatic calibration and frequency error counter feature
2554:Drivers/STM32L4xx_HAL_Driver/Src/stm32l4xx_hal_rcc_ex.c ****            Note: When using USB LPM (Link Power Management) and the device is in Sleep mode, the
2555:Drivers/STM32L4xx_HAL_Driver/Src/stm32l4xx_hal_rcc_ex.c ****            periodic USB SOF will not be generated by the host. No SYNC signal will therefore be
2556:Drivers/STM32L4xx_HAL_Driver/Src/stm32l4xx_hal_rcc_ex.c ****            provided to the CRS to calibrate the HSI48 on the run. To guarantee the required clock
2557:Drivers/STM32L4xx_HAL_Driver/Src/stm32l4xx_hal_rcc_ex.c ****            precision after waking up from Sleep mode, the LSE or reference clock on the GPIOs
2558:Drivers/STM32L4xx_HAL_Driver/Src/stm32l4xx_hal_rcc_ex.c ****            should be used as SYNC signal.
2559:Drivers/STM32L4xx_HAL_Driver/Src/stm32l4xx_hal_rcc_ex.c **** 
2560:Drivers/STM32L4xx_HAL_Driver/Src/stm32l4xx_hal_rcc_ex.c ****           (##) A polling function is provided to wait for complete synchronization
2561:Drivers/STM32L4xx_HAL_Driver/Src/stm32l4xx_hal_rcc_ex.c ****               (+++) Call function HAL_RCCEx_CRSWaitSynchronization()
2562:Drivers/STM32L4xx_HAL_Driver/Src/stm32l4xx_hal_rcc_ex.c ****               (+++) According to CRS status, user can decide to adjust again the calibration or con
2563:Drivers/STM32L4xx_HAL_Driver/Src/stm32l4xx_hal_rcc_ex.c ****                         application if synchronization is OK
2564:Drivers/STM32L4xx_HAL_Driver/Src/stm32l4xx_hal_rcc_ex.c **** 
2565:Drivers/STM32L4xx_HAL_Driver/Src/stm32l4xx_hal_rcc_ex.c ****       (#) User can retrieve information related to synchronization in calling function
2566:Drivers/STM32L4xx_HAL_Driver/Src/stm32l4xx_hal_rcc_ex.c ****             HAL_RCCEx_CRSGetSynchronizationInfo()
2567:Drivers/STM32L4xx_HAL_Driver/Src/stm32l4xx_hal_rcc_ex.c **** 
2568:Drivers/STM32L4xx_HAL_Driver/Src/stm32l4xx_hal_rcc_ex.c ****       (#) Regarding synchronization status and synchronization information, user can try a new cali
2569:Drivers/STM32L4xx_HAL_Driver/Src/stm32l4xx_hal_rcc_ex.c ****            in changing synchronization configuration and call again HAL_RCCEx_CRSConfig.
2570:Drivers/STM32L4xx_HAL_Driver/Src/stm32l4xx_hal_rcc_ex.c ****            Note: When the SYNC event is detected during the downcounting phase (before reaching the
2571:Drivers/STM32L4xx_HAL_Driver/Src/stm32l4xx_hal_rcc_ex.c ****            it means that the actual frequency is lower than the target (and so, that the TRIM value
2572:Drivers/STM32L4xx_HAL_Driver/Src/stm32l4xx_hal_rcc_ex.c ****            incremented), while when it is detected during the upcounting phase it means that the ac
2573:Drivers/STM32L4xx_HAL_Driver/Src/stm32l4xx_hal_rcc_ex.c ****            is higher (and that the TRIM value should be decremented).
2574:Drivers/STM32L4xx_HAL_Driver/Src/stm32l4xx_hal_rcc_ex.c **** 
2575:Drivers/STM32L4xx_HAL_Driver/Src/stm32l4xx_hal_rcc_ex.c ****       (#) In interrupt mode, user can resort to the available macros (__HAL_RCC_CRS_XXX_IT). Interr
2576:Drivers/STM32L4xx_HAL_Driver/Src/stm32l4xx_hal_rcc_ex.c ****           through CRS Handler (CRS_IRQn/CRS_IRQHandler)
2577:Drivers/STM32L4xx_HAL_Driver/Src/stm32l4xx_hal_rcc_ex.c ****               (++) Call function HAL_RCCEx_CRSConfig()
2578:Drivers/STM32L4xx_HAL_Driver/Src/stm32l4xx_hal_rcc_ex.c ****               (++) Enable CRS_IRQn (thanks to NVIC functions)
2579:Drivers/STM32L4xx_HAL_Driver/Src/stm32l4xx_hal_rcc_ex.c ****               (++) Enable CRS interrupt (__HAL_RCC_CRS_ENABLE_IT)
2580:Drivers/STM32L4xx_HAL_Driver/Src/stm32l4xx_hal_rcc_ex.c ****               (++) Implement CRS status management in the following user callbacks called from
2581:Drivers/STM32L4xx_HAL_Driver/Src/stm32l4xx_hal_rcc_ex.c ****                    HAL_RCCEx_CRS_IRQHandler():
2582:Drivers/STM32L4xx_HAL_Driver/Src/stm32l4xx_hal_rcc_ex.c ****                    (+++) HAL_RCCEx_CRS_SyncOkCallback()
2583:Drivers/STM32L4xx_HAL_Driver/Src/stm32l4xx_hal_rcc_ex.c ****                    (+++) HAL_RCCEx_CRS_SyncWarnCallback()
2584:Drivers/STM32L4xx_HAL_Driver/Src/stm32l4xx_hal_rcc_ex.c ****                    (+++) HAL_RCCEx_CRS_ExpectedSyncCallback()
2585:Drivers/STM32L4xx_HAL_Driver/Src/stm32l4xx_hal_rcc_ex.c ****                    (+++) HAL_RCCEx_CRS_ErrorCallback()
2586:Drivers/STM32L4xx_HAL_Driver/Src/stm32l4xx_hal_rcc_ex.c **** 
2587:Drivers/STM32L4xx_HAL_Driver/Src/stm32l4xx_hal_rcc_ex.c ****       (#) To force a SYNC EVENT, user can use the function HAL_RCCEx_CRSSoftwareSynchronizationGene
2588:Drivers/STM32L4xx_HAL_Driver/Src/stm32l4xx_hal_rcc_ex.c ****           This function can be called before calling HAL_RCCEx_CRSConfig (for instance in Systick h
2589:Drivers/STM32L4xx_HAL_Driver/Src/stm32l4xx_hal_rcc_ex.c **** 
2590:Drivers/STM32L4xx_HAL_Driver/Src/stm32l4xx_hal_rcc_ex.c **** @endverbatim
2591:Drivers/STM32L4xx_HAL_Driver/Src/stm32l4xx_hal_rcc_ex.c ****  * @{
2592:Drivers/STM32L4xx_HAL_Driver/Src/stm32l4xx_hal_rcc_ex.c ****  */
2593:Drivers/STM32L4xx_HAL_Driver/Src/stm32l4xx_hal_rcc_ex.c **** 
2594:Drivers/STM32L4xx_HAL_Driver/Src/stm32l4xx_hal_rcc_ex.c **** /**
2595:Drivers/STM32L4xx_HAL_Driver/Src/stm32l4xx_hal_rcc_ex.c ****   * @brief  Start automatic synchronization for polling mode
ARM GAS  C:\Users\adisa\AppData\Local\Temp\ccmroX4q.s 			page 47


2596:Drivers/STM32L4xx_HAL_Driver/Src/stm32l4xx_hal_rcc_ex.c ****   * @param  pInit Pointer on RCC_CRSInitTypeDef structure
2597:Drivers/STM32L4xx_HAL_Driver/Src/stm32l4xx_hal_rcc_ex.c ****   * @retval None
2598:Drivers/STM32L4xx_HAL_Driver/Src/stm32l4xx_hal_rcc_ex.c ****   */
2599:Drivers/STM32L4xx_HAL_Driver/Src/stm32l4xx_hal_rcc_ex.c **** void HAL_RCCEx_CRSConfig(RCC_CRSInitTypeDef *pInit)
2600:Drivers/STM32L4xx_HAL_Driver/Src/stm32l4xx_hal_rcc_ex.c **** {
2601:Drivers/STM32L4xx_HAL_Driver/Src/stm32l4xx_hal_rcc_ex.c ****   uint32_t value;  /* no init needed */
2602:Drivers/STM32L4xx_HAL_Driver/Src/stm32l4xx_hal_rcc_ex.c **** 
2603:Drivers/STM32L4xx_HAL_Driver/Src/stm32l4xx_hal_rcc_ex.c ****   /* Check the parameters */
2604:Drivers/STM32L4xx_HAL_Driver/Src/stm32l4xx_hal_rcc_ex.c ****   assert_param(IS_RCC_CRS_SYNC_DIV(pInit->Prescaler));
2605:Drivers/STM32L4xx_HAL_Driver/Src/stm32l4xx_hal_rcc_ex.c ****   assert_param(IS_RCC_CRS_SYNC_SOURCE(pInit->Source));
2606:Drivers/STM32L4xx_HAL_Driver/Src/stm32l4xx_hal_rcc_ex.c ****   assert_param(IS_RCC_CRS_SYNC_POLARITY(pInit->Polarity));
2607:Drivers/STM32L4xx_HAL_Driver/Src/stm32l4xx_hal_rcc_ex.c ****   assert_param(IS_RCC_CRS_RELOADVALUE(pInit->ReloadValue));
2608:Drivers/STM32L4xx_HAL_Driver/Src/stm32l4xx_hal_rcc_ex.c ****   assert_param(IS_RCC_CRS_ERRORLIMIT(pInit->ErrorLimitValue));
2609:Drivers/STM32L4xx_HAL_Driver/Src/stm32l4xx_hal_rcc_ex.c ****   assert_param(IS_RCC_CRS_HSI48CALIBRATION(pInit->HSI48CalibrationValue));
2610:Drivers/STM32L4xx_HAL_Driver/Src/stm32l4xx_hal_rcc_ex.c **** 
2611:Drivers/STM32L4xx_HAL_Driver/Src/stm32l4xx_hal_rcc_ex.c ****   /* CONFIGURATION */
2612:Drivers/STM32L4xx_HAL_Driver/Src/stm32l4xx_hal_rcc_ex.c **** 
2613:Drivers/STM32L4xx_HAL_Driver/Src/stm32l4xx_hal_rcc_ex.c ****   /* Before configuration, reset CRS registers to their default values*/
2614:Drivers/STM32L4xx_HAL_Driver/Src/stm32l4xx_hal_rcc_ex.c ****   __HAL_RCC_CRS_FORCE_RESET();
2615:Drivers/STM32L4xx_HAL_Driver/Src/stm32l4xx_hal_rcc_ex.c ****   __HAL_RCC_CRS_RELEASE_RESET();
2616:Drivers/STM32L4xx_HAL_Driver/Src/stm32l4xx_hal_rcc_ex.c **** 
2617:Drivers/STM32L4xx_HAL_Driver/Src/stm32l4xx_hal_rcc_ex.c ****   /* Set the SYNCDIV[2:0] bits according to Prescaler value */
2618:Drivers/STM32L4xx_HAL_Driver/Src/stm32l4xx_hal_rcc_ex.c ****   /* Set the SYNCSRC[1:0] bits according to Source value */
2619:Drivers/STM32L4xx_HAL_Driver/Src/stm32l4xx_hal_rcc_ex.c ****   /* Set the SYNCSPOL bit according to Polarity value */
2620:Drivers/STM32L4xx_HAL_Driver/Src/stm32l4xx_hal_rcc_ex.c ****   value = (pInit->Prescaler | pInit->Source | pInit->Polarity);
2621:Drivers/STM32L4xx_HAL_Driver/Src/stm32l4xx_hal_rcc_ex.c ****   /* Set the RELOAD[15:0] bits according to ReloadValue value */
2622:Drivers/STM32L4xx_HAL_Driver/Src/stm32l4xx_hal_rcc_ex.c ****   value |= pInit->ReloadValue;
2623:Drivers/STM32L4xx_HAL_Driver/Src/stm32l4xx_hal_rcc_ex.c ****   /* Set the FELIM[7:0] bits according to ErrorLimitValue value */
2624:Drivers/STM32L4xx_HAL_Driver/Src/stm32l4xx_hal_rcc_ex.c ****   value |= (pInit->ErrorLimitValue << CRS_CFGR_FELIM_Pos);
2625:Drivers/STM32L4xx_HAL_Driver/Src/stm32l4xx_hal_rcc_ex.c ****   WRITE_REG(CRS->CFGR, value);
2626:Drivers/STM32L4xx_HAL_Driver/Src/stm32l4xx_hal_rcc_ex.c **** 
2627:Drivers/STM32L4xx_HAL_Driver/Src/stm32l4xx_hal_rcc_ex.c ****   /* Adjust HSI48 oscillator smooth trimming */
2628:Drivers/STM32L4xx_HAL_Driver/Src/stm32l4xx_hal_rcc_ex.c ****   /* Set the TRIM[6:0] bits for STM32L412xx/L422xx or TRIM[5:0] bits otherwise
2629:Drivers/STM32L4xx_HAL_Driver/Src/stm32l4xx_hal_rcc_ex.c ****      according to RCC_CRS_HSI48CalibrationValue value */
2630:Drivers/STM32L4xx_HAL_Driver/Src/stm32l4xx_hal_rcc_ex.c ****   MODIFY_REG(CRS->CR, CRS_CR_TRIM, (pInit->HSI48CalibrationValue << CRS_CR_TRIM_Pos));
2631:Drivers/STM32L4xx_HAL_Driver/Src/stm32l4xx_hal_rcc_ex.c **** 
2632:Drivers/STM32L4xx_HAL_Driver/Src/stm32l4xx_hal_rcc_ex.c ****   /* START AUTOMATIC SYNCHRONIZATION*/
2633:Drivers/STM32L4xx_HAL_Driver/Src/stm32l4xx_hal_rcc_ex.c **** 
2634:Drivers/STM32L4xx_HAL_Driver/Src/stm32l4xx_hal_rcc_ex.c ****   /* Enable Automatic trimming & Frequency error counter */
2635:Drivers/STM32L4xx_HAL_Driver/Src/stm32l4xx_hal_rcc_ex.c ****   SET_BIT(CRS->CR, CRS_CR_AUTOTRIMEN | CRS_CR_CEN);
2636:Drivers/STM32L4xx_HAL_Driver/Src/stm32l4xx_hal_rcc_ex.c **** }
2637:Drivers/STM32L4xx_HAL_Driver/Src/stm32l4xx_hal_rcc_ex.c **** 
2638:Drivers/STM32L4xx_HAL_Driver/Src/stm32l4xx_hal_rcc_ex.c **** /**
2639:Drivers/STM32L4xx_HAL_Driver/Src/stm32l4xx_hal_rcc_ex.c ****   * @brief  Generate the software synchronization event
2640:Drivers/STM32L4xx_HAL_Driver/Src/stm32l4xx_hal_rcc_ex.c ****   * @retval None
2641:Drivers/STM32L4xx_HAL_Driver/Src/stm32l4xx_hal_rcc_ex.c ****   */
2642:Drivers/STM32L4xx_HAL_Driver/Src/stm32l4xx_hal_rcc_ex.c **** void HAL_RCCEx_CRSSoftwareSynchronizationGenerate(void)
2643:Drivers/STM32L4xx_HAL_Driver/Src/stm32l4xx_hal_rcc_ex.c **** {
2644:Drivers/STM32L4xx_HAL_Driver/Src/stm32l4xx_hal_rcc_ex.c ****   SET_BIT(CRS->CR, CRS_CR_SWSYNC);
2645:Drivers/STM32L4xx_HAL_Driver/Src/stm32l4xx_hal_rcc_ex.c **** }
2646:Drivers/STM32L4xx_HAL_Driver/Src/stm32l4xx_hal_rcc_ex.c **** 
2647:Drivers/STM32L4xx_HAL_Driver/Src/stm32l4xx_hal_rcc_ex.c **** /**
2648:Drivers/STM32L4xx_HAL_Driver/Src/stm32l4xx_hal_rcc_ex.c ****   * @brief  Return synchronization info
2649:Drivers/STM32L4xx_HAL_Driver/Src/stm32l4xx_hal_rcc_ex.c ****   * @param  pSynchroInfo Pointer on RCC_CRSSynchroInfoTypeDef structure
2650:Drivers/STM32L4xx_HAL_Driver/Src/stm32l4xx_hal_rcc_ex.c ****   * @retval None
2651:Drivers/STM32L4xx_HAL_Driver/Src/stm32l4xx_hal_rcc_ex.c ****   */
2652:Drivers/STM32L4xx_HAL_Driver/Src/stm32l4xx_hal_rcc_ex.c **** void HAL_RCCEx_CRSGetSynchronizationInfo(RCC_CRSSynchroInfoTypeDef *pSynchroInfo)
ARM GAS  C:\Users\adisa\AppData\Local\Temp\ccmroX4q.s 			page 48


2653:Drivers/STM32L4xx_HAL_Driver/Src/stm32l4xx_hal_rcc_ex.c **** {
2654:Drivers/STM32L4xx_HAL_Driver/Src/stm32l4xx_hal_rcc_ex.c ****   /* Check the parameter */
2655:Drivers/STM32L4xx_HAL_Driver/Src/stm32l4xx_hal_rcc_ex.c ****   assert_param(pSynchroInfo != (void *)NULL);
2656:Drivers/STM32L4xx_HAL_Driver/Src/stm32l4xx_hal_rcc_ex.c **** 
2657:Drivers/STM32L4xx_HAL_Driver/Src/stm32l4xx_hal_rcc_ex.c ****   /* Get the reload value */
2658:Drivers/STM32L4xx_HAL_Driver/Src/stm32l4xx_hal_rcc_ex.c ****   pSynchroInfo->ReloadValue = (READ_BIT(CRS->CFGR, CRS_CFGR_RELOAD));
2659:Drivers/STM32L4xx_HAL_Driver/Src/stm32l4xx_hal_rcc_ex.c **** 
2660:Drivers/STM32L4xx_HAL_Driver/Src/stm32l4xx_hal_rcc_ex.c ****   /* Get HSI48 oscillator smooth trimming */
2661:Drivers/STM32L4xx_HAL_Driver/Src/stm32l4xx_hal_rcc_ex.c ****   pSynchroInfo->HSI48CalibrationValue = (READ_BIT(CRS->CR, CRS_CR_TRIM) >> CRS_CR_TRIM_Pos);
2662:Drivers/STM32L4xx_HAL_Driver/Src/stm32l4xx_hal_rcc_ex.c **** 
2663:Drivers/STM32L4xx_HAL_Driver/Src/stm32l4xx_hal_rcc_ex.c ****   /* Get Frequency error capture */
2664:Drivers/STM32L4xx_HAL_Driver/Src/stm32l4xx_hal_rcc_ex.c ****   pSynchroInfo->FreqErrorCapture = (READ_BIT(CRS->ISR, CRS_ISR_FECAP) >> CRS_ISR_FECAP_Pos);
2665:Drivers/STM32L4xx_HAL_Driver/Src/stm32l4xx_hal_rcc_ex.c **** 
2666:Drivers/STM32L4xx_HAL_Driver/Src/stm32l4xx_hal_rcc_ex.c ****   /* Get Frequency error direction */
2667:Drivers/STM32L4xx_HAL_Driver/Src/stm32l4xx_hal_rcc_ex.c ****   pSynchroInfo->FreqErrorDirection = (READ_BIT(CRS->ISR, CRS_ISR_FEDIR));
2668:Drivers/STM32L4xx_HAL_Driver/Src/stm32l4xx_hal_rcc_ex.c **** }
2669:Drivers/STM32L4xx_HAL_Driver/Src/stm32l4xx_hal_rcc_ex.c **** 
2670:Drivers/STM32L4xx_HAL_Driver/Src/stm32l4xx_hal_rcc_ex.c **** /**
2671:Drivers/STM32L4xx_HAL_Driver/Src/stm32l4xx_hal_rcc_ex.c **** * @brief Wait for CRS Synchronization status.
2672:Drivers/STM32L4xx_HAL_Driver/Src/stm32l4xx_hal_rcc_ex.c **** * @param Timeout  Duration of the timeout
2673:Drivers/STM32L4xx_HAL_Driver/Src/stm32l4xx_hal_rcc_ex.c **** * @note  Timeout is based on the maximum time to receive a SYNC event based on synchronization
2674:Drivers/STM32L4xx_HAL_Driver/Src/stm32l4xx_hal_rcc_ex.c **** *        frequency.
2675:Drivers/STM32L4xx_HAL_Driver/Src/stm32l4xx_hal_rcc_ex.c **** * @note    If Timeout set to HAL_MAX_DELAY, HAL_TIMEOUT will be never returned.
2676:Drivers/STM32L4xx_HAL_Driver/Src/stm32l4xx_hal_rcc_ex.c **** * @retval Combination of Synchronization status
2677:Drivers/STM32L4xx_HAL_Driver/Src/stm32l4xx_hal_rcc_ex.c **** *          This parameter can be a combination of the following values:
2678:Drivers/STM32L4xx_HAL_Driver/Src/stm32l4xx_hal_rcc_ex.c **** *            @arg @ref RCC_CRS_TIMEOUT
2679:Drivers/STM32L4xx_HAL_Driver/Src/stm32l4xx_hal_rcc_ex.c **** *            @arg @ref RCC_CRS_SYNCOK
2680:Drivers/STM32L4xx_HAL_Driver/Src/stm32l4xx_hal_rcc_ex.c **** *            @arg @ref RCC_CRS_SYNCWARN
2681:Drivers/STM32L4xx_HAL_Driver/Src/stm32l4xx_hal_rcc_ex.c **** *            @arg @ref RCC_CRS_SYNCERR
2682:Drivers/STM32L4xx_HAL_Driver/Src/stm32l4xx_hal_rcc_ex.c **** *            @arg @ref RCC_CRS_SYNCMISS
2683:Drivers/STM32L4xx_HAL_Driver/Src/stm32l4xx_hal_rcc_ex.c **** *            @arg @ref RCC_CRS_TRIMOVF
2684:Drivers/STM32L4xx_HAL_Driver/Src/stm32l4xx_hal_rcc_ex.c **** */
2685:Drivers/STM32L4xx_HAL_Driver/Src/stm32l4xx_hal_rcc_ex.c **** uint32_t HAL_RCCEx_CRSWaitSynchronization(uint32_t Timeout)
2686:Drivers/STM32L4xx_HAL_Driver/Src/stm32l4xx_hal_rcc_ex.c **** {
2687:Drivers/STM32L4xx_HAL_Driver/Src/stm32l4xx_hal_rcc_ex.c ****   uint32_t crsstatus = RCC_CRS_NONE;
2688:Drivers/STM32L4xx_HAL_Driver/Src/stm32l4xx_hal_rcc_ex.c ****   uint32_t tickstart;
2689:Drivers/STM32L4xx_HAL_Driver/Src/stm32l4xx_hal_rcc_ex.c **** 
2690:Drivers/STM32L4xx_HAL_Driver/Src/stm32l4xx_hal_rcc_ex.c ****   /* Get timeout */
2691:Drivers/STM32L4xx_HAL_Driver/Src/stm32l4xx_hal_rcc_ex.c ****   tickstart = HAL_GetTick();
2692:Drivers/STM32L4xx_HAL_Driver/Src/stm32l4xx_hal_rcc_ex.c **** 
2693:Drivers/STM32L4xx_HAL_Driver/Src/stm32l4xx_hal_rcc_ex.c ****   /* Wait for CRS flag or timeout detection */
2694:Drivers/STM32L4xx_HAL_Driver/Src/stm32l4xx_hal_rcc_ex.c ****   do
2695:Drivers/STM32L4xx_HAL_Driver/Src/stm32l4xx_hal_rcc_ex.c ****   {
2696:Drivers/STM32L4xx_HAL_Driver/Src/stm32l4xx_hal_rcc_ex.c ****     if(Timeout != HAL_MAX_DELAY)
2697:Drivers/STM32L4xx_HAL_Driver/Src/stm32l4xx_hal_rcc_ex.c ****     {
2698:Drivers/STM32L4xx_HAL_Driver/Src/stm32l4xx_hal_rcc_ex.c ****       if(((HAL_GetTick() - tickstart) > Timeout) || (Timeout == 0U))
2699:Drivers/STM32L4xx_HAL_Driver/Src/stm32l4xx_hal_rcc_ex.c ****       {
2700:Drivers/STM32L4xx_HAL_Driver/Src/stm32l4xx_hal_rcc_ex.c ****         crsstatus = RCC_CRS_TIMEOUT;
2701:Drivers/STM32L4xx_HAL_Driver/Src/stm32l4xx_hal_rcc_ex.c ****       }
2702:Drivers/STM32L4xx_HAL_Driver/Src/stm32l4xx_hal_rcc_ex.c ****     }
2703:Drivers/STM32L4xx_HAL_Driver/Src/stm32l4xx_hal_rcc_ex.c ****     /* Check CRS SYNCOK flag  */
2704:Drivers/STM32L4xx_HAL_Driver/Src/stm32l4xx_hal_rcc_ex.c ****     if(__HAL_RCC_CRS_GET_FLAG(RCC_CRS_FLAG_SYNCOK))
2705:Drivers/STM32L4xx_HAL_Driver/Src/stm32l4xx_hal_rcc_ex.c ****     {
2706:Drivers/STM32L4xx_HAL_Driver/Src/stm32l4xx_hal_rcc_ex.c ****       /* CRS SYNC event OK */
2707:Drivers/STM32L4xx_HAL_Driver/Src/stm32l4xx_hal_rcc_ex.c ****       crsstatus |= RCC_CRS_SYNCOK;
2708:Drivers/STM32L4xx_HAL_Driver/Src/stm32l4xx_hal_rcc_ex.c **** 
2709:Drivers/STM32L4xx_HAL_Driver/Src/stm32l4xx_hal_rcc_ex.c ****       /* Clear CRS SYNC event OK bit */
ARM GAS  C:\Users\adisa\AppData\Local\Temp\ccmroX4q.s 			page 49


2710:Drivers/STM32L4xx_HAL_Driver/Src/stm32l4xx_hal_rcc_ex.c ****       __HAL_RCC_CRS_CLEAR_FLAG(RCC_CRS_FLAG_SYNCOK);
2711:Drivers/STM32L4xx_HAL_Driver/Src/stm32l4xx_hal_rcc_ex.c ****     }
2712:Drivers/STM32L4xx_HAL_Driver/Src/stm32l4xx_hal_rcc_ex.c **** 
2713:Drivers/STM32L4xx_HAL_Driver/Src/stm32l4xx_hal_rcc_ex.c ****     /* Check CRS SYNCWARN flag  */
2714:Drivers/STM32L4xx_HAL_Driver/Src/stm32l4xx_hal_rcc_ex.c ****     if(__HAL_RCC_CRS_GET_FLAG(RCC_CRS_FLAG_SYNCWARN))
2715:Drivers/STM32L4xx_HAL_Driver/Src/stm32l4xx_hal_rcc_ex.c ****     {
2716:Drivers/STM32L4xx_HAL_Driver/Src/stm32l4xx_hal_rcc_ex.c ****       /* CRS SYNC warning */
2717:Drivers/STM32L4xx_HAL_Driver/Src/stm32l4xx_hal_rcc_ex.c ****       crsstatus |= RCC_CRS_SYNCWARN;
2718:Drivers/STM32L4xx_HAL_Driver/Src/stm32l4xx_hal_rcc_ex.c **** 
2719:Drivers/STM32L4xx_HAL_Driver/Src/stm32l4xx_hal_rcc_ex.c ****       /* Clear CRS SYNCWARN bit */
2720:Drivers/STM32L4xx_HAL_Driver/Src/stm32l4xx_hal_rcc_ex.c ****       __HAL_RCC_CRS_CLEAR_FLAG(RCC_CRS_FLAG_SYNCWARN);
2721:Drivers/STM32L4xx_HAL_Driver/Src/stm32l4xx_hal_rcc_ex.c ****     }
2722:Drivers/STM32L4xx_HAL_Driver/Src/stm32l4xx_hal_rcc_ex.c **** 
2723:Drivers/STM32L4xx_HAL_Driver/Src/stm32l4xx_hal_rcc_ex.c ****     /* Check CRS TRIM overflow flag  */
2724:Drivers/STM32L4xx_HAL_Driver/Src/stm32l4xx_hal_rcc_ex.c ****     if(__HAL_RCC_CRS_GET_FLAG(RCC_CRS_FLAG_TRIMOVF))
2725:Drivers/STM32L4xx_HAL_Driver/Src/stm32l4xx_hal_rcc_ex.c ****     {
2726:Drivers/STM32L4xx_HAL_Driver/Src/stm32l4xx_hal_rcc_ex.c ****       /* CRS SYNC Error */
2727:Drivers/STM32L4xx_HAL_Driver/Src/stm32l4xx_hal_rcc_ex.c ****       crsstatus |= RCC_CRS_TRIMOVF;
2728:Drivers/STM32L4xx_HAL_Driver/Src/stm32l4xx_hal_rcc_ex.c **** 
2729:Drivers/STM32L4xx_HAL_Driver/Src/stm32l4xx_hal_rcc_ex.c ****       /* Clear CRS Error bit */
2730:Drivers/STM32L4xx_HAL_Driver/Src/stm32l4xx_hal_rcc_ex.c ****       __HAL_RCC_CRS_CLEAR_FLAG(RCC_CRS_FLAG_TRIMOVF);
2731:Drivers/STM32L4xx_HAL_Driver/Src/stm32l4xx_hal_rcc_ex.c ****     }
2732:Drivers/STM32L4xx_HAL_Driver/Src/stm32l4xx_hal_rcc_ex.c **** 
2733:Drivers/STM32L4xx_HAL_Driver/Src/stm32l4xx_hal_rcc_ex.c ****     /* Check CRS Error flag  */
2734:Drivers/STM32L4xx_HAL_Driver/Src/stm32l4xx_hal_rcc_ex.c ****     if(__HAL_RCC_CRS_GET_FLAG(RCC_CRS_FLAG_SYNCERR))
2735:Drivers/STM32L4xx_HAL_Driver/Src/stm32l4xx_hal_rcc_ex.c ****     {
2736:Drivers/STM32L4xx_HAL_Driver/Src/stm32l4xx_hal_rcc_ex.c ****       /* CRS SYNC Error */
2737:Drivers/STM32L4xx_HAL_Driver/Src/stm32l4xx_hal_rcc_ex.c ****       crsstatus |= RCC_CRS_SYNCERR;
2738:Drivers/STM32L4xx_HAL_Driver/Src/stm32l4xx_hal_rcc_ex.c **** 
2739:Drivers/STM32L4xx_HAL_Driver/Src/stm32l4xx_hal_rcc_ex.c ****       /* Clear CRS Error bit */
2740:Drivers/STM32L4xx_HAL_Driver/Src/stm32l4xx_hal_rcc_ex.c ****       __HAL_RCC_CRS_CLEAR_FLAG(RCC_CRS_FLAG_SYNCERR);
2741:Drivers/STM32L4xx_HAL_Driver/Src/stm32l4xx_hal_rcc_ex.c ****     }
2742:Drivers/STM32L4xx_HAL_Driver/Src/stm32l4xx_hal_rcc_ex.c **** 
2743:Drivers/STM32L4xx_HAL_Driver/Src/stm32l4xx_hal_rcc_ex.c ****     /* Check CRS SYNC Missed flag  */
2744:Drivers/STM32L4xx_HAL_Driver/Src/stm32l4xx_hal_rcc_ex.c ****     if(__HAL_RCC_CRS_GET_FLAG(RCC_CRS_FLAG_SYNCMISS))
2745:Drivers/STM32L4xx_HAL_Driver/Src/stm32l4xx_hal_rcc_ex.c ****     {
2746:Drivers/STM32L4xx_HAL_Driver/Src/stm32l4xx_hal_rcc_ex.c ****       /* CRS SYNC Missed */
2747:Drivers/STM32L4xx_HAL_Driver/Src/stm32l4xx_hal_rcc_ex.c ****       crsstatus |= RCC_CRS_SYNCMISS;
2748:Drivers/STM32L4xx_HAL_Driver/Src/stm32l4xx_hal_rcc_ex.c **** 
2749:Drivers/STM32L4xx_HAL_Driver/Src/stm32l4xx_hal_rcc_ex.c ****       /* Clear CRS SYNC Missed bit */
2750:Drivers/STM32L4xx_HAL_Driver/Src/stm32l4xx_hal_rcc_ex.c ****       __HAL_RCC_CRS_CLEAR_FLAG(RCC_CRS_FLAG_SYNCMISS);
2751:Drivers/STM32L4xx_HAL_Driver/Src/stm32l4xx_hal_rcc_ex.c ****     }
2752:Drivers/STM32L4xx_HAL_Driver/Src/stm32l4xx_hal_rcc_ex.c **** 
2753:Drivers/STM32L4xx_HAL_Driver/Src/stm32l4xx_hal_rcc_ex.c ****     /* Check CRS Expected SYNC flag  */
2754:Drivers/STM32L4xx_HAL_Driver/Src/stm32l4xx_hal_rcc_ex.c ****     if(__HAL_RCC_CRS_GET_FLAG(RCC_CRS_FLAG_ESYNC))
2755:Drivers/STM32L4xx_HAL_Driver/Src/stm32l4xx_hal_rcc_ex.c ****     {
2756:Drivers/STM32L4xx_HAL_Driver/Src/stm32l4xx_hal_rcc_ex.c ****       /* frequency error counter reached a zero value */
2757:Drivers/STM32L4xx_HAL_Driver/Src/stm32l4xx_hal_rcc_ex.c ****       __HAL_RCC_CRS_CLEAR_FLAG(RCC_CRS_FLAG_ESYNC);
2758:Drivers/STM32L4xx_HAL_Driver/Src/stm32l4xx_hal_rcc_ex.c ****     }
2759:Drivers/STM32L4xx_HAL_Driver/Src/stm32l4xx_hal_rcc_ex.c ****   } while(RCC_CRS_NONE == crsstatus);
2760:Drivers/STM32L4xx_HAL_Driver/Src/stm32l4xx_hal_rcc_ex.c **** 
2761:Drivers/STM32L4xx_HAL_Driver/Src/stm32l4xx_hal_rcc_ex.c ****   return crsstatus;
2762:Drivers/STM32L4xx_HAL_Driver/Src/stm32l4xx_hal_rcc_ex.c **** }
2763:Drivers/STM32L4xx_HAL_Driver/Src/stm32l4xx_hal_rcc_ex.c **** 
2764:Drivers/STM32L4xx_HAL_Driver/Src/stm32l4xx_hal_rcc_ex.c **** /**
2765:Drivers/STM32L4xx_HAL_Driver/Src/stm32l4xx_hal_rcc_ex.c ****   * @brief Handle the Clock Recovery System interrupt request.
2766:Drivers/STM32L4xx_HAL_Driver/Src/stm32l4xx_hal_rcc_ex.c ****   * @retval None
ARM GAS  C:\Users\adisa\AppData\Local\Temp\ccmroX4q.s 			page 50


2767:Drivers/STM32L4xx_HAL_Driver/Src/stm32l4xx_hal_rcc_ex.c ****   */
2768:Drivers/STM32L4xx_HAL_Driver/Src/stm32l4xx_hal_rcc_ex.c **** void HAL_RCCEx_CRS_IRQHandler(void)
2769:Drivers/STM32L4xx_HAL_Driver/Src/stm32l4xx_hal_rcc_ex.c **** {
2770:Drivers/STM32L4xx_HAL_Driver/Src/stm32l4xx_hal_rcc_ex.c ****   uint32_t crserror = RCC_CRS_NONE;
2771:Drivers/STM32L4xx_HAL_Driver/Src/stm32l4xx_hal_rcc_ex.c ****   /* Get current IT flags and IT sources values */
2772:Drivers/STM32L4xx_HAL_Driver/Src/stm32l4xx_hal_rcc_ex.c ****   uint32_t itflags = READ_REG(CRS->ISR);
2773:Drivers/STM32L4xx_HAL_Driver/Src/stm32l4xx_hal_rcc_ex.c ****   uint32_t itsources = READ_REG(CRS->CR);
2774:Drivers/STM32L4xx_HAL_Driver/Src/stm32l4xx_hal_rcc_ex.c **** 
2775:Drivers/STM32L4xx_HAL_Driver/Src/stm32l4xx_hal_rcc_ex.c ****   /* Check CRS SYNCOK flag  */
2776:Drivers/STM32L4xx_HAL_Driver/Src/stm32l4xx_hal_rcc_ex.c ****   if(((itflags & RCC_CRS_FLAG_SYNCOK) != 0U) && ((itsources & RCC_CRS_IT_SYNCOK) != 0U))
2777:Drivers/STM32L4xx_HAL_Driver/Src/stm32l4xx_hal_rcc_ex.c ****   {
2778:Drivers/STM32L4xx_HAL_Driver/Src/stm32l4xx_hal_rcc_ex.c ****     /* Clear CRS SYNC event OK flag */
2779:Drivers/STM32L4xx_HAL_Driver/Src/stm32l4xx_hal_rcc_ex.c ****     WRITE_REG(CRS->ICR, CRS_ICR_SYNCOKC);
2780:Drivers/STM32L4xx_HAL_Driver/Src/stm32l4xx_hal_rcc_ex.c **** 
2781:Drivers/STM32L4xx_HAL_Driver/Src/stm32l4xx_hal_rcc_ex.c ****     /* user callback */
2782:Drivers/STM32L4xx_HAL_Driver/Src/stm32l4xx_hal_rcc_ex.c ****     HAL_RCCEx_CRS_SyncOkCallback();
2783:Drivers/STM32L4xx_HAL_Driver/Src/stm32l4xx_hal_rcc_ex.c ****   }
2784:Drivers/STM32L4xx_HAL_Driver/Src/stm32l4xx_hal_rcc_ex.c ****   /* Check CRS SYNCWARN flag  */
2785:Drivers/STM32L4xx_HAL_Driver/Src/stm32l4xx_hal_rcc_ex.c ****   else if(((itflags & RCC_CRS_FLAG_SYNCWARN) != 0U) && ((itsources & RCC_CRS_IT_SYNCWARN) != 0U))
2786:Drivers/STM32L4xx_HAL_Driver/Src/stm32l4xx_hal_rcc_ex.c ****   {
2787:Drivers/STM32L4xx_HAL_Driver/Src/stm32l4xx_hal_rcc_ex.c ****     /* Clear CRS SYNCWARN flag */
2788:Drivers/STM32L4xx_HAL_Driver/Src/stm32l4xx_hal_rcc_ex.c ****     WRITE_REG(CRS->ICR, CRS_ICR_SYNCWARNC);
2789:Drivers/STM32L4xx_HAL_Driver/Src/stm32l4xx_hal_rcc_ex.c **** 
2790:Drivers/STM32L4xx_HAL_Driver/Src/stm32l4xx_hal_rcc_ex.c ****     /* user callback */
2791:Drivers/STM32L4xx_HAL_Driver/Src/stm32l4xx_hal_rcc_ex.c ****     HAL_RCCEx_CRS_SyncWarnCallback();
2792:Drivers/STM32L4xx_HAL_Driver/Src/stm32l4xx_hal_rcc_ex.c ****   }
2793:Drivers/STM32L4xx_HAL_Driver/Src/stm32l4xx_hal_rcc_ex.c ****   /* Check CRS Expected SYNC flag  */
2794:Drivers/STM32L4xx_HAL_Driver/Src/stm32l4xx_hal_rcc_ex.c ****   else if(((itflags & RCC_CRS_FLAG_ESYNC) != 0U) && ((itsources & RCC_CRS_IT_ESYNC) != 0U))
2795:Drivers/STM32L4xx_HAL_Driver/Src/stm32l4xx_hal_rcc_ex.c ****   {
2796:Drivers/STM32L4xx_HAL_Driver/Src/stm32l4xx_hal_rcc_ex.c ****     /* frequency error counter reached a zero value */
2797:Drivers/STM32L4xx_HAL_Driver/Src/stm32l4xx_hal_rcc_ex.c ****     WRITE_REG(CRS->ICR, CRS_ICR_ESYNCC);
2798:Drivers/STM32L4xx_HAL_Driver/Src/stm32l4xx_hal_rcc_ex.c **** 
2799:Drivers/STM32L4xx_HAL_Driver/Src/stm32l4xx_hal_rcc_ex.c ****     /* user callback */
2800:Drivers/STM32L4xx_HAL_Driver/Src/stm32l4xx_hal_rcc_ex.c ****     HAL_RCCEx_CRS_ExpectedSyncCallback();
2801:Drivers/STM32L4xx_HAL_Driver/Src/stm32l4xx_hal_rcc_ex.c ****   }
2802:Drivers/STM32L4xx_HAL_Driver/Src/stm32l4xx_hal_rcc_ex.c ****   /* Check CRS Error flags  */
2803:Drivers/STM32L4xx_HAL_Driver/Src/stm32l4xx_hal_rcc_ex.c ****   else
2804:Drivers/STM32L4xx_HAL_Driver/Src/stm32l4xx_hal_rcc_ex.c ****   {
2805:Drivers/STM32L4xx_HAL_Driver/Src/stm32l4xx_hal_rcc_ex.c ****     if(((itflags & RCC_CRS_FLAG_ERR) != 0U) && ((itsources & RCC_CRS_IT_ERR) != 0U))
2806:Drivers/STM32L4xx_HAL_Driver/Src/stm32l4xx_hal_rcc_ex.c ****     {
2807:Drivers/STM32L4xx_HAL_Driver/Src/stm32l4xx_hal_rcc_ex.c ****       if((itflags & RCC_CRS_FLAG_SYNCERR) != 0U)
2808:Drivers/STM32L4xx_HAL_Driver/Src/stm32l4xx_hal_rcc_ex.c ****       {
2809:Drivers/STM32L4xx_HAL_Driver/Src/stm32l4xx_hal_rcc_ex.c ****         crserror |= RCC_CRS_SYNCERR;
2810:Drivers/STM32L4xx_HAL_Driver/Src/stm32l4xx_hal_rcc_ex.c ****       }
2811:Drivers/STM32L4xx_HAL_Driver/Src/stm32l4xx_hal_rcc_ex.c ****       if((itflags & RCC_CRS_FLAG_SYNCMISS) != 0U)
2812:Drivers/STM32L4xx_HAL_Driver/Src/stm32l4xx_hal_rcc_ex.c ****       {
2813:Drivers/STM32L4xx_HAL_Driver/Src/stm32l4xx_hal_rcc_ex.c ****         crserror |= RCC_CRS_SYNCMISS;
2814:Drivers/STM32L4xx_HAL_Driver/Src/stm32l4xx_hal_rcc_ex.c ****       }
2815:Drivers/STM32L4xx_HAL_Driver/Src/stm32l4xx_hal_rcc_ex.c ****       if((itflags & RCC_CRS_FLAG_TRIMOVF) != 0U)
2816:Drivers/STM32L4xx_HAL_Driver/Src/stm32l4xx_hal_rcc_ex.c ****       {
2817:Drivers/STM32L4xx_HAL_Driver/Src/stm32l4xx_hal_rcc_ex.c ****         crserror |= RCC_CRS_TRIMOVF;
2818:Drivers/STM32L4xx_HAL_Driver/Src/stm32l4xx_hal_rcc_ex.c ****       }
2819:Drivers/STM32L4xx_HAL_Driver/Src/stm32l4xx_hal_rcc_ex.c **** 
2820:Drivers/STM32L4xx_HAL_Driver/Src/stm32l4xx_hal_rcc_ex.c ****       /* Clear CRS Error flags */
2821:Drivers/STM32L4xx_HAL_Driver/Src/stm32l4xx_hal_rcc_ex.c ****       WRITE_REG(CRS->ICR, CRS_ICR_ERRC);
2822:Drivers/STM32L4xx_HAL_Driver/Src/stm32l4xx_hal_rcc_ex.c **** 
2823:Drivers/STM32L4xx_HAL_Driver/Src/stm32l4xx_hal_rcc_ex.c ****       /* user error callback */
ARM GAS  C:\Users\adisa\AppData\Local\Temp\ccmroX4q.s 			page 51


2824:Drivers/STM32L4xx_HAL_Driver/Src/stm32l4xx_hal_rcc_ex.c ****       HAL_RCCEx_CRS_ErrorCallback(crserror);
2825:Drivers/STM32L4xx_HAL_Driver/Src/stm32l4xx_hal_rcc_ex.c ****     }
2826:Drivers/STM32L4xx_HAL_Driver/Src/stm32l4xx_hal_rcc_ex.c ****   }
2827:Drivers/STM32L4xx_HAL_Driver/Src/stm32l4xx_hal_rcc_ex.c **** }
2828:Drivers/STM32L4xx_HAL_Driver/Src/stm32l4xx_hal_rcc_ex.c **** 
2829:Drivers/STM32L4xx_HAL_Driver/Src/stm32l4xx_hal_rcc_ex.c **** /**
2830:Drivers/STM32L4xx_HAL_Driver/Src/stm32l4xx_hal_rcc_ex.c ****   * @brief  RCCEx Clock Recovery System SYNCOK interrupt callback.
2831:Drivers/STM32L4xx_HAL_Driver/Src/stm32l4xx_hal_rcc_ex.c ****   * @retval none
2832:Drivers/STM32L4xx_HAL_Driver/Src/stm32l4xx_hal_rcc_ex.c ****   */
2833:Drivers/STM32L4xx_HAL_Driver/Src/stm32l4xx_hal_rcc_ex.c **** __weak void HAL_RCCEx_CRS_SyncOkCallback(void)
2834:Drivers/STM32L4xx_HAL_Driver/Src/stm32l4xx_hal_rcc_ex.c **** {
2835:Drivers/STM32L4xx_HAL_Driver/Src/stm32l4xx_hal_rcc_ex.c ****   /* NOTE : This function should not be modified, when the callback is needed,
2836:Drivers/STM32L4xx_HAL_Driver/Src/stm32l4xx_hal_rcc_ex.c ****             the @ref HAL_RCCEx_CRS_SyncOkCallback should be implemented in the user file
2837:Drivers/STM32L4xx_HAL_Driver/Src/stm32l4xx_hal_rcc_ex.c ****    */
2838:Drivers/STM32L4xx_HAL_Driver/Src/stm32l4xx_hal_rcc_ex.c **** }
2839:Drivers/STM32L4xx_HAL_Driver/Src/stm32l4xx_hal_rcc_ex.c **** 
2840:Drivers/STM32L4xx_HAL_Driver/Src/stm32l4xx_hal_rcc_ex.c **** /**
2841:Drivers/STM32L4xx_HAL_Driver/Src/stm32l4xx_hal_rcc_ex.c ****   * @brief  RCCEx Clock Recovery System SYNCWARN interrupt callback.
2842:Drivers/STM32L4xx_HAL_Driver/Src/stm32l4xx_hal_rcc_ex.c ****   * @retval none
2843:Drivers/STM32L4xx_HAL_Driver/Src/stm32l4xx_hal_rcc_ex.c ****   */
2844:Drivers/STM32L4xx_HAL_Driver/Src/stm32l4xx_hal_rcc_ex.c **** __weak void HAL_RCCEx_CRS_SyncWarnCallback(void)
2845:Drivers/STM32L4xx_HAL_Driver/Src/stm32l4xx_hal_rcc_ex.c **** {
2846:Drivers/STM32L4xx_HAL_Driver/Src/stm32l4xx_hal_rcc_ex.c ****   /* NOTE : This function should not be modified, when the callback is needed,
2847:Drivers/STM32L4xx_HAL_Driver/Src/stm32l4xx_hal_rcc_ex.c ****             the @ref HAL_RCCEx_CRS_SyncWarnCallback should be implemented in the user file
2848:Drivers/STM32L4xx_HAL_Driver/Src/stm32l4xx_hal_rcc_ex.c ****    */
2849:Drivers/STM32L4xx_HAL_Driver/Src/stm32l4xx_hal_rcc_ex.c **** }
2850:Drivers/STM32L4xx_HAL_Driver/Src/stm32l4xx_hal_rcc_ex.c **** 
2851:Drivers/STM32L4xx_HAL_Driver/Src/stm32l4xx_hal_rcc_ex.c **** /**
2852:Drivers/STM32L4xx_HAL_Driver/Src/stm32l4xx_hal_rcc_ex.c ****   * @brief  RCCEx Clock Recovery System Expected SYNC interrupt callback.
2853:Drivers/STM32L4xx_HAL_Driver/Src/stm32l4xx_hal_rcc_ex.c ****   * @retval none
2854:Drivers/STM32L4xx_HAL_Driver/Src/stm32l4xx_hal_rcc_ex.c ****   */
2855:Drivers/STM32L4xx_HAL_Driver/Src/stm32l4xx_hal_rcc_ex.c **** __weak void HAL_RCCEx_CRS_ExpectedSyncCallback(void)
2856:Drivers/STM32L4xx_HAL_Driver/Src/stm32l4xx_hal_rcc_ex.c **** {
2857:Drivers/STM32L4xx_HAL_Driver/Src/stm32l4xx_hal_rcc_ex.c ****   /* NOTE : This function should not be modified, when the callback is needed,
2858:Drivers/STM32L4xx_HAL_Driver/Src/stm32l4xx_hal_rcc_ex.c ****             the @ref HAL_RCCEx_CRS_ExpectedSyncCallback should be implemented in the user file
2859:Drivers/STM32L4xx_HAL_Driver/Src/stm32l4xx_hal_rcc_ex.c ****    */
2860:Drivers/STM32L4xx_HAL_Driver/Src/stm32l4xx_hal_rcc_ex.c **** }
2861:Drivers/STM32L4xx_HAL_Driver/Src/stm32l4xx_hal_rcc_ex.c **** 
2862:Drivers/STM32L4xx_HAL_Driver/Src/stm32l4xx_hal_rcc_ex.c **** /**
2863:Drivers/STM32L4xx_HAL_Driver/Src/stm32l4xx_hal_rcc_ex.c ****   * @brief  RCCEx Clock Recovery System Error interrupt callback.
2864:Drivers/STM32L4xx_HAL_Driver/Src/stm32l4xx_hal_rcc_ex.c ****   * @param  Error Combination of Error status.
2865:Drivers/STM32L4xx_HAL_Driver/Src/stm32l4xx_hal_rcc_ex.c ****   *         This parameter can be a combination of the following values:
2866:Drivers/STM32L4xx_HAL_Driver/Src/stm32l4xx_hal_rcc_ex.c ****   *           @arg @ref RCC_CRS_SYNCERR
2867:Drivers/STM32L4xx_HAL_Driver/Src/stm32l4xx_hal_rcc_ex.c ****   *           @arg @ref RCC_CRS_SYNCMISS
2868:Drivers/STM32L4xx_HAL_Driver/Src/stm32l4xx_hal_rcc_ex.c ****   *           @arg @ref RCC_CRS_TRIMOVF
2869:Drivers/STM32L4xx_HAL_Driver/Src/stm32l4xx_hal_rcc_ex.c ****   * @retval none
2870:Drivers/STM32L4xx_HAL_Driver/Src/stm32l4xx_hal_rcc_ex.c ****   */
2871:Drivers/STM32L4xx_HAL_Driver/Src/stm32l4xx_hal_rcc_ex.c **** __weak void HAL_RCCEx_CRS_ErrorCallback(uint32_t Error)
2872:Drivers/STM32L4xx_HAL_Driver/Src/stm32l4xx_hal_rcc_ex.c **** {
2873:Drivers/STM32L4xx_HAL_Driver/Src/stm32l4xx_hal_rcc_ex.c ****   /* Prevent unused argument(s) compilation warning */
2874:Drivers/STM32L4xx_HAL_Driver/Src/stm32l4xx_hal_rcc_ex.c ****   UNUSED(Error);
2875:Drivers/STM32L4xx_HAL_Driver/Src/stm32l4xx_hal_rcc_ex.c **** 
2876:Drivers/STM32L4xx_HAL_Driver/Src/stm32l4xx_hal_rcc_ex.c ****   /* NOTE : This function should not be modified, when the callback is needed,
2877:Drivers/STM32L4xx_HAL_Driver/Src/stm32l4xx_hal_rcc_ex.c ****             the @ref HAL_RCCEx_CRS_ErrorCallback should be implemented in the user file
2878:Drivers/STM32L4xx_HAL_Driver/Src/stm32l4xx_hal_rcc_ex.c ****    */
2879:Drivers/STM32L4xx_HAL_Driver/Src/stm32l4xx_hal_rcc_ex.c **** }
2880:Drivers/STM32L4xx_HAL_Driver/Src/stm32l4xx_hal_rcc_ex.c **** 
ARM GAS  C:\Users\adisa\AppData\Local\Temp\ccmroX4q.s 			page 52


2881:Drivers/STM32L4xx_HAL_Driver/Src/stm32l4xx_hal_rcc_ex.c **** /**
2882:Drivers/STM32L4xx_HAL_Driver/Src/stm32l4xx_hal_rcc_ex.c ****   * @}
2883:Drivers/STM32L4xx_HAL_Driver/Src/stm32l4xx_hal_rcc_ex.c ****   */
2884:Drivers/STM32L4xx_HAL_Driver/Src/stm32l4xx_hal_rcc_ex.c **** 
2885:Drivers/STM32L4xx_HAL_Driver/Src/stm32l4xx_hal_rcc_ex.c **** #endif /* CRS */
2886:Drivers/STM32L4xx_HAL_Driver/Src/stm32l4xx_hal_rcc_ex.c **** 
2887:Drivers/STM32L4xx_HAL_Driver/Src/stm32l4xx_hal_rcc_ex.c **** /**
2888:Drivers/STM32L4xx_HAL_Driver/Src/stm32l4xx_hal_rcc_ex.c ****   * @}
2889:Drivers/STM32L4xx_HAL_Driver/Src/stm32l4xx_hal_rcc_ex.c ****   */
2890:Drivers/STM32L4xx_HAL_Driver/Src/stm32l4xx_hal_rcc_ex.c **** 
2891:Drivers/STM32L4xx_HAL_Driver/Src/stm32l4xx_hal_rcc_ex.c **** /** @addtogroup RCCEx_Private_Functions
2892:Drivers/STM32L4xx_HAL_Driver/Src/stm32l4xx_hal_rcc_ex.c ****  * @{
2893:Drivers/STM32L4xx_HAL_Driver/Src/stm32l4xx_hal_rcc_ex.c ****  */
2894:Drivers/STM32L4xx_HAL_Driver/Src/stm32l4xx_hal_rcc_ex.c **** 
2895:Drivers/STM32L4xx_HAL_Driver/Src/stm32l4xx_hal_rcc_ex.c **** #if defined(RCC_PLLSAI1_SUPPORT)
2896:Drivers/STM32L4xx_HAL_Driver/Src/stm32l4xx_hal_rcc_ex.c **** 
2897:Drivers/STM32L4xx_HAL_Driver/Src/stm32l4xx_hal_rcc_ex.c **** /**
2898:Drivers/STM32L4xx_HAL_Driver/Src/stm32l4xx_hal_rcc_ex.c ****   * @brief  Configure the parameters N & P & optionally M of PLLSAI1 and enable PLLSAI1 output cloc
2899:Drivers/STM32L4xx_HAL_Driver/Src/stm32l4xx_hal_rcc_ex.c ****   * @param  PllSai1  pointer to an RCC_PLLSAI1InitTypeDef structure that
2900:Drivers/STM32L4xx_HAL_Driver/Src/stm32l4xx_hal_rcc_ex.c ****   *         contains the configuration parameters N & P & optionally M as well as PLLSAI1 output cl
2901:Drivers/STM32L4xx_HAL_Driver/Src/stm32l4xx_hal_rcc_ex.c ****   * @param  Divider  divider parameter to be updated
2902:Drivers/STM32L4xx_HAL_Driver/Src/stm32l4xx_hal_rcc_ex.c ****   *
2903:Drivers/STM32L4xx_HAL_Driver/Src/stm32l4xx_hal_rcc_ex.c ****   * @note   PLLSAI1 is temporary disable to apply new parameters
2904:Drivers/STM32L4xx_HAL_Driver/Src/stm32l4xx_hal_rcc_ex.c ****   *
2905:Drivers/STM32L4xx_HAL_Driver/Src/stm32l4xx_hal_rcc_ex.c ****   * @retval HAL status
2906:Drivers/STM32L4xx_HAL_Driver/Src/stm32l4xx_hal_rcc_ex.c ****   */
2907:Drivers/STM32L4xx_HAL_Driver/Src/stm32l4xx_hal_rcc_ex.c **** static HAL_StatusTypeDef RCCEx_PLLSAI1_Config(RCC_PLLSAI1InitTypeDef *PllSai1, uint32_t Divider)
2908:Drivers/STM32L4xx_HAL_Driver/Src/stm32l4xx_hal_rcc_ex.c **** {
2909:Drivers/STM32L4xx_HAL_Driver/Src/stm32l4xx_hal_rcc_ex.c ****   uint32_t tickstart;
2910:Drivers/STM32L4xx_HAL_Driver/Src/stm32l4xx_hal_rcc_ex.c ****   HAL_StatusTypeDef status = HAL_OK;
2911:Drivers/STM32L4xx_HAL_Driver/Src/stm32l4xx_hal_rcc_ex.c **** 
2912:Drivers/STM32L4xx_HAL_Driver/Src/stm32l4xx_hal_rcc_ex.c ****   /* check for PLLSAI1 Parameters used to output PLLSAI1CLK */
2913:Drivers/STM32L4xx_HAL_Driver/Src/stm32l4xx_hal_rcc_ex.c ****   /* P, Q and R dividers are verified in each specific divider case below */
2914:Drivers/STM32L4xx_HAL_Driver/Src/stm32l4xx_hal_rcc_ex.c ****   assert_param(IS_RCC_PLLSAI1SOURCE(PllSai1->PLLSAI1Source));
2915:Drivers/STM32L4xx_HAL_Driver/Src/stm32l4xx_hal_rcc_ex.c ****   assert_param(IS_RCC_PLLSAI1M_VALUE(PllSai1->PLLSAI1M));
2916:Drivers/STM32L4xx_HAL_Driver/Src/stm32l4xx_hal_rcc_ex.c ****   assert_param(IS_RCC_PLLSAI1N_VALUE(PllSai1->PLLSAI1N));
2917:Drivers/STM32L4xx_HAL_Driver/Src/stm32l4xx_hal_rcc_ex.c ****   assert_param(IS_RCC_PLLSAI1CLOCKOUT_VALUE(PllSai1->PLLSAI1ClockOut));
2918:Drivers/STM32L4xx_HAL_Driver/Src/stm32l4xx_hal_rcc_ex.c **** 
2919:Drivers/STM32L4xx_HAL_Driver/Src/stm32l4xx_hal_rcc_ex.c ****   /* Check that PLLSAI1 clock source and divider M can be applied */
2920:Drivers/STM32L4xx_HAL_Driver/Src/stm32l4xx_hal_rcc_ex.c ****   if(__HAL_RCC_GET_PLL_OSCSOURCE() != RCC_PLLSOURCE_NONE)
2921:Drivers/STM32L4xx_HAL_Driver/Src/stm32l4xx_hal_rcc_ex.c ****   {
2922:Drivers/STM32L4xx_HAL_Driver/Src/stm32l4xx_hal_rcc_ex.c ****     /* PLL clock source and divider M already set, check that no request for change  */
2923:Drivers/STM32L4xx_HAL_Driver/Src/stm32l4xx_hal_rcc_ex.c ****     if((__HAL_RCC_GET_PLL_OSCSOURCE() != PllSai1->PLLSAI1Source)
2924:Drivers/STM32L4xx_HAL_Driver/Src/stm32l4xx_hal_rcc_ex.c ****        ||
2925:Drivers/STM32L4xx_HAL_Driver/Src/stm32l4xx_hal_rcc_ex.c ****        (PllSai1->PLLSAI1Source == RCC_PLLSOURCE_NONE)
2926:Drivers/STM32L4xx_HAL_Driver/Src/stm32l4xx_hal_rcc_ex.c **** #if !defined(RCC_PLLSAI1M_DIV_1_16_SUPPORT)
2927:Drivers/STM32L4xx_HAL_Driver/Src/stm32l4xx_hal_rcc_ex.c ****        ||
2928:Drivers/STM32L4xx_HAL_Driver/Src/stm32l4xx_hal_rcc_ex.c ****        (((READ_BIT(RCC->PLLCFGR, RCC_PLLCFGR_PLLM) >> RCC_PLLCFGR_PLLM_Pos) + 1U) != PllSai1->PLLSA
2929:Drivers/STM32L4xx_HAL_Driver/Src/stm32l4xx_hal_rcc_ex.c **** #endif
2930:Drivers/STM32L4xx_HAL_Driver/Src/stm32l4xx_hal_rcc_ex.c ****       )
2931:Drivers/STM32L4xx_HAL_Driver/Src/stm32l4xx_hal_rcc_ex.c ****     {
2932:Drivers/STM32L4xx_HAL_Driver/Src/stm32l4xx_hal_rcc_ex.c ****       status = HAL_ERROR;
2933:Drivers/STM32L4xx_HAL_Driver/Src/stm32l4xx_hal_rcc_ex.c ****     }
2934:Drivers/STM32L4xx_HAL_Driver/Src/stm32l4xx_hal_rcc_ex.c ****   }
2935:Drivers/STM32L4xx_HAL_Driver/Src/stm32l4xx_hal_rcc_ex.c ****   else
2936:Drivers/STM32L4xx_HAL_Driver/Src/stm32l4xx_hal_rcc_ex.c ****   {
2937:Drivers/STM32L4xx_HAL_Driver/Src/stm32l4xx_hal_rcc_ex.c ****     /* Check PLLSAI1 clock source availability */
ARM GAS  C:\Users\adisa\AppData\Local\Temp\ccmroX4q.s 			page 53


2938:Drivers/STM32L4xx_HAL_Driver/Src/stm32l4xx_hal_rcc_ex.c ****     switch(PllSai1->PLLSAI1Source)
2939:Drivers/STM32L4xx_HAL_Driver/Src/stm32l4xx_hal_rcc_ex.c ****     {
2940:Drivers/STM32L4xx_HAL_Driver/Src/stm32l4xx_hal_rcc_ex.c ****     case RCC_PLLSOURCE_MSI:
2941:Drivers/STM32L4xx_HAL_Driver/Src/stm32l4xx_hal_rcc_ex.c ****       if(HAL_IS_BIT_CLR(RCC->CR, RCC_CR_MSIRDY))
2942:Drivers/STM32L4xx_HAL_Driver/Src/stm32l4xx_hal_rcc_ex.c ****       {
2943:Drivers/STM32L4xx_HAL_Driver/Src/stm32l4xx_hal_rcc_ex.c ****         status = HAL_ERROR;
2944:Drivers/STM32L4xx_HAL_Driver/Src/stm32l4xx_hal_rcc_ex.c ****       }
2945:Drivers/STM32L4xx_HAL_Driver/Src/stm32l4xx_hal_rcc_ex.c ****       break;
2946:Drivers/STM32L4xx_HAL_Driver/Src/stm32l4xx_hal_rcc_ex.c ****     case RCC_PLLSOURCE_HSI:
2947:Drivers/STM32L4xx_HAL_Driver/Src/stm32l4xx_hal_rcc_ex.c ****       if(HAL_IS_BIT_CLR(RCC->CR, RCC_CR_HSIRDY))
2948:Drivers/STM32L4xx_HAL_Driver/Src/stm32l4xx_hal_rcc_ex.c ****       {
2949:Drivers/STM32L4xx_HAL_Driver/Src/stm32l4xx_hal_rcc_ex.c ****         status = HAL_ERROR;
2950:Drivers/STM32L4xx_HAL_Driver/Src/stm32l4xx_hal_rcc_ex.c ****       }
2951:Drivers/STM32L4xx_HAL_Driver/Src/stm32l4xx_hal_rcc_ex.c ****       break;
2952:Drivers/STM32L4xx_HAL_Driver/Src/stm32l4xx_hal_rcc_ex.c ****     case RCC_PLLSOURCE_HSE:
2953:Drivers/STM32L4xx_HAL_Driver/Src/stm32l4xx_hal_rcc_ex.c ****       if(HAL_IS_BIT_CLR(RCC->CR, RCC_CR_HSERDY))
2954:Drivers/STM32L4xx_HAL_Driver/Src/stm32l4xx_hal_rcc_ex.c ****       {
2955:Drivers/STM32L4xx_HAL_Driver/Src/stm32l4xx_hal_rcc_ex.c ****         if(HAL_IS_BIT_CLR(RCC->CR, RCC_CR_HSEBYP))
2956:Drivers/STM32L4xx_HAL_Driver/Src/stm32l4xx_hal_rcc_ex.c ****         {
2957:Drivers/STM32L4xx_HAL_Driver/Src/stm32l4xx_hal_rcc_ex.c ****           status = HAL_ERROR;
2958:Drivers/STM32L4xx_HAL_Driver/Src/stm32l4xx_hal_rcc_ex.c ****         }
2959:Drivers/STM32L4xx_HAL_Driver/Src/stm32l4xx_hal_rcc_ex.c ****       }
2960:Drivers/STM32L4xx_HAL_Driver/Src/stm32l4xx_hal_rcc_ex.c ****       break;
2961:Drivers/STM32L4xx_HAL_Driver/Src/stm32l4xx_hal_rcc_ex.c ****     default:
2962:Drivers/STM32L4xx_HAL_Driver/Src/stm32l4xx_hal_rcc_ex.c ****       status = HAL_ERROR;
2963:Drivers/STM32L4xx_HAL_Driver/Src/stm32l4xx_hal_rcc_ex.c ****       break;
2964:Drivers/STM32L4xx_HAL_Driver/Src/stm32l4xx_hal_rcc_ex.c ****     }
2965:Drivers/STM32L4xx_HAL_Driver/Src/stm32l4xx_hal_rcc_ex.c **** 
2966:Drivers/STM32L4xx_HAL_Driver/Src/stm32l4xx_hal_rcc_ex.c ****     if(status == HAL_OK)
2967:Drivers/STM32L4xx_HAL_Driver/Src/stm32l4xx_hal_rcc_ex.c ****     {
2968:Drivers/STM32L4xx_HAL_Driver/Src/stm32l4xx_hal_rcc_ex.c **** #if defined(RCC_PLLSAI1M_DIV_1_16_SUPPORT)
2969:Drivers/STM32L4xx_HAL_Driver/Src/stm32l4xx_hal_rcc_ex.c ****       /* Set PLLSAI1 clock source */
2970:Drivers/STM32L4xx_HAL_Driver/Src/stm32l4xx_hal_rcc_ex.c ****       MODIFY_REG(RCC->PLLCFGR, RCC_PLLCFGR_PLLSRC, PllSai1->PLLSAI1Source);
2971:Drivers/STM32L4xx_HAL_Driver/Src/stm32l4xx_hal_rcc_ex.c **** #else
2972:Drivers/STM32L4xx_HAL_Driver/Src/stm32l4xx_hal_rcc_ex.c ****       /* Set PLLSAI1 clock source and divider M */
2973:Drivers/STM32L4xx_HAL_Driver/Src/stm32l4xx_hal_rcc_ex.c ****       MODIFY_REG(RCC->PLLCFGR, RCC_PLLCFGR_PLLSRC | RCC_PLLCFGR_PLLM, PllSai1->PLLSAI1Source | (Pll
2974:Drivers/STM32L4xx_HAL_Driver/Src/stm32l4xx_hal_rcc_ex.c **** #endif
2975:Drivers/STM32L4xx_HAL_Driver/Src/stm32l4xx_hal_rcc_ex.c ****     }
2976:Drivers/STM32L4xx_HAL_Driver/Src/stm32l4xx_hal_rcc_ex.c ****   }
2977:Drivers/STM32L4xx_HAL_Driver/Src/stm32l4xx_hal_rcc_ex.c **** 
2978:Drivers/STM32L4xx_HAL_Driver/Src/stm32l4xx_hal_rcc_ex.c ****   if(status == HAL_OK)
2979:Drivers/STM32L4xx_HAL_Driver/Src/stm32l4xx_hal_rcc_ex.c ****   {
2980:Drivers/STM32L4xx_HAL_Driver/Src/stm32l4xx_hal_rcc_ex.c ****     /* Disable the PLLSAI1 */
2981:Drivers/STM32L4xx_HAL_Driver/Src/stm32l4xx_hal_rcc_ex.c ****     __HAL_RCC_PLLSAI1_DISABLE();
2982:Drivers/STM32L4xx_HAL_Driver/Src/stm32l4xx_hal_rcc_ex.c **** 
2983:Drivers/STM32L4xx_HAL_Driver/Src/stm32l4xx_hal_rcc_ex.c ****     /* Get Start Tick*/
2984:Drivers/STM32L4xx_HAL_Driver/Src/stm32l4xx_hal_rcc_ex.c ****     tickstart = HAL_GetTick();
2985:Drivers/STM32L4xx_HAL_Driver/Src/stm32l4xx_hal_rcc_ex.c **** 
2986:Drivers/STM32L4xx_HAL_Driver/Src/stm32l4xx_hal_rcc_ex.c ****     /* Wait till PLLSAI1 is ready to be updated */
2987:Drivers/STM32L4xx_HAL_Driver/Src/stm32l4xx_hal_rcc_ex.c ****     while(READ_BIT(RCC->CR, RCC_CR_PLLSAI1RDY) != 0U)
2988:Drivers/STM32L4xx_HAL_Driver/Src/stm32l4xx_hal_rcc_ex.c ****     {
2989:Drivers/STM32L4xx_HAL_Driver/Src/stm32l4xx_hal_rcc_ex.c ****       if((HAL_GetTick() - tickstart) > PLLSAI1_TIMEOUT_VALUE)
2990:Drivers/STM32L4xx_HAL_Driver/Src/stm32l4xx_hal_rcc_ex.c ****       {
2991:Drivers/STM32L4xx_HAL_Driver/Src/stm32l4xx_hal_rcc_ex.c ****         status = HAL_TIMEOUT;
2992:Drivers/STM32L4xx_HAL_Driver/Src/stm32l4xx_hal_rcc_ex.c ****         break;
2993:Drivers/STM32L4xx_HAL_Driver/Src/stm32l4xx_hal_rcc_ex.c ****       }
2994:Drivers/STM32L4xx_HAL_Driver/Src/stm32l4xx_hal_rcc_ex.c ****     }
ARM GAS  C:\Users\adisa\AppData\Local\Temp\ccmroX4q.s 			page 54


2995:Drivers/STM32L4xx_HAL_Driver/Src/stm32l4xx_hal_rcc_ex.c **** 
2996:Drivers/STM32L4xx_HAL_Driver/Src/stm32l4xx_hal_rcc_ex.c ****     if(status == HAL_OK)
2997:Drivers/STM32L4xx_HAL_Driver/Src/stm32l4xx_hal_rcc_ex.c ****     {
2998:Drivers/STM32L4xx_HAL_Driver/Src/stm32l4xx_hal_rcc_ex.c ****       if(Divider == DIVIDER_P_UPDATE)
2999:Drivers/STM32L4xx_HAL_Driver/Src/stm32l4xx_hal_rcc_ex.c ****       {
3000:Drivers/STM32L4xx_HAL_Driver/Src/stm32l4xx_hal_rcc_ex.c ****         assert_param(IS_RCC_PLLSAI1P_VALUE(PllSai1->PLLSAI1P));
3001:Drivers/STM32L4xx_HAL_Driver/Src/stm32l4xx_hal_rcc_ex.c **** #if defined(RCC_PLLSAI1M_DIV_1_16_SUPPORT)
3002:Drivers/STM32L4xx_HAL_Driver/Src/stm32l4xx_hal_rcc_ex.c **** 
3003:Drivers/STM32L4xx_HAL_Driver/Src/stm32l4xx_hal_rcc_ex.c ****         /* Configure the PLLSAI1 Division factor M, P and Multiplication factor N*/
3004:Drivers/STM32L4xx_HAL_Driver/Src/stm32l4xx_hal_rcc_ex.c **** #if defined(RCC_PLLSAI1P_DIV_2_31_SUPPORT)
3005:Drivers/STM32L4xx_HAL_Driver/Src/stm32l4xx_hal_rcc_ex.c ****         MODIFY_REG(RCC->PLLSAI1CFGR,
3006:Drivers/STM32L4xx_HAL_Driver/Src/stm32l4xx_hal_rcc_ex.c ****                    RCC_PLLSAI1CFGR_PLLSAI1N | RCC_PLLSAI1CFGR_PLLSAI1PDIV | RCC_PLLSAI1CFGR_PLLSAI1
3007:Drivers/STM32L4xx_HAL_Driver/Src/stm32l4xx_hal_rcc_ex.c ****                    (PllSai1->PLLSAI1N << RCC_PLLSAI1CFGR_PLLSAI1N_Pos) |
3008:Drivers/STM32L4xx_HAL_Driver/Src/stm32l4xx_hal_rcc_ex.c ****                    (PllSai1->PLLSAI1P << RCC_PLLSAI1CFGR_PLLSAI1PDIV_Pos) |
3009:Drivers/STM32L4xx_HAL_Driver/Src/stm32l4xx_hal_rcc_ex.c ****                    ((PllSai1->PLLSAI1M - 1U) << RCC_PLLSAI1CFGR_PLLSAI1M_Pos));
3010:Drivers/STM32L4xx_HAL_Driver/Src/stm32l4xx_hal_rcc_ex.c **** #else
3011:Drivers/STM32L4xx_HAL_Driver/Src/stm32l4xx_hal_rcc_ex.c ****         MODIFY_REG(RCC->PLLSAI1CFGR,
3012:Drivers/STM32L4xx_HAL_Driver/Src/stm32l4xx_hal_rcc_ex.c ****                    RCC_PLLSAI1CFGR_PLLSAI1N | RCC_PLLSAI1CFGR_PLLSAI1P | RCC_PLLSAI1CFGR_PLLSAI1M,
3013:Drivers/STM32L4xx_HAL_Driver/Src/stm32l4xx_hal_rcc_ex.c ****                    (PllSai1->PLLSAI1N << RCC_PLLSAI1CFGR_PLLSAI1N_Pos) |
3014:Drivers/STM32L4xx_HAL_Driver/Src/stm32l4xx_hal_rcc_ex.c ****                    ((PllSai1->PLLSAI1P >> 4U) << RCC_PLLSAI1CFGR_PLLSAI1P_Pos) |
3015:Drivers/STM32L4xx_HAL_Driver/Src/stm32l4xx_hal_rcc_ex.c ****                    ((PllSai1->PLLSAI1M - 1U) << RCC_PLLSAI1CFGR_PLLSAI1M_Pos));
3016:Drivers/STM32L4xx_HAL_Driver/Src/stm32l4xx_hal_rcc_ex.c **** #endif /* RCC_PLLSAI1P_DIV_2_31_SUPPORT */
3017:Drivers/STM32L4xx_HAL_Driver/Src/stm32l4xx_hal_rcc_ex.c **** 
3018:Drivers/STM32L4xx_HAL_Driver/Src/stm32l4xx_hal_rcc_ex.c **** #else
3019:Drivers/STM32L4xx_HAL_Driver/Src/stm32l4xx_hal_rcc_ex.c ****         /* Configure the PLLSAI1 Division factor P and Multiplication factor N*/
3020:Drivers/STM32L4xx_HAL_Driver/Src/stm32l4xx_hal_rcc_ex.c **** #if defined(RCC_PLLSAI1P_DIV_2_31_SUPPORT)
3021:Drivers/STM32L4xx_HAL_Driver/Src/stm32l4xx_hal_rcc_ex.c ****         MODIFY_REG(RCC->PLLSAI1CFGR,
3022:Drivers/STM32L4xx_HAL_Driver/Src/stm32l4xx_hal_rcc_ex.c ****                    RCC_PLLSAI1CFGR_PLLSAI1N | RCC_PLLSAI1CFGR_PLLSAI1PDIV,
3023:Drivers/STM32L4xx_HAL_Driver/Src/stm32l4xx_hal_rcc_ex.c ****                    (PllSai1->PLLSAI1N << RCC_PLLSAI1CFGR_PLLSAI1N_Pos) |
3024:Drivers/STM32L4xx_HAL_Driver/Src/stm32l4xx_hal_rcc_ex.c ****                    (PllSai1->PLLSAI1P << RCC_PLLSAI1CFGR_PLLSAI1PDIV_Pos));
3025:Drivers/STM32L4xx_HAL_Driver/Src/stm32l4xx_hal_rcc_ex.c **** #else
3026:Drivers/STM32L4xx_HAL_Driver/Src/stm32l4xx_hal_rcc_ex.c ****         MODIFY_REG(RCC->PLLSAI1CFGR,
3027:Drivers/STM32L4xx_HAL_Driver/Src/stm32l4xx_hal_rcc_ex.c ****                    RCC_PLLSAI1CFGR_PLLSAI1N | RCC_PLLSAI1CFGR_PLLSAI1P,
3028:Drivers/STM32L4xx_HAL_Driver/Src/stm32l4xx_hal_rcc_ex.c ****                    (PllSai1->PLLSAI1N << RCC_PLLSAI1CFGR_PLLSAI1N_Pos) |
3029:Drivers/STM32L4xx_HAL_Driver/Src/stm32l4xx_hal_rcc_ex.c ****                    ((PllSai1->PLLSAI1P >> 4U) << RCC_PLLSAI1CFGR_PLLSAI1P_Pos));
3030:Drivers/STM32L4xx_HAL_Driver/Src/stm32l4xx_hal_rcc_ex.c **** #endif /* RCC_PLLSAI1P_DIV_2_31_SUPPORT */
3031:Drivers/STM32L4xx_HAL_Driver/Src/stm32l4xx_hal_rcc_ex.c **** 
3032:Drivers/STM32L4xx_HAL_Driver/Src/stm32l4xx_hal_rcc_ex.c **** #endif /* RCC_PLLSAI1M_DIV_1_16_SUPPORT */
3033:Drivers/STM32L4xx_HAL_Driver/Src/stm32l4xx_hal_rcc_ex.c ****       }
3034:Drivers/STM32L4xx_HAL_Driver/Src/stm32l4xx_hal_rcc_ex.c ****       else if(Divider == DIVIDER_Q_UPDATE)
3035:Drivers/STM32L4xx_HAL_Driver/Src/stm32l4xx_hal_rcc_ex.c ****       {
3036:Drivers/STM32L4xx_HAL_Driver/Src/stm32l4xx_hal_rcc_ex.c ****         assert_param(IS_RCC_PLLSAI1Q_VALUE(PllSai1->PLLSAI1Q));
3037:Drivers/STM32L4xx_HAL_Driver/Src/stm32l4xx_hal_rcc_ex.c **** #if defined(RCC_PLLSAI1M_DIV_1_16_SUPPORT)
3038:Drivers/STM32L4xx_HAL_Driver/Src/stm32l4xx_hal_rcc_ex.c ****         /* Configure the PLLSAI1 Division factor M, Q and Multiplication factor N*/
3039:Drivers/STM32L4xx_HAL_Driver/Src/stm32l4xx_hal_rcc_ex.c ****         MODIFY_REG(RCC->PLLSAI1CFGR,
3040:Drivers/STM32L4xx_HAL_Driver/Src/stm32l4xx_hal_rcc_ex.c ****                    RCC_PLLSAI1CFGR_PLLSAI1N | RCC_PLLSAI1CFGR_PLLSAI1Q | RCC_PLLSAI1CFGR_PLLSAI1M,
3041:Drivers/STM32L4xx_HAL_Driver/Src/stm32l4xx_hal_rcc_ex.c ****                    (PllSai1->PLLSAI1N << RCC_PLLSAI1CFGR_PLLSAI1N_Pos) |
3042:Drivers/STM32L4xx_HAL_Driver/Src/stm32l4xx_hal_rcc_ex.c ****                    (((PllSai1->PLLSAI1Q >> 1U) - 1U) << RCC_PLLSAI1CFGR_PLLSAI1Q_Pos) |
3043:Drivers/STM32L4xx_HAL_Driver/Src/stm32l4xx_hal_rcc_ex.c ****                    ((PllSai1->PLLSAI1M - 1U) << RCC_PLLSAI1CFGR_PLLSAI1M_Pos));
3044:Drivers/STM32L4xx_HAL_Driver/Src/stm32l4xx_hal_rcc_ex.c **** #else
3045:Drivers/STM32L4xx_HAL_Driver/Src/stm32l4xx_hal_rcc_ex.c ****         /* Configure the PLLSAI1 Division factor Q and Multiplication factor N*/
3046:Drivers/STM32L4xx_HAL_Driver/Src/stm32l4xx_hal_rcc_ex.c ****         MODIFY_REG(RCC->PLLSAI1CFGR,
3047:Drivers/STM32L4xx_HAL_Driver/Src/stm32l4xx_hal_rcc_ex.c ****                    RCC_PLLSAI1CFGR_PLLSAI1N | RCC_PLLSAI1CFGR_PLLSAI1Q,
3048:Drivers/STM32L4xx_HAL_Driver/Src/stm32l4xx_hal_rcc_ex.c ****                    (PllSai1->PLLSAI1N << RCC_PLLSAI1CFGR_PLLSAI1N_Pos) |
3049:Drivers/STM32L4xx_HAL_Driver/Src/stm32l4xx_hal_rcc_ex.c ****                    (((PllSai1->PLLSAI1Q >> 1U) - 1U) << RCC_PLLSAI1CFGR_PLLSAI1Q_Pos));
3050:Drivers/STM32L4xx_HAL_Driver/Src/stm32l4xx_hal_rcc_ex.c **** #endif /* RCC_PLLSAI1M_DIV_1_16_SUPPORT */
3051:Drivers/STM32L4xx_HAL_Driver/Src/stm32l4xx_hal_rcc_ex.c ****       }
ARM GAS  C:\Users\adisa\AppData\Local\Temp\ccmroX4q.s 			page 55


3052:Drivers/STM32L4xx_HAL_Driver/Src/stm32l4xx_hal_rcc_ex.c ****       else
3053:Drivers/STM32L4xx_HAL_Driver/Src/stm32l4xx_hal_rcc_ex.c ****       {
3054:Drivers/STM32L4xx_HAL_Driver/Src/stm32l4xx_hal_rcc_ex.c ****         assert_param(IS_RCC_PLLSAI1R_VALUE(PllSai1->PLLSAI1R));
3055:Drivers/STM32L4xx_HAL_Driver/Src/stm32l4xx_hal_rcc_ex.c **** #if defined(RCC_PLLSAI1M_DIV_1_16_SUPPORT)
3056:Drivers/STM32L4xx_HAL_Driver/Src/stm32l4xx_hal_rcc_ex.c ****         /* Configure the PLLSAI1 Division factor M, R and Multiplication factor N*/
3057:Drivers/STM32L4xx_HAL_Driver/Src/stm32l4xx_hal_rcc_ex.c ****         MODIFY_REG(RCC->PLLSAI1CFGR,
3058:Drivers/STM32L4xx_HAL_Driver/Src/stm32l4xx_hal_rcc_ex.c ****                    RCC_PLLSAI1CFGR_PLLSAI1N | RCC_PLLSAI1CFGR_PLLSAI1R | RCC_PLLSAI1CFGR_PLLSAI1M,
3059:Drivers/STM32L4xx_HAL_Driver/Src/stm32l4xx_hal_rcc_ex.c ****                    (PllSai1->PLLSAI1N << RCC_PLLSAI1CFGR_PLLSAI1N_Pos) |
3060:Drivers/STM32L4xx_HAL_Driver/Src/stm32l4xx_hal_rcc_ex.c ****                    (((PllSai1->PLLSAI1R >> 1U) - 1U) << RCC_PLLSAI1CFGR_PLLSAI1R_Pos) |
3061:Drivers/STM32L4xx_HAL_Driver/Src/stm32l4xx_hal_rcc_ex.c ****                    ((PllSai1->PLLSAI1M - 1U) << RCC_PLLSAI1CFGR_PLLSAI1M_Pos));
3062:Drivers/STM32L4xx_HAL_Driver/Src/stm32l4xx_hal_rcc_ex.c **** #else
3063:Drivers/STM32L4xx_HAL_Driver/Src/stm32l4xx_hal_rcc_ex.c ****         /* Configure the PLLSAI1 Division factor R and Multiplication factor N*/
3064:Drivers/STM32L4xx_HAL_Driver/Src/stm32l4xx_hal_rcc_ex.c ****         MODIFY_REG(RCC->PLLSAI1CFGR,
3065:Drivers/STM32L4xx_HAL_Driver/Src/stm32l4xx_hal_rcc_ex.c ****                    RCC_PLLSAI1CFGR_PLLSAI1N | RCC_PLLSAI1CFGR_PLLSAI1R,
3066:Drivers/STM32L4xx_HAL_Driver/Src/stm32l4xx_hal_rcc_ex.c ****                    (PllSai1->PLLSAI1N << RCC_PLLSAI1CFGR_PLLSAI1N_Pos) |
3067:Drivers/STM32L4xx_HAL_Driver/Src/stm32l4xx_hal_rcc_ex.c ****                    (((PllSai1->PLLSAI1R >> 1U) - 1U) << RCC_PLLSAI1CFGR_PLLSAI1R_Pos));
3068:Drivers/STM32L4xx_HAL_Driver/Src/stm32l4xx_hal_rcc_ex.c **** #endif /* RCC_PLLSAI1M_DIV_1_16_SUPPORT */
3069:Drivers/STM32L4xx_HAL_Driver/Src/stm32l4xx_hal_rcc_ex.c ****       }
3070:Drivers/STM32L4xx_HAL_Driver/Src/stm32l4xx_hal_rcc_ex.c **** 
3071:Drivers/STM32L4xx_HAL_Driver/Src/stm32l4xx_hal_rcc_ex.c ****       /* Enable the PLLSAI1 again by setting PLLSAI1ON to 1*/
3072:Drivers/STM32L4xx_HAL_Driver/Src/stm32l4xx_hal_rcc_ex.c ****       __HAL_RCC_PLLSAI1_ENABLE();
3073:Drivers/STM32L4xx_HAL_Driver/Src/stm32l4xx_hal_rcc_ex.c **** 
3074:Drivers/STM32L4xx_HAL_Driver/Src/stm32l4xx_hal_rcc_ex.c ****       /* Get Start Tick*/
3075:Drivers/STM32L4xx_HAL_Driver/Src/stm32l4xx_hal_rcc_ex.c ****       tickstart = HAL_GetTick();
3076:Drivers/STM32L4xx_HAL_Driver/Src/stm32l4xx_hal_rcc_ex.c **** 
3077:Drivers/STM32L4xx_HAL_Driver/Src/stm32l4xx_hal_rcc_ex.c ****       /* Wait till PLLSAI1 is ready */
3078:Drivers/STM32L4xx_HAL_Driver/Src/stm32l4xx_hal_rcc_ex.c ****       while(READ_BIT(RCC->CR, RCC_CR_PLLSAI1RDY) == 0U)
3079:Drivers/STM32L4xx_HAL_Driver/Src/stm32l4xx_hal_rcc_ex.c ****       {
3080:Drivers/STM32L4xx_HAL_Driver/Src/stm32l4xx_hal_rcc_ex.c ****         if((HAL_GetTick() - tickstart) > PLLSAI1_TIMEOUT_VALUE)
3081:Drivers/STM32L4xx_HAL_Driver/Src/stm32l4xx_hal_rcc_ex.c ****         {
3082:Drivers/STM32L4xx_HAL_Driver/Src/stm32l4xx_hal_rcc_ex.c ****           status = HAL_TIMEOUT;
3083:Drivers/STM32L4xx_HAL_Driver/Src/stm32l4xx_hal_rcc_ex.c ****           break;
3084:Drivers/STM32L4xx_HAL_Driver/Src/stm32l4xx_hal_rcc_ex.c ****         }
3085:Drivers/STM32L4xx_HAL_Driver/Src/stm32l4xx_hal_rcc_ex.c ****       }
3086:Drivers/STM32L4xx_HAL_Driver/Src/stm32l4xx_hal_rcc_ex.c **** 
3087:Drivers/STM32L4xx_HAL_Driver/Src/stm32l4xx_hal_rcc_ex.c ****       if(status == HAL_OK)
3088:Drivers/STM32L4xx_HAL_Driver/Src/stm32l4xx_hal_rcc_ex.c ****       {
3089:Drivers/STM32L4xx_HAL_Driver/Src/stm32l4xx_hal_rcc_ex.c ****         /* Configure the PLLSAI1 Clock output(s) */
3090:Drivers/STM32L4xx_HAL_Driver/Src/stm32l4xx_hal_rcc_ex.c ****         __HAL_RCC_PLLSAI1CLKOUT_ENABLE(PllSai1->PLLSAI1ClockOut);
3091:Drivers/STM32L4xx_HAL_Driver/Src/stm32l4xx_hal_rcc_ex.c ****       }
3092:Drivers/STM32L4xx_HAL_Driver/Src/stm32l4xx_hal_rcc_ex.c ****     }
3093:Drivers/STM32L4xx_HAL_Driver/Src/stm32l4xx_hal_rcc_ex.c ****   }
3094:Drivers/STM32L4xx_HAL_Driver/Src/stm32l4xx_hal_rcc_ex.c **** 
3095:Drivers/STM32L4xx_HAL_Driver/Src/stm32l4xx_hal_rcc_ex.c ****   return status;
3096:Drivers/STM32L4xx_HAL_Driver/Src/stm32l4xx_hal_rcc_ex.c **** }
3097:Drivers/STM32L4xx_HAL_Driver/Src/stm32l4xx_hal_rcc_ex.c **** 
3098:Drivers/STM32L4xx_HAL_Driver/Src/stm32l4xx_hal_rcc_ex.c **** #endif /* RCC_PLLSAI1_SUPPORT */
3099:Drivers/STM32L4xx_HAL_Driver/Src/stm32l4xx_hal_rcc_ex.c **** 
3100:Drivers/STM32L4xx_HAL_Driver/Src/stm32l4xx_hal_rcc_ex.c **** #if defined(RCC_PLLSAI2_SUPPORT)
3101:Drivers/STM32L4xx_HAL_Driver/Src/stm32l4xx_hal_rcc_ex.c **** 
3102:Drivers/STM32L4xx_HAL_Driver/Src/stm32l4xx_hal_rcc_ex.c **** /**
3103:Drivers/STM32L4xx_HAL_Driver/Src/stm32l4xx_hal_rcc_ex.c ****   * @brief  Configure the parameters N & P & optionally M of PLLSAI2 and enable PLLSAI2 output cloc
3104:Drivers/STM32L4xx_HAL_Driver/Src/stm32l4xx_hal_rcc_ex.c ****   * @param  PllSai2  pointer to an RCC_PLLSAI2InitTypeDef structure that
3105:Drivers/STM32L4xx_HAL_Driver/Src/stm32l4xx_hal_rcc_ex.c ****   *         contains the configuration parameters N & P & optionally M as well as PLLSAI2 output cl
3106:Drivers/STM32L4xx_HAL_Driver/Src/stm32l4xx_hal_rcc_ex.c ****   * @param  Divider  divider parameter to be updated
3107:Drivers/STM32L4xx_HAL_Driver/Src/stm32l4xx_hal_rcc_ex.c ****   *
3108:Drivers/STM32L4xx_HAL_Driver/Src/stm32l4xx_hal_rcc_ex.c ****   * @note   PLLSAI2 is temporary disable to apply new parameters
ARM GAS  C:\Users\adisa\AppData\Local\Temp\ccmroX4q.s 			page 56


3109:Drivers/STM32L4xx_HAL_Driver/Src/stm32l4xx_hal_rcc_ex.c ****   *
3110:Drivers/STM32L4xx_HAL_Driver/Src/stm32l4xx_hal_rcc_ex.c ****   * @retval HAL status
3111:Drivers/STM32L4xx_HAL_Driver/Src/stm32l4xx_hal_rcc_ex.c ****   */
3112:Drivers/STM32L4xx_HAL_Driver/Src/stm32l4xx_hal_rcc_ex.c **** static HAL_StatusTypeDef RCCEx_PLLSAI2_Config(RCC_PLLSAI2InitTypeDef *PllSai2, uint32_t Divider)
3113:Drivers/STM32L4xx_HAL_Driver/Src/stm32l4xx_hal_rcc_ex.c **** {
3114:Drivers/STM32L4xx_HAL_Driver/Src/stm32l4xx_hal_rcc_ex.c ****   uint32_t tickstart;
3115:Drivers/STM32L4xx_HAL_Driver/Src/stm32l4xx_hal_rcc_ex.c ****   HAL_StatusTypeDef status = HAL_OK;
3116:Drivers/STM32L4xx_HAL_Driver/Src/stm32l4xx_hal_rcc_ex.c **** 
3117:Drivers/STM32L4xx_HAL_Driver/Src/stm32l4xx_hal_rcc_ex.c ****   /* check for PLLSAI2 Parameters used to output PLLSAI2CLK */
3118:Drivers/STM32L4xx_HAL_Driver/Src/stm32l4xx_hal_rcc_ex.c ****   /* P, Q and R dividers are verified in each specific divider case below */
3119:Drivers/STM32L4xx_HAL_Driver/Src/stm32l4xx_hal_rcc_ex.c ****   assert_param(IS_RCC_PLLSAI2SOURCE(PllSai2->PLLSAI2Source));
3120:Drivers/STM32L4xx_HAL_Driver/Src/stm32l4xx_hal_rcc_ex.c ****   assert_param(IS_RCC_PLLSAI2M_VALUE(PllSai2->PLLSAI2M));
3121:Drivers/STM32L4xx_HAL_Driver/Src/stm32l4xx_hal_rcc_ex.c ****   assert_param(IS_RCC_PLLSAI2N_VALUE(PllSai2->PLLSAI2N));
3122:Drivers/STM32L4xx_HAL_Driver/Src/stm32l4xx_hal_rcc_ex.c ****   assert_param(IS_RCC_PLLSAI2CLOCKOUT_VALUE(PllSai2->PLLSAI2ClockOut));
3123:Drivers/STM32L4xx_HAL_Driver/Src/stm32l4xx_hal_rcc_ex.c **** 
3124:Drivers/STM32L4xx_HAL_Driver/Src/stm32l4xx_hal_rcc_ex.c ****   /* Check that PLLSAI2 clock source and divider M can be applied */
3125:Drivers/STM32L4xx_HAL_Driver/Src/stm32l4xx_hal_rcc_ex.c ****   if(__HAL_RCC_GET_PLL_OSCSOURCE() != RCC_PLLSOURCE_NONE)
3126:Drivers/STM32L4xx_HAL_Driver/Src/stm32l4xx_hal_rcc_ex.c ****   {
3127:Drivers/STM32L4xx_HAL_Driver/Src/stm32l4xx_hal_rcc_ex.c ****     /* PLL clock source and divider M already set, check that no request for change  */
3128:Drivers/STM32L4xx_HAL_Driver/Src/stm32l4xx_hal_rcc_ex.c ****     if((__HAL_RCC_GET_PLL_OSCSOURCE() != PllSai2->PLLSAI2Source)
3129:Drivers/STM32L4xx_HAL_Driver/Src/stm32l4xx_hal_rcc_ex.c ****        ||
3130:Drivers/STM32L4xx_HAL_Driver/Src/stm32l4xx_hal_rcc_ex.c ****        (PllSai2->PLLSAI2Source == RCC_PLLSOURCE_NONE)
3131:Drivers/STM32L4xx_HAL_Driver/Src/stm32l4xx_hal_rcc_ex.c **** #if !defined(RCC_PLLSAI2M_DIV_1_16_SUPPORT)
3132:Drivers/STM32L4xx_HAL_Driver/Src/stm32l4xx_hal_rcc_ex.c ****        ||
3133:Drivers/STM32L4xx_HAL_Driver/Src/stm32l4xx_hal_rcc_ex.c ****        (((READ_BIT(RCC->PLLCFGR, RCC_PLLCFGR_PLLM) >> RCC_PLLCFGR_PLLM_Pos) + 1U) != PllSai2->PLLSA
3134:Drivers/STM32L4xx_HAL_Driver/Src/stm32l4xx_hal_rcc_ex.c **** #endif
3135:Drivers/STM32L4xx_HAL_Driver/Src/stm32l4xx_hal_rcc_ex.c ****       )
3136:Drivers/STM32L4xx_HAL_Driver/Src/stm32l4xx_hal_rcc_ex.c ****     {
3137:Drivers/STM32L4xx_HAL_Driver/Src/stm32l4xx_hal_rcc_ex.c ****       status = HAL_ERROR;
3138:Drivers/STM32L4xx_HAL_Driver/Src/stm32l4xx_hal_rcc_ex.c ****     }
3139:Drivers/STM32L4xx_HAL_Driver/Src/stm32l4xx_hal_rcc_ex.c ****   }
3140:Drivers/STM32L4xx_HAL_Driver/Src/stm32l4xx_hal_rcc_ex.c ****   else
3141:Drivers/STM32L4xx_HAL_Driver/Src/stm32l4xx_hal_rcc_ex.c ****   {
3142:Drivers/STM32L4xx_HAL_Driver/Src/stm32l4xx_hal_rcc_ex.c ****     /* Check PLLSAI2 clock source availability */
3143:Drivers/STM32L4xx_HAL_Driver/Src/stm32l4xx_hal_rcc_ex.c ****     switch(PllSai2->PLLSAI2Source)
3144:Drivers/STM32L4xx_HAL_Driver/Src/stm32l4xx_hal_rcc_ex.c ****     {
3145:Drivers/STM32L4xx_HAL_Driver/Src/stm32l4xx_hal_rcc_ex.c ****     case RCC_PLLSOURCE_MSI:
3146:Drivers/STM32L4xx_HAL_Driver/Src/stm32l4xx_hal_rcc_ex.c ****       if(HAL_IS_BIT_CLR(RCC->CR, RCC_CR_MSIRDY))
3147:Drivers/STM32L4xx_HAL_Driver/Src/stm32l4xx_hal_rcc_ex.c ****       {
3148:Drivers/STM32L4xx_HAL_Driver/Src/stm32l4xx_hal_rcc_ex.c ****         status = HAL_ERROR;
3149:Drivers/STM32L4xx_HAL_Driver/Src/stm32l4xx_hal_rcc_ex.c ****       }
3150:Drivers/STM32L4xx_HAL_Driver/Src/stm32l4xx_hal_rcc_ex.c ****       break;
3151:Drivers/STM32L4xx_HAL_Driver/Src/stm32l4xx_hal_rcc_ex.c ****     case RCC_PLLSOURCE_HSI:
3152:Drivers/STM32L4xx_HAL_Driver/Src/stm32l4xx_hal_rcc_ex.c ****       if(HAL_IS_BIT_CLR(RCC->CR, RCC_CR_HSIRDY))
3153:Drivers/STM32L4xx_HAL_Driver/Src/stm32l4xx_hal_rcc_ex.c ****       {
3154:Drivers/STM32L4xx_HAL_Driver/Src/stm32l4xx_hal_rcc_ex.c ****         status = HAL_ERROR;
3155:Drivers/STM32L4xx_HAL_Driver/Src/stm32l4xx_hal_rcc_ex.c ****       }
3156:Drivers/STM32L4xx_HAL_Driver/Src/stm32l4xx_hal_rcc_ex.c ****       break;
3157:Drivers/STM32L4xx_HAL_Driver/Src/stm32l4xx_hal_rcc_ex.c ****     case RCC_PLLSOURCE_HSE:
3158:Drivers/STM32L4xx_HAL_Driver/Src/stm32l4xx_hal_rcc_ex.c ****       if(HAL_IS_BIT_CLR(RCC->CR, RCC_CR_HSERDY))
3159:Drivers/STM32L4xx_HAL_Driver/Src/stm32l4xx_hal_rcc_ex.c ****       {
3160:Drivers/STM32L4xx_HAL_Driver/Src/stm32l4xx_hal_rcc_ex.c ****         if(HAL_IS_BIT_CLR(RCC->CR, RCC_CR_HSEBYP))
3161:Drivers/STM32L4xx_HAL_Driver/Src/stm32l4xx_hal_rcc_ex.c ****         {
3162:Drivers/STM32L4xx_HAL_Driver/Src/stm32l4xx_hal_rcc_ex.c ****           status = HAL_ERROR;
3163:Drivers/STM32L4xx_HAL_Driver/Src/stm32l4xx_hal_rcc_ex.c ****         }
3164:Drivers/STM32L4xx_HAL_Driver/Src/stm32l4xx_hal_rcc_ex.c ****       }
3165:Drivers/STM32L4xx_HAL_Driver/Src/stm32l4xx_hal_rcc_ex.c ****       break;
ARM GAS  C:\Users\adisa\AppData\Local\Temp\ccmroX4q.s 			page 57


3166:Drivers/STM32L4xx_HAL_Driver/Src/stm32l4xx_hal_rcc_ex.c ****     default:
3167:Drivers/STM32L4xx_HAL_Driver/Src/stm32l4xx_hal_rcc_ex.c ****       status = HAL_ERROR;
3168:Drivers/STM32L4xx_HAL_Driver/Src/stm32l4xx_hal_rcc_ex.c ****       break;
3169:Drivers/STM32L4xx_HAL_Driver/Src/stm32l4xx_hal_rcc_ex.c ****     }
3170:Drivers/STM32L4xx_HAL_Driver/Src/stm32l4xx_hal_rcc_ex.c **** 
3171:Drivers/STM32L4xx_HAL_Driver/Src/stm32l4xx_hal_rcc_ex.c ****     if(status == HAL_OK)
3172:Drivers/STM32L4xx_HAL_Driver/Src/stm32l4xx_hal_rcc_ex.c ****     {
3173:Drivers/STM32L4xx_HAL_Driver/Src/stm32l4xx_hal_rcc_ex.c **** #if defined(RCC_PLLSAI2M_DIV_1_16_SUPPORT)
3174:Drivers/STM32L4xx_HAL_Driver/Src/stm32l4xx_hal_rcc_ex.c ****       /* Set PLLSAI2 clock source */
3175:Drivers/STM32L4xx_HAL_Driver/Src/stm32l4xx_hal_rcc_ex.c ****       MODIFY_REG(RCC->PLLCFGR, RCC_PLLCFGR_PLLSRC, PllSai2->PLLSAI2Source);
3176:Drivers/STM32L4xx_HAL_Driver/Src/stm32l4xx_hal_rcc_ex.c **** #else
3177:Drivers/STM32L4xx_HAL_Driver/Src/stm32l4xx_hal_rcc_ex.c ****       /* Set PLLSAI2 clock source and divider M */
3178:Drivers/STM32L4xx_HAL_Driver/Src/stm32l4xx_hal_rcc_ex.c ****       MODIFY_REG(RCC->PLLCFGR, RCC_PLLCFGR_PLLSRC | RCC_PLLCFGR_PLLM, PllSai2->PLLSAI2Source | (Pll
3179:Drivers/STM32L4xx_HAL_Driver/Src/stm32l4xx_hal_rcc_ex.c **** #endif
3180:Drivers/STM32L4xx_HAL_Driver/Src/stm32l4xx_hal_rcc_ex.c ****     }
3181:Drivers/STM32L4xx_HAL_Driver/Src/stm32l4xx_hal_rcc_ex.c ****   }
3182:Drivers/STM32L4xx_HAL_Driver/Src/stm32l4xx_hal_rcc_ex.c **** 
3183:Drivers/STM32L4xx_HAL_Driver/Src/stm32l4xx_hal_rcc_ex.c ****   if(status == HAL_OK)
3184:Drivers/STM32L4xx_HAL_Driver/Src/stm32l4xx_hal_rcc_ex.c ****   {
3185:Drivers/STM32L4xx_HAL_Driver/Src/stm32l4xx_hal_rcc_ex.c ****     /* Disable the PLLSAI2 */
3186:Drivers/STM32L4xx_HAL_Driver/Src/stm32l4xx_hal_rcc_ex.c ****     __HAL_RCC_PLLSAI2_DISABLE();
3187:Drivers/STM32L4xx_HAL_Driver/Src/stm32l4xx_hal_rcc_ex.c **** 
3188:Drivers/STM32L4xx_HAL_Driver/Src/stm32l4xx_hal_rcc_ex.c ****     /* Get Start Tick*/
3189:Drivers/STM32L4xx_HAL_Driver/Src/stm32l4xx_hal_rcc_ex.c ****     tickstart = HAL_GetTick();
3190:Drivers/STM32L4xx_HAL_Driver/Src/stm32l4xx_hal_rcc_ex.c **** 
3191:Drivers/STM32L4xx_HAL_Driver/Src/stm32l4xx_hal_rcc_ex.c ****     /* Wait till PLLSAI2 is ready to be updated */
3192:Drivers/STM32L4xx_HAL_Driver/Src/stm32l4xx_hal_rcc_ex.c ****     while(READ_BIT(RCC->CR, RCC_CR_PLLSAI2RDY) != 0U)
3193:Drivers/STM32L4xx_HAL_Driver/Src/stm32l4xx_hal_rcc_ex.c ****     {
3194:Drivers/STM32L4xx_HAL_Driver/Src/stm32l4xx_hal_rcc_ex.c ****       if((HAL_GetTick() - tickstart) > PLLSAI2_TIMEOUT_VALUE)
3195:Drivers/STM32L4xx_HAL_Driver/Src/stm32l4xx_hal_rcc_ex.c ****       {
3196:Drivers/STM32L4xx_HAL_Driver/Src/stm32l4xx_hal_rcc_ex.c ****         status = HAL_TIMEOUT;
3197:Drivers/STM32L4xx_HAL_Driver/Src/stm32l4xx_hal_rcc_ex.c ****         break;
3198:Drivers/STM32L4xx_HAL_Driver/Src/stm32l4xx_hal_rcc_ex.c ****       }
3199:Drivers/STM32L4xx_HAL_Driver/Src/stm32l4xx_hal_rcc_ex.c ****     }
3200:Drivers/STM32L4xx_HAL_Driver/Src/stm32l4xx_hal_rcc_ex.c **** 
3201:Drivers/STM32L4xx_HAL_Driver/Src/stm32l4xx_hal_rcc_ex.c ****     if(status == HAL_OK)
3202:Drivers/STM32L4xx_HAL_Driver/Src/stm32l4xx_hal_rcc_ex.c ****     {
3203:Drivers/STM32L4xx_HAL_Driver/Src/stm32l4xx_hal_rcc_ex.c ****       if(Divider == DIVIDER_P_UPDATE)
3204:Drivers/STM32L4xx_HAL_Driver/Src/stm32l4xx_hal_rcc_ex.c ****       {
3205:Drivers/STM32L4xx_HAL_Driver/Src/stm32l4xx_hal_rcc_ex.c ****         assert_param(IS_RCC_PLLSAI2P_VALUE(PllSai2->PLLSAI2P));
3206:Drivers/STM32L4xx_HAL_Driver/Src/stm32l4xx_hal_rcc_ex.c **** #if defined(RCC_PLLSAI2M_DIV_1_16_SUPPORT)
3207:Drivers/STM32L4xx_HAL_Driver/Src/stm32l4xx_hal_rcc_ex.c **** 
3208:Drivers/STM32L4xx_HAL_Driver/Src/stm32l4xx_hal_rcc_ex.c ****         /* Configure the PLLSAI2 Division factor M, P and Multiplication factor N*/
3209:Drivers/STM32L4xx_HAL_Driver/Src/stm32l4xx_hal_rcc_ex.c **** #if defined(RCC_PLLSAI2P_DIV_2_31_SUPPORT)
3210:Drivers/STM32L4xx_HAL_Driver/Src/stm32l4xx_hal_rcc_ex.c ****         MODIFY_REG(RCC->PLLSAI2CFGR,
3211:Drivers/STM32L4xx_HAL_Driver/Src/stm32l4xx_hal_rcc_ex.c ****                    RCC_PLLSAI2CFGR_PLLSAI2N | RCC_PLLSAI2CFGR_PLLSAI2PDIV | RCC_PLLSAI2CFGR_PLLSAI2
3212:Drivers/STM32L4xx_HAL_Driver/Src/stm32l4xx_hal_rcc_ex.c ****                    (PllSai2->PLLSAI2N << RCC_PLLSAI2CFGR_PLLSAI2N_Pos) |
3213:Drivers/STM32L4xx_HAL_Driver/Src/stm32l4xx_hal_rcc_ex.c ****                    (PllSai2->PLLSAI2P << RCC_PLLSAI2CFGR_PLLSAI2PDIV_Pos) |
3214:Drivers/STM32L4xx_HAL_Driver/Src/stm32l4xx_hal_rcc_ex.c ****                    ((PllSai2->PLLSAI2M - 1U) << RCC_PLLSAI2CFGR_PLLSAI2M_Pos));
3215:Drivers/STM32L4xx_HAL_Driver/Src/stm32l4xx_hal_rcc_ex.c **** #else
3216:Drivers/STM32L4xx_HAL_Driver/Src/stm32l4xx_hal_rcc_ex.c ****         MODIFY_REG(RCC->PLLSAI2CFGR,
3217:Drivers/STM32L4xx_HAL_Driver/Src/stm32l4xx_hal_rcc_ex.c ****                    RCC_PLLSAI2CFGR_PLLSAI2N | RCC_PLLSAI2CFGR_PLLSAI2P | RCC_PLLSAI2CFGR_PLLSAI2M,
3218:Drivers/STM32L4xx_HAL_Driver/Src/stm32l4xx_hal_rcc_ex.c ****                    (PllSai2->PLLSAI2N << RCC_PLLSAI2CFGR_PLLSAI2N_Pos) |
3219:Drivers/STM32L4xx_HAL_Driver/Src/stm32l4xx_hal_rcc_ex.c ****                    ((PllSai2->PLLSAI2P >> 4U) << RCC_PLLSAI2CFGR_PLLSAI2P_Pos) |
3220:Drivers/STM32L4xx_HAL_Driver/Src/stm32l4xx_hal_rcc_ex.c ****                    ((PllSai2->PLLSAI2M - 1U) << RCC_PLLSAI2CFGR_PLLSAI2M_Pos));
3221:Drivers/STM32L4xx_HAL_Driver/Src/stm32l4xx_hal_rcc_ex.c **** #endif /* RCC_PLLSAI2P_DIV_2_31_SUPPORT */
3222:Drivers/STM32L4xx_HAL_Driver/Src/stm32l4xx_hal_rcc_ex.c **** 
ARM GAS  C:\Users\adisa\AppData\Local\Temp\ccmroX4q.s 			page 58


3223:Drivers/STM32L4xx_HAL_Driver/Src/stm32l4xx_hal_rcc_ex.c **** #else
3224:Drivers/STM32L4xx_HAL_Driver/Src/stm32l4xx_hal_rcc_ex.c ****         /* Configure the PLLSAI2 Division factor P and Multiplication factor N*/
3225:Drivers/STM32L4xx_HAL_Driver/Src/stm32l4xx_hal_rcc_ex.c **** #if defined(RCC_PLLSAI2P_DIV_2_31_SUPPORT)
3226:Drivers/STM32L4xx_HAL_Driver/Src/stm32l4xx_hal_rcc_ex.c ****         MODIFY_REG(RCC->PLLSAI2CFGR,
3227:Drivers/STM32L4xx_HAL_Driver/Src/stm32l4xx_hal_rcc_ex.c ****                    RCC_PLLSAI2CFGR_PLLSAI2N | RCC_PLLSAI2CFGR_PLLSAI2PDIV,
3228:Drivers/STM32L4xx_HAL_Driver/Src/stm32l4xx_hal_rcc_ex.c ****                    (PllSai2->PLLSAI2N << RCC_PLLSAI2CFGR_PLLSAI2N_Pos) |
3229:Drivers/STM32L4xx_HAL_Driver/Src/stm32l4xx_hal_rcc_ex.c ****                    (PllSai2->PLLSAI2P << RCC_PLLSAI2CFGR_PLLSAI2PDIV_Pos));
3230:Drivers/STM32L4xx_HAL_Driver/Src/stm32l4xx_hal_rcc_ex.c **** #else
3231:Drivers/STM32L4xx_HAL_Driver/Src/stm32l4xx_hal_rcc_ex.c ****         MODIFY_REG(RCC->PLLSAI2CFGR,
3232:Drivers/STM32L4xx_HAL_Driver/Src/stm32l4xx_hal_rcc_ex.c ****                    RCC_PLLSAI2CFGR_PLLSAI2N | RCC_PLLSAI2CFGR_PLLSAI2P,
3233:Drivers/STM32L4xx_HAL_Driver/Src/stm32l4xx_hal_rcc_ex.c ****                    (PllSai2->PLLSAI2N << RCC_PLLSAI2CFGR_PLLSAI2N_Pos) |
3234:Drivers/STM32L4xx_HAL_Driver/Src/stm32l4xx_hal_rcc_ex.c ****                    ((PllSai2->PLLSAI2P >> 4U) << RCC_PLLSAI2CFGR_PLLSAI2P_Pos));
3235:Drivers/STM32L4xx_HAL_Driver/Src/stm32l4xx_hal_rcc_ex.c **** #endif /* RCC_PLLSAI2P_DIV_2_31_SUPPORT */
3236:Drivers/STM32L4xx_HAL_Driver/Src/stm32l4xx_hal_rcc_ex.c **** 
3237:Drivers/STM32L4xx_HAL_Driver/Src/stm32l4xx_hal_rcc_ex.c **** #endif /* RCC_PLLSAI2M_DIV_1_16_SUPPORT */
3238:Drivers/STM32L4xx_HAL_Driver/Src/stm32l4xx_hal_rcc_ex.c ****       }
3239:Drivers/STM32L4xx_HAL_Driver/Src/stm32l4xx_hal_rcc_ex.c **** #if defined(RCC_PLLSAI2Q_DIV_SUPPORT)
3240:Drivers/STM32L4xx_HAL_Driver/Src/stm32l4xx_hal_rcc_ex.c ****       else if(Divider == DIVIDER_Q_UPDATE)
3241:Drivers/STM32L4xx_HAL_Driver/Src/stm32l4xx_hal_rcc_ex.c ****       {
3242:Drivers/STM32L4xx_HAL_Driver/Src/stm32l4xx_hal_rcc_ex.c ****         assert_param(IS_RCC_PLLSAI2Q_VALUE(PllSai2->PLLSAI2Q));
3243:Drivers/STM32L4xx_HAL_Driver/Src/stm32l4xx_hal_rcc_ex.c **** #if defined(RCC_PLLSAI2M_DIV_1_16_SUPPORT)
3244:Drivers/STM32L4xx_HAL_Driver/Src/stm32l4xx_hal_rcc_ex.c ****         /* Configure the PLLSAI2 Division factor M, Q and Multiplication factor N*/
3245:Drivers/STM32L4xx_HAL_Driver/Src/stm32l4xx_hal_rcc_ex.c ****         MODIFY_REG(RCC->PLLSAI2CFGR,
3246:Drivers/STM32L4xx_HAL_Driver/Src/stm32l4xx_hal_rcc_ex.c ****                    RCC_PLLSAI2CFGR_PLLSAI2N | RCC_PLLSAI2CFGR_PLLSAI2Q | RCC_PLLSAI2CFGR_PLLSAI2M,
3247:Drivers/STM32L4xx_HAL_Driver/Src/stm32l4xx_hal_rcc_ex.c ****                    (PllSai2->PLLSAI2N << RCC_PLLSAI2CFGR_PLLSAI2N_Pos) |
3248:Drivers/STM32L4xx_HAL_Driver/Src/stm32l4xx_hal_rcc_ex.c ****                    (((PllSai2->PLLSAI2Q >> 1U) - 1U) << RCC_PLLSAI2CFGR_PLLSAI2Q_Pos) |
3249:Drivers/STM32L4xx_HAL_Driver/Src/stm32l4xx_hal_rcc_ex.c ****                    ((PllSai2->PLLSAI2M - 1U) << RCC_PLLSAI2CFGR_PLLSAI2M_Pos));
3250:Drivers/STM32L4xx_HAL_Driver/Src/stm32l4xx_hal_rcc_ex.c **** #else
3251:Drivers/STM32L4xx_HAL_Driver/Src/stm32l4xx_hal_rcc_ex.c ****         /* Configure the PLLSAI2 Division factor Q and Multiplication factor N*/
3252:Drivers/STM32L4xx_HAL_Driver/Src/stm32l4xx_hal_rcc_ex.c ****         MODIFY_REG(RCC->PLLSAI2CFGR,
3253:Drivers/STM32L4xx_HAL_Driver/Src/stm32l4xx_hal_rcc_ex.c ****                    RCC_PLLSAI2CFGR_PLLSAI2N | RCC_PLLSAI2CFGR_PLLSAI2Q,
3254:Drivers/STM32L4xx_HAL_Driver/Src/stm32l4xx_hal_rcc_ex.c ****                    (PllSai2->PLLSAI2N << RCC_PLLSAI2CFGR_PLLSAI2N_Pos) |
3255:Drivers/STM32L4xx_HAL_Driver/Src/stm32l4xx_hal_rcc_ex.c ****                    (((PllSai2->PLLSAI2Q >> 1U) - 1U) << RCC_PLLSAI2CFGR_PLLSAI2Q_Pos));
3256:Drivers/STM32L4xx_HAL_Driver/Src/stm32l4xx_hal_rcc_ex.c **** #endif /* RCC_PLLSAI2M_DIV_1_16_SUPPORT */
3257:Drivers/STM32L4xx_HAL_Driver/Src/stm32l4xx_hal_rcc_ex.c ****       }
3258:Drivers/STM32L4xx_HAL_Driver/Src/stm32l4xx_hal_rcc_ex.c **** #endif /* RCC_PLLSAI2Q_DIV_SUPPORT */
3259:Drivers/STM32L4xx_HAL_Driver/Src/stm32l4xx_hal_rcc_ex.c ****       else
3260:Drivers/STM32L4xx_HAL_Driver/Src/stm32l4xx_hal_rcc_ex.c ****       {
3261:Drivers/STM32L4xx_HAL_Driver/Src/stm32l4xx_hal_rcc_ex.c ****         assert_param(IS_RCC_PLLSAI2R_VALUE(PllSai2->PLLSAI2R));
3262:Drivers/STM32L4xx_HAL_Driver/Src/stm32l4xx_hal_rcc_ex.c **** #if defined(RCC_PLLSAI2M_DIV_1_16_SUPPORT)
3263:Drivers/STM32L4xx_HAL_Driver/Src/stm32l4xx_hal_rcc_ex.c ****         /* Configure the PLLSAI2 Division factor M, R and Multiplication factor N*/
3264:Drivers/STM32L4xx_HAL_Driver/Src/stm32l4xx_hal_rcc_ex.c ****         MODIFY_REG(RCC->PLLSAI2CFGR,
3265:Drivers/STM32L4xx_HAL_Driver/Src/stm32l4xx_hal_rcc_ex.c ****                    RCC_PLLSAI2CFGR_PLLSAI2N | RCC_PLLSAI2CFGR_PLLSAI2R | RCC_PLLSAI2CFGR_PLLSAI2M,
3266:Drivers/STM32L4xx_HAL_Driver/Src/stm32l4xx_hal_rcc_ex.c ****                    (PllSai2->PLLSAI2N << RCC_PLLSAI2CFGR_PLLSAI2N_Pos) |
3267:Drivers/STM32L4xx_HAL_Driver/Src/stm32l4xx_hal_rcc_ex.c ****                    (((PllSai2->PLLSAI2R >> 1U) - 1U) << RCC_PLLSAI2CFGR_PLLSAI2R_Pos) |
3268:Drivers/STM32L4xx_HAL_Driver/Src/stm32l4xx_hal_rcc_ex.c ****                    ((PllSai2->PLLSAI2M - 1U) << RCC_PLLSAI2CFGR_PLLSAI2M_Pos));
3269:Drivers/STM32L4xx_HAL_Driver/Src/stm32l4xx_hal_rcc_ex.c **** #else
3270:Drivers/STM32L4xx_HAL_Driver/Src/stm32l4xx_hal_rcc_ex.c ****         /* Configure the PLLSAI2 Division factor R and Multiplication factor N*/
3271:Drivers/STM32L4xx_HAL_Driver/Src/stm32l4xx_hal_rcc_ex.c ****         MODIFY_REG(RCC->PLLSAI2CFGR,
3272:Drivers/STM32L4xx_HAL_Driver/Src/stm32l4xx_hal_rcc_ex.c ****                    RCC_PLLSAI2CFGR_PLLSAI2N | RCC_PLLSAI2CFGR_PLLSAI2R,
3273:Drivers/STM32L4xx_HAL_Driver/Src/stm32l4xx_hal_rcc_ex.c ****                    (PllSai2->PLLSAI2N << RCC_PLLSAI2CFGR_PLLSAI2N_Pos) |
3274:Drivers/STM32L4xx_HAL_Driver/Src/stm32l4xx_hal_rcc_ex.c ****                    (((PllSai2->PLLSAI2R >> 1U) - 1U) << RCC_PLLSAI2CFGR_PLLSAI2R_Pos));
3275:Drivers/STM32L4xx_HAL_Driver/Src/stm32l4xx_hal_rcc_ex.c **** #endif /* RCC_PLLSAI2M_DIV_1_16_SUPPORT */
3276:Drivers/STM32L4xx_HAL_Driver/Src/stm32l4xx_hal_rcc_ex.c ****       }
3277:Drivers/STM32L4xx_HAL_Driver/Src/stm32l4xx_hal_rcc_ex.c **** 
3278:Drivers/STM32L4xx_HAL_Driver/Src/stm32l4xx_hal_rcc_ex.c ****       /* Enable the PLLSAI2 again by setting PLLSAI2ON to 1*/
3279:Drivers/STM32L4xx_HAL_Driver/Src/stm32l4xx_hal_rcc_ex.c ****       __HAL_RCC_PLLSAI2_ENABLE();
ARM GAS  C:\Users\adisa\AppData\Local\Temp\ccmroX4q.s 			page 59


3280:Drivers/STM32L4xx_HAL_Driver/Src/stm32l4xx_hal_rcc_ex.c **** 
3281:Drivers/STM32L4xx_HAL_Driver/Src/stm32l4xx_hal_rcc_ex.c ****       /* Get Start Tick*/
3282:Drivers/STM32L4xx_HAL_Driver/Src/stm32l4xx_hal_rcc_ex.c ****       tickstart = HAL_GetTick();
3283:Drivers/STM32L4xx_HAL_Driver/Src/stm32l4xx_hal_rcc_ex.c **** 
3284:Drivers/STM32L4xx_HAL_Driver/Src/stm32l4xx_hal_rcc_ex.c ****       /* Wait till PLLSAI2 is ready */
3285:Drivers/STM32L4xx_HAL_Driver/Src/stm32l4xx_hal_rcc_ex.c ****       while(READ_BIT(RCC->CR, RCC_CR_PLLSAI2RDY) == 0U)
3286:Drivers/STM32L4xx_HAL_Driver/Src/stm32l4xx_hal_rcc_ex.c ****       {
3287:Drivers/STM32L4xx_HAL_Driver/Src/stm32l4xx_hal_rcc_ex.c ****         if((HAL_GetTick() - tickstart) > PLLSAI2_TIMEOUT_VALUE)
3288:Drivers/STM32L4xx_HAL_Driver/Src/stm32l4xx_hal_rcc_ex.c ****         {
3289:Drivers/STM32L4xx_HAL_Driver/Src/stm32l4xx_hal_rcc_ex.c ****           status = HAL_TIMEOUT;
3290:Drivers/STM32L4xx_HAL_Driver/Src/stm32l4xx_hal_rcc_ex.c ****           break;
3291:Drivers/STM32L4xx_HAL_Driver/Src/stm32l4xx_hal_rcc_ex.c ****         }
3292:Drivers/STM32L4xx_HAL_Driver/Src/stm32l4xx_hal_rcc_ex.c ****       }
3293:Drivers/STM32L4xx_HAL_Driver/Src/stm32l4xx_hal_rcc_ex.c **** 
3294:Drivers/STM32L4xx_HAL_Driver/Src/stm32l4xx_hal_rcc_ex.c ****       if(status == HAL_OK)
3295:Drivers/STM32L4xx_HAL_Driver/Src/stm32l4xx_hal_rcc_ex.c ****       {
3296:Drivers/STM32L4xx_HAL_Driver/Src/stm32l4xx_hal_rcc_ex.c ****         /* Configure the PLLSAI2 Clock output(s) */
3297:Drivers/STM32L4xx_HAL_Driver/Src/stm32l4xx_hal_rcc_ex.c ****         __HAL_RCC_PLLSAI2CLKOUT_ENABLE(PllSai2->PLLSAI2ClockOut);
3298:Drivers/STM32L4xx_HAL_Driver/Src/stm32l4xx_hal_rcc_ex.c ****       }
3299:Drivers/STM32L4xx_HAL_Driver/Src/stm32l4xx_hal_rcc_ex.c ****     }
3300:Drivers/STM32L4xx_HAL_Driver/Src/stm32l4xx_hal_rcc_ex.c ****   }
3301:Drivers/STM32L4xx_HAL_Driver/Src/stm32l4xx_hal_rcc_ex.c **** 
3302:Drivers/STM32L4xx_HAL_Driver/Src/stm32l4xx_hal_rcc_ex.c ****   return status;
3303:Drivers/STM32L4xx_HAL_Driver/Src/stm32l4xx_hal_rcc_ex.c **** }
3304:Drivers/STM32L4xx_HAL_Driver/Src/stm32l4xx_hal_rcc_ex.c **** 
3305:Drivers/STM32L4xx_HAL_Driver/Src/stm32l4xx_hal_rcc_ex.c **** #endif /* RCC_PLLSAI2_SUPPORT */
3306:Drivers/STM32L4xx_HAL_Driver/Src/stm32l4xx_hal_rcc_ex.c **** 
3307:Drivers/STM32L4xx_HAL_Driver/Src/stm32l4xx_hal_rcc_ex.c **** #if defined(SAI1)
3308:Drivers/STM32L4xx_HAL_Driver/Src/stm32l4xx_hal_rcc_ex.c **** 
3309:Drivers/STM32L4xx_HAL_Driver/Src/stm32l4xx_hal_rcc_ex.c **** static uint32_t RCCEx_GetSAIxPeriphCLKFreq(uint32_t PeriphClk, uint32_t InputFrequency)
3310:Drivers/STM32L4xx_HAL_Driver/Src/stm32l4xx_hal_rcc_ex.c **** {
  29              		.loc 1 3310 1 view -0
  30              		.cfi_startproc
  31              		@ args = 0, pretend = 0, frame = 0
  32              		@ frame_needed = 0, uses_anonymous_args = 0
  33              		@ link register save eliminated.
3311:Drivers/STM32L4xx_HAL_Driver/Src/stm32l4xx_hal_rcc_ex.c ****   uint32_t frequency = 0U;
  34              		.loc 1 3311 3 view .LVU1
3312:Drivers/STM32L4xx_HAL_Driver/Src/stm32l4xx_hal_rcc_ex.c ****   uint32_t srcclk = 0U;
  35              		.loc 1 3312 3 view .LVU2
3313:Drivers/STM32L4xx_HAL_Driver/Src/stm32l4xx_hal_rcc_ex.c ****   uint32_t pllvco, plln;    /* no init needed */
  36              		.loc 1 3313 3 view .LVU3
3314:Drivers/STM32L4xx_HAL_Driver/Src/stm32l4xx_hal_rcc_ex.c **** #if defined(RCC_PLLP_SUPPORT)
3315:Drivers/STM32L4xx_HAL_Driver/Src/stm32l4xx_hal_rcc_ex.c ****   uint32_t pllp = 0U;
  37              		.loc 1 3315 3 view .LVU4
3316:Drivers/STM32L4xx_HAL_Driver/Src/stm32l4xx_hal_rcc_ex.c **** #endif /* RCC_PLLP_SUPPORT */
3317:Drivers/STM32L4xx_HAL_Driver/Src/stm32l4xx_hal_rcc_ex.c **** 
3318:Drivers/STM32L4xx_HAL_Driver/Src/stm32l4xx_hal_rcc_ex.c ****   /* Handle SAIs */
3319:Drivers/STM32L4xx_HAL_Driver/Src/stm32l4xx_hal_rcc_ex.c ****   if(PeriphClk == RCC_PERIPHCLK_SAI1)
  38              		.loc 1 3319 3 view .LVU5
  39              		.loc 1 3319 5 is_stmt 0 view .LVU6
  40 0000 B0F5006F 		cmp	r0, #2048
  41 0004 2AD0     		beq	.L19
3312:Drivers/STM32L4xx_HAL_Driver/Src/stm32l4xx_hal_rcc_ex.c ****   uint32_t pllvco, plln;    /* no init needed */
  42              		.loc 1 3312 12 view .LVU7
  43 0006 0023     		movs	r3, #0
  44              	.LVL1:
ARM GAS  C:\Users\adisa\AppData\Local\Temp\ccmroX4q.s 			page 60


  45              	.L2:
3310:Drivers/STM32L4xx_HAL_Driver/Src/stm32l4xx_hal_rcc_ex.c ****   uint32_t frequency = 0U;
  46              		.loc 1 3310 1 view .LVU8
  47 0008 10B4     		push	{r4}
  48              	.LCFI0:
  49              		.cfi_def_cfa_offset 4
  50              		.cfi_offset 4, -4
  51              	.LVL2:
3320:Drivers/STM32L4xx_HAL_Driver/Src/stm32l4xx_hal_rcc_ex.c ****   {
3321:Drivers/STM32L4xx_HAL_Driver/Src/stm32l4xx_hal_rcc_ex.c ****     srcclk = __HAL_RCC_GET_SAI1_SOURCE();
3322:Drivers/STM32L4xx_HAL_Driver/Src/stm32l4xx_hal_rcc_ex.c ****     if(srcclk == RCC_SAI1CLKSOURCE_PIN)
3323:Drivers/STM32L4xx_HAL_Driver/Src/stm32l4xx_hal_rcc_ex.c ****     {
3324:Drivers/STM32L4xx_HAL_Driver/Src/stm32l4xx_hal_rcc_ex.c ****       frequency = EXTERNAL_SAI1_CLOCK_VALUE;
3325:Drivers/STM32L4xx_HAL_Driver/Src/stm32l4xx_hal_rcc_ex.c ****     }
3326:Drivers/STM32L4xx_HAL_Driver/Src/stm32l4xx_hal_rcc_ex.c ****     /* Else, PLL clock output to check below */
3327:Drivers/STM32L4xx_HAL_Driver/Src/stm32l4xx_hal_rcc_ex.c ****   }
3328:Drivers/STM32L4xx_HAL_Driver/Src/stm32l4xx_hal_rcc_ex.c **** #if defined(SAI2)
3329:Drivers/STM32L4xx_HAL_Driver/Src/stm32l4xx_hal_rcc_ex.c ****   else
3330:Drivers/STM32L4xx_HAL_Driver/Src/stm32l4xx_hal_rcc_ex.c ****   {
3331:Drivers/STM32L4xx_HAL_Driver/Src/stm32l4xx_hal_rcc_ex.c ****     if(PeriphClk == RCC_PERIPHCLK_SAI2)
3332:Drivers/STM32L4xx_HAL_Driver/Src/stm32l4xx_hal_rcc_ex.c ****     {
3333:Drivers/STM32L4xx_HAL_Driver/Src/stm32l4xx_hal_rcc_ex.c ****       srcclk = __HAL_RCC_GET_SAI2_SOURCE();
3334:Drivers/STM32L4xx_HAL_Driver/Src/stm32l4xx_hal_rcc_ex.c ****       if(srcclk == RCC_SAI2CLKSOURCE_PIN)
3335:Drivers/STM32L4xx_HAL_Driver/Src/stm32l4xx_hal_rcc_ex.c ****       {
3336:Drivers/STM32L4xx_HAL_Driver/Src/stm32l4xx_hal_rcc_ex.c ****         frequency = EXTERNAL_SAI2_CLOCK_VALUE;
3337:Drivers/STM32L4xx_HAL_Driver/Src/stm32l4xx_hal_rcc_ex.c ****       }
3338:Drivers/STM32L4xx_HAL_Driver/Src/stm32l4xx_hal_rcc_ex.c ****       /* Else, PLL clock output to check below */
3339:Drivers/STM32L4xx_HAL_Driver/Src/stm32l4xx_hal_rcc_ex.c ****     }
3340:Drivers/STM32L4xx_HAL_Driver/Src/stm32l4xx_hal_rcc_ex.c ****   }
3341:Drivers/STM32L4xx_HAL_Driver/Src/stm32l4xx_hal_rcc_ex.c **** #endif /* SAI2 */
3342:Drivers/STM32L4xx_HAL_Driver/Src/stm32l4xx_hal_rcc_ex.c **** 
3343:Drivers/STM32L4xx_HAL_Driver/Src/stm32l4xx_hal_rcc_ex.c ****   if(frequency == 0U)
3344:Drivers/STM32L4xx_HAL_Driver/Src/stm32l4xx_hal_rcc_ex.c ****   {
3345:Drivers/STM32L4xx_HAL_Driver/Src/stm32l4xx_hal_rcc_ex.c ****     pllvco = InputFrequency;
  52              		.loc 1 3345 5 is_stmt 1 view .LVU9
3346:Drivers/STM32L4xx_HAL_Driver/Src/stm32l4xx_hal_rcc_ex.c **** 
3347:Drivers/STM32L4xx_HAL_Driver/Src/stm32l4xx_hal_rcc_ex.c **** #if defined(SAI2)
3348:Drivers/STM32L4xx_HAL_Driver/Src/stm32l4xx_hal_rcc_ex.c ****     if((srcclk == RCC_SAI1CLKSOURCE_PLL) || (srcclk == RCC_SAI2CLKSOURCE_PLL))
3349:Drivers/STM32L4xx_HAL_Driver/Src/stm32l4xx_hal_rcc_ex.c ****     {
3350:Drivers/STM32L4xx_HAL_Driver/Src/stm32l4xx_hal_rcc_ex.c ****       if(HAL_IS_BIT_SET(RCC->CR, RCC_CR_PLLRDY) && (__HAL_RCC_GET_PLLCLKOUT_CONFIG(RCC_PLL_SAI3CLK)
3351:Drivers/STM32L4xx_HAL_Driver/Src/stm32l4xx_hal_rcc_ex.c ****       {
3352:Drivers/STM32L4xx_HAL_Driver/Src/stm32l4xx_hal_rcc_ex.c ****         /* f(PLL Source) / PLLM */
3353:Drivers/STM32L4xx_HAL_Driver/Src/stm32l4xx_hal_rcc_ex.c ****         pllvco = (pllvco / ((READ_BIT(RCC->PLLCFGR, RCC_PLLCFGR_PLLM) >> RCC_PLLCFGR_PLLM_Pos) + 1U
3354:Drivers/STM32L4xx_HAL_Driver/Src/stm32l4xx_hal_rcc_ex.c ****         /* f(PLLSAI3CLK) = f(VCO input) * PLLN / PLLP */
3355:Drivers/STM32L4xx_HAL_Driver/Src/stm32l4xx_hal_rcc_ex.c ****         plln = READ_BIT(RCC->PLLCFGR, RCC_PLLCFGR_PLLN) >> RCC_PLLCFGR_PLLN_Pos;
3356:Drivers/STM32L4xx_HAL_Driver/Src/stm32l4xx_hal_rcc_ex.c **** #if defined(RCC_PLLP_DIV_2_31_SUPPORT)
3357:Drivers/STM32L4xx_HAL_Driver/Src/stm32l4xx_hal_rcc_ex.c ****         pllp = READ_BIT(RCC->PLLCFGR, RCC_PLLCFGR_PLLPDIV) >> RCC_PLLCFGR_PLLPDIV_Pos;
3358:Drivers/STM32L4xx_HAL_Driver/Src/stm32l4xx_hal_rcc_ex.c **** #endif
3359:Drivers/STM32L4xx_HAL_Driver/Src/stm32l4xx_hal_rcc_ex.c ****         if(pllp == 0U)
3360:Drivers/STM32L4xx_HAL_Driver/Src/stm32l4xx_hal_rcc_ex.c ****         {
3361:Drivers/STM32L4xx_HAL_Driver/Src/stm32l4xx_hal_rcc_ex.c ****           if(READ_BIT(RCC->PLLCFGR, RCC_PLLCFGR_PLLP) != 0U)
3362:Drivers/STM32L4xx_HAL_Driver/Src/stm32l4xx_hal_rcc_ex.c ****           {
3363:Drivers/STM32L4xx_HAL_Driver/Src/stm32l4xx_hal_rcc_ex.c ****             pllp = 17U;
3364:Drivers/STM32L4xx_HAL_Driver/Src/stm32l4xx_hal_rcc_ex.c ****           }
3365:Drivers/STM32L4xx_HAL_Driver/Src/stm32l4xx_hal_rcc_ex.c ****           else
3366:Drivers/STM32L4xx_HAL_Driver/Src/stm32l4xx_hal_rcc_ex.c ****           {
3367:Drivers/STM32L4xx_HAL_Driver/Src/stm32l4xx_hal_rcc_ex.c ****             pllp = 7U;
ARM GAS  C:\Users\adisa\AppData\Local\Temp\ccmroX4q.s 			page 61


3368:Drivers/STM32L4xx_HAL_Driver/Src/stm32l4xx_hal_rcc_ex.c ****           }
3369:Drivers/STM32L4xx_HAL_Driver/Src/stm32l4xx_hal_rcc_ex.c ****         }
3370:Drivers/STM32L4xx_HAL_Driver/Src/stm32l4xx_hal_rcc_ex.c ****         frequency = (pllvco * plln) / pllp;
3371:Drivers/STM32L4xx_HAL_Driver/Src/stm32l4xx_hal_rcc_ex.c ****       }
3372:Drivers/STM32L4xx_HAL_Driver/Src/stm32l4xx_hal_rcc_ex.c ****     }
3373:Drivers/STM32L4xx_HAL_Driver/Src/stm32l4xx_hal_rcc_ex.c ****     else if(srcclk == 0U)  /* RCC_SAI1CLKSOURCE_PLLSAI1 || RCC_SAI2CLKSOURCE_PLLSAI1 */
3374:Drivers/STM32L4xx_HAL_Driver/Src/stm32l4xx_hal_rcc_ex.c ****     {
3375:Drivers/STM32L4xx_HAL_Driver/Src/stm32l4xx_hal_rcc_ex.c ****       if(HAL_IS_BIT_SET(RCC->CR, RCC_CR_PLLSAI1RDY) && (__HAL_RCC_GET_PLLSAI1CLKOUT_CONFIG(RCC_PLLS
3376:Drivers/STM32L4xx_HAL_Driver/Src/stm32l4xx_hal_rcc_ex.c ****       {
3377:Drivers/STM32L4xx_HAL_Driver/Src/stm32l4xx_hal_rcc_ex.c **** #if defined(RCC_PLLSAI1M_DIV_1_16_SUPPORT)
3378:Drivers/STM32L4xx_HAL_Driver/Src/stm32l4xx_hal_rcc_ex.c ****         /* PLLSAI1M exists: apply PLLSAI1M divider for PLLSAI1 output computation */
3379:Drivers/STM32L4xx_HAL_Driver/Src/stm32l4xx_hal_rcc_ex.c ****         /* f(PLLSAI1 Source) / PLLSAI1M */
3380:Drivers/STM32L4xx_HAL_Driver/Src/stm32l4xx_hal_rcc_ex.c ****         pllvco = (pllvco / ((READ_BIT(RCC->PLLSAI1CFGR, RCC_PLLSAI1CFGR_PLLSAI1M) >> RCC_PLLSAI1CFG
3381:Drivers/STM32L4xx_HAL_Driver/Src/stm32l4xx_hal_rcc_ex.c **** #else
3382:Drivers/STM32L4xx_HAL_Driver/Src/stm32l4xx_hal_rcc_ex.c ****         /* f(PLL Source) / PLLM */
3383:Drivers/STM32L4xx_HAL_Driver/Src/stm32l4xx_hal_rcc_ex.c ****         pllvco = (pllvco / ((READ_BIT(RCC->PLLCFGR, RCC_PLLCFGR_PLLM) >> RCC_PLLCFGR_PLLM_Pos) + 1U
3384:Drivers/STM32L4xx_HAL_Driver/Src/stm32l4xx_hal_rcc_ex.c **** #endif
3385:Drivers/STM32L4xx_HAL_Driver/Src/stm32l4xx_hal_rcc_ex.c ****         /* f(PLLSAI1CLK) = f(VCOSAI1 input) * PLLSAI1N / PLLSAI1P */
3386:Drivers/STM32L4xx_HAL_Driver/Src/stm32l4xx_hal_rcc_ex.c ****         plln = READ_BIT(RCC->PLLSAI1CFGR, RCC_PLLSAI1CFGR_PLLSAI1N) >> RCC_PLLSAI1CFGR_PLLSAI1N_Pos
3387:Drivers/STM32L4xx_HAL_Driver/Src/stm32l4xx_hal_rcc_ex.c **** #if defined(RCC_PLLSAI1P_DIV_2_31_SUPPORT)
3388:Drivers/STM32L4xx_HAL_Driver/Src/stm32l4xx_hal_rcc_ex.c ****         pllp = READ_BIT(RCC->PLLSAI1CFGR, RCC_PLLSAI1CFGR_PLLSAI1PDIV) >> RCC_PLLSAI1CFGR_PLLSAI1PD
3389:Drivers/STM32L4xx_HAL_Driver/Src/stm32l4xx_hal_rcc_ex.c **** #endif
3390:Drivers/STM32L4xx_HAL_Driver/Src/stm32l4xx_hal_rcc_ex.c ****         if(pllp == 0U)
3391:Drivers/STM32L4xx_HAL_Driver/Src/stm32l4xx_hal_rcc_ex.c ****         {
3392:Drivers/STM32L4xx_HAL_Driver/Src/stm32l4xx_hal_rcc_ex.c ****           if(READ_BIT(RCC->PLLSAI1CFGR, RCC_PLLSAI1CFGR_PLLSAI1P) != 0U)
3393:Drivers/STM32L4xx_HAL_Driver/Src/stm32l4xx_hal_rcc_ex.c ****           {
3394:Drivers/STM32L4xx_HAL_Driver/Src/stm32l4xx_hal_rcc_ex.c ****             pllp = 17U;
3395:Drivers/STM32L4xx_HAL_Driver/Src/stm32l4xx_hal_rcc_ex.c ****           }
3396:Drivers/STM32L4xx_HAL_Driver/Src/stm32l4xx_hal_rcc_ex.c ****           else
3397:Drivers/STM32L4xx_HAL_Driver/Src/stm32l4xx_hal_rcc_ex.c ****           {
3398:Drivers/STM32L4xx_HAL_Driver/Src/stm32l4xx_hal_rcc_ex.c ****             pllp = 7U;
3399:Drivers/STM32L4xx_HAL_Driver/Src/stm32l4xx_hal_rcc_ex.c ****           }
3400:Drivers/STM32L4xx_HAL_Driver/Src/stm32l4xx_hal_rcc_ex.c ****         }
3401:Drivers/STM32L4xx_HAL_Driver/Src/stm32l4xx_hal_rcc_ex.c ****         frequency = (pllvco * plln) / pllp;
3402:Drivers/STM32L4xx_HAL_Driver/Src/stm32l4xx_hal_rcc_ex.c ****       }
3403:Drivers/STM32L4xx_HAL_Driver/Src/stm32l4xx_hal_rcc_ex.c ****     }
3404:Drivers/STM32L4xx_HAL_Driver/Src/stm32l4xx_hal_rcc_ex.c **** #if defined(STM32L4P5xx) || defined(STM32L4Q5xx) || defined(STM32L4R5xx) || defined(STM32L4R7xx) ||
3405:Drivers/STM32L4xx_HAL_Driver/Src/stm32l4xx_hal_rcc_ex.c ****     else if((srcclk == RCC_SAI1CLKSOURCE_HSI) || (srcclk == RCC_SAI2CLKSOURCE_HSI))
3406:Drivers/STM32L4xx_HAL_Driver/Src/stm32l4xx_hal_rcc_ex.c ****     {
3407:Drivers/STM32L4xx_HAL_Driver/Src/stm32l4xx_hal_rcc_ex.c ****       if(HAL_IS_BIT_SET(RCC->CR, RCC_CR_HSIRDY))
3408:Drivers/STM32L4xx_HAL_Driver/Src/stm32l4xx_hal_rcc_ex.c ****       {
3409:Drivers/STM32L4xx_HAL_Driver/Src/stm32l4xx_hal_rcc_ex.c ****         frequency = HSI_VALUE;
3410:Drivers/STM32L4xx_HAL_Driver/Src/stm32l4xx_hal_rcc_ex.c ****       }
3411:Drivers/STM32L4xx_HAL_Driver/Src/stm32l4xx_hal_rcc_ex.c ****     }
3412:Drivers/STM32L4xx_HAL_Driver/Src/stm32l4xx_hal_rcc_ex.c **** #endif /* STM32L4P5xx || STM32L4Q5xx || STM32L4R5xx || STM32L4R7xx || STM32L4R9xx || STM32L4S5xx ||
3413:Drivers/STM32L4xx_HAL_Driver/Src/stm32l4xx_hal_rcc_ex.c **** 
3414:Drivers/STM32L4xx_HAL_Driver/Src/stm32l4xx_hal_rcc_ex.c **** #else
3415:Drivers/STM32L4xx_HAL_Driver/Src/stm32l4xx_hal_rcc_ex.c ****     if(srcclk == RCC_SAI1CLKSOURCE_PLL)
  53              		.loc 1 3415 5 view .LVU10
  54              		.loc 1 3415 7 is_stmt 0 view .LVU11
  55 000a B3F5000F 		cmp	r3, #8388608
  56 000e 2FD0     		beq	.L20
3416:Drivers/STM32L4xx_HAL_Driver/Src/stm32l4xx_hal_rcc_ex.c ****     {
3417:Drivers/STM32L4xx_HAL_Driver/Src/stm32l4xx_hal_rcc_ex.c ****       if(HAL_IS_BIT_SET(RCC->CR, RCC_CR_PLLRDY) && (__HAL_RCC_GET_PLLCLKOUT_CONFIG(RCC_PLL_SAI2CLK)
3418:Drivers/STM32L4xx_HAL_Driver/Src/stm32l4xx_hal_rcc_ex.c ****       {
3419:Drivers/STM32L4xx_HAL_Driver/Src/stm32l4xx_hal_rcc_ex.c ****         /* f(PLL Source) / PLLM */
3420:Drivers/STM32L4xx_HAL_Driver/Src/stm32l4xx_hal_rcc_ex.c ****         pllvco = (pllvco / ((READ_BIT(RCC->PLLCFGR, RCC_PLLCFGR_PLLM) >> RCC_PLLCFGR_PLLM_Pos) + 1U
ARM GAS  C:\Users\adisa\AppData\Local\Temp\ccmroX4q.s 			page 62


3421:Drivers/STM32L4xx_HAL_Driver/Src/stm32l4xx_hal_rcc_ex.c ****         /* f(PLLSAI2CLK) = f(VCO input) * PLLN / PLLP */
3422:Drivers/STM32L4xx_HAL_Driver/Src/stm32l4xx_hal_rcc_ex.c ****         plln = READ_BIT(RCC->PLLCFGR, RCC_PLLCFGR_PLLN) >> RCC_PLLCFGR_PLLN_Pos;
3423:Drivers/STM32L4xx_HAL_Driver/Src/stm32l4xx_hal_rcc_ex.c **** #if defined(RCC_PLLP_DIV_2_31_SUPPORT)
3424:Drivers/STM32L4xx_HAL_Driver/Src/stm32l4xx_hal_rcc_ex.c ****         pllp = READ_BIT(RCC->PLLCFGR, RCC_PLLCFGR_PLLPDIV) >> RCC_PLLCFGR_PLLPDIV_Pos;
3425:Drivers/STM32L4xx_HAL_Driver/Src/stm32l4xx_hal_rcc_ex.c **** #endif
3426:Drivers/STM32L4xx_HAL_Driver/Src/stm32l4xx_hal_rcc_ex.c ****         if(pllp == 0U)
3427:Drivers/STM32L4xx_HAL_Driver/Src/stm32l4xx_hal_rcc_ex.c ****         {
3428:Drivers/STM32L4xx_HAL_Driver/Src/stm32l4xx_hal_rcc_ex.c ****           if(READ_BIT(RCC->PLLCFGR, RCC_PLLCFGR_PLLP) != 0U)
3429:Drivers/STM32L4xx_HAL_Driver/Src/stm32l4xx_hal_rcc_ex.c ****           {
3430:Drivers/STM32L4xx_HAL_Driver/Src/stm32l4xx_hal_rcc_ex.c ****             pllp = 17U;
3431:Drivers/STM32L4xx_HAL_Driver/Src/stm32l4xx_hal_rcc_ex.c ****           }
3432:Drivers/STM32L4xx_HAL_Driver/Src/stm32l4xx_hal_rcc_ex.c ****           else
3433:Drivers/STM32L4xx_HAL_Driver/Src/stm32l4xx_hal_rcc_ex.c ****           {
3434:Drivers/STM32L4xx_HAL_Driver/Src/stm32l4xx_hal_rcc_ex.c ****             pllp = 7U;
3435:Drivers/STM32L4xx_HAL_Driver/Src/stm32l4xx_hal_rcc_ex.c ****           }
3436:Drivers/STM32L4xx_HAL_Driver/Src/stm32l4xx_hal_rcc_ex.c ****         }
3437:Drivers/STM32L4xx_HAL_Driver/Src/stm32l4xx_hal_rcc_ex.c ****         frequency = (pllvco * plln) / pllp;
3438:Drivers/STM32L4xx_HAL_Driver/Src/stm32l4xx_hal_rcc_ex.c ****       }
3439:Drivers/STM32L4xx_HAL_Driver/Src/stm32l4xx_hal_rcc_ex.c ****       else if(HAL_IS_BIT_SET(RCC->CR, RCC_CR_HSIRDY))
3440:Drivers/STM32L4xx_HAL_Driver/Src/stm32l4xx_hal_rcc_ex.c ****       {
3441:Drivers/STM32L4xx_HAL_Driver/Src/stm32l4xx_hal_rcc_ex.c ****         /* HSI automatically selected as clock source if PLLs not enabled */
3442:Drivers/STM32L4xx_HAL_Driver/Src/stm32l4xx_hal_rcc_ex.c ****         frequency = HSI_VALUE;
3443:Drivers/STM32L4xx_HAL_Driver/Src/stm32l4xx_hal_rcc_ex.c ****       }
3444:Drivers/STM32L4xx_HAL_Driver/Src/stm32l4xx_hal_rcc_ex.c ****       else
3445:Drivers/STM32L4xx_HAL_Driver/Src/stm32l4xx_hal_rcc_ex.c ****       {
3446:Drivers/STM32L4xx_HAL_Driver/Src/stm32l4xx_hal_rcc_ex.c ****         /* No clock source, frequency default init at 0 */
3447:Drivers/STM32L4xx_HAL_Driver/Src/stm32l4xx_hal_rcc_ex.c ****       }
3448:Drivers/STM32L4xx_HAL_Driver/Src/stm32l4xx_hal_rcc_ex.c ****     }
3449:Drivers/STM32L4xx_HAL_Driver/Src/stm32l4xx_hal_rcc_ex.c ****     else if(srcclk == RCC_SAI1CLKSOURCE_PLLSAI1)
  57              		.loc 1 3449 10 is_stmt 1 view .LVU12
  58              		.loc 1 3449 12 is_stmt 0 view .LVU13
  59 0010 002B     		cmp	r3, #0
  60 0012 63D1     		bne	.L13
3450:Drivers/STM32L4xx_HAL_Driver/Src/stm32l4xx_hal_rcc_ex.c ****     {
3451:Drivers/STM32L4xx_HAL_Driver/Src/stm32l4xx_hal_rcc_ex.c ****       if(HAL_IS_BIT_SET(RCC->CR, RCC_CR_PLLSAI1RDY) && (__HAL_RCC_GET_PLLSAI1CLKOUT_CONFIG(RCC_PLLS
  61              		.loc 1 3451 7 is_stmt 1 view .LVU14
  62              		.loc 1 3451 10 is_stmt 0 view .LVU15
  63 0014 03F18043 		add	r3, r3, #1073741824
  64 0018 03F50433 		add	r3, r3, #135168
  65 001c 1B68     		ldr	r3, [r3]
  66              		.loc 1 3451 9 view .LVU16
  67 001e 13F0006F 		tst	r3, #134217728
  68 0022 54D0     		beq	.L7
  69              		.loc 1 3451 57 discriminator 1 view .LVU17
  70 0024 2F4B     		ldr	r3, .L21
  71 0026 1B69     		ldr	r3, [r3, #16]
  72              		.loc 1 3451 53 discriminator 1 view .LVU18
  73 0028 13F4803F 		tst	r3, #65536
  74 002c 4FD0     		beq	.L7
3452:Drivers/STM32L4xx_HAL_Driver/Src/stm32l4xx_hal_rcc_ex.c ****       {
3453:Drivers/STM32L4xx_HAL_Driver/Src/stm32l4xx_hal_rcc_ex.c **** #if defined(RCC_PLLSAI1M_DIV_1_16_SUPPORT)
3454:Drivers/STM32L4xx_HAL_Driver/Src/stm32l4xx_hal_rcc_ex.c ****         /* PLLSAI1M exists: apply PLLSAI1M divider for PLLSAI1 output computation */
3455:Drivers/STM32L4xx_HAL_Driver/Src/stm32l4xx_hal_rcc_ex.c ****         /* f(PLLSAI1 Source) / PLLSAI1M */
3456:Drivers/STM32L4xx_HAL_Driver/Src/stm32l4xx_hal_rcc_ex.c ****         pllvco = (pllvco / ((READ_BIT(RCC->PLLSAI1CFGR, RCC_PLLSAI1CFGR_PLLSAI1M) >> RCC_PLLSAI1CFG
3457:Drivers/STM32L4xx_HAL_Driver/Src/stm32l4xx_hal_rcc_ex.c **** #else
3458:Drivers/STM32L4xx_HAL_Driver/Src/stm32l4xx_hal_rcc_ex.c ****         /* f(PLL Source) / PLLM */
3459:Drivers/STM32L4xx_HAL_Driver/Src/stm32l4xx_hal_rcc_ex.c ****         pllvco = (pllvco / ((READ_BIT(RCC->PLLCFGR, RCC_PLLCFGR_PLLM) >> RCC_PLLCFGR_PLLM_Pos) + 1U
ARM GAS  C:\Users\adisa\AppData\Local\Temp\ccmroX4q.s 			page 63


  75              		.loc 1 3459 9 is_stmt 1 view .LVU19
  76              		.loc 1 3459 30 is_stmt 0 view .LVU20
  77 002e 2D4C     		ldr	r4, .L21
  78 0030 E368     		ldr	r3, [r4, #12]
  79              		.loc 1 3459 71 view .LVU21
  80 0032 C3F30213 		ubfx	r3, r3, #4, #3
  81              		.loc 1 3459 96 view .LVU22
  82 0036 0133     		adds	r3, r3, #1
  83              		.loc 1 3459 16 view .LVU23
  84 0038 B1FBF3F0 		udiv	r0, r1, r3
  85              	.LVL3:
3460:Drivers/STM32L4xx_HAL_Driver/Src/stm32l4xx_hal_rcc_ex.c **** #endif
3461:Drivers/STM32L4xx_HAL_Driver/Src/stm32l4xx_hal_rcc_ex.c ****         /* f(PLLSAI1CLK) = f(VCOSAI1 input) * PLLSAI1N / PLLSAI1P */
3462:Drivers/STM32L4xx_HAL_Driver/Src/stm32l4xx_hal_rcc_ex.c ****         plln = READ_BIT(RCC->PLLSAI1CFGR, RCC_PLLSAI1CFGR_PLLSAI1N) >> RCC_PLLSAI1CFGR_PLLSAI1N_Pos
  86              		.loc 1 3462 9 is_stmt 1 view .LVU24
  87              		.loc 1 3462 16 is_stmt 0 view .LVU25
  88 003c 2269     		ldr	r2, [r4, #16]
  89              		.loc 1 3462 14 view .LVU26
  90 003e C2F30622 		ubfx	r2, r2, #8, #7
  91              	.LVL4:
3463:Drivers/STM32L4xx_HAL_Driver/Src/stm32l4xx_hal_rcc_ex.c **** #if defined(RCC_PLLSAI1P_DIV_2_31_SUPPORT)
3464:Drivers/STM32L4xx_HAL_Driver/Src/stm32l4xx_hal_rcc_ex.c ****         pllp = READ_BIT(RCC->PLLSAI1CFGR, RCC_PLLSAI1CFGR_PLLSAI1PDIV) >> RCC_PLLSAI1CFGR_PLLSAI1PD
  92              		.loc 1 3464 9 is_stmt 1 view .LVU27
  93              		.loc 1 3464 16 is_stmt 0 view .LVU28
  94 0042 2369     		ldr	r3, [r4, #16]
  95              	.LVL5:
3465:Drivers/STM32L4xx_HAL_Driver/Src/stm32l4xx_hal_rcc_ex.c **** #endif
3466:Drivers/STM32L4xx_HAL_Driver/Src/stm32l4xx_hal_rcc_ex.c ****         if(pllp == 0U)
  96              		.loc 1 3466 9 is_stmt 1 view .LVU29
  97              		.loc 1 3466 11 is_stmt 0 view .LVU30
  98 0044 DB0E     		lsrs	r3, r3, #27
  99              	.LVL6:
 100              		.loc 1 3466 11 view .LVU31
 101 0046 04D1     		bne	.L8
3467:Drivers/STM32L4xx_HAL_Driver/Src/stm32l4xx_hal_rcc_ex.c ****         {
3468:Drivers/STM32L4xx_HAL_Driver/Src/stm32l4xx_hal_rcc_ex.c ****           if(READ_BIT(RCC->PLLSAI1CFGR, RCC_PLLSAI1CFGR_PLLSAI1P) != 0U)
 102              		.loc 1 3468 11 is_stmt 1 view .LVU32
 103              		.loc 1 3468 14 is_stmt 0 view .LVU33
 104 0048 2369     		ldr	r3, [r4, #16]
 105              	.LVL7:
 106              		.loc 1 3468 13 view .LVU34
 107 004a 13F4003F 		tst	r3, #131072
 108 004e 3CD0     		beq	.L14
3469:Drivers/STM32L4xx_HAL_Driver/Src/stm32l4xx_hal_rcc_ex.c ****           {
3470:Drivers/STM32L4xx_HAL_Driver/Src/stm32l4xx_hal_rcc_ex.c ****             pllp = 17U;
 109              		.loc 1 3470 18 view .LVU35
 110 0050 1123     		movs	r3, #17
 111              	.L8:
 112              	.LVL8:
3471:Drivers/STM32L4xx_HAL_Driver/Src/stm32l4xx_hal_rcc_ex.c ****           }
3472:Drivers/STM32L4xx_HAL_Driver/Src/stm32l4xx_hal_rcc_ex.c ****           else
3473:Drivers/STM32L4xx_HAL_Driver/Src/stm32l4xx_hal_rcc_ex.c ****           {
3474:Drivers/STM32L4xx_HAL_Driver/Src/stm32l4xx_hal_rcc_ex.c ****             pllp = 7U;
3475:Drivers/STM32L4xx_HAL_Driver/Src/stm32l4xx_hal_rcc_ex.c ****           }
3476:Drivers/STM32L4xx_HAL_Driver/Src/stm32l4xx_hal_rcc_ex.c ****         }
3477:Drivers/STM32L4xx_HAL_Driver/Src/stm32l4xx_hal_rcc_ex.c ****         frequency = (pllvco * plln) / pllp;
 113              		.loc 1 3477 9 is_stmt 1 view .LVU36
ARM GAS  C:\Users\adisa\AppData\Local\Temp\ccmroX4q.s 			page 64


 114              		.loc 1 3477 29 is_stmt 0 view .LVU37
 115 0052 02FB00F0 		mul	r0, r2, r0
 116              	.LVL9:
 117              		.loc 1 3477 19 view .LVU38
 118 0056 B0FBF3F0 		udiv	r0, r0, r3
 119              	.LVL10:
 120              		.loc 1 3477 19 view .LVU39
 121 005a 40E0     		b	.L1
 122              	.LVL11:
 123              	.L19:
 124              	.LCFI1:
 125              		.cfi_def_cfa_offset 0
 126              		.cfi_restore 4
3321:Drivers/STM32L4xx_HAL_Driver/Src/stm32l4xx_hal_rcc_ex.c ****     if(srcclk == RCC_SAI1CLKSOURCE_PIN)
 127              		.loc 1 3321 5 is_stmt 1 view .LVU40
3321:Drivers/STM32L4xx_HAL_Driver/Src/stm32l4xx_hal_rcc_ex.c ****     if(srcclk == RCC_SAI1CLKSOURCE_PIN)
 128              		.loc 1 3321 14 is_stmt 0 view .LVU41
 129 005c 214B     		ldr	r3, .L21
 130 005e D3F88830 		ldr	r3, [r3, #136]
3321:Drivers/STM32L4xx_HAL_Driver/Src/stm32l4xx_hal_rcc_ex.c ****     if(srcclk == RCC_SAI1CLKSOURCE_PIN)
 131              		.loc 1 3321 12 view .LVU42
 132 0062 03F44003 		and	r3, r3, #12582912
 133              	.LVL12:
3322:Drivers/STM32L4xx_HAL_Driver/Src/stm32l4xx_hal_rcc_ex.c ****     {
 134              		.loc 1 3322 5 is_stmt 1 view .LVU43
3322:Drivers/STM32L4xx_HAL_Driver/Src/stm32l4xx_hal_rcc_ex.c ****     {
 135              		.loc 1 3322 7 is_stmt 0 view .LVU44
 136 0066 B3F5400F 		cmp	r3, #12582912
 137 006a CDD1     		bne	.L2
3324:Drivers/STM32L4xx_HAL_Driver/Src/stm32l4xx_hal_rcc_ex.c ****     }
 138              		.loc 1 3324 17 view .LVU45
 139 006c 1E48     		ldr	r0, .L21+4
 140              	.LVL13:
3478:Drivers/STM32L4xx_HAL_Driver/Src/stm32l4xx_hal_rcc_ex.c ****       }
3479:Drivers/STM32L4xx_HAL_Driver/Src/stm32l4xx_hal_rcc_ex.c ****       else if(HAL_IS_BIT_SET(RCC->CR, RCC_CR_HSIRDY))
3480:Drivers/STM32L4xx_HAL_Driver/Src/stm32l4xx_hal_rcc_ex.c ****       {
3481:Drivers/STM32L4xx_HAL_Driver/Src/stm32l4xx_hal_rcc_ex.c ****         /* HSI automatically selected as clock source if PLLs not enabled */
3482:Drivers/STM32L4xx_HAL_Driver/Src/stm32l4xx_hal_rcc_ex.c ****         frequency = HSI_VALUE;
3483:Drivers/STM32L4xx_HAL_Driver/Src/stm32l4xx_hal_rcc_ex.c ****       }
3484:Drivers/STM32L4xx_HAL_Driver/Src/stm32l4xx_hal_rcc_ex.c ****       else
3485:Drivers/STM32L4xx_HAL_Driver/Src/stm32l4xx_hal_rcc_ex.c ****       {
3486:Drivers/STM32L4xx_HAL_Driver/Src/stm32l4xx_hal_rcc_ex.c ****         /* No clock source, frequency default init at 0 */
3487:Drivers/STM32L4xx_HAL_Driver/Src/stm32l4xx_hal_rcc_ex.c ****       }
3488:Drivers/STM32L4xx_HAL_Driver/Src/stm32l4xx_hal_rcc_ex.c ****     }
3489:Drivers/STM32L4xx_HAL_Driver/Src/stm32l4xx_hal_rcc_ex.c **** #endif /* SAI2 */
3490:Drivers/STM32L4xx_HAL_Driver/Src/stm32l4xx_hal_rcc_ex.c **** 
3491:Drivers/STM32L4xx_HAL_Driver/Src/stm32l4xx_hal_rcc_ex.c **** #if defined(RCC_PLLSAI2_SUPPORT)
3492:Drivers/STM32L4xx_HAL_Driver/Src/stm32l4xx_hal_rcc_ex.c **** 
3493:Drivers/STM32L4xx_HAL_Driver/Src/stm32l4xx_hal_rcc_ex.c ****     else if((srcclk == RCC_SAI1CLKSOURCE_PLLSAI2) || (srcclk == RCC_SAI2CLKSOURCE_PLLSAI2))
3494:Drivers/STM32L4xx_HAL_Driver/Src/stm32l4xx_hal_rcc_ex.c ****     {
3495:Drivers/STM32L4xx_HAL_Driver/Src/stm32l4xx_hal_rcc_ex.c ****       if(HAL_IS_BIT_SET(RCC->CR, RCC_CR_PLLSAI2RDY) && (__HAL_RCC_GET_PLLSAI2CLKOUT_CONFIG(RCC_PLLS
3496:Drivers/STM32L4xx_HAL_Driver/Src/stm32l4xx_hal_rcc_ex.c ****       {
3497:Drivers/STM32L4xx_HAL_Driver/Src/stm32l4xx_hal_rcc_ex.c **** #if defined(RCC_PLLSAI2M_DIV_1_16_SUPPORT)
3498:Drivers/STM32L4xx_HAL_Driver/Src/stm32l4xx_hal_rcc_ex.c ****         /* PLLSAI2M exists: apply PLLSAI2M divider for PLLSAI2 output computation */
3499:Drivers/STM32L4xx_HAL_Driver/Src/stm32l4xx_hal_rcc_ex.c ****         /* f(PLLSAI2 Source) / PLLSAI2M */
3500:Drivers/STM32L4xx_HAL_Driver/Src/stm32l4xx_hal_rcc_ex.c ****         pllvco = (pllvco / ((READ_BIT(RCC->PLLSAI2CFGR, RCC_PLLSAI2CFGR_PLLSAI2M) >> RCC_PLLSAI2CFG
3501:Drivers/STM32L4xx_HAL_Driver/Src/stm32l4xx_hal_rcc_ex.c **** #else
ARM GAS  C:\Users\adisa\AppData\Local\Temp\ccmroX4q.s 			page 65


3502:Drivers/STM32L4xx_HAL_Driver/Src/stm32l4xx_hal_rcc_ex.c ****         /* f(PLL Source) / PLLM */
3503:Drivers/STM32L4xx_HAL_Driver/Src/stm32l4xx_hal_rcc_ex.c ****         pllvco = (pllvco / ((READ_BIT(RCC->PLLCFGR, RCC_PLLCFGR_PLLM) >> RCC_PLLCFGR_PLLM_Pos) + 1U
3504:Drivers/STM32L4xx_HAL_Driver/Src/stm32l4xx_hal_rcc_ex.c **** #endif
3505:Drivers/STM32L4xx_HAL_Driver/Src/stm32l4xx_hal_rcc_ex.c ****         /* f(PLLSAI2CLK) = f(VCOSAI2 input) * PLLSAI2N / PLLSAI2P */
3506:Drivers/STM32L4xx_HAL_Driver/Src/stm32l4xx_hal_rcc_ex.c ****         plln = READ_BIT(RCC->PLLSAI2CFGR, RCC_PLLSAI2CFGR_PLLSAI2N) >> RCC_PLLSAI2CFGR_PLLSAI2N_Pos
3507:Drivers/STM32L4xx_HAL_Driver/Src/stm32l4xx_hal_rcc_ex.c **** #if defined(RCC_PLLSAI2P_DIV_2_31_SUPPORT)
3508:Drivers/STM32L4xx_HAL_Driver/Src/stm32l4xx_hal_rcc_ex.c ****         pllp = READ_BIT(RCC->PLLSAI2CFGR, RCC_PLLSAI2CFGR_PLLSAI2PDIV) >> RCC_PLLSAI2CFGR_PLLSAI2PD
3509:Drivers/STM32L4xx_HAL_Driver/Src/stm32l4xx_hal_rcc_ex.c **** #endif
3510:Drivers/STM32L4xx_HAL_Driver/Src/stm32l4xx_hal_rcc_ex.c ****         if(pllp == 0U)
3511:Drivers/STM32L4xx_HAL_Driver/Src/stm32l4xx_hal_rcc_ex.c ****         {
3512:Drivers/STM32L4xx_HAL_Driver/Src/stm32l4xx_hal_rcc_ex.c ****           if(READ_BIT(RCC->PLLSAI2CFGR, RCC_PLLSAI2CFGR_PLLSAI2P) != 0U)
3513:Drivers/STM32L4xx_HAL_Driver/Src/stm32l4xx_hal_rcc_ex.c ****           {
3514:Drivers/STM32L4xx_HAL_Driver/Src/stm32l4xx_hal_rcc_ex.c ****             pllp = 17U;
3515:Drivers/STM32L4xx_HAL_Driver/Src/stm32l4xx_hal_rcc_ex.c ****           }
3516:Drivers/STM32L4xx_HAL_Driver/Src/stm32l4xx_hal_rcc_ex.c ****           else
3517:Drivers/STM32L4xx_HAL_Driver/Src/stm32l4xx_hal_rcc_ex.c ****           {
3518:Drivers/STM32L4xx_HAL_Driver/Src/stm32l4xx_hal_rcc_ex.c ****             pllp = 7U;
3519:Drivers/STM32L4xx_HAL_Driver/Src/stm32l4xx_hal_rcc_ex.c ****           }
3520:Drivers/STM32L4xx_HAL_Driver/Src/stm32l4xx_hal_rcc_ex.c ****         }
3521:Drivers/STM32L4xx_HAL_Driver/Src/stm32l4xx_hal_rcc_ex.c ****         frequency = (pllvco * plln) / pllp;
3522:Drivers/STM32L4xx_HAL_Driver/Src/stm32l4xx_hal_rcc_ex.c ****       }
3523:Drivers/STM32L4xx_HAL_Driver/Src/stm32l4xx_hal_rcc_ex.c ****     }
3524:Drivers/STM32L4xx_HAL_Driver/Src/stm32l4xx_hal_rcc_ex.c **** 
3525:Drivers/STM32L4xx_HAL_Driver/Src/stm32l4xx_hal_rcc_ex.c **** #endif /* RCC_PLLSAI2_SUPPORT */
3526:Drivers/STM32L4xx_HAL_Driver/Src/stm32l4xx_hal_rcc_ex.c **** 
3527:Drivers/STM32L4xx_HAL_Driver/Src/stm32l4xx_hal_rcc_ex.c ****     else
3528:Drivers/STM32L4xx_HAL_Driver/Src/stm32l4xx_hal_rcc_ex.c ****     {
3529:Drivers/STM32L4xx_HAL_Driver/Src/stm32l4xx_hal_rcc_ex.c ****       /* No clock source, frequency default init at 0 */
3530:Drivers/STM32L4xx_HAL_Driver/Src/stm32l4xx_hal_rcc_ex.c ****     }
3531:Drivers/STM32L4xx_HAL_Driver/Src/stm32l4xx_hal_rcc_ex.c ****   }
3532:Drivers/STM32L4xx_HAL_Driver/Src/stm32l4xx_hal_rcc_ex.c **** 
3533:Drivers/STM32L4xx_HAL_Driver/Src/stm32l4xx_hal_rcc_ex.c **** 
3534:Drivers/STM32L4xx_HAL_Driver/Src/stm32l4xx_hal_rcc_ex.c ****   return frequency;
3535:Drivers/STM32L4xx_HAL_Driver/Src/stm32l4xx_hal_rcc_ex.c **** }
 141              		.loc 1 3535 1 view .LVU46
 142 006e 7047     		bx	lr
 143              	.LVL14:
 144              	.L20:
 145              	.LCFI2:
 146              		.cfi_def_cfa_offset 4
 147              		.cfi_offset 4, -4
3417:Drivers/STM32L4xx_HAL_Driver/Src/stm32l4xx_hal_rcc_ex.c ****       {
 148              		.loc 1 3417 7 is_stmt 1 view .LVU47
3417:Drivers/STM32L4xx_HAL_Driver/Src/stm32l4xx_hal_rcc_ex.c ****       {
 149              		.loc 1 3417 10 is_stmt 0 view .LVU48
 150 0070 03F17E53 		add	r3, r3, #1065353216
 151 0074 03F50433 		add	r3, r3, #135168
 152 0078 1B68     		ldr	r3, [r3]
3417:Drivers/STM32L4xx_HAL_Driver/Src/stm32l4xx_hal_rcc_ex.c ****       {
 153              		.loc 1 3417 9 view .LVU49
 154 007a 13F0007F 		tst	r3, #33554432
 155 007e 1DD0     		beq	.L5
3417:Drivers/STM32L4xx_HAL_Driver/Src/stm32l4xx_hal_rcc_ex.c ****       {
 156              		.loc 1 3417 53 discriminator 1 view .LVU50
 157 0080 184B     		ldr	r3, .L21
 158 0082 DB68     		ldr	r3, [r3, #12]
3417:Drivers/STM32L4xx_HAL_Driver/Src/stm32l4xx_hal_rcc_ex.c ****       {
ARM GAS  C:\Users\adisa\AppData\Local\Temp\ccmroX4q.s 			page 66


 159              		.loc 1 3417 49 discriminator 1 view .LVU51
 160 0084 13F4803F 		tst	r3, #65536
 161 0088 18D0     		beq	.L5
3420:Drivers/STM32L4xx_HAL_Driver/Src/stm32l4xx_hal_rcc_ex.c ****         /* f(PLLSAI2CLK) = f(VCO input) * PLLN / PLLP */
 162              		.loc 1 3420 9 is_stmt 1 view .LVU52
3420:Drivers/STM32L4xx_HAL_Driver/Src/stm32l4xx_hal_rcc_ex.c ****         /* f(PLLSAI2CLK) = f(VCO input) * PLLN / PLLP */
 163              		.loc 1 3420 30 is_stmt 0 view .LVU53
 164 008a 164C     		ldr	r4, .L21
 165 008c E368     		ldr	r3, [r4, #12]
3420:Drivers/STM32L4xx_HAL_Driver/Src/stm32l4xx_hal_rcc_ex.c ****         /* f(PLLSAI2CLK) = f(VCO input) * PLLN / PLLP */
 166              		.loc 1 3420 71 view .LVU54
 167 008e C3F30213 		ubfx	r3, r3, #4, #3
3420:Drivers/STM32L4xx_HAL_Driver/Src/stm32l4xx_hal_rcc_ex.c ****         /* f(PLLSAI2CLK) = f(VCO input) * PLLN / PLLP */
 168              		.loc 1 3420 96 view .LVU55
 169 0092 0133     		adds	r3, r3, #1
3420:Drivers/STM32L4xx_HAL_Driver/Src/stm32l4xx_hal_rcc_ex.c ****         /* f(PLLSAI2CLK) = f(VCO input) * PLLN / PLLP */
 170              		.loc 1 3420 16 view .LVU56
 171 0094 B1FBF3F0 		udiv	r0, r1, r3
 172              	.LVL15:
3422:Drivers/STM32L4xx_HAL_Driver/Src/stm32l4xx_hal_rcc_ex.c **** #if defined(RCC_PLLP_DIV_2_31_SUPPORT)
 173              		.loc 1 3422 9 is_stmt 1 view .LVU57
3422:Drivers/STM32L4xx_HAL_Driver/Src/stm32l4xx_hal_rcc_ex.c **** #if defined(RCC_PLLP_DIV_2_31_SUPPORT)
 174              		.loc 1 3422 16 is_stmt 0 view .LVU58
 175 0098 E268     		ldr	r2, [r4, #12]
3422:Drivers/STM32L4xx_HAL_Driver/Src/stm32l4xx_hal_rcc_ex.c **** #if defined(RCC_PLLP_DIV_2_31_SUPPORT)
 176              		.loc 1 3422 14 view .LVU59
 177 009a C2F30622 		ubfx	r2, r2, #8, #7
 178              	.LVL16:
3424:Drivers/STM32L4xx_HAL_Driver/Src/stm32l4xx_hal_rcc_ex.c **** #endif
 179              		.loc 1 3424 9 is_stmt 1 view .LVU60
3424:Drivers/STM32L4xx_HAL_Driver/Src/stm32l4xx_hal_rcc_ex.c **** #endif
 180              		.loc 1 3424 16 is_stmt 0 view .LVU61
 181 009e E368     		ldr	r3, [r4, #12]
 182              	.LVL17:
3426:Drivers/STM32L4xx_HAL_Driver/Src/stm32l4xx_hal_rcc_ex.c ****         {
 183              		.loc 1 3426 9 is_stmt 1 view .LVU62
3426:Drivers/STM32L4xx_HAL_Driver/Src/stm32l4xx_hal_rcc_ex.c ****         {
 184              		.loc 1 3426 11 is_stmt 0 view .LVU63
 185 00a0 DB0E     		lsrs	r3, r3, #27
 186              	.LVL18:
3426:Drivers/STM32L4xx_HAL_Driver/Src/stm32l4xx_hal_rcc_ex.c ****         {
 187              		.loc 1 3426 11 view .LVU64
 188 00a2 04D1     		bne	.L6
3428:Drivers/STM32L4xx_HAL_Driver/Src/stm32l4xx_hal_rcc_ex.c ****           {
 189              		.loc 1 3428 11 is_stmt 1 view .LVU65
3428:Drivers/STM32L4xx_HAL_Driver/Src/stm32l4xx_hal_rcc_ex.c ****           {
 190              		.loc 1 3428 14 is_stmt 0 view .LVU66
 191 00a4 E368     		ldr	r3, [r4, #12]
 192              	.LVL19:
3428:Drivers/STM32L4xx_HAL_Driver/Src/stm32l4xx_hal_rcc_ex.c ****           {
 193              		.loc 1 3428 13 view .LVU67
 194 00a6 13F4003F 		tst	r3, #131072
 195 00aa 05D0     		beq	.L11
3430:Drivers/STM32L4xx_HAL_Driver/Src/stm32l4xx_hal_rcc_ex.c ****           }
 196              		.loc 1 3430 18 view .LVU68
 197 00ac 1123     		movs	r3, #17
 198              	.L6:
ARM GAS  C:\Users\adisa\AppData\Local\Temp\ccmroX4q.s 			page 67


 199              	.LVL20:
3437:Drivers/STM32L4xx_HAL_Driver/Src/stm32l4xx_hal_rcc_ex.c ****       }
 200              		.loc 1 3437 9 is_stmt 1 view .LVU69
3437:Drivers/STM32L4xx_HAL_Driver/Src/stm32l4xx_hal_rcc_ex.c ****       }
 201              		.loc 1 3437 29 is_stmt 0 view .LVU70
 202 00ae 02FB00F0 		mul	r0, r2, r0
 203              	.LVL21:
3437:Drivers/STM32L4xx_HAL_Driver/Src/stm32l4xx_hal_rcc_ex.c ****       }
 204              		.loc 1 3437 19 view .LVU71
 205 00b2 B0FBF3F0 		udiv	r0, r0, r3
 206              	.LVL22:
3437:Drivers/STM32L4xx_HAL_Driver/Src/stm32l4xx_hal_rcc_ex.c ****       }
 207              		.loc 1 3437 19 view .LVU72
 208 00b6 12E0     		b	.L1
 209              	.LVL23:
 210              	.L11:
3434:Drivers/STM32L4xx_HAL_Driver/Src/stm32l4xx_hal_rcc_ex.c ****           }
 211              		.loc 1 3434 18 view .LVU73
 212 00b8 0723     		movs	r3, #7
 213 00ba F8E7     		b	.L6
 214              	.LVL24:
 215              	.L5:
3439:Drivers/STM32L4xx_HAL_Driver/Src/stm32l4xx_hal_rcc_ex.c ****       {
 216              		.loc 1 3439 12 is_stmt 1 view .LVU74
3439:Drivers/STM32L4xx_HAL_Driver/Src/stm32l4xx_hal_rcc_ex.c ****       {
 217              		.loc 1 3439 15 is_stmt 0 view .LVU75
 218 00bc 094B     		ldr	r3, .L21
 219 00be 1868     		ldr	r0, [r3]
 220              	.LVL25:
3439:Drivers/STM32L4xx_HAL_Driver/Src/stm32l4xx_hal_rcc_ex.c ****       {
 221              		.loc 1 3439 14 view .LVU76
 222 00c0 10F48060 		ands	r0, r0, #1024
 223 00c4 0BD0     		beq	.L1
3442:Drivers/STM32L4xx_HAL_Driver/Src/stm32l4xx_hal_rcc_ex.c ****       }
 224              		.loc 1 3442 19 view .LVU77
 225 00c6 0948     		ldr	r0, .L21+8
 226 00c8 09E0     		b	.L1
 227              	.LVL26:
 228              	.L14:
3474:Drivers/STM32L4xx_HAL_Driver/Src/stm32l4xx_hal_rcc_ex.c ****           }
 229              		.loc 1 3474 18 view .LVU78
 230 00ca 0723     		movs	r3, #7
 231 00cc C1E7     		b	.L8
 232              	.LVL27:
 233              	.L7:
3479:Drivers/STM32L4xx_HAL_Driver/Src/stm32l4xx_hal_rcc_ex.c ****       {
 234              		.loc 1 3479 12 is_stmt 1 view .LVU79
3479:Drivers/STM32L4xx_HAL_Driver/Src/stm32l4xx_hal_rcc_ex.c ****       {
 235              		.loc 1 3479 15 is_stmt 0 view .LVU80
 236 00ce 054B     		ldr	r3, .L21
 237 00d0 1868     		ldr	r0, [r3]
 238              	.LVL28:
3479:Drivers/STM32L4xx_HAL_Driver/Src/stm32l4xx_hal_rcc_ex.c ****       {
 239              		.loc 1 3479 14 view .LVU81
 240 00d2 10F48060 		ands	r0, r0, #1024
 241 00d6 02D0     		beq	.L1
3482:Drivers/STM32L4xx_HAL_Driver/Src/stm32l4xx_hal_rcc_ex.c ****       }
ARM GAS  C:\Users\adisa\AppData\Local\Temp\ccmroX4q.s 			page 68


 242              		.loc 1 3482 19 view .LVU82
 243 00d8 0448     		ldr	r0, .L21+8
 244              	.LVL29:
3530:Drivers/STM32L4xx_HAL_Driver/Src/stm32l4xx_hal_rcc_ex.c ****   }
 245              		.loc 1 3530 5 is_stmt 1 view .LVU83
3534:Drivers/STM32L4xx_HAL_Driver/Src/stm32l4xx_hal_rcc_ex.c **** }
 246              		.loc 1 3534 3 view .LVU84
3534:Drivers/STM32L4xx_HAL_Driver/Src/stm32l4xx_hal_rcc_ex.c **** }
 247              		.loc 1 3534 10 is_stmt 0 view .LVU85
 248 00da 00E0     		b	.L1
 249              	.LVL30:
 250              	.L13:
3534:Drivers/STM32L4xx_HAL_Driver/Src/stm32l4xx_hal_rcc_ex.c **** }
 251              		.loc 1 3534 10 view .LVU86
 252 00dc 0020     		movs	r0, #0
 253              	.LVL31:
 254              	.L1:
 255              		.loc 1 3535 1 view .LVU87
 256 00de 5DF8044B 		ldr	r4, [sp], #4
 257              	.LCFI3:
 258              		.cfi_restore 4
 259              		.cfi_def_cfa_offset 0
 260 00e2 7047     		bx	lr
 261              	.L22:
 262              		.align	2
 263              	.L21:
 264 00e4 00100240 		.word	1073876992
 265 00e8 68FF1F00 		.word	2097000
 266 00ec 0024F400 		.word	16000000
 267              		.cfi_endproc
 268              	.LFE410:
 270              		.section	.text.RCCEx_PLLSAI1_Config,"ax",%progbits
 271              		.align	1
 272              		.syntax unified
 273              		.thumb
 274              		.thumb_func
 276              	RCCEx_PLLSAI1_Config:
 277              	.LVL32:
 278              	.LFB409:
2908:Drivers/STM32L4xx_HAL_Driver/Src/stm32l4xx_hal_rcc_ex.c ****   uint32_t tickstart;
 279              		.loc 1 2908 1 is_stmt 1 view -0
 280              		.cfi_startproc
 281              		@ args = 0, pretend = 0, frame = 0
 282              		@ frame_needed = 0, uses_anonymous_args = 0
2908:Drivers/STM32L4xx_HAL_Driver/Src/stm32l4xx_hal_rcc_ex.c ****   uint32_t tickstart;
 283              		.loc 1 2908 1 is_stmt 0 view .LVU89
 284 0000 F8B5     		push	{r3, r4, r5, r6, r7, lr}
 285              	.LCFI4:
 286              		.cfi_def_cfa_offset 24
 287              		.cfi_offset 3, -24
 288              		.cfi_offset 4, -20
 289              		.cfi_offset 5, -16
 290              		.cfi_offset 6, -12
 291              		.cfi_offset 7, -8
 292              		.cfi_offset 14, -4
 293 0002 0446     		mov	r4, r0
 294 0004 0D46     		mov	r5, r1
ARM GAS  C:\Users\adisa\AppData\Local\Temp\ccmroX4q.s 			page 69


2909:Drivers/STM32L4xx_HAL_Driver/Src/stm32l4xx_hal_rcc_ex.c ****   HAL_StatusTypeDef status = HAL_OK;
 295              		.loc 1 2909 3 is_stmt 1 view .LVU90
2910:Drivers/STM32L4xx_HAL_Driver/Src/stm32l4xx_hal_rcc_ex.c **** 
 296              		.loc 1 2910 3 view .LVU91
 297              	.LVL33:
2914:Drivers/STM32L4xx_HAL_Driver/Src/stm32l4xx_hal_rcc_ex.c ****   assert_param(IS_RCC_PLLSAI1M_VALUE(PllSai1->PLLSAI1M));
 298              		.loc 1 2914 3 view .LVU92
2915:Drivers/STM32L4xx_HAL_Driver/Src/stm32l4xx_hal_rcc_ex.c ****   assert_param(IS_RCC_PLLSAI1N_VALUE(PllSai1->PLLSAI1N));
 299              		.loc 1 2915 3 view .LVU93
2916:Drivers/STM32L4xx_HAL_Driver/Src/stm32l4xx_hal_rcc_ex.c ****   assert_param(IS_RCC_PLLSAI1CLOCKOUT_VALUE(PllSai1->PLLSAI1ClockOut));
 300              		.loc 1 2916 3 view .LVU94
2917:Drivers/STM32L4xx_HAL_Driver/Src/stm32l4xx_hal_rcc_ex.c **** 
 301              		.loc 1 2917 3 view .LVU95
2920:Drivers/STM32L4xx_HAL_Driver/Src/stm32l4xx_hal_rcc_ex.c ****   {
 302              		.loc 1 2920 3 view .LVU96
2920:Drivers/STM32L4xx_HAL_Driver/Src/stm32l4xx_hal_rcc_ex.c ****   {
 303              		.loc 1 2920 6 is_stmt 0 view .LVU97
 304 0006 594B     		ldr	r3, .L53
 305 0008 DB68     		ldr	r3, [r3, #12]
2920:Drivers/STM32L4xx_HAL_Driver/Src/stm32l4xx_hal_rcc_ex.c ****   {
 306              		.loc 1 2920 5 view .LVU98
 307 000a 13F0030F 		tst	r3, #3
 308 000e 18D0     		beq	.L24
2923:Drivers/STM32L4xx_HAL_Driver/Src/stm32l4xx_hal_rcc_ex.c ****        ||
 309              		.loc 1 2923 5 is_stmt 1 view .LVU99
2923:Drivers/STM32L4xx_HAL_Driver/Src/stm32l4xx_hal_rcc_ex.c ****        ||
 310              		.loc 1 2923 9 is_stmt 0 view .LVU100
 311 0010 564B     		ldr	r3, .L53
 312 0012 DB68     		ldr	r3, [r3, #12]
 313 0014 03F00303 		and	r3, r3, #3
2923:Drivers/STM32L4xx_HAL_Driver/Src/stm32l4xx_hal_rcc_ex.c ****        ||
 314              		.loc 1 2923 49 view .LVU101
 315 0018 0268     		ldr	r2, [r0]
2923:Drivers/STM32L4xx_HAL_Driver/Src/stm32l4xx_hal_rcc_ex.c ****        ||
 316              		.loc 1 2923 7 view .LVU102
 317 001a 9342     		cmp	r3, r2
 318 001c 02D0     		beq	.L50
2932:Drivers/STM32L4xx_HAL_Driver/Src/stm32l4xx_hal_rcc_ex.c ****     }
 319              		.loc 1 2932 14 view .LVU103
 320 001e 0126     		movs	r6, #1
 321              	.LVL34:
 322              	.L25:
3095:Drivers/STM32L4xx_HAL_Driver/Src/stm32l4xx_hal_rcc_ex.c **** }
 323              		.loc 1 3095 3 is_stmt 1 view .LVU104
3096:Drivers/STM32L4xx_HAL_Driver/Src/stm32l4xx_hal_rcc_ex.c **** 
 324              		.loc 1 3096 1 is_stmt 0 view .LVU105
 325 0020 3046     		mov	r0, r6
 326 0022 F8BD     		pop	{r3, r4, r5, r6, r7, pc}
 327              	.LVL35:
 328              	.L50:
2924:Drivers/STM32L4xx_HAL_Driver/Src/stm32l4xx_hal_rcc_ex.c ****        (PllSai1->PLLSAI1Source == RCC_PLLSOURCE_NONE)
 329              		.loc 1 2924 8 view .LVU106
 330 0024 002A     		cmp	r2, #0
 331 0026 00F09C80 		beq	.L41
2928:Drivers/STM32L4xx_HAL_Driver/Src/stm32l4xx_hal_rcc_ex.c **** #endif
 332              		.loc 1 2928 11 view .LVU107
 333 002a 504B     		ldr	r3, .L53
ARM GAS  C:\Users\adisa\AppData\Local\Temp\ccmroX4q.s 			page 70


 334 002c DB68     		ldr	r3, [r3, #12]
2928:Drivers/STM32L4xx_HAL_Driver/Src/stm32l4xx_hal_rcc_ex.c **** #endif
 335              		.loc 1 2928 52 view .LVU108
 336 002e C3F30213 		ubfx	r3, r3, #4, #3
2928:Drivers/STM32L4xx_HAL_Driver/Src/stm32l4xx_hal_rcc_ex.c **** #endif
 337              		.loc 1 2928 77 view .LVU109
 338 0032 0133     		adds	r3, r3, #1
2928:Drivers/STM32L4xx_HAL_Driver/Src/stm32l4xx_hal_rcc_ex.c **** #endif
 339              		.loc 1 2928 93 view .LVU110
 340 0034 4268     		ldr	r2, [r0, #4]
2927:Drivers/STM32L4xx_HAL_Driver/Src/stm32l4xx_hal_rcc_ex.c ****        (((READ_BIT(RCC->PLLCFGR, RCC_PLLCFGR_PLLM) >> RCC_PLLCFGR_PLLM_Pos) + 1U) != PllSai1->PLLSA
 341              		.loc 1 2927 8 view .LVU111
 342 0036 9342     		cmp	r3, r2
 343 0038 01D0     		beq	.L51
2932:Drivers/STM32L4xx_HAL_Driver/Src/stm32l4xx_hal_rcc_ex.c ****     }
 344              		.loc 1 2932 14 view .LVU112
 345 003a 0126     		movs	r6, #1
 346 003c F0E7     		b	.L25
 347              	.L51:
2910:Drivers/STM32L4xx_HAL_Driver/Src/stm32l4xx_hal_rcc_ex.c **** 
 348              		.loc 1 2910 21 view .LVU113
 349 003e 0026     		movs	r6, #0
 350 0040 19E0     		b	.L26
 351              	.L24:
2938:Drivers/STM32L4xx_HAL_Driver/Src/stm32l4xx_hal_rcc_ex.c ****     {
 352              		.loc 1 2938 5 is_stmt 1 view .LVU114
2938:Drivers/STM32L4xx_HAL_Driver/Src/stm32l4xx_hal_rcc_ex.c ****     {
 353              		.loc 1 2938 19 is_stmt 0 view .LVU115
 354 0042 0368     		ldr	r3, [r0]
2938:Drivers/STM32L4xx_HAL_Driver/Src/stm32l4xx_hal_rcc_ex.c ****     {
 355              		.loc 1 2938 5 view .LVU116
 356 0044 022B     		cmp	r3, #2
 357 0046 55D0     		beq	.L27
 358 0048 032B     		cmp	r3, #3
 359 004a 5AD0     		beq	.L28
 360 004c 012B     		cmp	r3, #1
 361 004e 40F08A80 		bne	.L43
2941:Drivers/STM32L4xx_HAL_Driver/Src/stm32l4xx_hal_rcc_ex.c ****       {
 362              		.loc 1 2941 7 is_stmt 1 view .LVU117
2941:Drivers/STM32L4xx_HAL_Driver/Src/stm32l4xx_hal_rcc_ex.c ****       {
 363              		.loc 1 2941 10 is_stmt 0 view .LVU118
 364 0052 464A     		ldr	r2, .L53
 365 0054 1268     		ldr	r2, [r2]
2941:Drivers/STM32L4xx_HAL_Driver/Src/stm32l4xx_hal_rcc_ex.c ****       {
 366              		.loc 1 2941 9 view .LVU119
 367 0056 12F0020F 		tst	r2, #2
 368 005a 5ED0     		beq	.L44
 369              	.L30:
 370              	.LVL36:
2973:Drivers/STM32L4xx_HAL_Driver/Src/stm32l4xx_hal_rcc_ex.c **** #endif
 371              		.loc 1 2973 7 is_stmt 1 view .LVU120
 372 005c 4348     		ldr	r0, .L53
 373              	.LVL37:
2973:Drivers/STM32L4xx_HAL_Driver/Src/stm32l4xx_hal_rcc_ex.c **** #endif
 374              		.loc 1 2973 7 is_stmt 0 view .LVU121
 375 005e C268     		ldr	r2, [r0, #12]
 376 0060 22F07302 		bic	r2, r2, #115
ARM GAS  C:\Users\adisa\AppData\Local\Temp\ccmroX4q.s 			page 71


 377 0064 6168     		ldr	r1, [r4, #4]
 378              	.LVL38:
2973:Drivers/STM32L4xx_HAL_Driver/Src/stm32l4xx_hal_rcc_ex.c **** #endif
 379              		.loc 1 2973 7 view .LVU122
 380 0066 0139     		subs	r1, r1, #1
 381 0068 43EA0113 		orr	r3, r3, r1, lsl #4
 382 006c 1343     		orrs	r3, r3, r2
 383 006e C360     		str	r3, [r0, #12]
 384 0070 0026     		movs	r6, #0
 385              	.L29:
 386              	.LVL39:
2978:Drivers/STM32L4xx_HAL_Driver/Src/stm32l4xx_hal_rcc_ex.c ****   {
 387              		.loc 1 2978 3 is_stmt 1 view .LVU123
2978:Drivers/STM32L4xx_HAL_Driver/Src/stm32l4xx_hal_rcc_ex.c ****   {
 388              		.loc 1 2978 5 is_stmt 0 view .LVU124
 389 0072 002E     		cmp	r6, #0
 390 0074 D4D1     		bne	.L25
 391              	.LVL40:
 392              	.L26:
2981:Drivers/STM32L4xx_HAL_Driver/Src/stm32l4xx_hal_rcc_ex.c **** 
 393              		.loc 1 2981 5 is_stmt 1 view .LVU125
 394 0076 3D4A     		ldr	r2, .L53
 395 0078 1368     		ldr	r3, [r2]
 396 007a 23F08063 		bic	r3, r3, #67108864
 397 007e 1360     		str	r3, [r2]
2984:Drivers/STM32L4xx_HAL_Driver/Src/stm32l4xx_hal_rcc_ex.c **** 
 398              		.loc 1 2984 5 view .LVU126
2984:Drivers/STM32L4xx_HAL_Driver/Src/stm32l4xx_hal_rcc_ex.c **** 
 399              		.loc 1 2984 17 is_stmt 0 view .LVU127
 400 0080 FFF7FEFF 		bl	HAL_GetTick
 401              	.LVL41:
 402 0084 0746     		mov	r7, r0
 403              	.LVL42:
2987:Drivers/STM32L4xx_HAL_Driver/Src/stm32l4xx_hal_rcc_ex.c ****     {
 404              		.loc 1 2987 5 is_stmt 1 view .LVU128
 405              	.L31:
2987:Drivers/STM32L4xx_HAL_Driver/Src/stm32l4xx_hal_rcc_ex.c ****     {
 406              		.loc 1 2987 48 view .LVU129
2987:Drivers/STM32L4xx_HAL_Driver/Src/stm32l4xx_hal_rcc_ex.c ****     {
 407              		.loc 1 2987 11 is_stmt 0 view .LVU130
 408 0086 394B     		ldr	r3, .L53
 409 0088 1B68     		ldr	r3, [r3]
2987:Drivers/STM32L4xx_HAL_Driver/Src/stm32l4xx_hal_rcc_ex.c ****     {
 410              		.loc 1 2987 48 view .LVU131
 411 008a 13F0006F 		tst	r3, #134217728
 412 008e 05D0     		beq	.L32
2989:Drivers/STM32L4xx_HAL_Driver/Src/stm32l4xx_hal_rcc_ex.c ****       {
 413              		.loc 1 2989 7 is_stmt 1 view .LVU132
2989:Drivers/STM32L4xx_HAL_Driver/Src/stm32l4xx_hal_rcc_ex.c ****       {
 414              		.loc 1 2989 11 is_stmt 0 view .LVU133
 415 0090 FFF7FEFF 		bl	HAL_GetTick
 416              	.LVL43:
2989:Drivers/STM32L4xx_HAL_Driver/Src/stm32l4xx_hal_rcc_ex.c ****       {
 417              		.loc 1 2989 25 discriminator 1 view .LVU134
 418 0094 C31B     		subs	r3, r0, r7
2989:Drivers/STM32L4xx_HAL_Driver/Src/stm32l4xx_hal_rcc_ex.c ****       {
 419              		.loc 1 2989 9 discriminator 1 view .LVU135
ARM GAS  C:\Users\adisa\AppData\Local\Temp\ccmroX4q.s 			page 72


 420 0096 022B     		cmp	r3, #2
 421 0098 F5D9     		bls	.L31
2991:Drivers/STM32L4xx_HAL_Driver/Src/stm32l4xx_hal_rcc_ex.c ****         break;
 422              		.loc 1 2991 16 view .LVU136
 423 009a 0326     		movs	r6, #3
 424              	.L32:
 425              	.LVL44:
2996:Drivers/STM32L4xx_HAL_Driver/Src/stm32l4xx_hal_rcc_ex.c ****     {
 426              		.loc 1 2996 5 is_stmt 1 view .LVU137
2996:Drivers/STM32L4xx_HAL_Driver/Src/stm32l4xx_hal_rcc_ex.c ****     {
 427              		.loc 1 2996 7 is_stmt 0 view .LVU138
 428 009c 002E     		cmp	r6, #0
 429 009e BFD1     		bne	.L25
2998:Drivers/STM32L4xx_HAL_Driver/Src/stm32l4xx_hal_rcc_ex.c ****       {
 430              		.loc 1 2998 7 is_stmt 1 view .LVU139
2998:Drivers/STM32L4xx_HAL_Driver/Src/stm32l4xx_hal_rcc_ex.c ****       {
 431              		.loc 1 2998 9 is_stmt 0 view .LVU140
 432 00a0 002D     		cmp	r5, #0
 433 00a2 3CD1     		bne	.L34
3000:Drivers/STM32L4xx_HAL_Driver/Src/stm32l4xx_hal_rcc_ex.c **** #if defined(RCC_PLLSAI1M_DIV_1_16_SUPPORT)
 434              		.loc 1 3000 9 is_stmt 1 view .LVU141
3021:Drivers/STM32L4xx_HAL_Driver/Src/stm32l4xx_hal_rcc_ex.c ****                    RCC_PLLSAI1CFGR_PLLSAI1N | RCC_PLLSAI1CFGR_PLLSAI1PDIV,
 435              		.loc 1 3021 9 view .LVU142
 436 00a4 3149     		ldr	r1, .L53
 437 00a6 0B69     		ldr	r3, [r1, #16]
 438 00a8 23F07843 		bic	r3, r3, #-134217728
 439 00ac 23F4FE43 		bic	r3, r3, #32512
 440 00b0 A068     		ldr	r0, [r4, #8]
 441 00b2 E268     		ldr	r2, [r4, #12]
 442 00b4 D206     		lsls	r2, r2, #27
 443 00b6 42EA0022 		orr	r2, r2, r0, lsl #8
 444 00ba 1343     		orrs	r3, r3, r2
 445 00bc 0B61     		str	r3, [r1, #16]
 446              	.L35:
3072:Drivers/STM32L4xx_HAL_Driver/Src/stm32l4xx_hal_rcc_ex.c **** 
 447              		.loc 1 3072 7 view .LVU143
 448 00be 2B4A     		ldr	r2, .L53
 449 00c0 1368     		ldr	r3, [r2]
 450 00c2 43F08063 		orr	r3, r3, #67108864
 451 00c6 1360     		str	r3, [r2]
3075:Drivers/STM32L4xx_HAL_Driver/Src/stm32l4xx_hal_rcc_ex.c **** 
 452              		.loc 1 3075 7 view .LVU144
3075:Drivers/STM32L4xx_HAL_Driver/Src/stm32l4xx_hal_rcc_ex.c **** 
 453              		.loc 1 3075 19 is_stmt 0 view .LVU145
 454 00c8 FFF7FEFF 		bl	HAL_GetTick
 455              	.LVL45:
 456 00cc 0546     		mov	r5, r0
 457              	.LVL46:
3078:Drivers/STM32L4xx_HAL_Driver/Src/stm32l4xx_hal_rcc_ex.c ****       {
 458              		.loc 1 3078 7 is_stmt 1 view .LVU146
 459              	.L37:
3078:Drivers/STM32L4xx_HAL_Driver/Src/stm32l4xx_hal_rcc_ex.c ****       {
 460              		.loc 1 3078 50 view .LVU147
3078:Drivers/STM32L4xx_HAL_Driver/Src/stm32l4xx_hal_rcc_ex.c ****       {
 461              		.loc 1 3078 13 is_stmt 0 view .LVU148
 462 00ce 274B     		ldr	r3, .L53
 463 00d0 1B68     		ldr	r3, [r3]
ARM GAS  C:\Users\adisa\AppData\Local\Temp\ccmroX4q.s 			page 73


3078:Drivers/STM32L4xx_HAL_Driver/Src/stm32l4xx_hal_rcc_ex.c ****       {
 464              		.loc 1 3078 50 view .LVU149
 465 00d2 13F0006F 		tst	r3, #134217728
 466 00d6 05D1     		bne	.L38
3080:Drivers/STM32L4xx_HAL_Driver/Src/stm32l4xx_hal_rcc_ex.c ****         {
 467              		.loc 1 3080 9 is_stmt 1 view .LVU150
3080:Drivers/STM32L4xx_HAL_Driver/Src/stm32l4xx_hal_rcc_ex.c ****         {
 468              		.loc 1 3080 13 is_stmt 0 view .LVU151
 469 00d8 FFF7FEFF 		bl	HAL_GetTick
 470              	.LVL47:
3080:Drivers/STM32L4xx_HAL_Driver/Src/stm32l4xx_hal_rcc_ex.c ****         {
 471              		.loc 1 3080 27 discriminator 1 view .LVU152
 472 00dc 401B     		subs	r0, r0, r5
3080:Drivers/STM32L4xx_HAL_Driver/Src/stm32l4xx_hal_rcc_ex.c ****         {
 473              		.loc 1 3080 11 discriminator 1 view .LVU153
 474 00de 0228     		cmp	r0, #2
 475 00e0 F5D9     		bls	.L37
3082:Drivers/STM32L4xx_HAL_Driver/Src/stm32l4xx_hal_rcc_ex.c ****           break;
 476              		.loc 1 3082 18 view .LVU154
 477 00e2 0326     		movs	r6, #3
 478              	.LVL48:
 479              	.L38:
3087:Drivers/STM32L4xx_HAL_Driver/Src/stm32l4xx_hal_rcc_ex.c ****       {
 480              		.loc 1 3087 7 is_stmt 1 view .LVU155
3087:Drivers/STM32L4xx_HAL_Driver/Src/stm32l4xx_hal_rcc_ex.c ****       {
 481              		.loc 1 3087 9 is_stmt 0 view .LVU156
 482 00e4 002E     		cmp	r6, #0
 483 00e6 9BD1     		bne	.L25
3090:Drivers/STM32L4xx_HAL_Driver/Src/stm32l4xx_hal_rcc_ex.c ****       }
 484              		.loc 1 3090 9 is_stmt 1 view .LVU157
 485 00e8 204A     		ldr	r2, .L53
 486 00ea 1369     		ldr	r3, [r2, #16]
 487 00ec A169     		ldr	r1, [r4, #24]
 488 00ee 0B43     		orrs	r3, r3, r1
 489 00f0 1361     		str	r3, [r2, #16]
 490 00f2 95E7     		b	.L25
 491              	.LVL49:
 492              	.L27:
2947:Drivers/STM32L4xx_HAL_Driver/Src/stm32l4xx_hal_rcc_ex.c ****       {
 493              		.loc 1 2947 7 view .LVU158
2947:Drivers/STM32L4xx_HAL_Driver/Src/stm32l4xx_hal_rcc_ex.c ****       {
 494              		.loc 1 2947 10 is_stmt 0 view .LVU159
 495 00f4 1D4A     		ldr	r2, .L53
 496 00f6 1268     		ldr	r2, [r2]
2947:Drivers/STM32L4xx_HAL_Driver/Src/stm32l4xx_hal_rcc_ex.c ****       {
 497              		.loc 1 2947 9 view .LVU160
 498 00f8 12F4806F 		tst	r2, #1024
 499 00fc AED1     		bne	.L30
 500 00fe 0126     		movs	r6, #1
 501 0100 8EE7     		b	.L25
 502              	.L28:
2953:Drivers/STM32L4xx_HAL_Driver/Src/stm32l4xx_hal_rcc_ex.c ****       {
 503              		.loc 1 2953 7 is_stmt 1 view .LVU161
2953:Drivers/STM32L4xx_HAL_Driver/Src/stm32l4xx_hal_rcc_ex.c ****       {
 504              		.loc 1 2953 10 is_stmt 0 view .LVU162
 505 0102 1A4A     		ldr	r2, .L53
 506 0104 1268     		ldr	r2, [r2]
ARM GAS  C:\Users\adisa\AppData\Local\Temp\ccmroX4q.s 			page 74


2953:Drivers/STM32L4xx_HAL_Driver/Src/stm32l4xx_hal_rcc_ex.c ****       {
 507              		.loc 1 2953 9 view .LVU163
 508 0106 12F4003F 		tst	r2, #131072
 509 010a A7D1     		bne	.L30
2955:Drivers/STM32L4xx_HAL_Driver/Src/stm32l4xx_hal_rcc_ex.c ****         {
 510              		.loc 1 2955 9 is_stmt 1 view .LVU164
2955:Drivers/STM32L4xx_HAL_Driver/Src/stm32l4xx_hal_rcc_ex.c ****         {
 511              		.loc 1 2955 12 is_stmt 0 view .LVU165
 512 010c 174A     		ldr	r2, .L53
 513 010e 1268     		ldr	r2, [r2]
2955:Drivers/STM32L4xx_HAL_Driver/Src/stm32l4xx_hal_rcc_ex.c ****         {
 514              		.loc 1 2955 11 view .LVU166
 515 0110 12F4802F 		tst	r2, #262144
 516 0114 A2D1     		bne	.L30
 517 0116 0126     		movs	r6, #1
 518 0118 82E7     		b	.L25
 519              	.L44:
2943:Drivers/STM32L4xx_HAL_Driver/Src/stm32l4xx_hal_rcc_ex.c ****       }
 520              		.loc 1 2943 16 view .LVU167
 521 011a 0126     		movs	r6, #1
 522 011c A9E7     		b	.L29
 523              	.LVL50:
 524              	.L34:
3034:Drivers/STM32L4xx_HAL_Driver/Src/stm32l4xx_hal_rcc_ex.c ****       {
 525              		.loc 1 3034 12 is_stmt 1 view .LVU168
3034:Drivers/STM32L4xx_HAL_Driver/Src/stm32l4xx_hal_rcc_ex.c ****       {
 526              		.loc 1 3034 14 is_stmt 0 view .LVU169
 527 011e 012D     		cmp	r5, #1
 528 0120 0FD0     		beq	.L52
3054:Drivers/STM32L4xx_HAL_Driver/Src/stm32l4xx_hal_rcc_ex.c **** #if defined(RCC_PLLSAI1M_DIV_1_16_SUPPORT)
 529              		.loc 1 3054 9 is_stmt 1 view .LVU170
3064:Drivers/STM32L4xx_HAL_Driver/Src/stm32l4xx_hal_rcc_ex.c ****                    RCC_PLLSAI1CFGR_PLLSAI1N | RCC_PLLSAI1CFGR_PLLSAI1R,
 530              		.loc 1 3064 9 view .LVU171
 531 0122 1248     		ldr	r0, .L53
 532 0124 0269     		ldr	r2, [r0, #16]
 533 0126 22F0C062 		bic	r2, r2, #100663296
 534 012a 22F4FE42 		bic	r2, r2, #32512
 535 012e A168     		ldr	r1, [r4, #8]
 536 0130 6369     		ldr	r3, [r4, #20]
 537 0132 5B08     		lsrs	r3, r3, #1
 538 0134 013B     		subs	r3, r3, #1
 539 0136 5B06     		lsls	r3, r3, #25
 540 0138 43EA0123 		orr	r3, r3, r1, lsl #8
 541 013c 1A43     		orrs	r2, r2, r3
 542 013e 0261     		str	r2, [r0, #16]
 543 0140 BDE7     		b	.L35
 544              	.L52:
3036:Drivers/STM32L4xx_HAL_Driver/Src/stm32l4xx_hal_rcc_ex.c **** #if defined(RCC_PLLSAI1M_DIV_1_16_SUPPORT)
 545              		.loc 1 3036 9 view .LVU172
3046:Drivers/STM32L4xx_HAL_Driver/Src/stm32l4xx_hal_rcc_ex.c ****                    RCC_PLLSAI1CFGR_PLLSAI1N | RCC_PLLSAI1CFGR_PLLSAI1Q,
 546              		.loc 1 3046 9 view .LVU173
 547 0142 0A48     		ldr	r0, .L53
 548 0144 0269     		ldr	r2, [r0, #16]
 549 0146 22F4C002 		bic	r2, r2, #6291456
 550 014a 22F4FE42 		bic	r2, r2, #32512
 551 014e A168     		ldr	r1, [r4, #8]
 552 0150 2369     		ldr	r3, [r4, #16]
ARM GAS  C:\Users\adisa\AppData\Local\Temp\ccmroX4q.s 			page 75


 553 0152 5B08     		lsrs	r3, r3, #1
 554 0154 013B     		subs	r3, r3, #1
 555 0156 5B05     		lsls	r3, r3, #21
 556 0158 43EA0123 		orr	r3, r3, r1, lsl #8
 557 015c 1A43     		orrs	r2, r2, r3
 558 015e 0261     		str	r2, [r0, #16]
 559 0160 ADE7     		b	.L35
 560              	.LVL51:
 561              	.L41:
2932:Drivers/STM32L4xx_HAL_Driver/Src/stm32l4xx_hal_rcc_ex.c ****     }
 562              		.loc 1 2932 14 is_stmt 0 view .LVU174
 563 0162 0126     		movs	r6, #1
 564 0164 5CE7     		b	.L25
 565              	.L43:
2938:Drivers/STM32L4xx_HAL_Driver/Src/stm32l4xx_hal_rcc_ex.c ****     {
 566              		.loc 1 2938 5 view .LVU175
 567 0166 0126     		movs	r6, #1
 568 0168 5AE7     		b	.L25
 569              	.L54:
 570 016a 00BF     		.align	2
 571              	.L53:
 572 016c 00100240 		.word	1073876992
 573              		.cfi_endproc
 574              	.LFE409:
 576              		.section	.text.HAL_RCCEx_PeriphCLKConfig,"ax",%progbits
 577              		.align	1
 578              		.global	HAL_RCCEx_PeriphCLKConfig
 579              		.syntax unified
 580              		.thumb
 581              		.thumb_func
 583              	HAL_RCCEx_PeriphCLKConfig:
 584              	.LVL52:
 585              	.LFB384:
 195:Drivers/STM32L4xx_HAL_Driver/Src/stm32l4xx_hal_rcc_ex.c ****   uint32_t tmpregister, tickstart;     /* no init needed */
 586              		.loc 1 195 1 is_stmt 1 view -0
 587              		.cfi_startproc
 588              		@ args = 0, pretend = 0, frame = 8
 589              		@ frame_needed = 0, uses_anonymous_args = 0
 195:Drivers/STM32L4xx_HAL_Driver/Src/stm32l4xx_hal_rcc_ex.c ****   uint32_t tmpregister, tickstart;     /* no init needed */
 590              		.loc 1 195 1 is_stmt 0 view .LVU177
 591 0000 2DE9F041 		push	{r4, r5, r6, r7, r8, lr}
 592              	.LCFI5:
 593              		.cfi_def_cfa_offset 24
 594              		.cfi_offset 4, -24
 595              		.cfi_offset 5, -20
 596              		.cfi_offset 6, -16
 597              		.cfi_offset 7, -12
 598              		.cfi_offset 8, -8
 599              		.cfi_offset 14, -4
 600 0004 82B0     		sub	sp, sp, #8
 601              	.LCFI6:
 602              		.cfi_def_cfa_offset 32
 603 0006 0446     		mov	r4, r0
 196:Drivers/STM32L4xx_HAL_Driver/Src/stm32l4xx_hal_rcc_ex.c ****   HAL_StatusTypeDef ret = HAL_OK;      /* Intermediate status */
 604              		.loc 1 196 3 is_stmt 1 view .LVU178
 197:Drivers/STM32L4xx_HAL_Driver/Src/stm32l4xx_hal_rcc_ex.c ****   HAL_StatusTypeDef status = HAL_OK;   /* Final status */
 605              		.loc 1 197 3 view .LVU179
ARM GAS  C:\Users\adisa\AppData\Local\Temp\ccmroX4q.s 			page 76


 606              	.LVL53:
 198:Drivers/STM32L4xx_HAL_Driver/Src/stm32l4xx_hal_rcc_ex.c **** 
 607              		.loc 1 198 3 view .LVU180
 201:Drivers/STM32L4xx_HAL_Driver/Src/stm32l4xx_hal_rcc_ex.c **** 
 608              		.loc 1 201 3 view .LVU181
 206:Drivers/STM32L4xx_HAL_Driver/Src/stm32l4xx_hal_rcc_ex.c ****   {
 609              		.loc 1 206 3 view .LVU182
 206:Drivers/STM32L4xx_HAL_Driver/Src/stm32l4xx_hal_rcc_ex.c ****   {
 610              		.loc 1 206 22 is_stmt 0 view .LVU183
 611 0008 0368     		ldr	r3, [r0]
 206:Drivers/STM32L4xx_HAL_Driver/Src/stm32l4xx_hal_rcc_ex.c ****   {
 612              		.loc 1 206 5 view .LVU184
 613 000a 13F4006F 		tst	r3, #2048
 614 000e 26D0     		beq	.L83
 209:Drivers/STM32L4xx_HAL_Driver/Src/stm32l4xx_hal_rcc_ex.c **** 
 615              		.loc 1 209 5 is_stmt 1 view .LVU185
 211:Drivers/STM32L4xx_HAL_Driver/Src/stm32l4xx_hal_rcc_ex.c ****     {
 616              		.loc 1 211 5 view .LVU186
 211:Drivers/STM32L4xx_HAL_Driver/Src/stm32l4xx_hal_rcc_ex.c ****     {
 617              		.loc 1 211 25 is_stmt 0 view .LVU187
 618 0010 C36B     		ldr	r3, [r0, #60]
 211:Drivers/STM32L4xx_HAL_Driver/Src/stm32l4xx_hal_rcc_ex.c ****     {
 619              		.loc 1 211 5 view .LVU188
 620 0012 B3F5000F 		cmp	r3, #8388608
 621 0016 06D0     		beq	.L57
 622 0018 B3F5400F 		cmp	r3, #12582912
 623 001c 1DD0     		beq	.L84
 624 001e 9BB1     		cbz	r3, .L59
 625 0020 0126     		movs	r6, #1
 626 0022 3746     		mov	r7, r6
 627 0024 1DE0     		b	.L56
 628              	.L57:
 218:Drivers/STM32L4xx_HAL_Driver/Src/stm32l4xx_hal_rcc_ex.c **** #endif /* RCC_PLLSAI2_SUPPORT */
 629              		.loc 1 218 7 is_stmt 1 view .LVU189
 630 0026 AE4A     		ldr	r2, .L102
 631 0028 D368     		ldr	r3, [r2, #12]
 632 002a 43F48033 		orr	r3, r3, #65536
 633 002e D360     		str	r3, [r2, #12]
 221:Drivers/STM32L4xx_HAL_Driver/Src/stm32l4xx_hal_rcc_ex.c **** 
 634              		.loc 1 221 7 view .LVU190
 251:Drivers/STM32L4xx_HAL_Driver/Src/stm32l4xx_hal_rcc_ex.c ****     {
 635              		.loc 1 251 5 view .LVU191
 197:Drivers/STM32L4xx_HAL_Driver/Src/stm32l4xx_hal_rcc_ex.c ****   HAL_StatusTypeDef status = HAL_OK;   /* Final status */
 636              		.loc 1 197 21 is_stmt 0 view .LVU192
 637 0030 0027     		movs	r7, #0
 638              	.LVL54:
 639              	.L58:
 254:Drivers/STM32L4xx_HAL_Driver/Src/stm32l4xx_hal_rcc_ex.c ****     }
 640              		.loc 1 254 7 is_stmt 1 view .LVU193
 641 0032 AB4A     		ldr	r2, .L102
 642 0034 D2F88830 		ldr	r3, [r2, #136]
 643 0038 23F44003 		bic	r3, r3, #12582912
 644 003c E16B     		ldr	r1, [r4, #60]
 645 003e 0B43     		orrs	r3, r3, r1
 646 0040 C2F88830 		str	r3, [r2, #136]
 198:Drivers/STM32L4xx_HAL_Driver/Src/stm32l4xx_hal_rcc_ex.c **** 
 647              		.loc 1 198 21 is_stmt 0 view .LVU194
ARM GAS  C:\Users\adisa\AppData\Local\Temp\ccmroX4q.s 			page 77


 648 0044 0026     		movs	r6, #0
 649 0046 0CE0     		b	.L56
 650              	.LVL55:
 651              	.L59:
 225:Drivers/STM32L4xx_HAL_Driver/Src/stm32l4xx_hal_rcc_ex.c ****       /* SAI1 clock source config set later after clock selection check */
 652              		.loc 1 225 7 is_stmt 1 view .LVU195
 225:Drivers/STM32L4xx_HAL_Driver/Src/stm32l4xx_hal_rcc_ex.c ****       /* SAI1 clock source config set later after clock selection check */
 653              		.loc 1 225 13 is_stmt 0 view .LVU196
 654 0048 0021     		movs	r1, #0
 655 004a 0430     		adds	r0, r0, #4
 656              	.LVL56:
 225:Drivers/STM32L4xx_HAL_Driver/Src/stm32l4xx_hal_rcc_ex.c ****       /* SAI1 clock source config set later after clock selection check */
 657              		.loc 1 225 13 view .LVU197
 658 004c FFF7FEFF 		bl	RCCEx_PLLSAI1_Config
 659              	.LVL57:
 227:Drivers/STM32L4xx_HAL_Driver/Src/stm32l4xx_hal_rcc_ex.c **** 
 660              		.loc 1 227 7 is_stmt 1 view .LVU198
 251:Drivers/STM32L4xx_HAL_Driver/Src/stm32l4xx_hal_rcc_ex.c ****     {
 661              		.loc 1 251 5 view .LVU199
 251:Drivers/STM32L4xx_HAL_Driver/Src/stm32l4xx_hal_rcc_ex.c ****     {
 662              		.loc 1 251 7 is_stmt 0 view .LVU200
 663 0050 0746     		mov	r7, r0
 664 0052 0028     		cmp	r0, #0
 665 0054 EDD0     		beq	.L58
 259:Drivers/STM32L4xx_HAL_Driver/Src/stm32l4xx_hal_rcc_ex.c ****     }
 666              		.loc 1 259 14 view .LVU201
 667 0056 0646     		mov	r6, r0
 668 0058 03E0     		b	.L56
 669              	.LVL58:
 670              	.L84:
 211:Drivers/STM32L4xx_HAL_Driver/Src/stm32l4xx_hal_rcc_ex.c ****     {
 671              		.loc 1 211 5 view .LVU202
 672 005a 0027     		movs	r7, #0
 673 005c E9E7     		b	.L58
 674              	.L83:
 198:Drivers/STM32L4xx_HAL_Driver/Src/stm32l4xx_hal_rcc_ex.c **** 
 675              		.loc 1 198 21 view .LVU203
 676 005e 0026     		movs	r6, #0
 197:Drivers/STM32L4xx_HAL_Driver/Src/stm32l4xx_hal_rcc_ex.c ****   HAL_StatusTypeDef status = HAL_OK;   /* Final status */
 677              		.loc 1 197 21 view .LVU204
 678 0060 3746     		mov	r7, r6
 679              	.LVL59:
 680              	.L56:
 319:Drivers/STM32L4xx_HAL_Driver/Src/stm32l4xx_hal_rcc_ex.c ****   {
 681              		.loc 1 319 3 is_stmt 1 view .LVU205
 319:Drivers/STM32L4xx_HAL_Driver/Src/stm32l4xx_hal_rcc_ex.c ****   {
 682              		.loc 1 319 20 is_stmt 0 view .LVU206
 683 0062 2368     		ldr	r3, [r4]
 319:Drivers/STM32L4xx_HAL_Driver/Src/stm32l4xx_hal_rcc_ex.c ****   {
 684              		.loc 1 319 5 view .LVU207
 685 0064 13F4003F 		tst	r3, #131072
 686 0068 6BD0     		beq	.L60
 687              	.LBB2:
 321:Drivers/STM32L4xx_HAL_Driver/Src/stm32l4xx_hal_rcc_ex.c **** 
 688              		.loc 1 321 5 is_stmt 1 view .LVU208
 689              	.LVL60:
 324:Drivers/STM32L4xx_HAL_Driver/Src/stm32l4xx_hal_rcc_ex.c **** 
ARM GAS  C:\Users\adisa\AppData\Local\Temp\ccmroX4q.s 			page 78


 690              		.loc 1 324 5 view .LVU209
 327:Drivers/STM32L4xx_HAL_Driver/Src/stm32l4xx_hal_rcc_ex.c ****     {
 691              		.loc 1 327 5 view .LVU210
 327:Drivers/STM32L4xx_HAL_Driver/Src/stm32l4xx_hal_rcc_ex.c ****     {
 692              		.loc 1 327 8 is_stmt 0 view .LVU211
 693 006a 9D4B     		ldr	r3, .L102
 694 006c 9B6D     		ldr	r3, [r3, #88]
 327:Drivers/STM32L4xx_HAL_Driver/Src/stm32l4xx_hal_rcc_ex.c ****     {
 695              		.loc 1 327 40 view .LVU212
 696 006e 13F0805F 		tst	r3, #268435456
 697 0072 4CD1     		bne	.L86
 329:Drivers/STM32L4xx_HAL_Driver/Src/stm32l4xx_hal_rcc_ex.c ****       pwrclkchanged = SET;
 698              		.loc 1 329 7 is_stmt 1 view .LVU213
 699              	.LBB3:
 329:Drivers/STM32L4xx_HAL_Driver/Src/stm32l4xx_hal_rcc_ex.c ****       pwrclkchanged = SET;
 700              		.loc 1 329 7 view .LVU214
 329:Drivers/STM32L4xx_HAL_Driver/Src/stm32l4xx_hal_rcc_ex.c ****       pwrclkchanged = SET;
 701              		.loc 1 329 7 view .LVU215
 702 0074 9A4B     		ldr	r3, .L102
 703 0076 9A6D     		ldr	r2, [r3, #88]
 704 0078 42F08052 		orr	r2, r2, #268435456
 705 007c 9A65     		str	r2, [r3, #88]
 329:Drivers/STM32L4xx_HAL_Driver/Src/stm32l4xx_hal_rcc_ex.c ****       pwrclkchanged = SET;
 706              		.loc 1 329 7 view .LVU216
 707 007e 9B6D     		ldr	r3, [r3, #88]
 708 0080 03F08053 		and	r3, r3, #268435456
 709 0084 0193     		str	r3, [sp, #4]
 329:Drivers/STM32L4xx_HAL_Driver/Src/stm32l4xx_hal_rcc_ex.c ****       pwrclkchanged = SET;
 710              		.loc 1 329 7 view .LVU217
 711 0086 019B     		ldr	r3, [sp, #4]
 712              	.LBE3:
 329:Drivers/STM32L4xx_HAL_Driver/Src/stm32l4xx_hal_rcc_ex.c ****       pwrclkchanged = SET;
 713              		.loc 1 329 7 view .LVU218
 330:Drivers/STM32L4xx_HAL_Driver/Src/stm32l4xx_hal_rcc_ex.c ****     }
 714              		.loc 1 330 7 view .LVU219
 715              	.LVL61:
 330:Drivers/STM32L4xx_HAL_Driver/Src/stm32l4xx_hal_rcc_ex.c ****     }
 716              		.loc 1 330 21 is_stmt 0 view .LVU220
 717 0088 4FF00108 		mov	r8, #1
 718              	.LVL62:
 719              	.L61:
 334:Drivers/STM32L4xx_HAL_Driver/Src/stm32l4xx_hal_rcc_ex.c **** 
 720              		.loc 1 334 5 is_stmt 1 view .LVU221
 721 008c 954A     		ldr	r2, .L102+4
 722 008e 1368     		ldr	r3, [r2]
 723 0090 43F48073 		orr	r3, r3, #256
 724 0094 1360     		str	r3, [r2]
 337:Drivers/STM32L4xx_HAL_Driver/Src/stm32l4xx_hal_rcc_ex.c **** 
 725              		.loc 1 337 5 view .LVU222
 337:Drivers/STM32L4xx_HAL_Driver/Src/stm32l4xx_hal_rcc_ex.c **** 
 726              		.loc 1 337 17 is_stmt 0 view .LVU223
 727 0096 FFF7FEFF 		bl	HAL_GetTick
 728              	.LVL63:
 729 009a 0546     		mov	r5, r0
 730              	.LVL64:
 339:Drivers/STM32L4xx_HAL_Driver/Src/stm32l4xx_hal_rcc_ex.c ****     {
 731              		.loc 1 339 5 is_stmt 1 view .LVU224
ARM GAS  C:\Users\adisa\AppData\Local\Temp\ccmroX4q.s 			page 79


 732              	.L62:
 339:Drivers/STM32L4xx_HAL_Driver/Src/stm32l4xx_hal_rcc_ex.c ****     {
 733              		.loc 1 339 43 view .LVU225
 339:Drivers/STM32L4xx_HAL_Driver/Src/stm32l4xx_hal_rcc_ex.c ****     {
 734              		.loc 1 339 11 is_stmt 0 view .LVU226
 735 009c 914B     		ldr	r3, .L102+4
 736 009e 1B68     		ldr	r3, [r3]
 339:Drivers/STM32L4xx_HAL_Driver/Src/stm32l4xx_hal_rcc_ex.c ****     {
 737              		.loc 1 339 43 view .LVU227
 738 00a0 13F4807F 		tst	r3, #256
 739 00a4 05D1     		bne	.L63
 341:Drivers/STM32L4xx_HAL_Driver/Src/stm32l4xx_hal_rcc_ex.c ****       {
 740              		.loc 1 341 7 is_stmt 1 view .LVU228
 341:Drivers/STM32L4xx_HAL_Driver/Src/stm32l4xx_hal_rcc_ex.c ****       {
 741              		.loc 1 341 11 is_stmt 0 view .LVU229
 742 00a6 FFF7FEFF 		bl	HAL_GetTick
 743              	.LVL65:
 341:Drivers/STM32L4xx_HAL_Driver/Src/stm32l4xx_hal_rcc_ex.c ****       {
 744              		.loc 1 341 25 discriminator 1 view .LVU230
 745 00aa 401B     		subs	r0, r0, r5
 341:Drivers/STM32L4xx_HAL_Driver/Src/stm32l4xx_hal_rcc_ex.c ****       {
 746              		.loc 1 341 9 discriminator 1 view .LVU231
 747 00ac 0228     		cmp	r0, #2
 748 00ae F5D9     		bls	.L62
 343:Drivers/STM32L4xx_HAL_Driver/Src/stm32l4xx_hal_rcc_ex.c ****         break;
 749              		.loc 1 343 13 view .LVU232
 750 00b0 0327     		movs	r7, #3
 751              	.LVL66:
 752              	.L63:
 348:Drivers/STM32L4xx_HAL_Driver/Src/stm32l4xx_hal_rcc_ex.c ****     {
 753              		.loc 1 348 5 is_stmt 1 view .LVU233
 348:Drivers/STM32L4xx_HAL_Driver/Src/stm32l4xx_hal_rcc_ex.c ****     {
 754              		.loc 1 348 7 is_stmt 0 view .LVU234
 755 00b2 002F     		cmp	r7, #0
 756 00b4 40D1     		bne	.L88
 351:Drivers/STM32L4xx_HAL_Driver/Src/stm32l4xx_hal_rcc_ex.c **** 
 757              		.loc 1 351 7 is_stmt 1 view .LVU235
 351:Drivers/STM32L4xx_HAL_Driver/Src/stm32l4xx_hal_rcc_ex.c **** 
 758              		.loc 1 351 21 is_stmt 0 view .LVU236
 759 00b6 8A4B     		ldr	r3, .L102
 760 00b8 D3F89030 		ldr	r3, [r3, #144]
 761              	.LVL67:
 353:Drivers/STM32L4xx_HAL_Driver/Src/stm32l4xx_hal_rcc_ex.c ****       {
 762              		.loc 1 353 7 is_stmt 1 view .LVU237
 353:Drivers/STM32L4xx_HAL_Driver/Src/stm32l4xx_hal_rcc_ex.c ****       {
 763              		.loc 1 353 9 is_stmt 0 view .LVU238
 764 00bc 13F44073 		ands	r3, r3, #768
 765              	.LVL68:
 353:Drivers/STM32L4xx_HAL_Driver/Src/stm32l4xx_hal_rcc_ex.c ****       {
 766              		.loc 1 353 9 view .LVU239
 767 00c0 18D0     		beq	.L66
 353:Drivers/STM32L4xx_HAL_Driver/Src/stm32l4xx_hal_rcc_ex.c ****       {
 768              		.loc 1 353 81 discriminator 1 view .LVU240
 769 00c2 226D     		ldr	r2, [r4, #80]
 353:Drivers/STM32L4xx_HAL_Driver/Src/stm32l4xx_hal_rcc_ex.c ****       {
 770              		.loc 1 353 49 discriminator 1 view .LVU241
 771 00c4 9A42     		cmp	r2, r3
ARM GAS  C:\Users\adisa\AppData\Local\Temp\ccmroX4q.s 			page 80


 772 00c6 12D0     		beq	.L67
 356:Drivers/STM32L4xx_HAL_Driver/Src/stm32l4xx_hal_rcc_ex.c ****         /* RTC Clock selection can be changed only if the Backup Domain is reset */
 773              		.loc 1 356 9 is_stmt 1 view .LVU242
 356:Drivers/STM32L4xx_HAL_Driver/Src/stm32l4xx_hal_rcc_ex.c ****         /* RTC Clock selection can be changed only if the Backup Domain is reset */
 774              		.loc 1 356 23 is_stmt 0 view .LVU243
 775 00c8 854A     		ldr	r2, .L102
 776 00ca D2F89030 		ldr	r3, [r2, #144]
 777              	.LVL69:
 356:Drivers/STM32L4xx_HAL_Driver/Src/stm32l4xx_hal_rcc_ex.c ****         /* RTC Clock selection can be changed only if the Backup Domain is reset */
 778              		.loc 1 356 21 view .LVU244
 779 00ce 23F44073 		bic	r3, r3, #768
 780              	.LVL70:
 358:Drivers/STM32L4xx_HAL_Driver/Src/stm32l4xx_hal_rcc_ex.c ****         __HAL_RCC_BACKUPRESET_RELEASE();
 781              		.loc 1 358 9 is_stmt 1 view .LVU245
 782 00d2 D2F89010 		ldr	r1, [r2, #144]
 783 00d6 41F48031 		orr	r1, r1, #65536
 784 00da C2F89010 		str	r1, [r2, #144]
 359:Drivers/STM32L4xx_HAL_Driver/Src/stm32l4xx_hal_rcc_ex.c ****         /* Restore the Content of BDCR register */
 785              		.loc 1 359 9 view .LVU246
 786 00de D2F89010 		ldr	r1, [r2, #144]
 787 00e2 21F48031 		bic	r1, r1, #65536
 788 00e6 C2F89010 		str	r1, [r2, #144]
 361:Drivers/STM32L4xx_HAL_Driver/Src/stm32l4xx_hal_rcc_ex.c ****       }
 789              		.loc 1 361 9 view .LVU247
 361:Drivers/STM32L4xx_HAL_Driver/Src/stm32l4xx_hal_rcc_ex.c ****       }
 790              		.loc 1 361 19 is_stmt 0 view .LVU248
 791 00ea C2F89030 		str	r3, [r2, #144]
 792              	.L67:
 365:Drivers/STM32L4xx_HAL_Driver/Src/stm32l4xx_hal_rcc_ex.c ****       {
 793              		.loc 1 365 7 is_stmt 1 view .LVU249
 365:Drivers/STM32L4xx_HAL_Driver/Src/stm32l4xx_hal_rcc_ex.c ****       {
 794              		.loc 1 365 10 is_stmt 0 view .LVU250
 795 00ee 13F0010F 		tst	r3, #1
 796 00f2 0FD1     		bne	.L95
 797              	.LVL71:
 798              	.L66:
 381:Drivers/STM32L4xx_HAL_Driver/Src/stm32l4xx_hal_rcc_ex.c ****       {
 799              		.loc 1 381 7 is_stmt 1 view .LVU251
 381:Drivers/STM32L4xx_HAL_Driver/Src/stm32l4xx_hal_rcc_ex.c ****       {
 800              		.loc 1 381 9 is_stmt 0 view .LVU252
 801 00f4 002F     		cmp	r7, #0
 802 00f6 40F0C980 		bne	.L90
 384:Drivers/STM32L4xx_HAL_Driver/Src/stm32l4xx_hal_rcc_ex.c ****       }
 803              		.loc 1 384 9 is_stmt 1 view .LVU253
 804 00fa 794A     		ldr	r2, .L102
 805 00fc D2F89030 		ldr	r3, [r2, #144]
 806 0100 23F44073 		bic	r3, r3, #768
 807 0104 216D     		ldr	r1, [r4, #80]
 808 0106 0B43     		orrs	r3, r3, r1
 809 0108 C2F89030 		str	r3, [r2, #144]
 810 010c 15E0     		b	.L65
 811              	.LVL72:
 812              	.L86:
 321:Drivers/STM32L4xx_HAL_Driver/Src/stm32l4xx_hal_rcc_ex.c **** 
 813              		.loc 1 321 22 is_stmt 0 view .LVU254
 814 010e 4FF00008 		mov	r8, #0
 815 0112 BBE7     		b	.L61
ARM GAS  C:\Users\adisa\AppData\Local\Temp\ccmroX4q.s 			page 81


 816              	.LVL73:
 817              	.L95:
 368:Drivers/STM32L4xx_HAL_Driver/Src/stm32l4xx_hal_rcc_ex.c **** 
 818              		.loc 1 368 9 is_stmt 1 view .LVU255
 368:Drivers/STM32L4xx_HAL_Driver/Src/stm32l4xx_hal_rcc_ex.c **** 
 819              		.loc 1 368 21 is_stmt 0 view .LVU256
 820 0114 FFF7FEFF 		bl	HAL_GetTick
 821              	.LVL74:
 368:Drivers/STM32L4xx_HAL_Driver/Src/stm32l4xx_hal_rcc_ex.c **** 
 822              		.loc 1 368 21 view .LVU257
 823 0118 0546     		mov	r5, r0
 824              	.LVL75:
 371:Drivers/STM32L4xx_HAL_Driver/Src/stm32l4xx_hal_rcc_ex.c ****         {
 825              		.loc 1 371 9 is_stmt 1 view .LVU258
 826              	.L68:
 371:Drivers/STM32L4xx_HAL_Driver/Src/stm32l4xx_hal_rcc_ex.c ****         {
 827              		.loc 1 371 52 view .LVU259
 371:Drivers/STM32L4xx_HAL_Driver/Src/stm32l4xx_hal_rcc_ex.c ****         {
 828              		.loc 1 371 15 is_stmt 0 view .LVU260
 829 011a 714B     		ldr	r3, .L102
 830 011c D3F89030 		ldr	r3, [r3, #144]
 371:Drivers/STM32L4xx_HAL_Driver/Src/stm32l4xx_hal_rcc_ex.c ****         {
 831              		.loc 1 371 52 view .LVU261
 832 0120 13F0020F 		tst	r3, #2
 833 0124 E6D1     		bne	.L66
 373:Drivers/STM32L4xx_HAL_Driver/Src/stm32l4xx_hal_rcc_ex.c ****           {
 834              		.loc 1 373 11 is_stmt 1 view .LVU262
 373:Drivers/STM32L4xx_HAL_Driver/Src/stm32l4xx_hal_rcc_ex.c ****           {
 835              		.loc 1 373 15 is_stmt 0 view .LVU263
 836 0126 FFF7FEFF 		bl	HAL_GetTick
 837              	.LVL76:
 373:Drivers/STM32L4xx_HAL_Driver/Src/stm32l4xx_hal_rcc_ex.c ****           {
 838              		.loc 1 373 29 discriminator 1 view .LVU264
 839 012a 401B     		subs	r0, r0, r5
 373:Drivers/STM32L4xx_HAL_Driver/Src/stm32l4xx_hal_rcc_ex.c ****           {
 840              		.loc 1 373 13 discriminator 1 view .LVU265
 841 012c 41F28833 		movw	r3, #5000
 842 0130 9842     		cmp	r0, r3
 843 0132 F2D9     		bls	.L68
 375:Drivers/STM32L4xx_HAL_Driver/Src/stm32l4xx_hal_rcc_ex.c ****             break;
 844              		.loc 1 375 17 view .LVU266
 845 0134 0327     		movs	r7, #3
 846              	.LVL77:
 375:Drivers/STM32L4xx_HAL_Driver/Src/stm32l4xx_hal_rcc_ex.c ****             break;
 847              		.loc 1 375 17 view .LVU267
 848 0136 DDE7     		b	.L66
 849              	.LVL78:
 850              	.L88:
 395:Drivers/STM32L4xx_HAL_Driver/Src/stm32l4xx_hal_rcc_ex.c ****     }
 851              		.loc 1 395 14 view .LVU268
 852 0138 3E46     		mov	r6, r7
 853              	.LVL79:
 854              	.L65:
 399:Drivers/STM32L4xx_HAL_Driver/Src/stm32l4xx_hal_rcc_ex.c ****     {
 855              		.loc 1 399 5 is_stmt 1 view .LVU269
 399:Drivers/STM32L4xx_HAL_Driver/Src/stm32l4xx_hal_rcc_ex.c ****     {
 856              		.loc 1 399 7 is_stmt 0 view .LVU270
ARM GAS  C:\Users\adisa\AppData\Local\Temp\ccmroX4q.s 			page 82


 857 013a B8F1000F 		cmp	r8, #0
 858 013e 40F0A780 		bne	.L96
 859              	.LVL80:
 860              	.L60:
 399:Drivers/STM32L4xx_HAL_Driver/Src/stm32l4xx_hal_rcc_ex.c ****     {
 861              		.loc 1 399 7 view .LVU271
 862              	.LBE2:
 406:Drivers/STM32L4xx_HAL_Driver/Src/stm32l4xx_hal_rcc_ex.c ****   {
 863              		.loc 1 406 3 is_stmt 1 view .LVU272
 406:Drivers/STM32L4xx_HAL_Driver/Src/stm32l4xx_hal_rcc_ex.c ****   {
 864              		.loc 1 406 21 is_stmt 0 view .LVU273
 865 0142 2368     		ldr	r3, [r4]
 406:Drivers/STM32L4xx_HAL_Driver/Src/stm32l4xx_hal_rcc_ex.c ****   {
 866              		.loc 1 406 5 view .LVU274
 867 0144 13F0010F 		tst	r3, #1
 868 0148 08D0     		beq	.L70
 409:Drivers/STM32L4xx_HAL_Driver/Src/stm32l4xx_hal_rcc_ex.c **** 
 869              		.loc 1 409 5 is_stmt 1 view .LVU275
 412:Drivers/STM32L4xx_HAL_Driver/Src/stm32l4xx_hal_rcc_ex.c ****   }
 870              		.loc 1 412 5 view .LVU276
 871 014a 654A     		ldr	r2, .L102
 872 014c D2F88830 		ldr	r3, [r2, #136]
 873 0150 23F00303 		bic	r3, r3, #3
 874 0154 216A     		ldr	r1, [r4, #32]
 875 0156 0B43     		orrs	r3, r3, r1
 876 0158 C2F88830 		str	r3, [r2, #136]
 877              	.L70:
 416:Drivers/STM32L4xx_HAL_Driver/Src/stm32l4xx_hal_rcc_ex.c ****   {
 878              		.loc 1 416 3 view .LVU277
 416:Drivers/STM32L4xx_HAL_Driver/Src/stm32l4xx_hal_rcc_ex.c ****   {
 879              		.loc 1 416 21 is_stmt 0 view .LVU278
 880 015c 2368     		ldr	r3, [r4]
 416:Drivers/STM32L4xx_HAL_Driver/Src/stm32l4xx_hal_rcc_ex.c ****   {
 881              		.loc 1 416 5 view .LVU279
 882 015e 13F0020F 		tst	r3, #2
 883 0162 08D0     		beq	.L71
 419:Drivers/STM32L4xx_HAL_Driver/Src/stm32l4xx_hal_rcc_ex.c **** 
 884              		.loc 1 419 5 is_stmt 1 view .LVU280
 422:Drivers/STM32L4xx_HAL_Driver/Src/stm32l4xx_hal_rcc_ex.c ****   }
 885              		.loc 1 422 5 view .LVU281
 886 0164 5E4A     		ldr	r2, .L102
 887 0166 D2F88830 		ldr	r3, [r2, #136]
 888 016a 23F00C03 		bic	r3, r3, #12
 889 016e 616A     		ldr	r1, [r4, #36]
 890 0170 0B43     		orrs	r3, r3, r1
 891 0172 C2F88830 		str	r3, [r2, #136]
 892              	.L71:
 468:Drivers/STM32L4xx_HAL_Driver/Src/stm32l4xx_hal_rcc_ex.c ****   {
 893              		.loc 1 468 3 view .LVU282
 468:Drivers/STM32L4xx_HAL_Driver/Src/stm32l4xx_hal_rcc_ex.c ****   {
 894              		.loc 1 468 21 is_stmt 0 view .LVU283
 895 0176 2368     		ldr	r3, [r4]
 468:Drivers/STM32L4xx_HAL_Driver/Src/stm32l4xx_hal_rcc_ex.c ****   {
 896              		.loc 1 468 5 view .LVU284
 897 0178 13F0200F 		tst	r3, #32
 898 017c 08D0     		beq	.L72
 471:Drivers/STM32L4xx_HAL_Driver/Src/stm32l4xx_hal_rcc_ex.c **** 
ARM GAS  C:\Users\adisa\AppData\Local\Temp\ccmroX4q.s 			page 83


 899              		.loc 1 471 5 is_stmt 1 view .LVU285
 474:Drivers/STM32L4xx_HAL_Driver/Src/stm32l4xx_hal_rcc_ex.c ****   }
 900              		.loc 1 474 5 view .LVU286
 901 017e 584A     		ldr	r2, .L102
 902 0180 D2F88830 		ldr	r3, [r2, #136]
 903 0184 23F44063 		bic	r3, r3, #3072
 904 0188 A16A     		ldr	r1, [r4, #40]
 905 018a 0B43     		orrs	r3, r3, r1
 906 018c C2F88830 		str	r3, [r2, #136]
 907              	.L72:
 478:Drivers/STM32L4xx_HAL_Driver/Src/stm32l4xx_hal_rcc_ex.c ****   {
 908              		.loc 1 478 3 view .LVU287
 478:Drivers/STM32L4xx_HAL_Driver/Src/stm32l4xx_hal_rcc_ex.c ****   {
 909              		.loc 1 478 21 is_stmt 0 view .LVU288
 910 0190 2368     		ldr	r3, [r4]
 478:Drivers/STM32L4xx_HAL_Driver/Src/stm32l4xx_hal_rcc_ex.c ****   {
 911              		.loc 1 478 5 view .LVU289
 912 0192 13F4007F 		tst	r3, #512
 913 0196 08D0     		beq	.L73
 480:Drivers/STM32L4xx_HAL_Driver/Src/stm32l4xx_hal_rcc_ex.c ****     __HAL_RCC_LPTIM1_CONFIG(PeriphClkInit->Lptim1ClockSelection);
 914              		.loc 1 480 5 is_stmt 1 view .LVU290
 481:Drivers/STM32L4xx_HAL_Driver/Src/stm32l4xx_hal_rcc_ex.c ****   }
 915              		.loc 1 481 5 view .LVU291
 916 0198 514A     		ldr	r2, .L102
 917 019a D2F88830 		ldr	r3, [r2, #136]
 918 019e 23F44023 		bic	r3, r3, #786432
 919 01a2 616B     		ldr	r1, [r4, #52]
 920 01a4 0B43     		orrs	r3, r3, r1
 921 01a6 C2F88830 		str	r3, [r2, #136]
 922              	.L73:
 485:Drivers/STM32L4xx_HAL_Driver/Src/stm32l4xx_hal_rcc_ex.c ****   {
 923              		.loc 1 485 3 view .LVU292
 485:Drivers/STM32L4xx_HAL_Driver/Src/stm32l4xx_hal_rcc_ex.c ****   {
 924              		.loc 1 485 21 is_stmt 0 view .LVU293
 925 01aa 2368     		ldr	r3, [r4]
 485:Drivers/STM32L4xx_HAL_Driver/Src/stm32l4xx_hal_rcc_ex.c ****   {
 926              		.loc 1 485 5 view .LVU294
 927 01ac 13F4806F 		tst	r3, #1024
 928 01b0 08D0     		beq	.L74
 487:Drivers/STM32L4xx_HAL_Driver/Src/stm32l4xx_hal_rcc_ex.c ****     __HAL_RCC_LPTIM2_CONFIG(PeriphClkInit->Lptim2ClockSelection);
 929              		.loc 1 487 5 is_stmt 1 view .LVU295
 488:Drivers/STM32L4xx_HAL_Driver/Src/stm32l4xx_hal_rcc_ex.c ****   }
 930              		.loc 1 488 5 view .LVU296
 931 01b2 4B4A     		ldr	r2, .L102
 932 01b4 D2F88830 		ldr	r3, [r2, #136]
 933 01b8 23F44013 		bic	r3, r3, #3145728
 934 01bc A16B     		ldr	r1, [r4, #56]
 935 01be 0B43     		orrs	r3, r3, r1
 936 01c0 C2F88830 		str	r3, [r2, #136]
 937              	.L74:
 492:Drivers/STM32L4xx_HAL_Driver/Src/stm32l4xx_hal_rcc_ex.c ****   {
 938              		.loc 1 492 3 view .LVU297
 492:Drivers/STM32L4xx_HAL_Driver/Src/stm32l4xx_hal_rcc_ex.c ****   {
 939              		.loc 1 492 21 is_stmt 0 view .LVU298
 940 01c4 2368     		ldr	r3, [r4]
 492:Drivers/STM32L4xx_HAL_Driver/Src/stm32l4xx_hal_rcc_ex.c ****   {
 941              		.loc 1 492 5 view .LVU299
ARM GAS  C:\Users\adisa\AppData\Local\Temp\ccmroX4q.s 			page 84


 942 01c6 13F0400F 		tst	r3, #64
 943 01ca 08D0     		beq	.L75
 495:Drivers/STM32L4xx_HAL_Driver/Src/stm32l4xx_hal_rcc_ex.c **** 
 944              		.loc 1 495 5 is_stmt 1 view .LVU300
 498:Drivers/STM32L4xx_HAL_Driver/Src/stm32l4xx_hal_rcc_ex.c ****   }
 945              		.loc 1 498 5 view .LVU301
 946 01cc 444A     		ldr	r2, .L102
 947 01ce D2F88830 		ldr	r3, [r2, #136]
 948 01d2 23F44053 		bic	r3, r3, #12288
 949 01d6 E16A     		ldr	r1, [r4, #44]
 950 01d8 0B43     		orrs	r3, r3, r1
 951 01da C2F88830 		str	r3, [r2, #136]
 952              	.L75:
 516:Drivers/STM32L4xx_HAL_Driver/Src/stm32l4xx_hal_rcc_ex.c ****   {
 953              		.loc 1 516 3 view .LVU302
 516:Drivers/STM32L4xx_HAL_Driver/Src/stm32l4xx_hal_rcc_ex.c ****   {
 954              		.loc 1 516 21 is_stmt 0 view .LVU303
 955 01de 2368     		ldr	r3, [r4]
 516:Drivers/STM32L4xx_HAL_Driver/Src/stm32l4xx_hal_rcc_ex.c ****   {
 956              		.loc 1 516 5 view .LVU304
 957 01e0 13F4807F 		tst	r3, #256
 958 01e4 08D0     		beq	.L76
 519:Drivers/STM32L4xx_HAL_Driver/Src/stm32l4xx_hal_rcc_ex.c **** 
 959              		.loc 1 519 5 is_stmt 1 view .LVU305
 522:Drivers/STM32L4xx_HAL_Driver/Src/stm32l4xx_hal_rcc_ex.c ****   }
 960              		.loc 1 522 5 view .LVU306
 961 01e6 3E4A     		ldr	r2, .L102
 962 01e8 D2F88830 		ldr	r3, [r2, #136]
 963 01ec 23F44033 		bic	r3, r3, #196608
 964 01f0 216B     		ldr	r1, [r4, #48]
 965 01f2 0B43     		orrs	r3, r3, r1
 966 01f4 C2F88830 		str	r3, [r2, #136]
 967              	.L76:
 542:Drivers/STM32L4xx_HAL_Driver/Src/stm32l4xx_hal_rcc_ex.c ****   {
 968              		.loc 1 542 3 view .LVU307
 542:Drivers/STM32L4xx_HAL_Driver/Src/stm32l4xx_hal_rcc_ex.c ****   {
 969              		.loc 1 542 21 is_stmt 0 view .LVU308
 970 01f8 2368     		ldr	r3, [r4]
 542:Drivers/STM32L4xx_HAL_Driver/Src/stm32l4xx_hal_rcc_ex.c ****   {
 971              		.loc 1 542 5 view .LVU309
 972 01fa 13F4005F 		tst	r3, #8192
 973 01fe 0FD0     		beq	.L77
 544:Drivers/STM32L4xx_HAL_Driver/Src/stm32l4xx_hal_rcc_ex.c ****     __HAL_RCC_USB_CONFIG(PeriphClkInit->UsbClockSelection);
 974              		.loc 1 544 5 is_stmt 1 view .LVU310
 545:Drivers/STM32L4xx_HAL_Driver/Src/stm32l4xx_hal_rcc_ex.c **** 
 975              		.loc 1 545 5 view .LVU311
 976 0200 374A     		ldr	r2, .L102
 977 0202 D2F88830 		ldr	r3, [r2, #136]
 978 0206 23F04063 		bic	r3, r3, #201326592
 979 020a 216C     		ldr	r1, [r4, #64]
 980 020c 0B43     		orrs	r3, r3, r1
 981 020e C2F88830 		str	r3, [r2, #136]
 547:Drivers/STM32L4xx_HAL_Driver/Src/stm32l4xx_hal_rcc_ex.c ****     {
 982              		.loc 1 547 5 view .LVU312
 547:Drivers/STM32L4xx_HAL_Driver/Src/stm32l4xx_hal_rcc_ex.c ****     {
 983              		.loc 1 547 21 is_stmt 0 view .LVU313
 984 0212 236C     		ldr	r3, [r4, #64]
ARM GAS  C:\Users\adisa\AppData\Local\Temp\ccmroX4q.s 			page 85


 547:Drivers/STM32L4xx_HAL_Driver/Src/stm32l4xx_hal_rcc_ex.c ****     {
 985              		.loc 1 547 7 view .LVU314
 986 0214 B3F1006F 		cmp	r3, #134217728
 987 0218 40D0     		beq	.L97
 555:Drivers/STM32L4xx_HAL_Driver/Src/stm32l4xx_hal_rcc_ex.c ****       {
 988              		.loc 1 555 7 is_stmt 1 view .LVU315
 555:Drivers/STM32L4xx_HAL_Driver/Src/stm32l4xx_hal_rcc_ex.c ****       {
 989              		.loc 1 555 9 is_stmt 0 view .LVU316
 990 021a B3F1806F 		cmp	r3, #67108864
 991 021e 42D0     		beq	.L98
 992              	.LVL81:
 993              	.L77:
 612:Drivers/STM32L4xx_HAL_Driver/Src/stm32l4xx_hal_rcc_ex.c ****   {
 994              		.loc 1 612 3 is_stmt 1 view .LVU317
 612:Drivers/STM32L4xx_HAL_Driver/Src/stm32l4xx_hal_rcc_ex.c ****   {
 995              		.loc 1 612 21 is_stmt 0 view .LVU318
 996 0220 2368     		ldr	r3, [r4]
 612:Drivers/STM32L4xx_HAL_Driver/Src/stm32l4xx_hal_rcc_ex.c ****   {
 997              		.loc 1 612 5 view .LVU319
 998 0222 13F4802F 		tst	r3, #262144
 999 0226 0FD0     		beq	.L79
 614:Drivers/STM32L4xx_HAL_Driver/Src/stm32l4xx_hal_rcc_ex.c ****     __HAL_RCC_RNG_CONFIG(PeriphClkInit->RngClockSelection);
 1000              		.loc 1 614 5 is_stmt 1 view .LVU320
 615:Drivers/STM32L4xx_HAL_Driver/Src/stm32l4xx_hal_rcc_ex.c **** 
 1001              		.loc 1 615 5 view .LVU321
 1002 0228 2D4A     		ldr	r2, .L102
 1003 022a D2F88830 		ldr	r3, [r2, #136]
 1004 022e 23F04063 		bic	r3, r3, #201326592
 1005 0232 616C     		ldr	r1, [r4, #68]
 1006 0234 0B43     		orrs	r3, r3, r1
 1007 0236 C2F88830 		str	r3, [r2, #136]
 617:Drivers/STM32L4xx_HAL_Driver/Src/stm32l4xx_hal_rcc_ex.c ****     {
 1008              		.loc 1 617 5 view .LVU322
 617:Drivers/STM32L4xx_HAL_Driver/Src/stm32l4xx_hal_rcc_ex.c ****     {
 1009              		.loc 1 617 21 is_stmt 0 view .LVU323
 1010 023a 636C     		ldr	r3, [r4, #68]
 617:Drivers/STM32L4xx_HAL_Driver/Src/stm32l4xx_hal_rcc_ex.c ****     {
 1011              		.loc 1 617 7 view .LVU324
 1012 023c B3F1006F 		cmp	r3, #134217728
 1013 0240 39D0     		beq	.L99
 623:Drivers/STM32L4xx_HAL_Driver/Src/stm32l4xx_hal_rcc_ex.c ****     {
 1014              		.loc 1 623 10 is_stmt 1 view .LVU325
 623:Drivers/STM32L4xx_HAL_Driver/Src/stm32l4xx_hal_rcc_ex.c ****     {
 1015              		.loc 1 623 12 is_stmt 0 view .LVU326
 1016 0242 B3F1806F 		cmp	r3, #67108864
 1017 0246 3BD0     		beq	.L100
 1018              	.LVL82:
 1019              	.L79:
 638:Drivers/STM32L4xx_HAL_Driver/Src/stm32l4xx_hal_rcc_ex.c ****   }
 1020              		.loc 1 638 5 is_stmt 1 view .LVU327
 643:Drivers/STM32L4xx_HAL_Driver/Src/stm32l4xx_hal_rcc_ex.c ****   {
 1021              		.loc 1 643 3 view .LVU328
 643:Drivers/STM32L4xx_HAL_Driver/Src/stm32l4xx_hal_rcc_ex.c ****   {
 1022              		.loc 1 643 21 is_stmt 0 view .LVU329
 1023 0248 2368     		ldr	r3, [r4]
 643:Drivers/STM32L4xx_HAL_Driver/Src/stm32l4xx_hal_rcc_ex.c ****   {
 1024              		.loc 1 643 5 view .LVU330
ARM GAS  C:\Users\adisa\AppData\Local\Temp\ccmroX4q.s 			page 86


 1025 024a 13F4804F 		tst	r3, #16384
 1026 024e 0CD0     		beq	.L81
 646:Drivers/STM32L4xx_HAL_Driver/Src/stm32l4xx_hal_rcc_ex.c **** 
 1027              		.loc 1 646 5 is_stmt 1 view .LVU331
 649:Drivers/STM32L4xx_HAL_Driver/Src/stm32l4xx_hal_rcc_ex.c **** 
 1028              		.loc 1 649 5 view .LVU332
 1029 0250 234A     		ldr	r2, .L102
 1030 0252 D2F88830 		ldr	r3, [r2, #136]
 1031 0256 23F04053 		bic	r3, r3, #805306368
 1032 025a A16C     		ldr	r1, [r4, #72]
 1033 025c 0B43     		orrs	r3, r3, r1
 1034 025e C2F88830 		str	r3, [r2, #136]
 652:Drivers/STM32L4xx_HAL_Driver/Src/stm32l4xx_hal_rcc_ex.c ****     {
 1035              		.loc 1 652 5 view .LVU333
 652:Drivers/STM32L4xx_HAL_Driver/Src/stm32l4xx_hal_rcc_ex.c ****     {
 1036              		.loc 1 652 21 is_stmt 0 view .LVU334
 1037 0262 A36C     		ldr	r3, [r4, #72]
 652:Drivers/STM32L4xx_HAL_Driver/Src/stm32l4xx_hal_rcc_ex.c ****     {
 1038              		.loc 1 652 7 view .LVU335
 1039 0264 B3F1805F 		cmp	r3, #268435456
 1040 0268 32D0     		beq	.L101
 1041              	.LVL83:
 1042              	.L81:
 691:Drivers/STM32L4xx_HAL_Driver/Src/stm32l4xx_hal_rcc_ex.c ****   {
 1043              		.loc 1 691 3 is_stmt 1 view .LVU336
 691:Drivers/STM32L4xx_HAL_Driver/Src/stm32l4xx_hal_rcc_ex.c ****   {
 1044              		.loc 1 691 21 is_stmt 0 view .LVU337
 1045 026a 2368     		ldr	r3, [r4]
 691:Drivers/STM32L4xx_HAL_Driver/Src/stm32l4xx_hal_rcc_ex.c ****   {
 1046              		.loc 1 691 5 view .LVU338
 1047 026c 13F4004F 		tst	r3, #32768
 1048 0270 08D0     		beq	.L82
 694:Drivers/STM32L4xx_HAL_Driver/Src/stm32l4xx_hal_rcc_ex.c **** 
 1049              		.loc 1 694 5 is_stmt 1 view .LVU339
 697:Drivers/STM32L4xx_HAL_Driver/Src/stm32l4xx_hal_rcc_ex.c ****   }
 1050              		.loc 1 697 5 view .LVU340
 1051 0272 1B4A     		ldr	r2, .L102
 1052 0274 D2F88830 		ldr	r3, [r2, #136]
 1053 0278 23F08043 		bic	r3, r3, #1073741824
 1054 027c E16C     		ldr	r1, [r4, #76]
 1055 027e 0B43     		orrs	r3, r3, r1
 1056 0280 C2F88830 		str	r3, [r2, #136]
 1057              	.L82:
 817:Drivers/STM32L4xx_HAL_Driver/Src/stm32l4xx_hal_rcc_ex.c **** }
 1058              		.loc 1 817 3 view .LVU341
 818:Drivers/STM32L4xx_HAL_Driver/Src/stm32l4xx_hal_rcc_ex.c **** 
 1059              		.loc 1 818 1 is_stmt 0 view .LVU342
 1060 0284 3046     		mov	r0, r6
 1061 0286 02B0     		add	sp, sp, #8
 1062              	.LCFI7:
 1063              		.cfi_remember_state
 1064              		.cfi_def_cfa_offset 24
 1065              		@ sp needed
 1066 0288 BDE8F081 		pop	{r4, r5, r6, r7, r8, pc}
 1067              	.LVL84:
 1068              	.L90:
 1069              	.LCFI8:
ARM GAS  C:\Users\adisa\AppData\Local\Temp\ccmroX4q.s 			page 87


 1070              		.cfi_restore_state
 1071              	.LBB4:
 389:Drivers/STM32L4xx_HAL_Driver/Src/stm32l4xx_hal_rcc_ex.c ****       }
 1072              		.loc 1 389 16 view .LVU343
 1073 028c 3E46     		mov	r6, r7
 1074              	.LVL85:
 389:Drivers/STM32L4xx_HAL_Driver/Src/stm32l4xx_hal_rcc_ex.c ****       }
 1075              		.loc 1 389 16 view .LVU344
 1076 028e 54E7     		b	.L65
 1077              	.LVL86:
 1078              	.L96:
 401:Drivers/STM32L4xx_HAL_Driver/Src/stm32l4xx_hal_rcc_ex.c ****     }
 1079              		.loc 1 401 7 is_stmt 1 view .LVU345
 1080 0290 134A     		ldr	r2, .L102
 1081 0292 936D     		ldr	r3, [r2, #88]
 1082 0294 23F08053 		bic	r3, r3, #268435456
 1083 0298 9365     		str	r3, [r2, #88]
 1084 029a 52E7     		b	.L60
 1085              	.LVL87:
 1086              	.L97:
 401:Drivers/STM32L4xx_HAL_Driver/Src/stm32l4xx_hal_rcc_ex.c ****     }
 1087              		.loc 1 401 7 is_stmt 0 view .LVU346
 1088              	.LBE4:
 550:Drivers/STM32L4xx_HAL_Driver/Src/stm32l4xx_hal_rcc_ex.c ****     }
 1089              		.loc 1 550 7 is_stmt 1 view .LVU347
 1090 029c D368     		ldr	r3, [r2, #12]
 1091 029e 43F48013 		orr	r3, r3, #1048576
 1092 02a2 D360     		str	r3, [r2, #12]
 1093 02a4 BCE7     		b	.L77
 1094              	.L98:
 558:Drivers/STM32L4xx_HAL_Driver/Src/stm32l4xx_hal_rcc_ex.c **** 
 1095              		.loc 1 558 9 view .LVU348
 558:Drivers/STM32L4xx_HAL_Driver/Src/stm32l4xx_hal_rcc_ex.c **** 
 1096              		.loc 1 558 15 is_stmt 0 view .LVU349
 1097 02a6 0121     		movs	r1, #1
 1098 02a8 201D     		adds	r0, r4, #4
 1099 02aa FFF7FEFF 		bl	RCCEx_PLLSAI1_Config
 1100              	.LVL88:
 560:Drivers/STM32L4xx_HAL_Driver/Src/stm32l4xx_hal_rcc_ex.c ****         {
 1101              		.loc 1 560 9 is_stmt 1 view .LVU350
 560:Drivers/STM32L4xx_HAL_Driver/Src/stm32l4xx_hal_rcc_ex.c ****         {
 1102              		.loc 1 560 11 is_stmt 0 view .LVU351
 1103 02ae 0028     		cmp	r0, #0
 1104 02b0 B6D0     		beq	.L77
 563:Drivers/STM32L4xx_HAL_Driver/Src/stm32l4xx_hal_rcc_ex.c ****         }
 1105              		.loc 1 563 18 view .LVU352
 1106 02b2 0646     		mov	r6, r0
 1107              	.LVL89:
 563:Drivers/STM32L4xx_HAL_Driver/Src/stm32l4xx_hal_rcc_ex.c ****         }
 1108              		.loc 1 563 18 view .LVU353
 1109 02b4 B4E7     		b	.L77
 1110              	.LVL90:
 1111              	.L99:
 620:Drivers/STM32L4xx_HAL_Driver/Src/stm32l4xx_hal_rcc_ex.c ****     }
 1112              		.loc 1 620 7 is_stmt 1 view .LVU354
 1113 02b6 D368     		ldr	r3, [r2, #12]
 1114 02b8 43F48013 		orr	r3, r3, #1048576
ARM GAS  C:\Users\adisa\AppData\Local\Temp\ccmroX4q.s 			page 88


 1115 02bc D360     		str	r3, [r2, #12]
 1116 02be C3E7     		b	.L79
 1117              	.L100:
 626:Drivers/STM32L4xx_HAL_Driver/Src/stm32l4xx_hal_rcc_ex.c **** 
 1118              		.loc 1 626 7 view .LVU355
 626:Drivers/STM32L4xx_HAL_Driver/Src/stm32l4xx_hal_rcc_ex.c **** 
 1119              		.loc 1 626 13 is_stmt 0 view .LVU356
 1120 02c0 0121     		movs	r1, #1
 1121 02c2 201D     		adds	r0, r4, #4
 1122 02c4 FFF7FEFF 		bl	RCCEx_PLLSAI1_Config
 1123              	.LVL91:
 628:Drivers/STM32L4xx_HAL_Driver/Src/stm32l4xx_hal_rcc_ex.c ****       {
 1124              		.loc 1 628 7 is_stmt 1 view .LVU357
 628:Drivers/STM32L4xx_HAL_Driver/Src/stm32l4xx_hal_rcc_ex.c ****       {
 1125              		.loc 1 628 9 is_stmt 0 view .LVU358
 1126 02c8 0028     		cmp	r0, #0
 1127 02ca BDD0     		beq	.L79
 631:Drivers/STM32L4xx_HAL_Driver/Src/stm32l4xx_hal_rcc_ex.c ****       }
 1128              		.loc 1 631 16 view .LVU359
 1129 02cc 0646     		mov	r6, r0
 1130              	.LVL92:
 631:Drivers/STM32L4xx_HAL_Driver/Src/stm32l4xx_hal_rcc_ex.c ****       }
 1131              		.loc 1 631 16 view .LVU360
 1132 02ce BBE7     		b	.L79
 1133              	.LVL93:
 1134              	.L101:
 655:Drivers/STM32L4xx_HAL_Driver/Src/stm32l4xx_hal_rcc_ex.c **** 
 1135              		.loc 1 655 7 is_stmt 1 view .LVU361
 655:Drivers/STM32L4xx_HAL_Driver/Src/stm32l4xx_hal_rcc_ex.c **** 
 1136              		.loc 1 655 13 is_stmt 0 view .LVU362
 1137 02d0 0221     		movs	r1, #2
 1138 02d2 201D     		adds	r0, r4, #4
 1139 02d4 FFF7FEFF 		bl	RCCEx_PLLSAI1_Config
 1140              	.LVL94:
 657:Drivers/STM32L4xx_HAL_Driver/Src/stm32l4xx_hal_rcc_ex.c ****       {
 1141              		.loc 1 657 7 is_stmt 1 view .LVU363
 657:Drivers/STM32L4xx_HAL_Driver/Src/stm32l4xx_hal_rcc_ex.c ****       {
 1142              		.loc 1 657 9 is_stmt 0 view .LVU364
 1143 02d8 0028     		cmp	r0, #0
 1144 02da C6D0     		beq	.L81
 660:Drivers/STM32L4xx_HAL_Driver/Src/stm32l4xx_hal_rcc_ex.c ****       }
 1145              		.loc 1 660 16 view .LVU365
 1146 02dc 0646     		mov	r6, r0
 1147              	.LVL95:
 660:Drivers/STM32L4xx_HAL_Driver/Src/stm32l4xx_hal_rcc_ex.c ****       }
 1148              		.loc 1 660 16 view .LVU366
 1149 02de C4E7     		b	.L81
 1150              	.L103:
 1151              		.align	2
 1152              	.L102:
 1153 02e0 00100240 		.word	1073876992
 1154 02e4 00700040 		.word	1073770496
 1155              		.cfi_endproc
 1156              	.LFE384:
 1158              		.section	.text.HAL_RCCEx_GetPeriphCLKConfig,"ax",%progbits
 1159              		.align	1
 1160              		.global	HAL_RCCEx_GetPeriphCLKConfig
ARM GAS  C:\Users\adisa\AppData\Local\Temp\ccmroX4q.s 			page 89


 1161              		.syntax unified
 1162              		.thumb
 1163              		.thumb_func
 1165              	HAL_RCCEx_GetPeriphCLKConfig:
 1166              	.LVL96:
 1167              	.LFB385:
 829:Drivers/STM32L4xx_HAL_Driver/Src/stm32l4xx_hal_rcc_ex.c ****   /* Set all possible values for the extended clock type parameter------------*/
 1168              		.loc 1 829 1 is_stmt 1 view -0
 1169              		.cfi_startproc
 1170              		@ args = 0, pretend = 0, frame = 0
 1171              		@ frame_needed = 0, uses_anonymous_args = 0
 1172              		@ link register save eliminated.
 850:Drivers/STM32L4xx_HAL_Driver/Src/stm32l4xx_hal_rcc_ex.c ****                                         RCC_PERIPHCLK_LPUART1 | RCC_PERIPHCLK_I2C1   |             
 1173              		.loc 1 850 3 view .LVU368
 850:Drivers/STM32L4xx_HAL_Driver/Src/stm32l4xx_hal_rcc_ex.c ****                                         RCC_PERIPHCLK_LPUART1 | RCC_PERIPHCLK_I2C1   |             
 1174              		.loc 1 850 39 is_stmt 0 view .LVU369
 1175 0000 324B     		ldr	r3, .L105
 1176 0002 0360     		str	r3, [r0]
 934:Drivers/STM32L4xx_HAL_Driver/Src/stm32l4xx_hal_rcc_ex.c **** #if defined(RCC_PLLSAI1M_DIV_1_16_SUPPORT)
 1177              		.loc 1 934 3 is_stmt 1 view .LVU370
 934:Drivers/STM32L4xx_HAL_Driver/Src/stm32l4xx_hal_rcc_ex.c **** #if defined(RCC_PLLSAI1M_DIV_1_16_SUPPORT)
 1178              		.loc 1 934 42 is_stmt 0 view .LVU371
 1179 0004 324B     		ldr	r3, .L105+4
 1180 0006 DA68     		ldr	r2, [r3, #12]
 934:Drivers/STM32L4xx_HAL_Driver/Src/stm32l4xx_hal_rcc_ex.c **** #if defined(RCC_PLLSAI1M_DIV_1_16_SUPPORT)
 1181              		.loc 1 934 85 view .LVU372
 1182 0008 02F00302 		and	r2, r2, #3
 934:Drivers/STM32L4xx_HAL_Driver/Src/stm32l4xx_hal_rcc_ex.c **** #if defined(RCC_PLLSAI1M_DIV_1_16_SUPPORT)
 1183              		.loc 1 934 40 view .LVU373
 1184 000c 4260     		str	r2, [r0, #4]
 938:Drivers/STM32L4xx_HAL_Driver/Src/stm32l4xx_hal_rcc_ex.c **** #endif /* RCC_PLLSAI1M_DIV_1_16_SUPPORT */
 1185              		.loc 1 938 3 is_stmt 1 view .LVU374
 938:Drivers/STM32L4xx_HAL_Driver/Src/stm32l4xx_hal_rcc_ex.c **** #endif /* RCC_PLLSAI1M_DIV_1_16_SUPPORT */
 1186              		.loc 1 938 38 is_stmt 0 view .LVU375
 1187 000e DA68     		ldr	r2, [r3, #12]
 938:Drivers/STM32L4xx_HAL_Driver/Src/stm32l4xx_hal_rcc_ex.c **** #endif /* RCC_PLLSAI1M_DIV_1_16_SUPPORT */
 1188              		.loc 1 938 79 view .LVU376
 1189 0010 C2F30212 		ubfx	r2, r2, #4, #3
 938:Drivers/STM32L4xx_HAL_Driver/Src/stm32l4xx_hal_rcc_ex.c **** #endif /* RCC_PLLSAI1M_DIV_1_16_SUPPORT */
 1190              		.loc 1 938 104 view .LVU377
 1191 0014 0132     		adds	r2, r2, #1
 938:Drivers/STM32L4xx_HAL_Driver/Src/stm32l4xx_hal_rcc_ex.c **** #endif /* RCC_PLLSAI1M_DIV_1_16_SUPPORT */
 1192              		.loc 1 938 35 view .LVU378
 1193 0016 8260     		str	r2, [r0, #8]
 940:Drivers/STM32L4xx_HAL_Driver/Src/stm32l4xx_hal_rcc_ex.c ****   PeriphClkInit->PLLSAI1.PLLSAI1P = ((READ_BIT(RCC->PLLSAI1CFGR, RCC_PLLSAI1CFGR_PLLSAI1P) >> RCC_P
 1194              		.loc 1 940 3 is_stmt 1 view .LVU379
 940:Drivers/STM32L4xx_HAL_Driver/Src/stm32l4xx_hal_rcc_ex.c ****   PeriphClkInit->PLLSAI1.PLLSAI1P = ((READ_BIT(RCC->PLLSAI1CFGR, RCC_PLLSAI1CFGR_PLLSAI1P) >> RCC_P
 1195              		.loc 1 940 37 is_stmt 0 view .LVU380
 1196 0018 1A69     		ldr	r2, [r3, #16]
 940:Drivers/STM32L4xx_HAL_Driver/Src/stm32l4xx_hal_rcc_ex.c ****   PeriphClkInit->PLLSAI1.PLLSAI1P = ((READ_BIT(RCC->PLLSAI1CFGR, RCC_PLLSAI1CFGR_PLLSAI1P) >> RCC_P
 1197              		.loc 1 940 90 view .LVU381
 1198 001a C2F30622 		ubfx	r2, r2, #8, #7
 940:Drivers/STM32L4xx_HAL_Driver/Src/stm32l4xx_hal_rcc_ex.c ****   PeriphClkInit->PLLSAI1.PLLSAI1P = ((READ_BIT(RCC->PLLSAI1CFGR, RCC_PLLSAI1CFGR_PLLSAI1P) >> RCC_P
 1199              		.loc 1 940 35 view .LVU382
 1200 001e C260     		str	r2, [r0, #12]
 941:Drivers/STM32L4xx_HAL_Driver/Src/stm32l4xx_hal_rcc_ex.c ****   PeriphClkInit->PLLSAI1.PLLSAI1Q = ((READ_BIT(RCC->PLLSAI1CFGR, RCC_PLLSAI1CFGR_PLLSAI1Q) >> RCC_P
 1201              		.loc 1 941 3 is_stmt 1 view .LVU383
ARM GAS  C:\Users\adisa\AppData\Local\Temp\ccmroX4q.s 			page 90


 941:Drivers/STM32L4xx_HAL_Driver/Src/stm32l4xx_hal_rcc_ex.c ****   PeriphClkInit->PLLSAI1.PLLSAI1Q = ((READ_BIT(RCC->PLLSAI1CFGR, RCC_PLLSAI1CFGR_PLLSAI1Q) >> RCC_P
 1202              		.loc 1 941 39 is_stmt 0 view .LVU384
 1203 0020 1A69     		ldr	r2, [r3, #16]
 941:Drivers/STM32L4xx_HAL_Driver/Src/stm32l4xx_hal_rcc_ex.c ****   PeriphClkInit->PLLSAI1.PLLSAI1Q = ((READ_BIT(RCC->PLLSAI1CFGR, RCC_PLLSAI1CFGR_PLLSAI1Q) >> RCC_P
 1204              		.loc 1 941 92 view .LVU385
 1205 0022 520C     		lsrs	r2, r2, #17
 941:Drivers/STM32L4xx_HAL_Driver/Src/stm32l4xx_hal_rcc_ex.c ****   PeriphClkInit->PLLSAI1.PLLSAI1Q = ((READ_BIT(RCC->PLLSAI1CFGR, RCC_PLLSAI1CFGR_PLLSAI1Q) >> RCC_P
 1206              		.loc 1 941 125 view .LVU386
 1207 0024 1201     		lsls	r2, r2, #4
 1208 0026 02F01002 		and	r2, r2, #16
 941:Drivers/STM32L4xx_HAL_Driver/Src/stm32l4xx_hal_rcc_ex.c ****   PeriphClkInit->PLLSAI1.PLLSAI1Q = ((READ_BIT(RCC->PLLSAI1CFGR, RCC_PLLSAI1CFGR_PLLSAI1Q) >> RCC_P
 1209              		.loc 1 941 132 view .LVU387
 1210 002a 0732     		adds	r2, r2, #7
 941:Drivers/STM32L4xx_HAL_Driver/Src/stm32l4xx_hal_rcc_ex.c ****   PeriphClkInit->PLLSAI1.PLLSAI1Q = ((READ_BIT(RCC->PLLSAI1CFGR, RCC_PLLSAI1CFGR_PLLSAI1Q) >> RCC_P
 1211              		.loc 1 941 35 view .LVU388
 1212 002c 0261     		str	r2, [r0, #16]
 942:Drivers/STM32L4xx_HAL_Driver/Src/stm32l4xx_hal_rcc_ex.c ****   PeriphClkInit->PLLSAI1.PLLSAI1R = ((READ_BIT(RCC->PLLSAI1CFGR, RCC_PLLSAI1CFGR_PLLSAI1R) >> RCC_P
 1213              		.loc 1 942 3 is_stmt 1 view .LVU389
 942:Drivers/STM32L4xx_HAL_Driver/Src/stm32l4xx_hal_rcc_ex.c ****   PeriphClkInit->PLLSAI1.PLLSAI1R = ((READ_BIT(RCC->PLLSAI1CFGR, RCC_PLLSAI1CFGR_PLLSAI1R) >> RCC_P
 1214              		.loc 1 942 39 is_stmt 0 view .LVU390
 1215 002e 1A69     		ldr	r2, [r3, #16]
 942:Drivers/STM32L4xx_HAL_Driver/Src/stm32l4xx_hal_rcc_ex.c ****   PeriphClkInit->PLLSAI1.PLLSAI1R = ((READ_BIT(RCC->PLLSAI1CFGR, RCC_PLLSAI1CFGR_PLLSAI1R) >> RCC_P
 1216              		.loc 1 942 92 view .LVU391
 1217 0030 C2F34152 		ubfx	r2, r2, #21, #2
 942:Drivers/STM32L4xx_HAL_Driver/Src/stm32l4xx_hal_rcc_ex.c ****   PeriphClkInit->PLLSAI1.PLLSAI1R = ((READ_BIT(RCC->PLLSAI1CFGR, RCC_PLLSAI1CFGR_PLLSAI1R) >> RCC_P
 1218              		.loc 1 942 125 view .LVU392
 1219 0034 0132     		adds	r2, r2, #1
 942:Drivers/STM32L4xx_HAL_Driver/Src/stm32l4xx_hal_rcc_ex.c ****   PeriphClkInit->PLLSAI1.PLLSAI1R = ((READ_BIT(RCC->PLLSAI1CFGR, RCC_PLLSAI1CFGR_PLLSAI1R) >> RCC_P
 1220              		.loc 1 942 131 view .LVU393
 1221 0036 5200     		lsls	r2, r2, #1
 942:Drivers/STM32L4xx_HAL_Driver/Src/stm32l4xx_hal_rcc_ex.c ****   PeriphClkInit->PLLSAI1.PLLSAI1R = ((READ_BIT(RCC->PLLSAI1CFGR, RCC_PLLSAI1CFGR_PLLSAI1R) >> RCC_P
 1222              		.loc 1 942 35 view .LVU394
 1223 0038 4261     		str	r2, [r0, #20]
 943:Drivers/STM32L4xx_HAL_Driver/Src/stm32l4xx_hal_rcc_ex.c **** 
 1224              		.loc 1 943 3 is_stmt 1 view .LVU395
 943:Drivers/STM32L4xx_HAL_Driver/Src/stm32l4xx_hal_rcc_ex.c **** 
 1225              		.loc 1 943 39 is_stmt 0 view .LVU396
 1226 003a 1A69     		ldr	r2, [r3, #16]
 943:Drivers/STM32L4xx_HAL_Driver/Src/stm32l4xx_hal_rcc_ex.c **** 
 1227              		.loc 1 943 92 view .LVU397
 1228 003c C2F34162 		ubfx	r2, r2, #25, #2
 943:Drivers/STM32L4xx_HAL_Driver/Src/stm32l4xx_hal_rcc_ex.c **** 
 1229              		.loc 1 943 125 view .LVU398
 1230 0040 0132     		adds	r2, r2, #1
 943:Drivers/STM32L4xx_HAL_Driver/Src/stm32l4xx_hal_rcc_ex.c **** 
 1231              		.loc 1 943 131 view .LVU399
 1232 0042 5200     		lsls	r2, r2, #1
 943:Drivers/STM32L4xx_HAL_Driver/Src/stm32l4xx_hal_rcc_ex.c **** 
 1233              		.loc 1 943 35 view .LVU400
 1234 0044 8261     		str	r2, [r0, #24]
 967:Drivers/STM32L4xx_HAL_Driver/Src/stm32l4xx_hal_rcc_ex.c ****   /* Get the USART2 clock source ---------------------------------------------*/
 1235              		.loc 1 967 3 is_stmt 1 view .LVU401
 967:Drivers/STM32L4xx_HAL_Driver/Src/stm32l4xx_hal_rcc_ex.c ****   /* Get the USART2 clock source ---------------------------------------------*/
 1236              		.loc 1 967 42 is_stmt 0 view .LVU402
 1237 0046 D3F88820 		ldr	r2, [r3, #136]
 1238 004a 02F00302 		and	r2, r2, #3
 967:Drivers/STM32L4xx_HAL_Driver/Src/stm32l4xx_hal_rcc_ex.c ****   /* Get the USART2 clock source ---------------------------------------------*/
ARM GAS  C:\Users\adisa\AppData\Local\Temp\ccmroX4q.s 			page 91


 1239              		.loc 1 967 40 view .LVU403
 1240 004e 0262     		str	r2, [r0, #32]
 969:Drivers/STM32L4xx_HAL_Driver/Src/stm32l4xx_hal_rcc_ex.c **** 
 1241              		.loc 1 969 3 is_stmt 1 view .LVU404
 969:Drivers/STM32L4xx_HAL_Driver/Src/stm32l4xx_hal_rcc_ex.c **** 
 1242              		.loc 1 969 42 is_stmt 0 view .LVU405
 1243 0050 D3F88820 		ldr	r2, [r3, #136]
 1244 0054 02F00C02 		and	r2, r2, #12
 969:Drivers/STM32L4xx_HAL_Driver/Src/stm32l4xx_hal_rcc_ex.c **** 
 1245              		.loc 1 969 40 view .LVU406
 1246 0058 4262     		str	r2, [r0, #36]
 987:Drivers/STM32L4xx_HAL_Driver/Src/stm32l4xx_hal_rcc_ex.c **** 
 1247              		.loc 1 987 3 is_stmt 1 view .LVU407
 987:Drivers/STM32L4xx_HAL_Driver/Src/stm32l4xx_hal_rcc_ex.c **** 
 1248              		.loc 1 987 42 is_stmt 0 view .LVU408
 1249 005a D3F88820 		ldr	r2, [r3, #136]
 1250 005e 02F44062 		and	r2, r2, #3072
 987:Drivers/STM32L4xx_HAL_Driver/Src/stm32l4xx_hal_rcc_ex.c **** 
 1251              		.loc 1 987 40 view .LVU409
 1252 0062 8262     		str	r2, [r0, #40]
 990:Drivers/STM32L4xx_HAL_Driver/Src/stm32l4xx_hal_rcc_ex.c **** 
 1253              		.loc 1 990 3 is_stmt 1 view .LVU410
 990:Drivers/STM32L4xx_HAL_Driver/Src/stm32l4xx_hal_rcc_ex.c **** 
 1254              		.loc 1 990 42 is_stmt 0 view .LVU411
 1255 0064 D3F88820 		ldr	r2, [r3, #136]
 1256 0068 02F44052 		and	r2, r2, #12288
 990:Drivers/STM32L4xx_HAL_Driver/Src/stm32l4xx_hal_rcc_ex.c **** 
 1257              		.loc 1 990 40 view .LVU412
 1258 006c C262     		str	r2, [r0, #44]
 998:Drivers/STM32L4xx_HAL_Driver/Src/stm32l4xx_hal_rcc_ex.c **** 
 1259              		.loc 1 998 3 is_stmt 1 view .LVU413
 998:Drivers/STM32L4xx_HAL_Driver/Src/stm32l4xx_hal_rcc_ex.c **** 
 1260              		.loc 1 998 42 is_stmt 0 view .LVU414
 1261 006e D3F88820 		ldr	r2, [r3, #136]
 1262 0072 02F44032 		and	r2, r2, #196608
 998:Drivers/STM32L4xx_HAL_Driver/Src/stm32l4xx_hal_rcc_ex.c **** 
 1263              		.loc 1 998 40 view .LVU415
 1264 0076 0263     		str	r2, [r0, #48]
1006:Drivers/STM32L4xx_HAL_Driver/Src/stm32l4xx_hal_rcc_ex.c **** 
 1265              		.loc 1 1006 3 is_stmt 1 view .LVU416
1006:Drivers/STM32L4xx_HAL_Driver/Src/stm32l4xx_hal_rcc_ex.c **** 
 1266              		.loc 1 1006 42 is_stmt 0 view .LVU417
 1267 0078 D3F88820 		ldr	r2, [r3, #136]
 1268 007c 02F44022 		and	r2, r2, #786432
1006:Drivers/STM32L4xx_HAL_Driver/Src/stm32l4xx_hal_rcc_ex.c **** 
 1269              		.loc 1 1006 40 view .LVU418
 1270 0080 4263     		str	r2, [r0, #52]
1009:Drivers/STM32L4xx_HAL_Driver/Src/stm32l4xx_hal_rcc_ex.c **** 
 1271              		.loc 1 1009 3 is_stmt 1 view .LVU419
1009:Drivers/STM32L4xx_HAL_Driver/Src/stm32l4xx_hal_rcc_ex.c **** 
 1272              		.loc 1 1009 42 is_stmt 0 view .LVU420
 1273 0082 D3F88820 		ldr	r2, [r3, #136]
 1274 0086 02F44012 		and	r2, r2, #3145728
1009:Drivers/STM32L4xx_HAL_Driver/Src/stm32l4xx_hal_rcc_ex.c **** 
 1275              		.loc 1 1009 40 view .LVU421
 1276 008a 8263     		str	r2, [r0, #56]
1013:Drivers/STM32L4xx_HAL_Driver/Src/stm32l4xx_hal_rcc_ex.c **** #endif /* SAI1 */
ARM GAS  C:\Users\adisa\AppData\Local\Temp\ccmroX4q.s 			page 92


 1277              		.loc 1 1013 3 is_stmt 1 view .LVU422
1013:Drivers/STM32L4xx_HAL_Driver/Src/stm32l4xx_hal_rcc_ex.c **** #endif /* SAI1 */
 1278              		.loc 1 1013 42 is_stmt 0 view .LVU423
 1279 008c D3F88820 		ldr	r2, [r3, #136]
 1280 0090 02F44002 		and	r2, r2, #12582912
1013:Drivers/STM32L4xx_HAL_Driver/Src/stm32l4xx_hal_rcc_ex.c **** #endif /* SAI1 */
 1281              		.loc 1 1013 40 view .LVU424
 1282 0094 C263     		str	r2, [r0, #60]
1022:Drivers/STM32L4xx_HAL_Driver/Src/stm32l4xx_hal_rcc_ex.c **** 
 1283              		.loc 1 1022 3 is_stmt 1 view .LVU425
1022:Drivers/STM32L4xx_HAL_Driver/Src/stm32l4xx_hal_rcc_ex.c **** 
 1284              		.loc 1 1022 42 is_stmt 0 view .LVU426
 1285 0096 D3F89020 		ldr	r2, [r3, #144]
 1286 009a 02F44072 		and	r2, r2, #768
1022:Drivers/STM32L4xx_HAL_Driver/Src/stm32l4xx_hal_rcc_ex.c **** 
 1287              		.loc 1 1022 40 view .LVU427
 1288 009e 0265     		str	r2, [r0, #80]
1026:Drivers/STM32L4xx_HAL_Driver/Src/stm32l4xx_hal_rcc_ex.c **** #endif /* USB_OTG_FS || USB */
 1289              		.loc 1 1026 3 is_stmt 1 view .LVU428
1026:Drivers/STM32L4xx_HAL_Driver/Src/stm32l4xx_hal_rcc_ex.c **** #endif /* USB_OTG_FS || USB */
 1290              		.loc 1 1026 40 is_stmt 0 view .LVU429
 1291 00a0 D3F88820 		ldr	r2, [r3, #136]
 1292 00a4 02F04062 		and	r2, r2, #201326592
1026:Drivers/STM32L4xx_HAL_Driver/Src/stm32l4xx_hal_rcc_ex.c **** #endif /* USB_OTG_FS || USB */
 1293              		.loc 1 1026 38 view .LVU430
 1294 00a8 0264     		str	r2, [r0, #64]
1035:Drivers/STM32L4xx_HAL_Driver/Src/stm32l4xx_hal_rcc_ex.c **** 
 1295              		.loc 1 1035 3 is_stmt 1 view .LVU431
1035:Drivers/STM32L4xx_HAL_Driver/Src/stm32l4xx_hal_rcc_ex.c **** 
 1296              		.loc 1 1035 40 is_stmt 0 view .LVU432
 1297 00aa D3F88820 		ldr	r2, [r3, #136]
 1298 00ae 02F04062 		and	r2, r2, #201326592
1035:Drivers/STM32L4xx_HAL_Driver/Src/stm32l4xx_hal_rcc_ex.c **** 
 1299              		.loc 1 1035 38 view .LVU433
 1300 00b2 4264     		str	r2, [r0, #68]
1039:Drivers/STM32L4xx_HAL_Driver/Src/stm32l4xx_hal_rcc_ex.c **** #endif /* !STM32L412xx && !STM32L422xx */
 1301              		.loc 1 1039 3 is_stmt 1 view .LVU434
1039:Drivers/STM32L4xx_HAL_Driver/Src/stm32l4xx_hal_rcc_ex.c **** #endif /* !STM32L412xx && !STM32L422xx */
 1302              		.loc 1 1039 42 is_stmt 0 view .LVU435
 1303 00b4 D3F88820 		ldr	r2, [r3, #136]
 1304 00b8 02F04052 		and	r2, r2, #805306368
1039:Drivers/STM32L4xx_HAL_Driver/Src/stm32l4xx_hal_rcc_ex.c **** #endif /* !STM32L412xx && !STM32L422xx */
 1305              		.loc 1 1039 40 view .LVU436
 1306 00bc 8264     		str	r2, [r0, #72]
1044:Drivers/STM32L4xx_HAL_Driver/Src/stm32l4xx_hal_rcc_ex.c **** #endif /* SWPMI1 */
 1307              		.loc 1 1044 3 is_stmt 1 view .LVU437
1044:Drivers/STM32L4xx_HAL_Driver/Src/stm32l4xx_hal_rcc_ex.c **** #endif /* SWPMI1 */
 1308              		.loc 1 1044 42 is_stmt 0 view .LVU438
 1309 00be D3F88830 		ldr	r3, [r3, #136]
 1310 00c2 03F08043 		and	r3, r3, #1073741824
1044:Drivers/STM32L4xx_HAL_Driver/Src/stm32l4xx_hal_rcc_ex.c **** #endif /* SWPMI1 */
 1311              		.loc 1 1044 40 view .LVU439
 1312 00c6 C364     		str	r3, [r0, #76]
1071:Drivers/STM32L4xx_HAL_Driver/Src/stm32l4xx_hal_rcc_ex.c **** 
 1313              		.loc 1 1071 1 view .LVU440
 1314 00c8 7047     		bx	lr
 1315              	.L106:
ARM GAS  C:\Users\adisa\AppData\Local\Temp\ccmroX4q.s 			page 93


 1316 00ca 00BF     		.align	2
 1317              	.L105:
 1318 00cc 63EF0600 		.word	454499
 1319 00d0 00100240 		.word	1073876992
 1320              		.cfi_endproc
 1321              	.LFE385:
 1323              		.section	.text.HAL_RCCEx_GetPeriphCLKFreq,"ax",%progbits
 1324              		.align	1
 1325              		.global	HAL_RCCEx_GetPeriphCLKFreq
 1326              		.syntax unified
 1327              		.thumb
 1328              		.thumb_func
 1330              	HAL_RCCEx_GetPeriphCLKFreq:
 1331              	.LVL97:
 1332              	.LFB386:
1155:Drivers/STM32L4xx_HAL_Driver/Src/stm32l4xx_hal_rcc_ex.c ****   uint32_t frequency = 0U;
 1333              		.loc 1 1155 1 is_stmt 1 view -0
 1334              		.cfi_startproc
 1335              		@ args = 0, pretend = 0, frame = 0
 1336              		@ frame_needed = 0, uses_anonymous_args = 0
1155:Drivers/STM32L4xx_HAL_Driver/Src/stm32l4xx_hal_rcc_ex.c ****   uint32_t frequency = 0U;
 1337              		.loc 1 1155 1 is_stmt 0 view .LVU442
 1338 0000 08B5     		push	{r3, lr}
 1339              	.LCFI9:
 1340              		.cfi_def_cfa_offset 8
 1341              		.cfi_offset 3, -8
 1342              		.cfi_offset 14, -4
1156:Drivers/STM32L4xx_HAL_Driver/Src/stm32l4xx_hal_rcc_ex.c ****   uint32_t srcclk, pll_oscsource, pllvco, plln;    /* no init needed */
 1343              		.loc 1 1156 3 is_stmt 1 view .LVU443
 1344              	.LVL98:
1157:Drivers/STM32L4xx_HAL_Driver/Src/stm32l4xx_hal_rcc_ex.c **** #if defined(SDMMC1) && defined(RCC_CCIPR2_SDMMCSEL)
 1345              		.loc 1 1157 3 view .LVU444
1163:Drivers/STM32L4xx_HAL_Driver/Src/stm32l4xx_hal_rcc_ex.c **** 
 1346              		.loc 1 1163 3 view .LVU445
1165:Drivers/STM32L4xx_HAL_Driver/Src/stm32l4xx_hal_rcc_ex.c ****   {
 1347              		.loc 1 1165 3 view .LVU446
1165:Drivers/STM32L4xx_HAL_Driver/Src/stm32l4xx_hal_rcc_ex.c ****   {
 1348              		.loc 1 1165 5 is_stmt 0 view .LVU447
 1349 0002 B0F5003F 		cmp	r0, #131072
 1350 0006 1AD0     		beq	.L197
1210:Drivers/STM32L4xx_HAL_Driver/Src/stm32l4xx_hal_rcc_ex.c **** 
 1351              		.loc 1 1210 5 is_stmt 1 view .LVU448
1210:Drivers/STM32L4xx_HAL_Driver/Src/stm32l4xx_hal_rcc_ex.c **** 
 1352              		.loc 1 1210 21 is_stmt 0 view .LVU449
 1353 0008 AC4B     		ldr	r3, .L211
 1354 000a DB68     		ldr	r3, [r3, #12]
1210:Drivers/STM32L4xx_HAL_Driver/Src/stm32l4xx_hal_rcc_ex.c **** 
 1355              		.loc 1 1210 19 view .LVU450
 1356 000c 03F00303 		and	r3, r3, #3
 1357              	.LVL99:
1213:Drivers/STM32L4xx_HAL_Driver/Src/stm32l4xx_hal_rcc_ex.c ****     {
 1358              		.loc 1 1213 5 is_stmt 1 view .LVU451
 1359 0010 022B     		cmp	r3, #2
 1360 0012 45D0     		beq	.L112
 1361 0014 032B     		cmp	r3, #3
 1362 0016 4AD0     		beq	.L113
 1363 0018 012B     		cmp	r3, #1
ARM GAS  C:\Users\adisa\AppData\Local\Temp\ccmroX4q.s 			page 94


 1364 001a 4FD1     		bne	.L173
1216:Drivers/STM32L4xx_HAL_Driver/Src/stm32l4xx_hal_rcc_ex.c ****       {
 1365              		.loc 1 1216 7 view .LVU452
1216:Drivers/STM32L4xx_HAL_Driver/Src/stm32l4xx_hal_rcc_ex.c ****       {
 1366              		.loc 1 1216 10 is_stmt 0 view .LVU453
 1367 001c A74B     		ldr	r3, .L211
 1368              	.LVL100:
1216:Drivers/STM32L4xx_HAL_Driver/Src/stm32l4xx_hal_rcc_ex.c ****       {
 1369              		.loc 1 1216 10 view .LVU454
 1370 001e 1968     		ldr	r1, [r3]
1216:Drivers/STM32L4xx_HAL_Driver/Src/stm32l4xx_hal_rcc_ex.c ****       {
 1371              		.loc 1 1216 9 view .LVU455
 1372 0020 11F00201 		ands	r1, r1, #2
 1373 0024 4BD0     		beq	.L114
1219:Drivers/STM32L4xx_HAL_Driver/Src/stm32l4xx_hal_rcc_ex.c ****       }
 1374              		.loc 1 1219 9 is_stmt 1 view .LVU456
1219:Drivers/STM32L4xx_HAL_Driver/Src/stm32l4xx_hal_rcc_ex.c ****       }
 1375              		.loc 1 1219 33 is_stmt 0 view .LVU457
 1376 0026 1B68     		ldr	r3, [r3]
1219:Drivers/STM32L4xx_HAL_Driver/Src/stm32l4xx_hal_rcc_ex.c ****       }
 1377              		.loc 1 1219 59 view .LVU458
 1378 0028 13F0080F 		tst	r3, #8
 1379 002c 32D0     		beq	.L115
1219:Drivers/STM32L4xx_HAL_Driver/Src/stm32l4xx_hal_rcc_ex.c ****       }
 1380              		.loc 1 1219 33 discriminator 1 view .LVU459
 1381 002e A34B     		ldr	r3, .L211
 1382 0030 1B68     		ldr	r3, [r3]
1219:Drivers/STM32L4xx_HAL_Driver/Src/stm32l4xx_hal_rcc_ex.c ****       }
 1383              		.loc 1 1219 59 discriminator 1 view .LVU460
 1384 0032 C3F30313 		ubfx	r3, r3, #4, #4
 1385              	.L116:
1219:Drivers/STM32L4xx_HAL_Driver/Src/stm32l4xx_hal_rcc_ex.c ****       }
 1386              		.loc 1 1219 16 discriminator 4 view .LVU461
 1387 0036 A24A     		ldr	r2, .L211+4
 1388 0038 52F82310 		ldr	r1, [r2, r3, lsl #2]
 1389              	.LVL101:
1219:Drivers/STM32L4xx_HAL_Driver/Src/stm32l4xx_hal_rcc_ex.c ****       }
 1390              		.loc 1 1219 16 discriminator 4 view .LVU462
 1391 003c 3FE0     		b	.L114
 1392              	.LVL102:
 1393              	.L197:
1168:Drivers/STM32L4xx_HAL_Driver/Src/stm32l4xx_hal_rcc_ex.c **** 
 1394              		.loc 1 1168 5 is_stmt 1 view .LVU463
1168:Drivers/STM32L4xx_HAL_Driver/Src/stm32l4xx_hal_rcc_ex.c **** 
 1395              		.loc 1 1168 14 is_stmt 0 view .LVU464
 1396 003e 9F4B     		ldr	r3, .L211
 1397 0040 D3F89030 		ldr	r3, [r3, #144]
1168:Drivers/STM32L4xx_HAL_Driver/Src/stm32l4xx_hal_rcc_ex.c **** 
 1398              		.loc 1 1168 12 view .LVU465
 1399 0044 03F44073 		and	r3, r3, #768
 1400              	.LVL103:
1170:Drivers/STM32L4xx_HAL_Driver/Src/stm32l4xx_hal_rcc_ex.c ****     {
 1401              		.loc 1 1170 5 is_stmt 1 view .LVU466
 1402 0048 B3F5007F 		cmp	r3, #512
 1403 004c 10D0     		beq	.L109
 1404 004e B3F5407F 		cmp	r3, #768
 1405 0052 17D0     		beq	.L110
ARM GAS  C:\Users\adisa\AppData\Local\Temp\ccmroX4q.s 			page 95


 1406 0054 B3F5807F 		cmp	r3, #256
 1407 0058 40F04A82 		bne	.L169
1174:Drivers/STM32L4xx_HAL_Driver/Src/stm32l4xx_hal_rcc_ex.c ****       {
 1408              		.loc 1 1174 7 view .LVU467
1174:Drivers/STM32L4xx_HAL_Driver/Src/stm32l4xx_hal_rcc_ex.c ****       {
 1409              		.loc 1 1174 10 is_stmt 0 view .LVU468
 1410 005c 974B     		ldr	r3, .L211
 1411              	.LVL104:
1174:Drivers/STM32L4xx_HAL_Driver/Src/stm32l4xx_hal_rcc_ex.c ****       {
 1412              		.loc 1 1174 10 view .LVU469
 1413 005e D3F89000 		ldr	r0, [r3, #144]
 1414              	.LVL105:
1174:Drivers/STM32L4xx_HAL_Driver/Src/stm32l4xx_hal_rcc_ex.c ****       {
 1415              		.loc 1 1174 9 view .LVU470
 1416 0062 10F00200 		ands	r0, r0, #2
 1417 0066 00F04482 		beq	.L107
1176:Drivers/STM32L4xx_HAL_Driver/Src/stm32l4xx_hal_rcc_ex.c ****       }
 1418              		.loc 1 1176 19 view .LVU471
 1419 006a 4FF40040 		mov	r0, #32768
 1420 006e 40E2     		b	.L107
 1421              	.LVL106:
 1422              	.L109:
1181:Drivers/STM32L4xx_HAL_Driver/Src/stm32l4xx_hal_rcc_ex.c ****       {
 1423              		.loc 1 1181 7 is_stmt 1 view .LVU472
1181:Drivers/STM32L4xx_HAL_Driver/Src/stm32l4xx_hal_rcc_ex.c ****       {
 1424              		.loc 1 1181 10 is_stmt 0 view .LVU473
 1425 0070 924B     		ldr	r3, .L211
 1426              	.LVL107:
1181:Drivers/STM32L4xx_HAL_Driver/Src/stm32l4xx_hal_rcc_ex.c ****       {
 1427              		.loc 1 1181 10 view .LVU474
 1428 0072 D3F89400 		ldr	r0, [r3, #148]
 1429              	.LVL108:
1181:Drivers/STM32L4xx_HAL_Driver/Src/stm32l4xx_hal_rcc_ex.c ****       {
 1430              		.loc 1 1181 9 view .LVU475
 1431 0076 10F00200 		ands	r0, r0, #2
 1432 007a 00F03A82 		beq	.L107
1191:Drivers/STM32L4xx_HAL_Driver/Src/stm32l4xx_hal_rcc_ex.c ****         }
 1433              		.loc 1 1191 21 view .LVU476
 1434 007e 4FF4FA40 		mov	r0, #32000
 1435 0082 36E2     		b	.L107
 1436              	.LVL109:
 1437              	.L110:
1197:Drivers/STM32L4xx_HAL_Driver/Src/stm32l4xx_hal_rcc_ex.c ****       {
 1438              		.loc 1 1197 7 is_stmt 1 view .LVU477
1197:Drivers/STM32L4xx_HAL_Driver/Src/stm32l4xx_hal_rcc_ex.c ****       {
 1439              		.loc 1 1197 10 is_stmt 0 view .LVU478
 1440 0084 8D4B     		ldr	r3, .L211
 1441              	.LVL110:
1197:Drivers/STM32L4xx_HAL_Driver/Src/stm32l4xx_hal_rcc_ex.c ****       {
 1442              		.loc 1 1197 10 view .LVU479
 1443 0086 1868     		ldr	r0, [r3]
 1444              	.LVL111:
1197:Drivers/STM32L4xx_HAL_Driver/Src/stm32l4xx_hal_rcc_ex.c ****       {
 1445              		.loc 1 1197 9 view .LVU480
 1446 0088 10F40030 		ands	r0, r0, #131072
 1447 008c 00F03182 		beq	.L107
1199:Drivers/STM32L4xx_HAL_Driver/Src/stm32l4xx_hal_rcc_ex.c ****       }
ARM GAS  C:\Users\adisa\AppData\Local\Temp\ccmroX4q.s 			page 96


 1448              		.loc 1 1199 19 view .LVU481
 1449 0090 8C48     		ldr	r0, .L211+8
 1450 0092 2EE2     		b	.L107
 1451              	.LVL112:
 1452              	.L115:
1219:Drivers/STM32L4xx_HAL_Driver/Src/stm32l4xx_hal_rcc_ex.c ****       }
 1453              		.loc 1 1219 33 discriminator 2 view .LVU482
 1454 0094 894B     		ldr	r3, .L211
 1455 0096 D3F89430 		ldr	r3, [r3, #148]
1219:Drivers/STM32L4xx_HAL_Driver/Src/stm32l4xx_hal_rcc_ex.c ****       }
 1456              		.loc 1 1219 59 discriminator 2 view .LVU483
 1457 009a C3F30323 		ubfx	r3, r3, #8, #4
 1458 009e CAE7     		b	.L116
 1459              	.LVL113:
 1460              	.L112:
1227:Drivers/STM32L4xx_HAL_Driver/Src/stm32l4xx_hal_rcc_ex.c ****       {
 1461              		.loc 1 1227 7 is_stmt 1 view .LVU484
1227:Drivers/STM32L4xx_HAL_Driver/Src/stm32l4xx_hal_rcc_ex.c ****       {
 1462              		.loc 1 1227 10 is_stmt 0 view .LVU485
 1463 00a0 864B     		ldr	r3, .L211
 1464              	.LVL114:
1227:Drivers/STM32L4xx_HAL_Driver/Src/stm32l4xx_hal_rcc_ex.c ****       {
 1465              		.loc 1 1227 10 view .LVU486
 1466 00a2 1968     		ldr	r1, [r3]
1227:Drivers/STM32L4xx_HAL_Driver/Src/stm32l4xx_hal_rcc_ex.c ****       {
 1467              		.loc 1 1227 9 view .LVU487
 1468 00a4 11F48061 		ands	r1, r1, #1024
 1469 00a8 09D0     		beq	.L114
1229:Drivers/STM32L4xx_HAL_Driver/Src/stm32l4xx_hal_rcc_ex.c ****       }
 1470              		.loc 1 1229 16 view .LVU488
 1471 00aa 8749     		ldr	r1, .L211+12
 1472 00ac 07E0     		b	.L114
 1473              	.LVL115:
 1474              	.L113:
1237:Drivers/STM32L4xx_HAL_Driver/Src/stm32l4xx_hal_rcc_ex.c ****       {
 1475              		.loc 1 1237 7 is_stmt 1 view .LVU489
1237:Drivers/STM32L4xx_HAL_Driver/Src/stm32l4xx_hal_rcc_ex.c ****       {
 1476              		.loc 1 1237 10 is_stmt 0 view .LVU490
 1477 00ae 834B     		ldr	r3, .L211
 1478              	.LVL116:
1237:Drivers/STM32L4xx_HAL_Driver/Src/stm32l4xx_hal_rcc_ex.c ****       {
 1479              		.loc 1 1237 10 view .LVU491
 1480 00b0 1968     		ldr	r1, [r3]
1237:Drivers/STM32L4xx_HAL_Driver/Src/stm32l4xx_hal_rcc_ex.c ****       {
 1481              		.loc 1 1237 9 view .LVU492
 1482 00b2 11F40031 		ands	r1, r1, #131072
 1483 00b6 02D0     		beq	.L114
1239:Drivers/STM32L4xx_HAL_Driver/Src/stm32l4xx_hal_rcc_ex.c ****       }
 1484              		.loc 1 1239 16 view .LVU493
 1485 00b8 8449     		ldr	r1, .L211+16
 1486 00ba 00E0     		b	.L114
 1487              	.LVL117:
 1488              	.L173:
1213:Drivers/STM32L4xx_HAL_Driver/Src/stm32l4xx_hal_rcc_ex.c ****     {
 1489              		.loc 1 1213 5 view .LVU494
 1490 00bc 0021     		movs	r1, #0
 1491              	.LVL118:
ARM GAS  C:\Users\adisa\AppData\Local\Temp\ccmroX4q.s 			page 97


 1492              	.L114:
1252:Drivers/STM32L4xx_HAL_Driver/Src/stm32l4xx_hal_rcc_ex.c ****     {
 1493              		.loc 1 1252 5 is_stmt 1 view .LVU495
 1494 00be B0F5007F 		cmp	r0, #512
 1495 00c2 00F0C181 		beq	.L117
 1496 00c6 2AD9     		bls	.L198
 1497 00c8 B0F5804F 		cmp	r0, #16384
 1498 00cc 00F06A81 		beq	.L125
 1499 00d0 64D8     		bhi	.L126
 1500 00d2 B0F5006F 		cmp	r0, #2048
 1501 00d6 00F0A280 		beq	.L127
 1502 00da B0F5005F 		cmp	r0, #8192
 1503 00de 6FD0     		beq	.L128
 1504 00e0 B0F5806F 		cmp	r0, #1024
 1505 00e4 58D1     		bne	.L199
1911:Drivers/STM32L4xx_HAL_Driver/Src/stm32l4xx_hal_rcc_ex.c **** 
 1506              		.loc 1 1911 8 view .LVU496
1911:Drivers/STM32L4xx_HAL_Driver/Src/stm32l4xx_hal_rcc_ex.c **** 
 1507              		.loc 1 1911 17 is_stmt 0 view .LVU497
 1508 00e6 754B     		ldr	r3, .L211
 1509 00e8 D3F88830 		ldr	r3, [r3, #136]
1911:Drivers/STM32L4xx_HAL_Driver/Src/stm32l4xx_hal_rcc_ex.c **** 
 1510              		.loc 1 1911 15 view .LVU498
 1511 00ec 03F44013 		and	r3, r3, #3145728
 1512              	.LVL119:
1913:Drivers/STM32L4xx_HAL_Driver/Src/stm32l4xx_hal_rcc_ex.c ****         {
 1513              		.loc 1 1913 9 is_stmt 1 view .LVU499
 1514 00f0 B3F5001F 		cmp	r3, #2097152
 1515 00f4 00F0EB81 		beq	.L162
 1516 00f8 00F2D881 		bhi	.L163
 1517 00fc 002B     		cmp	r3, #0
 1518 00fe 00F0E381 		beq	.L164
 1519 0102 B3F5801F 		cmp	r3, #1048576
 1520 0106 40F0CF81 		bne	.L200
1919:Drivers/STM32L4xx_HAL_Driver/Src/stm32l4xx_hal_rcc_ex.c ****           {
 1521              		.loc 1 1919 11 view .LVU500
1919:Drivers/STM32L4xx_HAL_Driver/Src/stm32l4xx_hal_rcc_ex.c ****           {
 1522              		.loc 1 1919 14 is_stmt 0 view .LVU501
 1523 010a 6C4B     		ldr	r3, .L211
 1524              	.LVL120:
1919:Drivers/STM32L4xx_HAL_Driver/Src/stm32l4xx_hal_rcc_ex.c ****           {
 1525              		.loc 1 1919 14 view .LVU502
 1526 010c D3F89400 		ldr	r0, [r3, #148]
 1527              	.LVL121:
1919:Drivers/STM32L4xx_HAL_Driver/Src/stm32l4xx_hal_rcc_ex.c ****           {
 1528              		.loc 1 1919 13 view .LVU503
 1529 0110 10F00200 		ands	r0, r0, #2
 1530 0114 00F0ED81 		beq	.L107
1929:Drivers/STM32L4xx_HAL_Driver/Src/stm32l4xx_hal_rcc_ex.c ****             }
 1531              		.loc 1 1929 25 view .LVU504
 1532 0118 4FF4FA40 		mov	r0, #32000
 1533 011c E9E1     		b	.L107
 1534              	.LVL122:
 1535              	.L198:
1252:Drivers/STM32L4xx_HAL_Driver/Src/stm32l4xx_hal_rcc_ex.c ****     {
 1536              		.loc 1 1252 5 view .LVU505
 1537 011e 2028     		cmp	r0, #32
ARM GAS  C:\Users\adisa\AppData\Local\Temp\ccmroX4q.s 			page 98


 1538 0120 00F01481 		beq	.L119
 1539 0124 1DD8     		bhi	.L120
 1540 0126 0128     		cmp	r0, #1
 1541 0128 00F0D480 		beq	.L121
 1542 012c 0228     		cmp	r0, #2
 1543 012e 16D1     		bne	.L201
1464:Drivers/STM32L4xx_HAL_Driver/Src/stm32l4xx_hal_rcc_ex.c **** 
 1544              		.loc 1 1464 9 is_stmt 1 view .LVU506
1464:Drivers/STM32L4xx_HAL_Driver/Src/stm32l4xx_hal_rcc_ex.c **** 
 1545              		.loc 1 1464 18 is_stmt 0 view .LVU507
 1546 0130 624B     		ldr	r3, .L211
 1547 0132 D3F88830 		ldr	r3, [r3, #136]
1464:Drivers/STM32L4xx_HAL_Driver/Src/stm32l4xx_hal_rcc_ex.c **** 
 1548              		.loc 1 1464 16 view .LVU508
 1549 0136 03F00C03 		and	r3, r3, #12
 1550              	.LVL123:
1466:Drivers/STM32L4xx_HAL_Driver/Src/stm32l4xx_hal_rcc_ex.c ****         {
 1551              		.loc 1 1466 9 is_stmt 1 view .LVU509
 1552 013a 0C2B     		cmp	r3, #12
 1553 013c 00F2DE81 		bhi	.L179
 1554 0140 DFE813F0 		tbh	[pc, r3, lsl #1]
 1555              	.L143:
 1556 0144 EC00     		.2byte	(.L146-.L143)/2
 1557 0146 DC01     		.2byte	(.L179-.L143)/2
 1558 0148 DC01     		.2byte	(.L179-.L143)/2
 1559 014a DC01     		.2byte	(.L179-.L143)/2
 1560 014c EF00     		.2byte	(.L145-.L143)/2
 1561 014e DC01     		.2byte	(.L179-.L143)/2
 1562 0150 DC01     		.2byte	(.L179-.L143)/2
 1563 0152 DC01     		.2byte	(.L179-.L143)/2
 1564 0154 F200     		.2byte	(.L144-.L143)/2
 1565 0156 DC01     		.2byte	(.L179-.L143)/2
 1566 0158 DC01     		.2byte	(.L179-.L143)/2
 1567 015a DC01     		.2byte	(.L179-.L143)/2
 1568 015c FA00     		.2byte	(.L142-.L143)/2
 1569              	.LVL124:
 1570              		.p2align 1
 1571              	.L201:
1252:Drivers/STM32L4xx_HAL_Driver/Src/stm32l4xx_hal_rcc_ex.c ****     {
 1572              		.loc 1 1252 5 is_stmt 0 view .LVU510
 1573 015e 0020     		movs	r0, #0
 1574              	.LVL125:
1252:Drivers/STM32L4xx_HAL_Driver/Src/stm32l4xx_hal_rcc_ex.c ****     {
 1575              		.loc 1 1252 5 view .LVU511
 1576 0160 C7E1     		b	.L107
 1577              	.LVL126:
 1578              	.L120:
1252:Drivers/STM32L4xx_HAL_Driver/Src/stm32l4xx_hal_rcc_ex.c ****     {
 1579              		.loc 1 1252 5 view .LVU512
 1580 0162 4028     		cmp	r0, #64
 1581 0164 00F04C81 		beq	.L123
 1582 0168 B0F5807F 		cmp	r0, #256
 1583 016c 12D1     		bne	.L202
1808:Drivers/STM32L4xx_HAL_Driver/Src/stm32l4xx_hal_rcc_ex.c **** 
 1584              		.loc 1 1808 9 is_stmt 1 view .LVU513
1808:Drivers/STM32L4xx_HAL_Driver/Src/stm32l4xx_hal_rcc_ex.c **** 
 1585              		.loc 1 1808 18 is_stmt 0 view .LVU514
ARM GAS  C:\Users\adisa\AppData\Local\Temp\ccmroX4q.s 			page 99


 1586 016e 534B     		ldr	r3, .L211
 1587 0170 D3F88830 		ldr	r3, [r3, #136]
1808:Drivers/STM32L4xx_HAL_Driver/Src/stm32l4xx_hal_rcc_ex.c **** 
 1588              		.loc 1 1808 16 view .LVU515
 1589 0174 03F44033 		and	r3, r3, #196608
 1590              	.LVL127:
1810:Drivers/STM32L4xx_HAL_Driver/Src/stm32l4xx_hal_rcc_ex.c ****         {
 1591              		.loc 1 1810 9 is_stmt 1 view .LVU516
 1592 0178 B3F5803F 		cmp	r3, #65536
 1593 017c 00F05A81 		beq	.L155
 1594 0180 B3F5003F 		cmp	r3, #131072
 1595 0184 00F05981 		beq	.L156
 1596 0188 002B     		cmp	r3, #0
 1597 018a 40F0BD81 		bne	.L187
1813:Drivers/STM32L4xx_HAL_Driver/Src/stm32l4xx_hal_rcc_ex.c ****           break;
 1598              		.loc 1 1813 11 view .LVU517
1813:Drivers/STM32L4xx_HAL_Driver/Src/stm32l4xx_hal_rcc_ex.c ****           break;
 1599              		.loc 1 1813 23 is_stmt 0 view .LVU518
 1600 018e FFF7FEFF 		bl	HAL_RCC_GetPCLK1Freq
 1601              	.LVL128:
1814:Drivers/STM32L4xx_HAL_Driver/Src/stm32l4xx_hal_rcc_ex.c ****         case RCC_I2C3CLKSOURCE_SYSCLK:
 1602              		.loc 1 1814 11 is_stmt 1 view .LVU519
 1603 0192 AEE1     		b	.L107
 1604              	.LVL129:
 1605              	.L202:
1252:Drivers/STM32L4xx_HAL_Driver/Src/stm32l4xx_hal_rcc_ex.c ****     {
 1606              		.loc 1 1252 5 is_stmt 0 view .LVU520
 1607 0194 0020     		movs	r0, #0
 1608              	.LVL130:
1252:Drivers/STM32L4xx_HAL_Driver/Src/stm32l4xx_hal_rcc_ex.c ****     {
 1609              		.loc 1 1252 5 view .LVU521
 1610 0196 ACE1     		b	.L107
 1611              	.LVL131:
 1612              	.L199:
1252:Drivers/STM32L4xx_HAL_Driver/Src/stm32l4xx_hal_rcc_ex.c ****     {
 1613              		.loc 1 1252 5 view .LVU522
 1614 0198 0020     		movs	r0, #0
 1615              	.LVL132:
1252:Drivers/STM32L4xx_HAL_Driver/Src/stm32l4xx_hal_rcc_ex.c ****     {
 1616              		.loc 1 1252 5 view .LVU523
 1617 019a AAE1     		b	.L107
 1618              	.LVL133:
 1619              	.L126:
1252:Drivers/STM32L4xx_HAL_Driver/Src/stm32l4xx_hal_rcc_ex.c ****     {
 1620              		.loc 1 1252 5 view .LVU524
 1621 019c B0F5004F 		cmp	r0, #32768
 1622 01a0 0BD1     		bne	.L203
1958:Drivers/STM32L4xx_HAL_Driver/Src/stm32l4xx_hal_rcc_ex.c **** 
 1623              		.loc 1 1958 9 is_stmt 1 view .LVU525
1958:Drivers/STM32L4xx_HAL_Driver/Src/stm32l4xx_hal_rcc_ex.c **** 
 1624              		.loc 1 1958 18 is_stmt 0 view .LVU526
 1625 01a2 464B     		ldr	r3, .L211
 1626 01a4 D3F88830 		ldr	r3, [r3, #136]
 1627              	.LVL134:
1960:Drivers/STM32L4xx_HAL_Driver/Src/stm32l4xx_hal_rcc_ex.c ****         {
 1628              		.loc 1 1960 9 is_stmt 1 view .LVU527
 1629 01a8 13F08043 		ands	r3, r3, #1073741824
ARM GAS  C:\Users\adisa\AppData\Local\Temp\ccmroX4q.s 			page 100


 1630              	.LVL135:
1960:Drivers/STM32L4xx_HAL_Driver/Src/stm32l4xx_hal_rcc_ex.c ****         {
 1631              		.loc 1 1960 9 is_stmt 0 view .LVU528
 1632 01ac 00F09681 		beq	.L167
 1633 01b0 002B     		cmp	r3, #0
 1634 01b2 40F09681 		bne	.L168
 1635 01b6 0020     		movs	r0, #0
 1636              	.LVL136:
1960:Drivers/STM32L4xx_HAL_Driver/Src/stm32l4xx_hal_rcc_ex.c ****         {
 1637              		.loc 1 1960 9 view .LVU529
 1638 01b8 9BE1     		b	.L107
 1639              	.LVL137:
 1640              	.L203:
1252:Drivers/STM32L4xx_HAL_Driver/Src/stm32l4xx_hal_rcc_ex.c ****     {
 1641              		.loc 1 1252 5 view .LVU530
 1642 01ba B0F5802F 		cmp	r0, #262144
 1643 01be 2CD1     		bne	.L204
 1644              	.L128:
1284:Drivers/STM32L4xx_HAL_Driver/Src/stm32l4xx_hal_rcc_ex.c **** 
 1645              		.loc 1 1284 9 is_stmt 1 view .LVU531
1284:Drivers/STM32L4xx_HAL_Driver/Src/stm32l4xx_hal_rcc_ex.c **** 
 1646              		.loc 1 1284 18 is_stmt 0 view .LVU532
 1647 01c0 3E4B     		ldr	r3, .L211
 1648 01c2 D3F88830 		ldr	r3, [r3, #136]
1284:Drivers/STM32L4xx_HAL_Driver/Src/stm32l4xx_hal_rcc_ex.c **** 
 1649              		.loc 1 1284 16 view .LVU533
 1650 01c6 03F04063 		and	r3, r3, #201326592
 1651              	.LVL138:
1286:Drivers/STM32L4xx_HAL_Driver/Src/stm32l4xx_hal_rcc_ex.c ****         {
 1652              		.loc 1 1286 9 is_stmt 1 view .LVU534
 1653 01ca B3F1006F 		cmp	r3, #134217728
 1654 01ce 4CD0     		beq	.L131
 1655 01d0 2CD8     		bhi	.L132
 1656 01d2 002B     		cmp	r3, #0
 1657 01d4 68D0     		beq	.L133
 1658 01d6 B3F1806F 		cmp	r3, #67108864
 1659 01da 25D1     		bne	.L205
1310:Drivers/STM32L4xx_HAL_Driver/Src/stm32l4xx_hal_rcc_ex.c ****           {
 1660              		.loc 1 1310 11 view .LVU535
1310:Drivers/STM32L4xx_HAL_Driver/Src/stm32l4xx_hal_rcc_ex.c ****           {
 1661              		.loc 1 1310 14 is_stmt 0 view .LVU536
 1662 01dc 374B     		ldr	r3, .L211
 1663              	.LVL139:
1310:Drivers/STM32L4xx_HAL_Driver/Src/stm32l4xx_hal_rcc_ex.c ****           {
 1664              		.loc 1 1310 14 view .LVU537
 1665 01de 1868     		ldr	r0, [r3]
 1666              	.LVL140:
1310:Drivers/STM32L4xx_HAL_Driver/Src/stm32l4xx_hal_rcc_ex.c ****           {
 1667              		.loc 1 1310 13 view .LVU538
 1668 01e0 10F00060 		ands	r0, r0, #134217728
 1669 01e4 00F08581 		beq	.L107
1312:Drivers/STM32L4xx_HAL_Driver/Src/stm32l4xx_hal_rcc_ex.c ****             {
 1670              		.loc 1 1312 13 is_stmt 1 view .LVU539
1312:Drivers/STM32L4xx_HAL_Driver/Src/stm32l4xx_hal_rcc_ex.c ****             {
 1671              		.loc 1 1312 16 is_stmt 0 view .LVU540
 1672 01e8 1869     		ldr	r0, [r3, #16]
1312:Drivers/STM32L4xx_HAL_Driver/Src/stm32l4xx_hal_rcc_ex.c ****             {
ARM GAS  C:\Users\adisa\AppData\Local\Temp\ccmroX4q.s 			page 101


 1673              		.loc 1 1312 15 view .LVU541
 1674 01ea 10F48010 		ands	r0, r0, #1048576
 1675 01ee 00F08081 		beq	.L107
1314:Drivers/STM32L4xx_HAL_Driver/Src/stm32l4xx_hal_rcc_ex.c **** #if defined(RCC_PLLSAI1M_DIV_1_16_SUPPORT)
 1676              		.loc 1 1314 15 is_stmt 1 view .LVU542
1314:Drivers/STM32L4xx_HAL_Driver/Src/stm32l4xx_hal_rcc_ex.c **** #if defined(RCC_PLLSAI1M_DIV_1_16_SUPPORT)
 1677              		.loc 1 1314 22 is_stmt 0 view .LVU543
 1678 01f2 1A46     		mov	r2, r3
 1679 01f4 1B69     		ldr	r3, [r3, #16]
1314:Drivers/STM32L4xx_HAL_Driver/Src/stm32l4xx_hal_rcc_ex.c **** #if defined(RCC_PLLSAI1M_DIV_1_16_SUPPORT)
 1680              		.loc 1 1314 20 view .LVU544
 1681 01f6 C3F30623 		ubfx	r3, r3, #8, #7
 1682              	.LVL141:
1321:Drivers/STM32L4xx_HAL_Driver/Src/stm32l4xx_hal_rcc_ex.c **** #endif
 1683              		.loc 1 1321 15 is_stmt 1 view .LVU545
1321:Drivers/STM32L4xx_HAL_Driver/Src/stm32l4xx_hal_rcc_ex.c **** #endif
 1684              		.loc 1 1321 33 is_stmt 0 view .LVU546
 1685 01fa 03FB01F0 		mul	r0, r3, r1
1321:Drivers/STM32L4xx_HAL_Driver/Src/stm32l4xx_hal_rcc_ex.c **** #endif
 1686              		.loc 1 1321 45 view .LVU547
 1687 01fe D368     		ldr	r3, [r2, #12]
 1688              	.LVL142:
1321:Drivers/STM32L4xx_HAL_Driver/Src/stm32l4xx_hal_rcc_ex.c **** #endif
 1689              		.loc 1 1321 86 view .LVU548
 1690 0200 C3F30213 		ubfx	r3, r3, #4, #3
1321:Drivers/STM32L4xx_HAL_Driver/Src/stm32l4xx_hal_rcc_ex.c **** #endif
 1691              		.loc 1 1321 111 view .LVU549
 1692 0204 0133     		adds	r3, r3, #1
1321:Drivers/STM32L4xx_HAL_Driver/Src/stm32l4xx_hal_rcc_ex.c **** #endif
 1693              		.loc 1 1321 22 view .LVU550
 1694 0206 B0FBF3F0 		udiv	r0, r0, r3
 1695              	.LVL143:
1324:Drivers/STM32L4xx_HAL_Driver/Src/stm32l4xx_hal_rcc_ex.c ****             }
 1696              		.loc 1 1324 15 is_stmt 1 view .LVU551
1324:Drivers/STM32L4xx_HAL_Driver/Src/stm32l4xx_hal_rcc_ex.c ****             }
 1697              		.loc 1 1324 40 is_stmt 0 view .LVU552
 1698 020a 1369     		ldr	r3, [r2, #16]
1324:Drivers/STM32L4xx_HAL_Driver/Src/stm32l4xx_hal_rcc_ex.c ****             }
 1699              		.loc 1 1324 93 view .LVU553
 1700 020c C3F34153 		ubfx	r3, r3, #21, #2
1324:Drivers/STM32L4xx_HAL_Driver/Src/stm32l4xx_hal_rcc_ex.c ****             }
 1701              		.loc 1 1324 126 view .LVU554
 1702 0210 0133     		adds	r3, r3, #1
1324:Drivers/STM32L4xx_HAL_Driver/Src/stm32l4xx_hal_rcc_ex.c ****             }
 1703              		.loc 1 1324 132 view .LVU555
 1704 0212 5B00     		lsls	r3, r3, #1
1324:Drivers/STM32L4xx_HAL_Driver/Src/stm32l4xx_hal_rcc_ex.c ****             }
 1705              		.loc 1 1324 25 view .LVU556
 1706 0214 B0FBF3F0 		udiv	r0, r0, r3
 1707              	.LVL144:
1324:Drivers/STM32L4xx_HAL_Driver/Src/stm32l4xx_hal_rcc_ex.c ****             }
 1708              		.loc 1 1324 25 view .LVU557
 1709 0218 6BE1     		b	.L107
 1710              	.LVL145:
 1711              	.L204:
1252:Drivers/STM32L4xx_HAL_Driver/Src/stm32l4xx_hal_rcc_ex.c ****     {
 1712              		.loc 1 1252 5 view .LVU558
ARM GAS  C:\Users\adisa\AppData\Local\Temp\ccmroX4q.s 			page 102


 1713 021a 0020     		movs	r0, #0
 1714              	.LVL146:
1252:Drivers/STM32L4xx_HAL_Driver/Src/stm32l4xx_hal_rcc_ex.c ****     {
 1715              		.loc 1 1252 5 view .LVU559
 1716 021c 69E1     		b	.L107
 1717              	.LVL147:
 1718              	.L127:
1257:Drivers/STM32L4xx_HAL_Driver/Src/stm32l4xx_hal_rcc_ex.c ****       break;
 1719              		.loc 1 1257 7 is_stmt 1 view .LVU560
1257:Drivers/STM32L4xx_HAL_Driver/Src/stm32l4xx_hal_rcc_ex.c ****       break;
 1720              		.loc 1 1257 19 is_stmt 0 view .LVU561
 1721 021e 4FF40060 		mov	r0, #2048
 1722              	.LVL148:
1257:Drivers/STM32L4xx_HAL_Driver/Src/stm32l4xx_hal_rcc_ex.c ****       break;
 1723              		.loc 1 1257 19 view .LVU562
 1724 0222 FFF7FEFF 		bl	RCCEx_GetSAIxPeriphCLKFreq
 1725              	.LVL149:
1258:Drivers/STM32L4xx_HAL_Driver/Src/stm32l4xx_hal_rcc_ex.c **** 
 1726              		.loc 1 1258 7 is_stmt 1 view .LVU563
 1727 0226 64E1     		b	.L107
 1728              	.LVL150:
 1729              	.L205:
1286:Drivers/STM32L4xx_HAL_Driver/Src/stm32l4xx_hal_rcc_ex.c ****         {
 1730              		.loc 1 1286 9 is_stmt 0 view .LVU564
 1731 0228 0020     		movs	r0, #0
 1732              	.LVL151:
1286:Drivers/STM32L4xx_HAL_Driver/Src/stm32l4xx_hal_rcc_ex.c ****         {
 1733              		.loc 1 1286 9 view .LVU565
 1734 022a 62E1     		b	.L107
 1735              	.LVL152:
 1736              	.L132:
1286:Drivers/STM32L4xx_HAL_Driver/Src/stm32l4xx_hal_rcc_ex.c ****         {
 1737              		.loc 1 1286 9 view .LVU566
 1738 022c B3F1406F 		cmp	r3, #201326592
 1739 0230 40F06081 		bne	.L174
1289:Drivers/STM32L4xx_HAL_Driver/Src/stm32l4xx_hal_rcc_ex.c ****           {
 1740              		.loc 1 1289 11 is_stmt 1 view .LVU567
1289:Drivers/STM32L4xx_HAL_Driver/Src/stm32l4xx_hal_rcc_ex.c ****           {
 1741              		.loc 1 1289 14 is_stmt 0 view .LVU568
 1742 0234 03F15053 		add	r3, r3, #872415232
 1743              	.LVL153:
1289:Drivers/STM32L4xx_HAL_Driver/Src/stm32l4xx_hal_rcc_ex.c ****           {
 1744              		.loc 1 1289 14 view .LVU569
 1745 0238 03F50433 		add	r3, r3, #135168
 1746              	.LVL154:
1289:Drivers/STM32L4xx_HAL_Driver/Src/stm32l4xx_hal_rcc_ex.c ****           {
 1747              		.loc 1 1289 14 view .LVU570
 1748 023c 1868     		ldr	r0, [r3]
 1749              	.LVL155:
1289:Drivers/STM32L4xx_HAL_Driver/Src/stm32l4xx_hal_rcc_ex.c ****           {
 1750              		.loc 1 1289 13 view .LVU571
 1751 023e 10F00200 		ands	r0, r0, #2
 1752 0242 00F05681 		beq	.L107
1292:Drivers/STM32L4xx_HAL_Driver/Src/stm32l4xx_hal_rcc_ex.c ****           }
 1753              		.loc 1 1292 13 is_stmt 1 view .LVU572
1292:Drivers/STM32L4xx_HAL_Driver/Src/stm32l4xx_hal_rcc_ex.c ****           }
 1754              		.loc 1 1292 40 is_stmt 0 view .LVU573
ARM GAS  C:\Users\adisa\AppData\Local\Temp\ccmroX4q.s 			page 103


 1755 0246 1B68     		ldr	r3, [r3]
 1756              	.LVL156:
1292:Drivers/STM32L4xx_HAL_Driver/Src/stm32l4xx_hal_rcc_ex.c ****           }
 1757              		.loc 1 1292 66 view .LVU574
 1758 0248 13F0080F 		tst	r3, #8
 1759 024c 07D0     		beq	.L135
1292:Drivers/STM32L4xx_HAL_Driver/Src/stm32l4xx_hal_rcc_ex.c ****           }
 1760              		.loc 1 1292 40 discriminator 1 view .LVU575
 1761 024e 1B4B     		ldr	r3, .L211
 1762 0250 1B68     		ldr	r3, [r3]
1292:Drivers/STM32L4xx_HAL_Driver/Src/stm32l4xx_hal_rcc_ex.c ****           }
 1763              		.loc 1 1292 66 discriminator 1 view .LVU576
 1764 0252 C3F30313 		ubfx	r3, r3, #4, #4
 1765              	.L136:
1292:Drivers/STM32L4xx_HAL_Driver/Src/stm32l4xx_hal_rcc_ex.c ****           }
 1766              		.loc 1 1292 23 discriminator 4 view .LVU577
 1767 0256 1A4A     		ldr	r2, .L211+4
 1768 0258 52F82300 		ldr	r0, [r2, r3, lsl #2]
 1769              	.LVL157:
1292:Drivers/STM32L4xx_HAL_Driver/Src/stm32l4xx_hal_rcc_ex.c ****           }
 1770              		.loc 1 1292 23 discriminator 4 view .LVU578
 1771 025c 49E1     		b	.L107
 1772              	.LVL158:
 1773              	.L135:
1292:Drivers/STM32L4xx_HAL_Driver/Src/stm32l4xx_hal_rcc_ex.c ****           }
 1774              		.loc 1 1292 40 discriminator 2 view .LVU579
 1775 025e 174B     		ldr	r3, .L211
 1776 0260 D3F89430 		ldr	r3, [r3, #148]
1292:Drivers/STM32L4xx_HAL_Driver/Src/stm32l4xx_hal_rcc_ex.c ****           }
 1777              		.loc 1 1292 66 discriminator 2 view .LVU580
 1778 0264 C3F30323 		ubfx	r3, r3, #8, #4
 1779 0268 F5E7     		b	.L136
 1780              	.LVL159:
 1781              	.L131:
1296:Drivers/STM32L4xx_HAL_Driver/Src/stm32l4xx_hal_rcc_ex.c ****           {
 1782              		.loc 1 1296 11 is_stmt 1 view .LVU581
1296:Drivers/STM32L4xx_HAL_Driver/Src/stm32l4xx_hal_rcc_ex.c ****           {
 1783              		.loc 1 1296 14 is_stmt 0 view .LVU582
 1784 026a 144B     		ldr	r3, .L211
 1785              	.LVL160:
1296:Drivers/STM32L4xx_HAL_Driver/Src/stm32l4xx_hal_rcc_ex.c ****           {
 1786              		.loc 1 1296 14 view .LVU583
 1787 026c 1868     		ldr	r0, [r3]
 1788              	.LVL161:
1296:Drivers/STM32L4xx_HAL_Driver/Src/stm32l4xx_hal_rcc_ex.c ****           {
 1789              		.loc 1 1296 13 view .LVU584
 1790 026e 10F00070 		ands	r0, r0, #33554432
 1791 0272 00F03E81 		beq	.L107
1298:Drivers/STM32L4xx_HAL_Driver/Src/stm32l4xx_hal_rcc_ex.c ****             {
 1792              		.loc 1 1298 13 is_stmt 1 view .LVU585
1298:Drivers/STM32L4xx_HAL_Driver/Src/stm32l4xx_hal_rcc_ex.c ****             {
 1793              		.loc 1 1298 16 is_stmt 0 view .LVU586
 1794 0276 D868     		ldr	r0, [r3, #12]
1298:Drivers/STM32L4xx_HAL_Driver/Src/stm32l4xx_hal_rcc_ex.c ****             {
 1795              		.loc 1 1298 15 view .LVU587
 1796 0278 10F48010 		ands	r0, r0, #1048576
 1797 027c 00F03981 		beq	.L107
ARM GAS  C:\Users\adisa\AppData\Local\Temp\ccmroX4q.s 			page 104


1301:Drivers/STM32L4xx_HAL_Driver/Src/stm32l4xx_hal_rcc_ex.c ****               pllvco = ((pllvco * plln) / ((READ_BIT(RCC->PLLCFGR, RCC_PLLCFGR_PLLM) >> RCC_PLLCFGR
 1798              		.loc 1 1301 15 is_stmt 1 view .LVU588
1301:Drivers/STM32L4xx_HAL_Driver/Src/stm32l4xx_hal_rcc_ex.c ****               pllvco = ((pllvco * plln) / ((READ_BIT(RCC->PLLCFGR, RCC_PLLCFGR_PLLM) >> RCC_PLLCFGR
 1799              		.loc 1 1301 22 is_stmt 0 view .LVU589
 1800 0280 1A46     		mov	r2, r3
 1801 0282 DB68     		ldr	r3, [r3, #12]
1301:Drivers/STM32L4xx_HAL_Driver/Src/stm32l4xx_hal_rcc_ex.c ****               pllvco = ((pllvco * plln) / ((READ_BIT(RCC->PLLCFGR, RCC_PLLCFGR_PLLM) >> RCC_PLLCFGR
 1802              		.loc 1 1301 20 view .LVU590
 1803 0284 C3F30623 		ubfx	r3, r3, #8, #7
 1804              	.LVL162:
1302:Drivers/STM32L4xx_HAL_Driver/Src/stm32l4xx_hal_rcc_ex.c ****               /* f(PLL48M1CLK) = f(VCO input) / PLLQ */
 1805              		.loc 1 1302 15 is_stmt 1 view .LVU591
1302:Drivers/STM32L4xx_HAL_Driver/Src/stm32l4xx_hal_rcc_ex.c ****               /* f(PLL48M1CLK) = f(VCO input) / PLLQ */
 1806              		.loc 1 1302 33 is_stmt 0 view .LVU592
 1807 0288 03FB01F0 		mul	r0, r3, r1
1302:Drivers/STM32L4xx_HAL_Driver/Src/stm32l4xx_hal_rcc_ex.c ****               /* f(PLL48M1CLK) = f(VCO input) / PLLQ */
 1808              		.loc 1 1302 45 view .LVU593
 1809 028c D368     		ldr	r3, [r2, #12]
 1810              	.LVL163:
1302:Drivers/STM32L4xx_HAL_Driver/Src/stm32l4xx_hal_rcc_ex.c ****               /* f(PLL48M1CLK) = f(VCO input) / PLLQ */
 1811              		.loc 1 1302 86 view .LVU594
 1812 028e C3F30213 		ubfx	r3, r3, #4, #3
1302:Drivers/STM32L4xx_HAL_Driver/Src/stm32l4xx_hal_rcc_ex.c ****               /* f(PLL48M1CLK) = f(VCO input) / PLLQ */
 1813              		.loc 1 1302 111 view .LVU595
 1814 0292 0133     		adds	r3, r3, #1
1302:Drivers/STM32L4xx_HAL_Driver/Src/stm32l4xx_hal_rcc_ex.c ****               /* f(PLL48M1CLK) = f(VCO input) / PLLQ */
 1815              		.loc 1 1302 22 view .LVU596
 1816 0294 B0FBF3F0 		udiv	r0, r0, r3
 1817              	.LVL164:
1304:Drivers/STM32L4xx_HAL_Driver/Src/stm32l4xx_hal_rcc_ex.c ****             }
 1818              		.loc 1 1304 15 is_stmt 1 view .LVU597
1304:Drivers/STM32L4xx_HAL_Driver/Src/stm32l4xx_hal_rcc_ex.c ****             }
 1819              		.loc 1 1304 40 is_stmt 0 view .LVU598
 1820 0298 D368     		ldr	r3, [r2, #12]
1304:Drivers/STM32L4xx_HAL_Driver/Src/stm32l4xx_hal_rcc_ex.c ****             }
 1821              		.loc 1 1304 81 view .LVU599
 1822 029a C3F34153 		ubfx	r3, r3, #21, #2
1304:Drivers/STM32L4xx_HAL_Driver/Src/stm32l4xx_hal_rcc_ex.c ****             }
 1823              		.loc 1 1304 106 view .LVU600
 1824 029e 0133     		adds	r3, r3, #1
1304:Drivers/STM32L4xx_HAL_Driver/Src/stm32l4xx_hal_rcc_ex.c ****             }
 1825              		.loc 1 1304 112 view .LVU601
 1826 02a0 5B00     		lsls	r3, r3, #1
1304:Drivers/STM32L4xx_HAL_Driver/Src/stm32l4xx_hal_rcc_ex.c ****             }
 1827              		.loc 1 1304 25 view .LVU602
 1828 02a2 B0FBF3F0 		udiv	r0, r0, r3
 1829              	.LVL165:
1304:Drivers/STM32L4xx_HAL_Driver/Src/stm32l4xx_hal_rcc_ex.c ****             }
 1830              		.loc 1 1304 25 view .LVU603
 1831 02a6 24E1     		b	.L107
 1832              	.LVL166:
 1833              	.L133:
1331:Drivers/STM32L4xx_HAL_Driver/Src/stm32l4xx_hal_rcc_ex.c ****           {
 1834              		.loc 1 1331 11 is_stmt 1 view .LVU604
1331:Drivers/STM32L4xx_HAL_Driver/Src/stm32l4xx_hal_rcc_ex.c ****           {
 1835              		.loc 1 1331 14 is_stmt 0 view .LVU605
 1836 02a8 044B     		ldr	r3, .L211
ARM GAS  C:\Users\adisa\AppData\Local\Temp\ccmroX4q.s 			page 105


 1837              	.LVL167:
1331:Drivers/STM32L4xx_HAL_Driver/Src/stm32l4xx_hal_rcc_ex.c ****           {
 1838              		.loc 1 1331 14 view .LVU606
 1839 02aa D3F89800 		ldr	r0, [r3, #152]
 1840              	.LVL168:
1331:Drivers/STM32L4xx_HAL_Driver/Src/stm32l4xx_hal_rcc_ex.c ****           {
 1841              		.loc 1 1331 13 view .LVU607
 1842 02ae 10F00200 		ands	r0, r0, #2
 1843 02b2 00F01E81 		beq	.L107
1333:Drivers/STM32L4xx_HAL_Driver/Src/stm32l4xx_hal_rcc_ex.c ****           }
 1844              		.loc 1 1333 23 view .LVU608
 1845 02b6 0648     		ldr	r0, .L211+20
 1846 02b8 1BE1     		b	.L107
 1847              	.L212:
 1848 02ba 00BF     		.align	2
 1849              	.L211:
 1850 02bc 00100240 		.word	1073876992
 1851 02c0 00000000 		.word	MSIRangeTable
 1852 02c4 90D00300 		.word	250000
 1853 02c8 0024F400 		.word	16000000
 1854 02cc 00127A00 		.word	8000000
 1855 02d0 006CDC02 		.word	48000000
 1856              	.LVL169:
 1857              	.L121:
1431:Drivers/STM32L4xx_HAL_Driver/Src/stm32l4xx_hal_rcc_ex.c **** 
 1858              		.loc 1 1431 9 is_stmt 1 view .LVU609
1431:Drivers/STM32L4xx_HAL_Driver/Src/stm32l4xx_hal_rcc_ex.c **** 
 1859              		.loc 1 1431 18 is_stmt 0 view .LVU610
 1860 02d4 8D4B     		ldr	r3, .L213
 1861 02d6 D3F88830 		ldr	r3, [r3, #136]
1431:Drivers/STM32L4xx_HAL_Driver/Src/stm32l4xx_hal_rcc_ex.c **** 
 1862              		.loc 1 1431 16 view .LVU611
 1863 02da 03F00303 		and	r3, r3, #3
 1864              	.LVL170:
1433:Drivers/STM32L4xx_HAL_Driver/Src/stm32l4xx_hal_rcc_ex.c ****         {
 1865              		.loc 1 1433 9 is_stmt 1 view .LVU612
 1866 02de 032B     		cmp	r3, #3
 1867 02e0 00F20A81 		bhi	.L176
 1868 02e4 DFE803F0 		tbb	[pc, r3]
 1869              	.L138:
 1870 02e8 02       		.byte	(.L141-.L138)/2
 1871 02e9 05       		.byte	(.L140-.L138)/2
 1872 02ea 08       		.byte	(.L139-.L138)/2
 1873 02eb 10       		.byte	(.L137-.L138)/2
 1874              		.p2align 1
 1875              	.L141:
1436:Drivers/STM32L4xx_HAL_Driver/Src/stm32l4xx_hal_rcc_ex.c ****           break;
 1876              		.loc 1 1436 11 view .LVU613
1436:Drivers/STM32L4xx_HAL_Driver/Src/stm32l4xx_hal_rcc_ex.c ****           break;
 1877              		.loc 1 1436 23 is_stmt 0 view .LVU614
 1878 02ec FFF7FEFF 		bl	HAL_RCC_GetPCLK2Freq
 1879              	.LVL171:
1437:Drivers/STM32L4xx_HAL_Driver/Src/stm32l4xx_hal_rcc_ex.c ****         case RCC_USART1CLKSOURCE_SYSCLK:
 1880              		.loc 1 1437 11 is_stmt 1 view .LVU615
 1881 02f0 FFE0     		b	.L107
 1882              	.LVL172:
 1883              	.L140:
ARM GAS  C:\Users\adisa\AppData\Local\Temp\ccmroX4q.s 			page 106


1439:Drivers/STM32L4xx_HAL_Driver/Src/stm32l4xx_hal_rcc_ex.c ****           break;
 1884              		.loc 1 1439 11 view .LVU616
1439:Drivers/STM32L4xx_HAL_Driver/Src/stm32l4xx_hal_rcc_ex.c ****           break;
 1885              		.loc 1 1439 23 is_stmt 0 view .LVU617
 1886 02f2 FFF7FEFF 		bl	HAL_RCC_GetSysClockFreq
 1887              	.LVL173:
1440:Drivers/STM32L4xx_HAL_Driver/Src/stm32l4xx_hal_rcc_ex.c ****         case RCC_USART1CLKSOURCE_HSI:
 1888              		.loc 1 1440 11 is_stmt 1 view .LVU618
 1889 02f6 FCE0     		b	.L107
 1890              	.LVL174:
 1891              	.L139:
1442:Drivers/STM32L4xx_HAL_Driver/Src/stm32l4xx_hal_rcc_ex.c ****           {
 1892              		.loc 1 1442 11 view .LVU619
1442:Drivers/STM32L4xx_HAL_Driver/Src/stm32l4xx_hal_rcc_ex.c ****           {
 1893              		.loc 1 1442 14 is_stmt 0 view .LVU620
 1894 02f8 844B     		ldr	r3, .L213
 1895              	.LVL175:
1442:Drivers/STM32L4xx_HAL_Driver/Src/stm32l4xx_hal_rcc_ex.c ****           {
 1896              		.loc 1 1442 14 view .LVU621
 1897 02fa 1868     		ldr	r0, [r3]
 1898              	.LVL176:
1442:Drivers/STM32L4xx_HAL_Driver/Src/stm32l4xx_hal_rcc_ex.c ****           {
 1899              		.loc 1 1442 13 view .LVU622
 1900 02fc 10F48060 		ands	r0, r0, #1024
 1901 0300 00F0F780 		beq	.L107
1444:Drivers/STM32L4xx_HAL_Driver/Src/stm32l4xx_hal_rcc_ex.c ****           }
 1902              		.loc 1 1444 23 view .LVU623
 1903 0304 8248     		ldr	r0, .L213+4
 1904 0306 F4E0     		b	.L107
 1905              	.LVL177:
 1906              	.L137:
1448:Drivers/STM32L4xx_HAL_Driver/Src/stm32l4xx_hal_rcc_ex.c ****           {
 1907              		.loc 1 1448 11 is_stmt 1 view .LVU624
1448:Drivers/STM32L4xx_HAL_Driver/Src/stm32l4xx_hal_rcc_ex.c ****           {
 1908              		.loc 1 1448 14 is_stmt 0 view .LVU625
 1909 0308 804B     		ldr	r3, .L213
 1910              	.LVL178:
1448:Drivers/STM32L4xx_HAL_Driver/Src/stm32l4xx_hal_rcc_ex.c ****           {
 1911              		.loc 1 1448 14 view .LVU626
 1912 030a D3F89000 		ldr	r0, [r3, #144]
 1913              	.LVL179:
1448:Drivers/STM32L4xx_HAL_Driver/Src/stm32l4xx_hal_rcc_ex.c ****           {
 1914              		.loc 1 1448 13 view .LVU627
 1915 030e 10F00200 		ands	r0, r0, #2
 1916 0312 00F0EE80 		beq	.L107
1450:Drivers/STM32L4xx_HAL_Driver/Src/stm32l4xx_hal_rcc_ex.c ****           }
 1917              		.loc 1 1450 23 view .LVU628
 1918 0316 4FF40040 		mov	r0, #32768
 1919 031a EAE0     		b	.L107
 1920              	.LVL180:
 1921              	.L146:
1469:Drivers/STM32L4xx_HAL_Driver/Src/stm32l4xx_hal_rcc_ex.c ****           break;
 1922              		.loc 1 1469 11 is_stmt 1 view .LVU629
1469:Drivers/STM32L4xx_HAL_Driver/Src/stm32l4xx_hal_rcc_ex.c ****           break;
 1923              		.loc 1 1469 23 is_stmt 0 view .LVU630
 1924 031c FFF7FEFF 		bl	HAL_RCC_GetPCLK1Freq
 1925              	.LVL181:
ARM GAS  C:\Users\adisa\AppData\Local\Temp\ccmroX4q.s 			page 107


1470:Drivers/STM32L4xx_HAL_Driver/Src/stm32l4xx_hal_rcc_ex.c ****         case RCC_USART2CLKSOURCE_SYSCLK:
 1926              		.loc 1 1470 11 is_stmt 1 view .LVU631
 1927 0320 E7E0     		b	.L107
 1928              	.LVL182:
 1929              	.L145:
1472:Drivers/STM32L4xx_HAL_Driver/Src/stm32l4xx_hal_rcc_ex.c ****           break;
 1930              		.loc 1 1472 11 view .LVU632
1472:Drivers/STM32L4xx_HAL_Driver/Src/stm32l4xx_hal_rcc_ex.c ****           break;
 1931              		.loc 1 1472 23 is_stmt 0 view .LVU633
 1932 0322 FFF7FEFF 		bl	HAL_RCC_GetSysClockFreq
 1933              	.LVL183:
1473:Drivers/STM32L4xx_HAL_Driver/Src/stm32l4xx_hal_rcc_ex.c ****         case RCC_USART2CLKSOURCE_HSI:
 1934              		.loc 1 1473 11 is_stmt 1 view .LVU634
 1935 0326 E4E0     		b	.L107
 1936              	.LVL184:
 1937              	.L144:
1475:Drivers/STM32L4xx_HAL_Driver/Src/stm32l4xx_hal_rcc_ex.c ****           {
 1938              		.loc 1 1475 11 view .LVU635
1475:Drivers/STM32L4xx_HAL_Driver/Src/stm32l4xx_hal_rcc_ex.c ****           {
 1939              		.loc 1 1475 14 is_stmt 0 view .LVU636
 1940 0328 784B     		ldr	r3, .L213
 1941              	.LVL185:
1475:Drivers/STM32L4xx_HAL_Driver/Src/stm32l4xx_hal_rcc_ex.c ****           {
 1942              		.loc 1 1475 14 view .LVU637
 1943 032a 1868     		ldr	r0, [r3]
 1944              	.LVL186:
1475:Drivers/STM32L4xx_HAL_Driver/Src/stm32l4xx_hal_rcc_ex.c ****           {
 1945              		.loc 1 1475 13 view .LVU638
 1946 032c 10F48060 		ands	r0, r0, #1024
 1947 0330 00F0DF80 		beq	.L107
1477:Drivers/STM32L4xx_HAL_Driver/Src/stm32l4xx_hal_rcc_ex.c ****           }
 1948              		.loc 1 1477 23 view .LVU639
 1949 0334 7648     		ldr	r0, .L213+4
 1950 0336 DCE0     		b	.L107
 1951              	.LVL187:
 1952              	.L142:
1481:Drivers/STM32L4xx_HAL_Driver/Src/stm32l4xx_hal_rcc_ex.c ****           {
 1953              		.loc 1 1481 11 is_stmt 1 view .LVU640
1481:Drivers/STM32L4xx_HAL_Driver/Src/stm32l4xx_hal_rcc_ex.c ****           {
 1954              		.loc 1 1481 14 is_stmt 0 view .LVU641
 1955 0338 744B     		ldr	r3, .L213
 1956              	.LVL188:
1481:Drivers/STM32L4xx_HAL_Driver/Src/stm32l4xx_hal_rcc_ex.c ****           {
 1957              		.loc 1 1481 14 view .LVU642
 1958 033a D3F89000 		ldr	r0, [r3, #144]
 1959              	.LVL189:
1481:Drivers/STM32L4xx_HAL_Driver/Src/stm32l4xx_hal_rcc_ex.c ****           {
 1960              		.loc 1 1481 13 view .LVU643
 1961 033e 10F00200 		ands	r0, r0, #2
 1962 0342 00F0D680 		beq	.L107
1483:Drivers/STM32L4xx_HAL_Driver/Src/stm32l4xx_hal_rcc_ex.c ****           }
 1963              		.loc 1 1483 23 view .LVU644
 1964 0346 4FF40040 		mov	r0, #32768
 1965 034a D2E0     		b	.L107
 1966              	.LVL190:
 1967              	.L119:
1608:Drivers/STM32L4xx_HAL_Driver/Src/stm32l4xx_hal_rcc_ex.c **** 
ARM GAS  C:\Users\adisa\AppData\Local\Temp\ccmroX4q.s 			page 108


 1968              		.loc 1 1608 9 is_stmt 1 view .LVU645
1608:Drivers/STM32L4xx_HAL_Driver/Src/stm32l4xx_hal_rcc_ex.c **** 
 1969              		.loc 1 1608 18 is_stmt 0 view .LVU646
 1970 034c 6F4B     		ldr	r3, .L213
 1971 034e D3F88830 		ldr	r3, [r3, #136]
1608:Drivers/STM32L4xx_HAL_Driver/Src/stm32l4xx_hal_rcc_ex.c **** 
 1972              		.loc 1 1608 16 view .LVU647
 1973 0352 03F44063 		and	r3, r3, #3072
 1974              	.LVL191:
1610:Drivers/STM32L4xx_HAL_Driver/Src/stm32l4xx_hal_rcc_ex.c ****         {
 1975              		.loc 1 1610 9 is_stmt 1 view .LVU648
 1976 0356 B3F5006F 		cmp	r3, #2048
 1977 035a 1BD0     		beq	.L147
 1978 035c 08D8     		bhi	.L148
 1979 035e B3B1     		cbz	r3, .L149
 1980 0360 B3F5806F 		cmp	r3, #1024
 1981 0364 02D1     		bne	.L206
1616:Drivers/STM32L4xx_HAL_Driver/Src/stm32l4xx_hal_rcc_ex.c ****           break;
 1982              		.loc 1 1616 11 view .LVU649
1616:Drivers/STM32L4xx_HAL_Driver/Src/stm32l4xx_hal_rcc_ex.c ****           break;
 1983              		.loc 1 1616 23 is_stmt 0 view .LVU650
 1984 0366 FFF7FEFF 		bl	HAL_RCC_GetSysClockFreq
 1985              	.LVL192:
1617:Drivers/STM32L4xx_HAL_Driver/Src/stm32l4xx_hal_rcc_ex.c ****         case RCC_LPUART1CLKSOURCE_HSI:
 1986              		.loc 1 1617 11 is_stmt 1 view .LVU651
 1987 036a C2E0     		b	.L107
 1988              	.LVL193:
 1989              	.L206:
1610:Drivers/STM32L4xx_HAL_Driver/Src/stm32l4xx_hal_rcc_ex.c ****         {
 1990              		.loc 1 1610 9 is_stmt 0 view .LVU652
 1991 036c 0020     		movs	r0, #0
 1992              	.LVL194:
1610:Drivers/STM32L4xx_HAL_Driver/Src/stm32l4xx_hal_rcc_ex.c ****         {
 1993              		.loc 1 1610 9 view .LVU653
 1994 036e C0E0     		b	.L107
 1995              	.LVL195:
 1996              	.L148:
1610:Drivers/STM32L4xx_HAL_Driver/Src/stm32l4xx_hal_rcc_ex.c ****         {
 1997              		.loc 1 1610 9 view .LVU654
 1998 0370 B3F5406F 		cmp	r3, #3072
 1999 0374 09D1     		bne	.L207
1625:Drivers/STM32L4xx_HAL_Driver/Src/stm32l4xx_hal_rcc_ex.c ****           {
 2000              		.loc 1 1625 11 is_stmt 1 view .LVU655
1625:Drivers/STM32L4xx_HAL_Driver/Src/stm32l4xx_hal_rcc_ex.c ****           {
 2001              		.loc 1 1625 14 is_stmt 0 view .LVU656
 2002 0376 654B     		ldr	r3, .L213
 2003              	.LVL196:
1625:Drivers/STM32L4xx_HAL_Driver/Src/stm32l4xx_hal_rcc_ex.c ****           {
 2004              		.loc 1 1625 14 view .LVU657
 2005 0378 D3F89000 		ldr	r0, [r3, #144]
 2006              	.LVL197:
1625:Drivers/STM32L4xx_HAL_Driver/Src/stm32l4xx_hal_rcc_ex.c ****           {
 2007              		.loc 1 1625 13 view .LVU658
 2008 037c 10F00200 		ands	r0, r0, #2
 2009 0380 00F0B780 		beq	.L107
1627:Drivers/STM32L4xx_HAL_Driver/Src/stm32l4xx_hal_rcc_ex.c ****           }
 2010              		.loc 1 1627 23 view .LVU659
ARM GAS  C:\Users\adisa\AppData\Local\Temp\ccmroX4q.s 			page 109


 2011 0384 4FF40040 		mov	r0, #32768
 2012 0388 B3E0     		b	.L107
 2013              	.LVL198:
 2014              	.L207:
1610:Drivers/STM32L4xx_HAL_Driver/Src/stm32l4xx_hal_rcc_ex.c ****         {
 2015              		.loc 1 1610 9 view .LVU660
 2016 038a 0020     		movs	r0, #0
 2017              	.LVL199:
1610:Drivers/STM32L4xx_HAL_Driver/Src/stm32l4xx_hal_rcc_ex.c ****         {
 2018              		.loc 1 1610 9 view .LVU661
 2019 038c B1E0     		b	.L107
 2020              	.LVL200:
 2021              	.L149:
1613:Drivers/STM32L4xx_HAL_Driver/Src/stm32l4xx_hal_rcc_ex.c ****           break;
 2022              		.loc 1 1613 11 is_stmt 1 view .LVU662
1613:Drivers/STM32L4xx_HAL_Driver/Src/stm32l4xx_hal_rcc_ex.c ****           break;
 2023              		.loc 1 1613 23 is_stmt 0 view .LVU663
 2024 038e FFF7FEFF 		bl	HAL_RCC_GetPCLK1Freq
 2025              	.LVL201:
1614:Drivers/STM32L4xx_HAL_Driver/Src/stm32l4xx_hal_rcc_ex.c ****         case RCC_LPUART1CLKSOURCE_SYSCLK:
 2026              		.loc 1 1614 11 is_stmt 1 view .LVU664
 2027 0392 AEE0     		b	.L107
 2028              	.LVL202:
 2029              	.L147:
1619:Drivers/STM32L4xx_HAL_Driver/Src/stm32l4xx_hal_rcc_ex.c ****           {
 2030              		.loc 1 1619 11 view .LVU665
1619:Drivers/STM32L4xx_HAL_Driver/Src/stm32l4xx_hal_rcc_ex.c ****           {
 2031              		.loc 1 1619 14 is_stmt 0 view .LVU666
 2032 0394 5D4B     		ldr	r3, .L213
 2033              	.LVL203:
1619:Drivers/STM32L4xx_HAL_Driver/Src/stm32l4xx_hal_rcc_ex.c ****           {
 2034              		.loc 1 1619 14 view .LVU667
 2035 0396 1868     		ldr	r0, [r3]
 2036              	.LVL204:
1619:Drivers/STM32L4xx_HAL_Driver/Src/stm32l4xx_hal_rcc_ex.c ****           {
 2037              		.loc 1 1619 13 view .LVU668
 2038 0398 10F48060 		ands	r0, r0, #1024
 2039 039c 00F0A980 		beq	.L107
1621:Drivers/STM32L4xx_HAL_Driver/Src/stm32l4xx_hal_rcc_ex.c ****           }
 2040              		.loc 1 1621 23 view .LVU669
 2041 03a0 5B48     		ldr	r0, .L213+4
 2042 03a2 A6E0     		b	.L107
 2043              	.LVL205:
 2044              	.L125:
1640:Drivers/STM32L4xx_HAL_Driver/Src/stm32l4xx_hal_rcc_ex.c **** 
 2045              		.loc 1 1640 9 is_stmt 1 view .LVU670
1640:Drivers/STM32L4xx_HAL_Driver/Src/stm32l4xx_hal_rcc_ex.c **** 
 2046              		.loc 1 1640 18 is_stmt 0 view .LVU671
 2047 03a4 594B     		ldr	r3, .L213
 2048 03a6 D3F88830 		ldr	r3, [r3, #136]
1640:Drivers/STM32L4xx_HAL_Driver/Src/stm32l4xx_hal_rcc_ex.c **** 
 2049              		.loc 1 1640 16 view .LVU672
 2050 03aa 03F04053 		and	r3, r3, #805306368
 2051              	.LVL206:
1642:Drivers/STM32L4xx_HAL_Driver/Src/stm32l4xx_hal_rcc_ex.c ****         {
 2052              		.loc 1 1642 9 is_stmt 1 view .LVU673
 2053 03ae B3F1805F 		cmp	r3, #268435456
ARM GAS  C:\Users\adisa\AppData\Local\Temp\ccmroX4q.s 			page 110


 2054 03b2 06D0     		beq	.L152
 2055 03b4 B3F1405F 		cmp	r3, #805306368
 2056 03b8 40F0A280 		bne	.L184
1645:Drivers/STM32L4xx_HAL_Driver/Src/stm32l4xx_hal_rcc_ex.c ****           break;
 2057              		.loc 1 1645 11 view .LVU674
1645:Drivers/STM32L4xx_HAL_Driver/Src/stm32l4xx_hal_rcc_ex.c ****           break;
 2058              		.loc 1 1645 23 is_stmt 0 view .LVU675
 2059 03bc FFF7FEFF 		bl	HAL_RCC_GetSysClockFreq
 2060              	.LVL207:
1646:Drivers/STM32L4xx_HAL_Driver/Src/stm32l4xx_hal_rcc_ex.c **** #if defined(RCC_PLLSAI1_SUPPORT)
 2061              		.loc 1 1646 11 is_stmt 1 view .LVU676
 2062 03c0 97E0     		b	.L107
 2063              	.LVL208:
 2064              	.L152:
1649:Drivers/STM32L4xx_HAL_Driver/Src/stm32l4xx_hal_rcc_ex.c ****           {
 2065              		.loc 1 1649 11 view .LVU677
1649:Drivers/STM32L4xx_HAL_Driver/Src/stm32l4xx_hal_rcc_ex.c ****           {
 2066              		.loc 1 1649 14 is_stmt 0 view .LVU678
 2067 03c2 524B     		ldr	r3, .L213
 2068              	.LVL209:
1649:Drivers/STM32L4xx_HAL_Driver/Src/stm32l4xx_hal_rcc_ex.c ****           {
 2069              		.loc 1 1649 14 view .LVU679
 2070 03c4 1868     		ldr	r0, [r3]
 2071              	.LVL210:
1649:Drivers/STM32L4xx_HAL_Driver/Src/stm32l4xx_hal_rcc_ex.c ****           {
 2072              		.loc 1 1649 13 view .LVU680
 2073 03c6 10F00060 		ands	r0, r0, #134217728
 2074 03ca 00F09280 		beq	.L107
1649:Drivers/STM32L4xx_HAL_Driver/Src/stm32l4xx_hal_rcc_ex.c ****           {
 2075              		.loc 1 1649 61 discriminator 1 view .LVU681
 2076 03ce 1869     		ldr	r0, [r3, #16]
1649:Drivers/STM32L4xx_HAL_Driver/Src/stm32l4xx_hal_rcc_ex.c ****           {
 2077              		.loc 1 1649 57 discriminator 1 view .LVU682
 2078 03d0 10F08070 		ands	r0, r0, #16777216
 2079 03d4 00F08D80 		beq	.L107
1651:Drivers/STM32L4xx_HAL_Driver/Src/stm32l4xx_hal_rcc_ex.c **** #if defined(RCC_PLLSAI1M_DIV_1_16_SUPPORT)
 2080              		.loc 1 1651 13 is_stmt 1 view .LVU683
1651:Drivers/STM32L4xx_HAL_Driver/Src/stm32l4xx_hal_rcc_ex.c **** #if defined(RCC_PLLSAI1M_DIV_1_16_SUPPORT)
 2081              		.loc 1 1651 20 is_stmt 0 view .LVU684
 2082 03d8 1846     		mov	r0, r3
 2083 03da 1B69     		ldr	r3, [r3, #16]
1651:Drivers/STM32L4xx_HAL_Driver/Src/stm32l4xx_hal_rcc_ex.c **** #if defined(RCC_PLLSAI1M_DIV_1_16_SUPPORT)
 2084              		.loc 1 1651 18 view .LVU685
 2085 03dc C3F30623 		ubfx	r3, r3, #8, #7
 2086              	.LVL211:
1658:Drivers/STM32L4xx_HAL_Driver/Src/stm32l4xx_hal_rcc_ex.c **** #endif
 2087              		.loc 1 1658 13 is_stmt 1 view .LVU686
1658:Drivers/STM32L4xx_HAL_Driver/Src/stm32l4xx_hal_rcc_ex.c **** #endif
 2088              		.loc 1 1658 31 is_stmt 0 view .LVU687
 2089 03e0 01FB03F3 		mul	r3, r1, r3
 2090              	.LVL212:
1658:Drivers/STM32L4xx_HAL_Driver/Src/stm32l4xx_hal_rcc_ex.c **** #endif
 2091              		.loc 1 1658 43 view .LVU688
 2092 03e4 C268     		ldr	r2, [r0, #12]
1658:Drivers/STM32L4xx_HAL_Driver/Src/stm32l4xx_hal_rcc_ex.c **** #endif
 2093              		.loc 1 1658 84 view .LVU689
 2094 03e6 C2F30212 		ubfx	r2, r2, #4, #3
ARM GAS  C:\Users\adisa\AppData\Local\Temp\ccmroX4q.s 			page 111


1658:Drivers/STM32L4xx_HAL_Driver/Src/stm32l4xx_hal_rcc_ex.c **** #endif
 2095              		.loc 1 1658 109 view .LVU690
 2096 03ea 0132     		adds	r2, r2, #1
1658:Drivers/STM32L4xx_HAL_Driver/Src/stm32l4xx_hal_rcc_ex.c **** #endif
 2097              		.loc 1 1658 20 view .LVU691
 2098 03ec B3FBF2F3 		udiv	r3, r3, r2
 2099              	.LVL213:
1661:Drivers/STM32L4xx_HAL_Driver/Src/stm32l4xx_hal_rcc_ex.c ****           }
 2100              		.loc 1 1661 13 is_stmt 1 view .LVU692
1661:Drivers/STM32L4xx_HAL_Driver/Src/stm32l4xx_hal_rcc_ex.c ****           }
 2101              		.loc 1 1661 38 is_stmt 0 view .LVU693
 2102 03f0 0069     		ldr	r0, [r0, #16]
1661:Drivers/STM32L4xx_HAL_Driver/Src/stm32l4xx_hal_rcc_ex.c ****           }
 2103              		.loc 1 1661 91 view .LVU694
 2104 03f2 C0F34160 		ubfx	r0, r0, #25, #2
1661:Drivers/STM32L4xx_HAL_Driver/Src/stm32l4xx_hal_rcc_ex.c ****           }
 2105              		.loc 1 1661 124 view .LVU695
 2106 03f6 0130     		adds	r0, r0, #1
1661:Drivers/STM32L4xx_HAL_Driver/Src/stm32l4xx_hal_rcc_ex.c ****           }
 2107              		.loc 1 1661 130 view .LVU696
 2108 03f8 4000     		lsls	r0, r0, #1
1661:Drivers/STM32L4xx_HAL_Driver/Src/stm32l4xx_hal_rcc_ex.c ****           }
 2109              		.loc 1 1661 23 view .LVU697
 2110 03fa B3FBF0F0 		udiv	r0, r3, r0
 2111              	.LVL214:
1661:Drivers/STM32L4xx_HAL_Driver/Src/stm32l4xx_hal_rcc_ex.c ****           }
 2112              		.loc 1 1661 23 view .LVU698
 2113 03fe 78E0     		b	.L107
 2114              	.LVL215:
 2115              	.L123:
1750:Drivers/STM32L4xx_HAL_Driver/Src/stm32l4xx_hal_rcc_ex.c **** 
 2116              		.loc 1 1750 9 is_stmt 1 view .LVU699
1750:Drivers/STM32L4xx_HAL_Driver/Src/stm32l4xx_hal_rcc_ex.c **** 
 2117              		.loc 1 1750 18 is_stmt 0 view .LVU700
 2118 0400 424B     		ldr	r3, .L213
 2119 0402 D3F88830 		ldr	r3, [r3, #136]
1750:Drivers/STM32L4xx_HAL_Driver/Src/stm32l4xx_hal_rcc_ex.c **** 
 2120              		.loc 1 1750 16 view .LVU701
 2121 0406 03F44053 		and	r3, r3, #12288
 2122              	.LVL216:
1752:Drivers/STM32L4xx_HAL_Driver/Src/stm32l4xx_hal_rcc_ex.c ****         {
 2123              		.loc 1 1752 9 is_stmt 1 view .LVU702
 2124 040a B3F5805F 		cmp	r3, #4096
 2125 040e 07D0     		beq	.L153
 2126 0410 B3F5005F 		cmp	r3, #8192
 2127 0414 07D0     		beq	.L154
 2128 0416 002B     		cmp	r3, #0
 2129 0418 74D1     		bne	.L185
1755:Drivers/STM32L4xx_HAL_Driver/Src/stm32l4xx_hal_rcc_ex.c ****           break;
 2130              		.loc 1 1755 11 view .LVU703
1755:Drivers/STM32L4xx_HAL_Driver/Src/stm32l4xx_hal_rcc_ex.c ****           break;
 2131              		.loc 1 1755 23 is_stmt 0 view .LVU704
 2132 041a FFF7FEFF 		bl	HAL_RCC_GetPCLK1Freq
 2133              	.LVL217:
1756:Drivers/STM32L4xx_HAL_Driver/Src/stm32l4xx_hal_rcc_ex.c ****         case RCC_I2C1CLKSOURCE_SYSCLK:
 2134              		.loc 1 1756 11 is_stmt 1 view .LVU705
 2135 041e 68E0     		b	.L107
ARM GAS  C:\Users\adisa\AppData\Local\Temp\ccmroX4q.s 			page 112


 2136              	.LVL218:
 2137              	.L153:
1758:Drivers/STM32L4xx_HAL_Driver/Src/stm32l4xx_hal_rcc_ex.c ****           break;
 2138              		.loc 1 1758 11 view .LVU706
1758:Drivers/STM32L4xx_HAL_Driver/Src/stm32l4xx_hal_rcc_ex.c ****           break;
 2139              		.loc 1 1758 23 is_stmt 0 view .LVU707
 2140 0420 FFF7FEFF 		bl	HAL_RCC_GetSysClockFreq
 2141              	.LVL219:
1759:Drivers/STM32L4xx_HAL_Driver/Src/stm32l4xx_hal_rcc_ex.c ****         case RCC_I2C1CLKSOURCE_HSI:
 2142              		.loc 1 1759 11 is_stmt 1 view .LVU708
 2143 0424 65E0     		b	.L107
 2144              	.LVL220:
 2145              	.L154:
1761:Drivers/STM32L4xx_HAL_Driver/Src/stm32l4xx_hal_rcc_ex.c ****           {
 2146              		.loc 1 1761 11 view .LVU709
1761:Drivers/STM32L4xx_HAL_Driver/Src/stm32l4xx_hal_rcc_ex.c ****           {
 2147              		.loc 1 1761 14 is_stmt 0 view .LVU710
 2148 0426 394B     		ldr	r3, .L213
 2149              	.LVL221:
1761:Drivers/STM32L4xx_HAL_Driver/Src/stm32l4xx_hal_rcc_ex.c ****           {
 2150              		.loc 1 1761 14 view .LVU711
 2151 0428 1868     		ldr	r0, [r3]
 2152              	.LVL222:
1761:Drivers/STM32L4xx_HAL_Driver/Src/stm32l4xx_hal_rcc_ex.c ****           {
 2153              		.loc 1 1761 13 view .LVU712
 2154 042a 10F48060 		ands	r0, r0, #1024
 2155 042e 60D0     		beq	.L107
1763:Drivers/STM32L4xx_HAL_Driver/Src/stm32l4xx_hal_rcc_ex.c ****           }
 2156              		.loc 1 1763 23 view .LVU713
 2157 0430 3748     		ldr	r0, .L213+4
 2158 0432 5EE0     		b	.L107
 2159              	.LVL223:
 2160              	.L155:
1816:Drivers/STM32L4xx_HAL_Driver/Src/stm32l4xx_hal_rcc_ex.c ****           break;
 2161              		.loc 1 1816 11 is_stmt 1 view .LVU714
1816:Drivers/STM32L4xx_HAL_Driver/Src/stm32l4xx_hal_rcc_ex.c ****           break;
 2162              		.loc 1 1816 23 is_stmt 0 view .LVU715
 2163 0434 FFF7FEFF 		bl	HAL_RCC_GetSysClockFreq
 2164              	.LVL224:
1817:Drivers/STM32L4xx_HAL_Driver/Src/stm32l4xx_hal_rcc_ex.c ****         case RCC_I2C3CLKSOURCE_HSI:
 2165              		.loc 1 1817 11 is_stmt 1 view .LVU716
 2166 0438 5BE0     		b	.L107
 2167              	.LVL225:
 2168              	.L156:
1819:Drivers/STM32L4xx_HAL_Driver/Src/stm32l4xx_hal_rcc_ex.c ****           {
 2169              		.loc 1 1819 11 view .LVU717
1819:Drivers/STM32L4xx_HAL_Driver/Src/stm32l4xx_hal_rcc_ex.c ****           {
 2170              		.loc 1 1819 14 is_stmt 0 view .LVU718
 2171 043a 344B     		ldr	r3, .L213
 2172              	.LVL226:
1819:Drivers/STM32L4xx_HAL_Driver/Src/stm32l4xx_hal_rcc_ex.c ****           {
 2173              		.loc 1 1819 14 view .LVU719
 2174 043c 1868     		ldr	r0, [r3]
 2175              	.LVL227:
1819:Drivers/STM32L4xx_HAL_Driver/Src/stm32l4xx_hal_rcc_ex.c ****           {
 2176              		.loc 1 1819 13 view .LVU720
 2177 043e 10F48060 		ands	r0, r0, #1024
ARM GAS  C:\Users\adisa\AppData\Local\Temp\ccmroX4q.s 			page 113


 2178 0442 56D0     		beq	.L107
1821:Drivers/STM32L4xx_HAL_Driver/Src/stm32l4xx_hal_rcc_ex.c ****           }
 2179              		.loc 1 1821 23 view .LVU721
 2180 0444 3248     		ldr	r0, .L213+4
 2181 0446 54E0     		b	.L107
 2182              	.LVL228:
 2183              	.L117:
1866:Drivers/STM32L4xx_HAL_Driver/Src/stm32l4xx_hal_rcc_ex.c **** 
 2184              		.loc 1 1866 9 is_stmt 1 view .LVU722
1866:Drivers/STM32L4xx_HAL_Driver/Src/stm32l4xx_hal_rcc_ex.c **** 
 2185              		.loc 1 1866 18 is_stmt 0 view .LVU723
 2186 0448 304B     		ldr	r3, .L213
 2187 044a D3F88830 		ldr	r3, [r3, #136]
1866:Drivers/STM32L4xx_HAL_Driver/Src/stm32l4xx_hal_rcc_ex.c **** 
 2188              		.loc 1 1866 16 view .LVU724
 2189 044e 03F44023 		and	r3, r3, #786432
 2190              	.LVL229:
1868:Drivers/STM32L4xx_HAL_Driver/Src/stm32l4xx_hal_rcc_ex.c ****         {
 2191              		.loc 1 1868 9 is_stmt 1 view .LVU725
 2192 0452 B3F5002F 		cmp	r3, #524288
 2193 0456 20D0     		beq	.L157
 2194 0458 0ED8     		bhi	.L158
 2195 045a DBB1     		cbz	r3, .L159
 2196 045c B3F5802F 		cmp	r3, #262144
 2197 0460 08D1     		bne	.L208
1874:Drivers/STM32L4xx_HAL_Driver/Src/stm32l4xx_hal_rcc_ex.c ****           {
 2198              		.loc 1 1874 11 view .LVU726
1874:Drivers/STM32L4xx_HAL_Driver/Src/stm32l4xx_hal_rcc_ex.c ****           {
 2199              		.loc 1 1874 14 is_stmt 0 view .LVU727
 2200 0462 2A4B     		ldr	r3, .L213
 2201              	.LVL230:
1874:Drivers/STM32L4xx_HAL_Driver/Src/stm32l4xx_hal_rcc_ex.c ****           {
 2202              		.loc 1 1874 14 view .LVU728
 2203 0464 D3F89400 		ldr	r0, [r3, #148]
 2204              	.LVL231:
1874:Drivers/STM32L4xx_HAL_Driver/Src/stm32l4xx_hal_rcc_ex.c ****           {
 2205              		.loc 1 1874 13 view .LVU729
 2206 0468 10F00200 		ands	r0, r0, #2
 2207 046c 41D0     		beq	.L107
1884:Drivers/STM32L4xx_HAL_Driver/Src/stm32l4xx_hal_rcc_ex.c ****             }
 2208              		.loc 1 1884 25 view .LVU730
 2209 046e 4FF4FA40 		mov	r0, #32000
 2210 0472 3EE0     		b	.L107
 2211              	.LVL232:
 2212              	.L208:
1868:Drivers/STM32L4xx_HAL_Driver/Src/stm32l4xx_hal_rcc_ex.c ****         {
 2213              		.loc 1 1868 9 view .LVU731
 2214 0474 0020     		movs	r0, #0
 2215              	.LVL233:
1868:Drivers/STM32L4xx_HAL_Driver/Src/stm32l4xx_hal_rcc_ex.c ****         {
 2216              		.loc 1 1868 9 view .LVU732
 2217 0476 3CE0     		b	.L107
 2218              	.LVL234:
 2219              	.L158:
1868:Drivers/STM32L4xx_HAL_Driver/Src/stm32l4xx_hal_rcc_ex.c ****         {
 2220              		.loc 1 1868 9 view .LVU733
 2221 0478 B3F5402F 		cmp	r3, #786432
ARM GAS  C:\Users\adisa\AppData\Local\Temp\ccmroX4q.s 			page 114


 2222 047c 08D1     		bne	.L209
1895:Drivers/STM32L4xx_HAL_Driver/Src/stm32l4xx_hal_rcc_ex.c ****           {
 2223              		.loc 1 1895 11 is_stmt 1 view .LVU734
1895:Drivers/STM32L4xx_HAL_Driver/Src/stm32l4xx_hal_rcc_ex.c ****           {
 2224              		.loc 1 1895 14 is_stmt 0 view .LVU735
 2225 047e 234B     		ldr	r3, .L213
 2226              	.LVL235:
1895:Drivers/STM32L4xx_HAL_Driver/Src/stm32l4xx_hal_rcc_ex.c ****           {
 2227              		.loc 1 1895 14 view .LVU736
 2228 0480 D3F89000 		ldr	r0, [r3, #144]
 2229              	.LVL236:
1895:Drivers/STM32L4xx_HAL_Driver/Src/stm32l4xx_hal_rcc_ex.c ****           {
 2230              		.loc 1 1895 13 view .LVU737
 2231 0484 10F00200 		ands	r0, r0, #2
 2232 0488 33D0     		beq	.L107
1897:Drivers/STM32L4xx_HAL_Driver/Src/stm32l4xx_hal_rcc_ex.c ****           }
 2233              		.loc 1 1897 23 view .LVU738
 2234 048a 4FF40040 		mov	r0, #32768
 2235 048e 30E0     		b	.L107
 2236              	.LVL237:
 2237              	.L209:
1868:Drivers/STM32L4xx_HAL_Driver/Src/stm32l4xx_hal_rcc_ex.c ****         {
 2238              		.loc 1 1868 9 view .LVU739
 2239 0490 0020     		movs	r0, #0
 2240              	.LVL238:
1868:Drivers/STM32L4xx_HAL_Driver/Src/stm32l4xx_hal_rcc_ex.c ****         {
 2241              		.loc 1 1868 9 view .LVU740
 2242 0492 2EE0     		b	.L107
 2243              	.LVL239:
 2244              	.L159:
1871:Drivers/STM32L4xx_HAL_Driver/Src/stm32l4xx_hal_rcc_ex.c ****           break;
 2245              		.loc 1 1871 11 is_stmt 1 view .LVU741
1871:Drivers/STM32L4xx_HAL_Driver/Src/stm32l4xx_hal_rcc_ex.c ****           break;
 2246              		.loc 1 1871 23 is_stmt 0 view .LVU742
 2247 0494 FFF7FEFF 		bl	HAL_RCC_GetPCLK1Freq
 2248              	.LVL240:
1872:Drivers/STM32L4xx_HAL_Driver/Src/stm32l4xx_hal_rcc_ex.c ****         case RCC_LPTIM1CLKSOURCE_LSI:
 2249              		.loc 1 1872 11 is_stmt 1 view .LVU743
 2250 0498 2BE0     		b	.L107
 2251              	.LVL241:
 2252              	.L157:
1889:Drivers/STM32L4xx_HAL_Driver/Src/stm32l4xx_hal_rcc_ex.c ****           {
 2253              		.loc 1 1889 11 view .LVU744
1889:Drivers/STM32L4xx_HAL_Driver/Src/stm32l4xx_hal_rcc_ex.c ****           {
 2254              		.loc 1 1889 14 is_stmt 0 view .LVU745
 2255 049a 1C4B     		ldr	r3, .L213
 2256              	.LVL242:
1889:Drivers/STM32L4xx_HAL_Driver/Src/stm32l4xx_hal_rcc_ex.c ****           {
 2257              		.loc 1 1889 14 view .LVU746
 2258 049c 1868     		ldr	r0, [r3]
 2259              	.LVL243:
1889:Drivers/STM32L4xx_HAL_Driver/Src/stm32l4xx_hal_rcc_ex.c ****           {
 2260              		.loc 1 1889 13 view .LVU747
 2261 049e 10F48060 		ands	r0, r0, #1024
 2262 04a2 26D0     		beq	.L107
1891:Drivers/STM32L4xx_HAL_Driver/Src/stm32l4xx_hal_rcc_ex.c ****           }
 2263              		.loc 1 1891 23 view .LVU748
ARM GAS  C:\Users\adisa\AppData\Local\Temp\ccmroX4q.s 			page 115


 2264 04a4 1A48     		ldr	r0, .L213+4
 2265 04a6 24E0     		b	.L107
 2266              	.LVL244:
 2267              	.L200:
1913:Drivers/STM32L4xx_HAL_Driver/Src/stm32l4xx_hal_rcc_ex.c ****         {
 2268              		.loc 1 1913 9 view .LVU749
 2269 04a8 0020     		movs	r0, #0
 2270              	.LVL245:
1913:Drivers/STM32L4xx_HAL_Driver/Src/stm32l4xx_hal_rcc_ex.c ****         {
 2271              		.loc 1 1913 9 view .LVU750
 2272 04aa 22E0     		b	.L107
 2273              	.LVL246:
 2274              	.L163:
1913:Drivers/STM32L4xx_HAL_Driver/Src/stm32l4xx_hal_rcc_ex.c ****         {
 2275              		.loc 1 1913 9 view .LVU751
 2276 04ac B3F5401F 		cmp	r3, #3145728
 2277 04b0 08D1     		bne	.L210
1940:Drivers/STM32L4xx_HAL_Driver/Src/stm32l4xx_hal_rcc_ex.c ****           {
 2278              		.loc 1 1940 11 is_stmt 1 view .LVU752
1940:Drivers/STM32L4xx_HAL_Driver/Src/stm32l4xx_hal_rcc_ex.c ****           {
 2279              		.loc 1 1940 14 is_stmt 0 view .LVU753
 2280 04b2 164B     		ldr	r3, .L213
 2281              	.LVL247:
1940:Drivers/STM32L4xx_HAL_Driver/Src/stm32l4xx_hal_rcc_ex.c ****           {
 2282              		.loc 1 1940 14 view .LVU754
 2283 04b4 D3F89000 		ldr	r0, [r3, #144]
 2284              	.LVL248:
1940:Drivers/STM32L4xx_HAL_Driver/Src/stm32l4xx_hal_rcc_ex.c ****           {
 2285              		.loc 1 1940 13 view .LVU755
 2286 04b8 10F00200 		ands	r0, r0, #2
 2287 04bc 19D0     		beq	.L107
1942:Drivers/STM32L4xx_HAL_Driver/Src/stm32l4xx_hal_rcc_ex.c ****           }
 2288              		.loc 1 1942 23 view .LVU756
 2289 04be 4FF40040 		mov	r0, #32768
 2290 04c2 16E0     		b	.L107
 2291              	.LVL249:
 2292              	.L210:
1913:Drivers/STM32L4xx_HAL_Driver/Src/stm32l4xx_hal_rcc_ex.c ****         {
 2293              		.loc 1 1913 9 view .LVU757
 2294 04c4 0020     		movs	r0, #0
 2295              	.LVL250:
1913:Drivers/STM32L4xx_HAL_Driver/Src/stm32l4xx_hal_rcc_ex.c ****         {
 2296              		.loc 1 1913 9 view .LVU758
 2297 04c6 14E0     		b	.L107
 2298              	.LVL251:
 2299              	.L164:
1916:Drivers/STM32L4xx_HAL_Driver/Src/stm32l4xx_hal_rcc_ex.c ****           break;
 2300              		.loc 1 1916 11 is_stmt 1 view .LVU759
1916:Drivers/STM32L4xx_HAL_Driver/Src/stm32l4xx_hal_rcc_ex.c ****           break;
 2301              		.loc 1 1916 23 is_stmt 0 view .LVU760
 2302 04c8 FFF7FEFF 		bl	HAL_RCC_GetPCLK1Freq
 2303              	.LVL252:
1917:Drivers/STM32L4xx_HAL_Driver/Src/stm32l4xx_hal_rcc_ex.c ****         case RCC_LPTIM2CLKSOURCE_LSI:
 2304              		.loc 1 1917 11 is_stmt 1 view .LVU761
 2305 04cc 11E0     		b	.L107
 2306              	.LVL253:
 2307              	.L162:
ARM GAS  C:\Users\adisa\AppData\Local\Temp\ccmroX4q.s 			page 116


1934:Drivers/STM32L4xx_HAL_Driver/Src/stm32l4xx_hal_rcc_ex.c ****           {
 2308              		.loc 1 1934 11 view .LVU762
1934:Drivers/STM32L4xx_HAL_Driver/Src/stm32l4xx_hal_rcc_ex.c ****           {
 2309              		.loc 1 1934 14 is_stmt 0 view .LVU763
 2310 04ce 0F4B     		ldr	r3, .L213
 2311              	.LVL254:
1934:Drivers/STM32L4xx_HAL_Driver/Src/stm32l4xx_hal_rcc_ex.c ****           {
 2312              		.loc 1 1934 14 view .LVU764
 2313 04d0 1868     		ldr	r0, [r3]
 2314              	.LVL255:
1934:Drivers/STM32L4xx_HAL_Driver/Src/stm32l4xx_hal_rcc_ex.c ****           {
 2315              		.loc 1 1934 13 view .LVU765
 2316 04d2 10F48060 		ands	r0, r0, #1024
 2317 04d6 0CD0     		beq	.L107
1936:Drivers/STM32L4xx_HAL_Driver/Src/stm32l4xx_hal_rcc_ex.c ****           }
 2318              		.loc 1 1936 23 view .LVU766
 2319 04d8 0D48     		ldr	r0, .L213+4
 2320 04da 0AE0     		b	.L107
 2321              	.LVL256:
 2322              	.L167:
1963:Drivers/STM32L4xx_HAL_Driver/Src/stm32l4xx_hal_rcc_ex.c ****           break;
 2323              		.loc 1 1963 11 is_stmt 1 view .LVU767
1963:Drivers/STM32L4xx_HAL_Driver/Src/stm32l4xx_hal_rcc_ex.c ****           break;
 2324              		.loc 1 1963 23 is_stmt 0 view .LVU768
 2325 04dc FFF7FEFF 		bl	HAL_RCC_GetPCLK1Freq
 2326              	.LVL257:
1964:Drivers/STM32L4xx_HAL_Driver/Src/stm32l4xx_hal_rcc_ex.c ****         case RCC_SWPMI1CLKSOURCE_HSI:
 2327              		.loc 1 1964 11 is_stmt 1 view .LVU769
 2328 04e0 07E0     		b	.L107
 2329              	.LVL258:
 2330              	.L168:
1966:Drivers/STM32L4xx_HAL_Driver/Src/stm32l4xx_hal_rcc_ex.c ****           {
 2331              		.loc 1 1966 11 view .LVU770
1966:Drivers/STM32L4xx_HAL_Driver/Src/stm32l4xx_hal_rcc_ex.c ****           {
 2332              		.loc 1 1966 14 is_stmt 0 view .LVU771
 2333 04e2 0A4B     		ldr	r3, .L213
 2334              	.LVL259:
1966:Drivers/STM32L4xx_HAL_Driver/Src/stm32l4xx_hal_rcc_ex.c ****           {
 2335              		.loc 1 1966 14 view .LVU772
 2336 04e4 1868     		ldr	r0, [r3]
 2337              	.LVL260:
1966:Drivers/STM32L4xx_HAL_Driver/Src/stm32l4xx_hal_rcc_ex.c ****           {
 2338              		.loc 1 1966 13 view .LVU773
 2339 04e6 10F48060 		ands	r0, r0, #1024
 2340 04ea 02D0     		beq	.L107
1968:Drivers/STM32L4xx_HAL_Driver/Src/stm32l4xx_hal_rcc_ex.c ****           }
 2341              		.loc 1 1968 23 view .LVU774
 2342 04ec 0848     		ldr	r0, .L213+4
 2343              	.LVL261:
2028:Drivers/STM32L4xx_HAL_Driver/Src/stm32l4xx_hal_rcc_ex.c **** }
 2344              		.loc 1 2028 3 is_stmt 1 view .LVU775
2028:Drivers/STM32L4xx_HAL_Driver/Src/stm32l4xx_hal_rcc_ex.c **** }
 2345              		.loc 1 2028 9 is_stmt 0 view .LVU776
 2346 04ee 00E0     		b	.L107
 2347              	.LVL262:
 2348              	.L169:
1170:Drivers/STM32L4xx_HAL_Driver/Src/stm32l4xx_hal_rcc_ex.c ****     {
ARM GAS  C:\Users\adisa\AppData\Local\Temp\ccmroX4q.s 			page 117


 2349              		.loc 1 1170 5 view .LVU777
 2350 04f0 0020     		movs	r0, #0
 2351              	.LVL263:
 2352              	.L107:
2029:Drivers/STM32L4xx_HAL_Driver/Src/stm32l4xx_hal_rcc_ex.c **** 
 2353              		.loc 1 2029 1 view .LVU778
 2354 04f2 08BD     		pop	{r3, pc}
 2355              	.LVL264:
 2356              	.L174:
1286:Drivers/STM32L4xx_HAL_Driver/Src/stm32l4xx_hal_rcc_ex.c ****         {
 2357              		.loc 1 1286 9 view .LVU779
 2358 04f4 0020     		movs	r0, #0
 2359              	.LVL265:
1286:Drivers/STM32L4xx_HAL_Driver/Src/stm32l4xx_hal_rcc_ex.c ****         {
 2360              		.loc 1 1286 9 view .LVU780
 2361 04f6 FCE7     		b	.L107
 2362              	.LVL266:
 2363              	.L176:
1433:Drivers/STM32L4xx_HAL_Driver/Src/stm32l4xx_hal_rcc_ex.c ****         {
 2364              		.loc 1 1433 9 view .LVU781
 2365 04f8 0020     		movs	r0, #0
 2366              	.LVL267:
1433:Drivers/STM32L4xx_HAL_Driver/Src/stm32l4xx_hal_rcc_ex.c ****         {
 2367              		.loc 1 1433 9 view .LVU782
 2368 04fa FAE7     		b	.L107
 2369              	.LVL268:
 2370              	.L179:
1466:Drivers/STM32L4xx_HAL_Driver/Src/stm32l4xx_hal_rcc_ex.c ****         {
 2371              		.loc 1 1466 9 view .LVU783
 2372 04fc 0020     		movs	r0, #0
 2373              	.LVL269:
1466:Drivers/STM32L4xx_HAL_Driver/Src/stm32l4xx_hal_rcc_ex.c ****         {
 2374              		.loc 1 1466 9 view .LVU784
 2375 04fe F8E7     		b	.L107
 2376              	.LVL270:
 2377              	.L184:
1642:Drivers/STM32L4xx_HAL_Driver/Src/stm32l4xx_hal_rcc_ex.c ****         {
 2378              		.loc 1 1642 9 view .LVU785
 2379 0500 0020     		movs	r0, #0
 2380              	.LVL271:
1642:Drivers/STM32L4xx_HAL_Driver/Src/stm32l4xx_hal_rcc_ex.c ****         {
 2381              		.loc 1 1642 9 view .LVU786
 2382 0502 F6E7     		b	.L107
 2383              	.LVL272:
 2384              	.L185:
1752:Drivers/STM32L4xx_HAL_Driver/Src/stm32l4xx_hal_rcc_ex.c ****         {
 2385              		.loc 1 1752 9 view .LVU787
 2386 0504 0020     		movs	r0, #0
 2387              	.LVL273:
1752:Drivers/STM32L4xx_HAL_Driver/Src/stm32l4xx_hal_rcc_ex.c ****         {
 2388              		.loc 1 1752 9 view .LVU788
 2389 0506 F4E7     		b	.L107
 2390              	.LVL274:
 2391              	.L187:
1810:Drivers/STM32L4xx_HAL_Driver/Src/stm32l4xx_hal_rcc_ex.c ****         {
 2392              		.loc 1 1810 9 view .LVU789
 2393 0508 0020     		movs	r0, #0
ARM GAS  C:\Users\adisa\AppData\Local\Temp\ccmroX4q.s 			page 118


 2394              	.LVL275:
1810:Drivers/STM32L4xx_HAL_Driver/Src/stm32l4xx_hal_rcc_ex.c ****         {
 2395              		.loc 1 1810 9 view .LVU790
 2396 050a F2E7     		b	.L107
 2397              	.L214:
 2398              		.align	2
 2399              	.L213:
 2400 050c 00100240 		.word	1073876992
 2401 0510 0024F400 		.word	16000000
 2402              		.cfi_endproc
 2403              	.LFE386:
 2405              		.section	.text.HAL_RCCEx_EnablePLLSAI1,"ax",%progbits
 2406              		.align	1
 2407              		.global	HAL_RCCEx_EnablePLLSAI1
 2408              		.syntax unified
 2409              		.thumb
 2410              		.thumb_func
 2412              	HAL_RCCEx_EnablePLLSAI1:
 2413              	.LVL276:
 2414              	.LFB387:
2059:Drivers/STM32L4xx_HAL_Driver/Src/stm32l4xx_hal_rcc_ex.c ****   uint32_t tickstart;
 2415              		.loc 1 2059 1 is_stmt 1 view -0
 2416              		.cfi_startproc
 2417              		@ args = 0, pretend = 0, frame = 0
 2418              		@ frame_needed = 0, uses_anonymous_args = 0
2059:Drivers/STM32L4xx_HAL_Driver/Src/stm32l4xx_hal_rcc_ex.c ****   uint32_t tickstart;
 2419              		.loc 1 2059 1 is_stmt 0 view .LVU792
 2420 0000 38B5     		push	{r3, r4, r5, lr}
 2421              	.LCFI10:
 2422              		.cfi_def_cfa_offset 16
 2423              		.cfi_offset 3, -16
 2424              		.cfi_offset 4, -12
 2425              		.cfi_offset 5, -8
 2426              		.cfi_offset 14, -4
 2427 0002 0546     		mov	r5, r0
2060:Drivers/STM32L4xx_HAL_Driver/Src/stm32l4xx_hal_rcc_ex.c ****   HAL_StatusTypeDef status = HAL_OK;
 2428              		.loc 1 2060 3 is_stmt 1 view .LVU793
2061:Drivers/STM32L4xx_HAL_Driver/Src/stm32l4xx_hal_rcc_ex.c **** 
 2429              		.loc 1 2061 3 view .LVU794
 2430              	.LVL277:
2064:Drivers/STM32L4xx_HAL_Driver/Src/stm32l4xx_hal_rcc_ex.c ****   assert_param(IS_RCC_PLLSAI1M_VALUE(PLLSAI1Init->PLLSAI1M));
 2431              		.loc 1 2064 3 view .LVU795
2065:Drivers/STM32L4xx_HAL_Driver/Src/stm32l4xx_hal_rcc_ex.c ****   assert_param(IS_RCC_PLLSAI1N_VALUE(PLLSAI1Init->PLLSAI1N));
 2432              		.loc 1 2065 3 view .LVU796
2066:Drivers/STM32L4xx_HAL_Driver/Src/stm32l4xx_hal_rcc_ex.c ****   assert_param(IS_RCC_PLLSAI1P_VALUE(PLLSAI1Init->PLLSAI1P));
 2433              		.loc 1 2066 3 view .LVU797
2067:Drivers/STM32L4xx_HAL_Driver/Src/stm32l4xx_hal_rcc_ex.c ****   assert_param(IS_RCC_PLLSAI1Q_VALUE(PLLSAI1Init->PLLSAI1Q));
 2434              		.loc 1 2067 3 view .LVU798
2068:Drivers/STM32L4xx_HAL_Driver/Src/stm32l4xx_hal_rcc_ex.c ****   assert_param(IS_RCC_PLLSAI1R_VALUE(PLLSAI1Init->PLLSAI1R));
 2435              		.loc 1 2068 3 view .LVU799
2069:Drivers/STM32L4xx_HAL_Driver/Src/stm32l4xx_hal_rcc_ex.c ****   assert_param(IS_RCC_PLLSAI1CLOCKOUT_VALUE(PLLSAI1Init->PLLSAI1ClockOut));
 2436              		.loc 1 2069 3 view .LVU800
2070:Drivers/STM32L4xx_HAL_Driver/Src/stm32l4xx_hal_rcc_ex.c **** 
 2437              		.loc 1 2070 3 view .LVU801
2073:Drivers/STM32L4xx_HAL_Driver/Src/stm32l4xx_hal_rcc_ex.c **** 
 2438              		.loc 1 2073 3 view .LVU802
 2439 0004 214A     		ldr	r2, .L227
ARM GAS  C:\Users\adisa\AppData\Local\Temp\ccmroX4q.s 			page 119


 2440 0006 1368     		ldr	r3, [r2]
 2441 0008 23F08063 		bic	r3, r3, #67108864
 2442 000c 1360     		str	r3, [r2]
2076:Drivers/STM32L4xx_HAL_Driver/Src/stm32l4xx_hal_rcc_ex.c **** 
 2443              		.loc 1 2076 3 view .LVU803
2076:Drivers/STM32L4xx_HAL_Driver/Src/stm32l4xx_hal_rcc_ex.c **** 
 2444              		.loc 1 2076 15 is_stmt 0 view .LVU804
 2445 000e FFF7FEFF 		bl	HAL_GetTick
 2446              	.LVL278:
2076:Drivers/STM32L4xx_HAL_Driver/Src/stm32l4xx_hal_rcc_ex.c **** 
 2447              		.loc 1 2076 15 view .LVU805
 2448 0012 0446     		mov	r4, r0
 2449              	.LVL279:
2079:Drivers/STM32L4xx_HAL_Driver/Src/stm32l4xx_hal_rcc_ex.c ****   {
 2450              		.loc 1 2079 3 is_stmt 1 view .LVU806
 2451              	.L216:
2079:Drivers/STM32L4xx_HAL_Driver/Src/stm32l4xx_hal_rcc_ex.c ****   {
 2452              		.loc 1 2079 46 view .LVU807
2079:Drivers/STM32L4xx_HAL_Driver/Src/stm32l4xx_hal_rcc_ex.c ****   {
 2453              		.loc 1 2079 9 is_stmt 0 view .LVU808
 2454 0014 1D4B     		ldr	r3, .L227
 2455 0016 1B68     		ldr	r3, [r3]
2079:Drivers/STM32L4xx_HAL_Driver/Src/stm32l4xx_hal_rcc_ex.c ****   {
 2456              		.loc 1 2079 46 view .LVU809
 2457 0018 13F0006F 		tst	r3, #134217728
 2458 001c 06D0     		beq	.L225
2081:Drivers/STM32L4xx_HAL_Driver/Src/stm32l4xx_hal_rcc_ex.c ****     {
 2459              		.loc 1 2081 5 is_stmt 1 view .LVU810
2081:Drivers/STM32L4xx_HAL_Driver/Src/stm32l4xx_hal_rcc_ex.c ****     {
 2460              		.loc 1 2081 9 is_stmt 0 view .LVU811
 2461 001e FFF7FEFF 		bl	HAL_GetTick
 2462              	.LVL280:
2081:Drivers/STM32L4xx_HAL_Driver/Src/stm32l4xx_hal_rcc_ex.c ****     {
 2463              		.loc 1 2081 23 discriminator 1 view .LVU812
 2464 0022 001B     		subs	r0, r0, r4
2081:Drivers/STM32L4xx_HAL_Driver/Src/stm32l4xx_hal_rcc_ex.c ****     {
 2465              		.loc 1 2081 7 discriminator 1 view .LVU813
 2466 0024 0228     		cmp	r0, #2
 2467 0026 F5D9     		bls	.L216
2083:Drivers/STM32L4xx_HAL_Driver/Src/stm32l4xx_hal_rcc_ex.c ****       break;
 2468              		.loc 1 2083 14 view .LVU814
 2469 0028 0324     		movs	r4, #3
 2470              	.LVL281:
2083:Drivers/STM32L4xx_HAL_Driver/Src/stm32l4xx_hal_rcc_ex.c ****       break;
 2471              		.loc 1 2083 14 view .LVU815
 2472 002a 00E0     		b	.L217
 2473              	.LVL282:
 2474              	.L225:
2061:Drivers/STM32L4xx_HAL_Driver/Src/stm32l4xx_hal_rcc_ex.c **** 
 2475              		.loc 1 2061 21 view .LVU816
 2476 002c 0024     		movs	r4, #0
 2477              	.LVL283:
 2478              	.L217:
2088:Drivers/STM32L4xx_HAL_Driver/Src/stm32l4xx_hal_rcc_ex.c ****   {
 2479              		.loc 1 2088 3 is_stmt 1 view .LVU817
2088:Drivers/STM32L4xx_HAL_Driver/Src/stm32l4xx_hal_rcc_ex.c ****   {
 2480              		.loc 1 2088 5 is_stmt 0 view .LVU818
ARM GAS  C:\Users\adisa\AppData\Local\Temp\ccmroX4q.s 			page 120


 2481 002e 0CB1     		cbz	r4, .L226
 2482              	.LVL284:
 2483              	.L219:
2119:Drivers/STM32L4xx_HAL_Driver/Src/stm32l4xx_hal_rcc_ex.c **** }
 2484              		.loc 1 2119 3 is_stmt 1 view .LVU819
2120:Drivers/STM32L4xx_HAL_Driver/Src/stm32l4xx_hal_rcc_ex.c **** 
 2485              		.loc 1 2120 1 is_stmt 0 view .LVU820
 2486 0030 2046     		mov	r0, r4
 2487 0032 38BD     		pop	{r3, r4, r5, pc}
 2488              	.LVL285:
 2489              	.L226:
2097:Drivers/STM32L4xx_HAL_Driver/Src/stm32l4xx_hal_rcc_ex.c **** #endif /* RCC_PLLSAI1M_DIV_1_16_SUPPORT */
 2490              		.loc 1 2097 5 is_stmt 1 view .LVU821
 2491 0034 154A     		ldr	r2, .L227
 2492 0036 1369     		ldr	r3, [r2, #16]
 2493 0038 1548     		ldr	r0, .L227+4
 2494 003a 1840     		ands	r0, r0, r3
 2495 003c A968     		ldr	r1, [r5, #8]
 2496 003e 2B69     		ldr	r3, [r5, #16]
 2497 0040 5B08     		lsrs	r3, r3, #1
 2498 0042 013B     		subs	r3, r3, #1
 2499 0044 5B05     		lsls	r3, r3, #21
 2500 0046 43EA0123 		orr	r3, r3, r1, lsl #8
 2501 004a 6969     		ldr	r1, [r5, #20]
 2502 004c 4908     		lsrs	r1, r1, #1
 2503 004e 0139     		subs	r1, r1, #1
 2504 0050 43EA4163 		orr	r3, r3, r1, lsl #25
 2505 0054 E968     		ldr	r1, [r5, #12]
 2506 0056 43EAC163 		orr	r3, r3, r1, lsl #27
 2507 005a 1843     		orrs	r0, r0, r3
 2508 005c 1061     		str	r0, [r2, #16]
2100:Drivers/STM32L4xx_HAL_Driver/Src/stm32l4xx_hal_rcc_ex.c **** 
 2509              		.loc 1 2100 5 view .LVU822
 2510 005e 1369     		ldr	r3, [r2, #16]
 2511 0060 A969     		ldr	r1, [r5, #24]
 2512 0062 0B43     		orrs	r3, r3, r1
 2513 0064 1361     		str	r3, [r2, #16]
2103:Drivers/STM32L4xx_HAL_Driver/Src/stm32l4xx_hal_rcc_ex.c **** 
 2514              		.loc 1 2103 5 view .LVU823
 2515 0066 1368     		ldr	r3, [r2]
 2516 0068 43F08063 		orr	r3, r3, #67108864
 2517 006c 1360     		str	r3, [r2]
2106:Drivers/STM32L4xx_HAL_Driver/Src/stm32l4xx_hal_rcc_ex.c **** 
 2518              		.loc 1 2106 5 view .LVU824
2106:Drivers/STM32L4xx_HAL_Driver/Src/stm32l4xx_hal_rcc_ex.c **** 
 2519              		.loc 1 2106 17 is_stmt 0 view .LVU825
 2520 006e FFF7FEFF 		bl	HAL_GetTick
 2521              	.LVL286:
 2522 0072 0546     		mov	r5, r0
 2523              	.LVL287:
2109:Drivers/STM32L4xx_HAL_Driver/Src/stm32l4xx_hal_rcc_ex.c ****     {
 2524              		.loc 1 2109 5 is_stmt 1 view .LVU826
 2525              	.L220:
2109:Drivers/STM32L4xx_HAL_Driver/Src/stm32l4xx_hal_rcc_ex.c ****     {
 2526              		.loc 1 2109 48 view .LVU827
2109:Drivers/STM32L4xx_HAL_Driver/Src/stm32l4xx_hal_rcc_ex.c ****     {
 2527              		.loc 1 2109 11 is_stmt 0 view .LVU828
ARM GAS  C:\Users\adisa\AppData\Local\Temp\ccmroX4q.s 			page 121


 2528 0074 054B     		ldr	r3, .L227
 2529 0076 1B68     		ldr	r3, [r3]
2109:Drivers/STM32L4xx_HAL_Driver/Src/stm32l4xx_hal_rcc_ex.c ****     {
 2530              		.loc 1 2109 48 view .LVU829
 2531 0078 13F0006F 		tst	r3, #134217728
 2532 007c D8D1     		bne	.L219
2111:Drivers/STM32L4xx_HAL_Driver/Src/stm32l4xx_hal_rcc_ex.c ****       {
 2533              		.loc 1 2111 7 is_stmt 1 view .LVU830
2111:Drivers/STM32L4xx_HAL_Driver/Src/stm32l4xx_hal_rcc_ex.c ****       {
 2534              		.loc 1 2111 11 is_stmt 0 view .LVU831
 2535 007e FFF7FEFF 		bl	HAL_GetTick
 2536              	.LVL288:
2111:Drivers/STM32L4xx_HAL_Driver/Src/stm32l4xx_hal_rcc_ex.c ****       {
 2537              		.loc 1 2111 25 discriminator 1 view .LVU832
 2538 0082 401B     		subs	r0, r0, r5
2111:Drivers/STM32L4xx_HAL_Driver/Src/stm32l4xx_hal_rcc_ex.c ****       {
 2539              		.loc 1 2111 9 discriminator 1 view .LVU833
 2540 0084 0228     		cmp	r0, #2
 2541 0086 F5D9     		bls	.L220
2113:Drivers/STM32L4xx_HAL_Driver/Src/stm32l4xx_hal_rcc_ex.c ****         break;
 2542              		.loc 1 2113 16 view .LVU834
 2543 0088 0324     		movs	r4, #3
 2544              	.LVL289:
2113:Drivers/STM32L4xx_HAL_Driver/Src/stm32l4xx_hal_rcc_ex.c ****         break;
 2545              		.loc 1 2113 16 view .LVU835
 2546 008a D1E7     		b	.L219
 2547              	.L228:
 2548              		.align	2
 2549              	.L227:
 2550 008c 00100240 		.word	1073876992
 2551 0090 FF809D01 		.word	27099391
 2552              		.cfi_endproc
 2553              	.LFE387:
 2555              		.section	.text.HAL_RCCEx_DisablePLLSAI1,"ax",%progbits
 2556              		.align	1
 2557              		.global	HAL_RCCEx_DisablePLLSAI1
 2558              		.syntax unified
 2559              		.thumb
 2560              		.thumb_func
 2562              	HAL_RCCEx_DisablePLLSAI1:
 2563              	.LFB388:
2127:Drivers/STM32L4xx_HAL_Driver/Src/stm32l4xx_hal_rcc_ex.c ****   uint32_t tickstart;
 2564              		.loc 1 2127 1 is_stmt 1 view -0
 2565              		.cfi_startproc
 2566              		@ args = 0, pretend = 0, frame = 0
 2567              		@ frame_needed = 0, uses_anonymous_args = 0
 2568 0000 10B5     		push	{r4, lr}
 2569              	.LCFI11:
 2570              		.cfi_def_cfa_offset 8
 2571              		.cfi_offset 4, -8
 2572              		.cfi_offset 14, -4
2128:Drivers/STM32L4xx_HAL_Driver/Src/stm32l4xx_hal_rcc_ex.c ****   HAL_StatusTypeDef status = HAL_OK;
 2573              		.loc 1 2128 3 view .LVU837
2129:Drivers/STM32L4xx_HAL_Driver/Src/stm32l4xx_hal_rcc_ex.c **** 
 2574              		.loc 1 2129 3 view .LVU838
 2575              	.LVL290:
2132:Drivers/STM32L4xx_HAL_Driver/Src/stm32l4xx_hal_rcc_ex.c **** 
ARM GAS  C:\Users\adisa\AppData\Local\Temp\ccmroX4q.s 			page 122


 2576              		.loc 1 2132 3 view .LVU839
 2577 0002 124A     		ldr	r2, .L237
 2578 0004 1368     		ldr	r3, [r2]
 2579 0006 23F08063 		bic	r3, r3, #67108864
 2580 000a 1360     		str	r3, [r2]
2135:Drivers/STM32L4xx_HAL_Driver/Src/stm32l4xx_hal_rcc_ex.c **** 
 2581              		.loc 1 2135 3 view .LVU840
2135:Drivers/STM32L4xx_HAL_Driver/Src/stm32l4xx_hal_rcc_ex.c **** 
 2582              		.loc 1 2135 15 is_stmt 0 view .LVU841
 2583 000c FFF7FEFF 		bl	HAL_GetTick
 2584              	.LVL291:
 2585 0010 0446     		mov	r4, r0
 2586              	.LVL292:
2138:Drivers/STM32L4xx_HAL_Driver/Src/stm32l4xx_hal_rcc_ex.c ****   {
 2587              		.loc 1 2138 3 is_stmt 1 view .LVU842
 2588              	.L230:
2138:Drivers/STM32L4xx_HAL_Driver/Src/stm32l4xx_hal_rcc_ex.c ****   {
 2589              		.loc 1 2138 46 view .LVU843
2138:Drivers/STM32L4xx_HAL_Driver/Src/stm32l4xx_hal_rcc_ex.c ****   {
 2590              		.loc 1 2138 9 is_stmt 0 view .LVU844
 2591 0012 0E4B     		ldr	r3, .L237
 2592 0014 1B68     		ldr	r3, [r3]
2138:Drivers/STM32L4xx_HAL_Driver/Src/stm32l4xx_hal_rcc_ex.c ****   {
 2593              		.loc 1 2138 46 view .LVU845
 2594 0016 13F0006F 		tst	r3, #134217728
 2595 001a 06D0     		beq	.L236
2140:Drivers/STM32L4xx_HAL_Driver/Src/stm32l4xx_hal_rcc_ex.c ****     {
 2596              		.loc 1 2140 5 is_stmt 1 view .LVU846
2140:Drivers/STM32L4xx_HAL_Driver/Src/stm32l4xx_hal_rcc_ex.c ****     {
 2597              		.loc 1 2140 9 is_stmt 0 view .LVU847
 2598 001c FFF7FEFF 		bl	HAL_GetTick
 2599              	.LVL293:
2140:Drivers/STM32L4xx_HAL_Driver/Src/stm32l4xx_hal_rcc_ex.c ****     {
 2600              		.loc 1 2140 23 discriminator 1 view .LVU848
 2601 0020 001B     		subs	r0, r0, r4
2140:Drivers/STM32L4xx_HAL_Driver/Src/stm32l4xx_hal_rcc_ex.c ****     {
 2602              		.loc 1 2140 7 discriminator 1 view .LVU849
 2603 0022 0228     		cmp	r0, #2
 2604 0024 F5D9     		bls	.L230
2142:Drivers/STM32L4xx_HAL_Driver/Src/stm32l4xx_hal_rcc_ex.c ****       break;
 2605              		.loc 1 2142 14 view .LVU850
 2606 0026 0320     		movs	r0, #3
 2607 0028 00E0     		b	.L231
 2608              	.L236:
2129:Drivers/STM32L4xx_HAL_Driver/Src/stm32l4xx_hal_rcc_ex.c **** 
 2609              		.loc 1 2129 21 view .LVU851
 2610 002a 0020     		movs	r0, #0
 2611              	.L231:
 2612              	.LVL294:
2148:Drivers/STM32L4xx_HAL_Driver/Src/stm32l4xx_hal_rcc_ex.c **** 
 2613              		.loc 1 2148 3 is_stmt 1 view .LVU852
 2614 002c 074A     		ldr	r2, .L237
 2615 002e 1369     		ldr	r3, [r2, #16]
 2616 0030 23F08873 		bic	r3, r3, #17825792
 2617 0034 23F48033 		bic	r3, r3, #65536
 2618 0038 1361     		str	r3, [r2, #16]
2157:Drivers/STM32L4xx_HAL_Driver/Src/stm32l4xx_hal_rcc_ex.c ****   {
ARM GAS  C:\Users\adisa\AppData\Local\Temp\ccmroX4q.s 			page 123


 2619              		.loc 1 2157 3 view .LVU853
2157:Drivers/STM32L4xx_HAL_Driver/Src/stm32l4xx_hal_rcc_ex.c ****   {
 2620              		.loc 1 2157 6 is_stmt 0 view .LVU854
 2621 003a 1368     		ldr	r3, [r2]
2157:Drivers/STM32L4xx_HAL_Driver/Src/stm32l4xx_hal_rcc_ex.c ****   {
 2622              		.loc 1 2157 5 view .LVU855
 2623 003c 13F0007F 		tst	r3, #33554432
 2624 0040 03D1     		bne	.L233
2159:Drivers/STM32L4xx_HAL_Driver/Src/stm32l4xx_hal_rcc_ex.c ****   }
 2625              		.loc 1 2159 5 is_stmt 1 view .LVU856
 2626 0042 D368     		ldr	r3, [r2, #12]
 2627 0044 23F00303 		bic	r3, r3, #3
 2628 0048 D360     		str	r3, [r2, #12]
 2629              	.L233:
2163:Drivers/STM32L4xx_HAL_Driver/Src/stm32l4xx_hal_rcc_ex.c **** }
 2630              		.loc 1 2163 3 view .LVU857
2164:Drivers/STM32L4xx_HAL_Driver/Src/stm32l4xx_hal_rcc_ex.c **** 
 2631              		.loc 1 2164 1 is_stmt 0 view .LVU858
 2632 004a 10BD     		pop	{r4, pc}
 2633              	.LVL295:
 2634              	.L238:
2164:Drivers/STM32L4xx_HAL_Driver/Src/stm32l4xx_hal_rcc_ex.c **** 
 2635              		.loc 1 2164 1 view .LVU859
 2636              		.align	2
 2637              	.L237:
 2638 004c 00100240 		.word	1073876992
 2639              		.cfi_endproc
 2640              	.LFE388:
 2642              		.section	.text.HAL_RCCEx_WakeUpStopCLKConfig,"ax",%progbits
 2643              		.align	1
 2644              		.global	HAL_RCCEx_WakeUpStopCLKConfig
 2645              		.syntax unified
 2646              		.thumb
 2647              		.thumb_func
 2649              	HAL_RCCEx_WakeUpStopCLKConfig:
 2650              	.LVL296:
 2651              	.LFB389:
2304:Drivers/STM32L4xx_HAL_Driver/Src/stm32l4xx_hal_rcc_ex.c ****   assert_param(IS_RCC_STOP_WAKEUPCLOCK(WakeUpClk));
 2652              		.loc 1 2304 1 is_stmt 1 view -0
 2653              		.cfi_startproc
 2654              		@ args = 0, pretend = 0, frame = 0
 2655              		@ frame_needed = 0, uses_anonymous_args = 0
 2656              		@ link register save eliminated.
2305:Drivers/STM32L4xx_HAL_Driver/Src/stm32l4xx_hal_rcc_ex.c **** 
 2657              		.loc 1 2305 3 view .LVU861
2307:Drivers/STM32L4xx_HAL_Driver/Src/stm32l4xx_hal_rcc_ex.c **** }
 2658              		.loc 1 2307 3 view .LVU862
 2659 0000 034A     		ldr	r2, .L240
 2660 0002 9368     		ldr	r3, [r2, #8]
 2661 0004 23F40043 		bic	r3, r3, #32768
 2662 0008 0343     		orrs	r3, r3, r0
 2663 000a 9360     		str	r3, [r2, #8]
2308:Drivers/STM32L4xx_HAL_Driver/Src/stm32l4xx_hal_rcc_ex.c **** 
 2664              		.loc 1 2308 1 is_stmt 0 view .LVU863
 2665 000c 7047     		bx	lr
 2666              	.L241:
 2667 000e 00BF     		.align	2
ARM GAS  C:\Users\adisa\AppData\Local\Temp\ccmroX4q.s 			page 124


 2668              	.L240:
 2669 0010 00100240 		.word	1073876992
 2670              		.cfi_endproc
 2671              	.LFE389:
 2673              		.section	.text.HAL_RCCEx_StandbyMSIRangeConfig,"ax",%progbits
 2674              		.align	1
 2675              		.global	HAL_RCCEx_StandbyMSIRangeConfig
 2676              		.syntax unified
 2677              		.thumb
 2678              		.thumb_func
 2680              	HAL_RCCEx_StandbyMSIRangeConfig:
 2681              	.LVL297:
 2682              	.LFB390:
2322:Drivers/STM32L4xx_HAL_Driver/Src/stm32l4xx_hal_rcc_ex.c ****   assert_param(IS_RCC_MSI_STANDBY_CLOCK_RANGE(MSIRange));
 2683              		.loc 1 2322 1 is_stmt 1 view -0
 2684              		.cfi_startproc
 2685              		@ args = 0, pretend = 0, frame = 0
 2686              		@ frame_needed = 0, uses_anonymous_args = 0
 2687              		@ link register save eliminated.
2323:Drivers/STM32L4xx_HAL_Driver/Src/stm32l4xx_hal_rcc_ex.c **** 
 2688              		.loc 1 2323 3 view .LVU865
2325:Drivers/STM32L4xx_HAL_Driver/Src/stm32l4xx_hal_rcc_ex.c **** }
 2689              		.loc 1 2325 3 view .LVU866
 2690 0000 044A     		ldr	r2, .L243
 2691 0002 D2F89430 		ldr	r3, [r2, #148]
 2692 0006 23F47063 		bic	r3, r3, #3840
 2693 000a 43EA0013 		orr	r3, r3, r0, lsl #4
 2694 000e C2F89430 		str	r3, [r2, #148]
2326:Drivers/STM32L4xx_HAL_Driver/Src/stm32l4xx_hal_rcc_ex.c **** 
 2695              		.loc 1 2326 1 is_stmt 0 view .LVU867
 2696 0012 7047     		bx	lr
 2697              	.L244:
 2698              		.align	2
 2699              	.L243:
 2700 0014 00100240 		.word	1073876992
 2701              		.cfi_endproc
 2702              	.LFE390:
 2704              		.section	.text.HAL_RCCEx_EnableLSECSS,"ax",%progbits
 2705              		.align	1
 2706              		.global	HAL_RCCEx_EnableLSECSS
 2707              		.syntax unified
 2708              		.thumb
 2709              		.thumb_func
 2711              	HAL_RCCEx_EnableLSECSS:
 2712              	.LFB391:
2336:Drivers/STM32L4xx_HAL_Driver/Src/stm32l4xx_hal_rcc_ex.c ****   SET_BIT(RCC->BDCR, RCC_BDCR_LSECSSON);
 2713              		.loc 1 2336 1 is_stmt 1 view -0
 2714              		.cfi_startproc
 2715              		@ args = 0, pretend = 0, frame = 0
 2716              		@ frame_needed = 0, uses_anonymous_args = 0
 2717              		@ link register save eliminated.
2337:Drivers/STM32L4xx_HAL_Driver/Src/stm32l4xx_hal_rcc_ex.c **** }
 2718              		.loc 1 2337 3 view .LVU869
 2719 0000 034A     		ldr	r2, .L246
 2720 0002 D2F89030 		ldr	r3, [r2, #144]
 2721 0006 43F02003 		orr	r3, r3, #32
 2722 000a C2F89030 		str	r3, [r2, #144]
ARM GAS  C:\Users\adisa\AppData\Local\Temp\ccmroX4q.s 			page 125


2338:Drivers/STM32L4xx_HAL_Driver/Src/stm32l4xx_hal_rcc_ex.c **** 
 2723              		.loc 1 2338 1 is_stmt 0 view .LVU870
 2724 000e 7047     		bx	lr
 2725              	.L247:
 2726              		.align	2
 2727              	.L246:
 2728 0010 00100240 		.word	1073876992
 2729              		.cfi_endproc
 2730              	.LFE391:
 2732              		.section	.text.HAL_RCCEx_DisableLSECSS,"ax",%progbits
 2733              		.align	1
 2734              		.global	HAL_RCCEx_DisableLSECSS
 2735              		.syntax unified
 2736              		.thumb
 2737              		.thumb_func
 2739              	HAL_RCCEx_DisableLSECSS:
 2740              	.LFB392:
2346:Drivers/STM32L4xx_HAL_Driver/Src/stm32l4xx_hal_rcc_ex.c ****   CLEAR_BIT(RCC->BDCR, RCC_BDCR_LSECSSON) ;
 2741              		.loc 1 2346 1 is_stmt 1 view -0
 2742              		.cfi_startproc
 2743              		@ args = 0, pretend = 0, frame = 0
 2744              		@ frame_needed = 0, uses_anonymous_args = 0
 2745              		@ link register save eliminated.
2347:Drivers/STM32L4xx_HAL_Driver/Src/stm32l4xx_hal_rcc_ex.c **** 
 2746              		.loc 1 2347 3 view .LVU872
 2747 0000 054B     		ldr	r3, .L249
 2748 0002 D3F89020 		ldr	r2, [r3, #144]
 2749 0006 22F02002 		bic	r2, r2, #32
 2750 000a C3F89020 		str	r2, [r3, #144]
2350:Drivers/STM32L4xx_HAL_Driver/Src/stm32l4xx_hal_rcc_ex.c **** }
 2751              		.loc 1 2350 3 view .LVU873
 2752 000e 9A69     		ldr	r2, [r3, #24]
 2753 0010 22F40072 		bic	r2, r2, #512
 2754 0014 9A61     		str	r2, [r3, #24]
2351:Drivers/STM32L4xx_HAL_Driver/Src/stm32l4xx_hal_rcc_ex.c **** 
 2755              		.loc 1 2351 1 is_stmt 0 view .LVU874
 2756 0016 7047     		bx	lr
 2757              	.L250:
 2758              		.align	2
 2759              	.L249:
 2760 0018 00100240 		.word	1073876992
 2761              		.cfi_endproc
 2762              	.LFE392:
 2764              		.section	.text.HAL_RCCEx_EnableLSECSS_IT,"ax",%progbits
 2765              		.align	1
 2766              		.global	HAL_RCCEx_EnableLSECSS_IT
 2767              		.syntax unified
 2768              		.thumb
 2769              		.thumb_func
 2771              	HAL_RCCEx_EnableLSECSS_IT:
 2772              	.LFB393:
2359:Drivers/STM32L4xx_HAL_Driver/Src/stm32l4xx_hal_rcc_ex.c ****   /* Enable LSE CSS */
 2773              		.loc 1 2359 1 is_stmt 1 view -0
 2774              		.cfi_startproc
 2775              		@ args = 0, pretend = 0, frame = 0
 2776              		@ frame_needed = 0, uses_anonymous_args = 0
 2777              		@ link register save eliminated.
ARM GAS  C:\Users\adisa\AppData\Local\Temp\ccmroX4q.s 			page 126


2361:Drivers/STM32L4xx_HAL_Driver/Src/stm32l4xx_hal_rcc_ex.c **** 
 2778              		.loc 1 2361 3 view .LVU876
 2779 0000 0A4B     		ldr	r3, .L252
 2780 0002 D3F89020 		ldr	r2, [r3, #144]
 2781 0006 42F02002 		orr	r2, r2, #32
 2782 000a C3F89020 		str	r2, [r3, #144]
2364:Drivers/STM32L4xx_HAL_Driver/Src/stm32l4xx_hal_rcc_ex.c **** 
 2783              		.loc 1 2364 3 view .LVU877
 2784 000e 9A69     		ldr	r2, [r3, #24]
 2785 0010 42F40072 		orr	r2, r2, #512
 2786 0014 9A61     		str	r2, [r3, #24]
2367:Drivers/STM32L4xx_HAL_Driver/Src/stm32l4xx_hal_rcc_ex.c ****   __HAL_RCC_LSECSS_EXTI_ENABLE_RISING_EDGE();
 2787              		.loc 1 2367 3 view .LVU878
 2788 0016 A3F58633 		sub	r3, r3, #68608
 2789 001a 1A68     		ldr	r2, [r3]
 2790 001c 42F40022 		orr	r2, r2, #524288
 2791 0020 1A60     		str	r2, [r3]
2368:Drivers/STM32L4xx_HAL_Driver/Src/stm32l4xx_hal_rcc_ex.c **** }
 2792              		.loc 1 2368 3 view .LVU879
 2793 0022 9A68     		ldr	r2, [r3, #8]
 2794 0024 42F40022 		orr	r2, r2, #524288
 2795 0028 9A60     		str	r2, [r3, #8]
2369:Drivers/STM32L4xx_HAL_Driver/Src/stm32l4xx_hal_rcc_ex.c **** 
 2796              		.loc 1 2369 1 is_stmt 0 view .LVU880
 2797 002a 7047     		bx	lr
 2798              	.L253:
 2799              		.align	2
 2800              	.L252:
 2801 002c 00100240 		.word	1073876992
 2802              		.cfi_endproc
 2803              	.LFE393:
 2805              		.section	.text.HAL_RCCEx_LSECSS_Callback,"ax",%progbits
 2806              		.align	1
 2807              		.weak	HAL_RCCEx_LSECSS_Callback
 2808              		.syntax unified
 2809              		.thumb
 2810              		.thumb_func
 2812              	HAL_RCCEx_LSECSS_Callback:
 2813              	.LFB395:
2393:Drivers/STM32L4xx_HAL_Driver/Src/stm32l4xx_hal_rcc_ex.c ****   /* NOTE : This function should not be modified, when the callback is needed,
 2814              		.loc 1 2393 1 is_stmt 1 view -0
 2815              		.cfi_startproc
 2816              		@ args = 0, pretend = 0, frame = 0
 2817              		@ frame_needed = 0, uses_anonymous_args = 0
 2818              		@ link register save eliminated.
2397:Drivers/STM32L4xx_HAL_Driver/Src/stm32l4xx_hal_rcc_ex.c **** 
 2819              		.loc 1 2397 1 view .LVU882
 2820 0000 7047     		bx	lr
 2821              		.cfi_endproc
 2822              	.LFE395:
 2824              		.section	.text.HAL_RCCEx_LSECSS_IRQHandler,"ax",%progbits
 2825              		.align	1
 2826              		.global	HAL_RCCEx_LSECSS_IRQHandler
 2827              		.syntax unified
 2828              		.thumb
 2829              		.thumb_func
 2831              	HAL_RCCEx_LSECSS_IRQHandler:
ARM GAS  C:\Users\adisa\AppData\Local\Temp\ccmroX4q.s 			page 127


 2832              	.LFB394:
2376:Drivers/STM32L4xx_HAL_Driver/Src/stm32l4xx_hal_rcc_ex.c ****   /* Check RCC LSE CSSF flag  */
 2833              		.loc 1 2376 1 view -0
 2834              		.cfi_startproc
 2835              		@ args = 0, pretend = 0, frame = 0
 2836              		@ frame_needed = 0, uses_anonymous_args = 0
 2837 0000 08B5     		push	{r3, lr}
 2838              	.LCFI12:
 2839              		.cfi_def_cfa_offset 8
 2840              		.cfi_offset 3, -8
 2841              		.cfi_offset 14, -4
2378:Drivers/STM32L4xx_HAL_Driver/Src/stm32l4xx_hal_rcc_ex.c ****   {
 2842              		.loc 1 2378 3 view .LVU884
2378:Drivers/STM32L4xx_HAL_Driver/Src/stm32l4xx_hal_rcc_ex.c ****   {
 2843              		.loc 1 2378 6 is_stmt 0 view .LVU885
 2844 0002 064B     		ldr	r3, .L259
 2845 0004 DB69     		ldr	r3, [r3, #28]
2378:Drivers/STM32L4xx_HAL_Driver/Src/stm32l4xx_hal_rcc_ex.c ****   {
 2846              		.loc 1 2378 5 view .LVU886
 2847 0006 13F4007F 		tst	r3, #512
 2848 000a 00D1     		bne	.L258
 2849              	.L255:
2386:Drivers/STM32L4xx_HAL_Driver/Src/stm32l4xx_hal_rcc_ex.c **** 
 2850              		.loc 1 2386 1 view .LVU887
 2851 000c 08BD     		pop	{r3, pc}
 2852              	.L258:
2381:Drivers/STM32L4xx_HAL_Driver/Src/stm32l4xx_hal_rcc_ex.c **** 
 2853              		.loc 1 2381 5 is_stmt 1 view .LVU888
 2854 000e FFF7FEFF 		bl	HAL_RCCEx_LSECSS_Callback
 2855              	.LVL298:
2384:Drivers/STM32L4xx_HAL_Driver/Src/stm32l4xx_hal_rcc_ex.c ****   }
 2856              		.loc 1 2384 5 view .LVU889
 2857 0012 024B     		ldr	r3, .L259
 2858 0014 4FF40072 		mov	r2, #512
 2859 0018 1A62     		str	r2, [r3, #32]
2386:Drivers/STM32L4xx_HAL_Driver/Src/stm32l4xx_hal_rcc_ex.c **** 
 2860              		.loc 1 2386 1 is_stmt 0 view .LVU890
 2861 001a F7E7     		b	.L255
 2862              	.L260:
 2863              		.align	2
 2864              	.L259:
 2865 001c 00100240 		.word	1073876992
 2866              		.cfi_endproc
 2867              	.LFE394:
 2869              		.section	.text.HAL_RCCEx_EnableLSCO,"ax",%progbits
 2870              		.align	1
 2871              		.global	HAL_RCCEx_EnableLSCO
 2872              		.syntax unified
 2873              		.thumb
 2874              		.thumb_func
 2876              	HAL_RCCEx_EnableLSCO:
 2877              	.LVL299:
 2878              	.LFB396:
2408:Drivers/STM32L4xx_HAL_Driver/Src/stm32l4xx_hal_rcc_ex.c ****   GPIO_InitTypeDef GPIO_InitStruct = {0};
 2879              		.loc 1 2408 1 is_stmt 1 view -0
 2880              		.cfi_startproc
 2881              		@ args = 0, pretend = 0, frame = 32
ARM GAS  C:\Users\adisa\AppData\Local\Temp\ccmroX4q.s 			page 128


 2882              		@ frame_needed = 0, uses_anonymous_args = 0
2408:Drivers/STM32L4xx_HAL_Driver/Src/stm32l4xx_hal_rcc_ex.c ****   GPIO_InitTypeDef GPIO_InitStruct = {0};
 2883              		.loc 1 2408 1 is_stmt 0 view .LVU892
 2884 0000 30B5     		push	{r4, r5, lr}
 2885              	.LCFI13:
 2886              		.cfi_def_cfa_offset 12
 2887              		.cfi_offset 4, -12
 2888              		.cfi_offset 5, -8
 2889              		.cfi_offset 14, -4
 2890 0002 89B0     		sub	sp, sp, #36
 2891              	.LCFI14:
 2892              		.cfi_def_cfa_offset 48
 2893 0004 0546     		mov	r5, r0
2409:Drivers/STM32L4xx_HAL_Driver/Src/stm32l4xx_hal_rcc_ex.c ****   FlagStatus       pwrclkchanged = RESET;
 2894              		.loc 1 2409 3 is_stmt 1 view .LVU893
2409:Drivers/STM32L4xx_HAL_Driver/Src/stm32l4xx_hal_rcc_ex.c ****   FlagStatus       pwrclkchanged = RESET;
 2895              		.loc 1 2409 20 is_stmt 0 view .LVU894
 2896 0006 03A9     		add	r1, sp, #12
 2897 0008 0023     		movs	r3, #0
 2898 000a 0393     		str	r3, [sp, #12]
 2899 000c 4B60     		str	r3, [r1, #4]
 2900 000e 8B60     		str	r3, [r1, #8]
 2901 0010 CB60     		str	r3, [r1, #12]
 2902 0012 0B61     		str	r3, [r1, #16]
2410:Drivers/STM32L4xx_HAL_Driver/Src/stm32l4xx_hal_rcc_ex.c ****   FlagStatus       backupchanged = RESET;
 2903              		.loc 1 2410 3 is_stmt 1 view .LVU895
 2904              	.LVL300:
2411:Drivers/STM32L4xx_HAL_Driver/Src/stm32l4xx_hal_rcc_ex.c **** 
 2905              		.loc 1 2411 3 view .LVU896
2414:Drivers/STM32L4xx_HAL_Driver/Src/stm32l4xx_hal_rcc_ex.c **** 
 2906              		.loc 1 2414 3 view .LVU897
2417:Drivers/STM32L4xx_HAL_Driver/Src/stm32l4xx_hal_rcc_ex.c **** 
 2907              		.loc 1 2417 3 view .LVU898
 2908              	.LBB5:
2417:Drivers/STM32L4xx_HAL_Driver/Src/stm32l4xx_hal_rcc_ex.c **** 
 2909              		.loc 1 2417 3 view .LVU899
2417:Drivers/STM32L4xx_HAL_Driver/Src/stm32l4xx_hal_rcc_ex.c **** 
 2910              		.loc 1 2417 3 view .LVU900
 2911 0014 224C     		ldr	r4, .L272
 2912 0016 E36C     		ldr	r3, [r4, #76]
 2913 0018 43F00103 		orr	r3, r3, #1
 2914 001c E364     		str	r3, [r4, #76]
2417:Drivers/STM32L4xx_HAL_Driver/Src/stm32l4xx_hal_rcc_ex.c **** 
 2915              		.loc 1 2417 3 view .LVU901
 2916 001e E36C     		ldr	r3, [r4, #76]
 2917 0020 03F00103 		and	r3, r3, #1
 2918 0024 0193     		str	r3, [sp, #4]
2417:Drivers/STM32L4xx_HAL_Driver/Src/stm32l4xx_hal_rcc_ex.c **** 
 2919              		.loc 1 2417 3 view .LVU902
 2920 0026 019B     		ldr	r3, [sp, #4]
 2921              	.LBE5:
2417:Drivers/STM32L4xx_HAL_Driver/Src/stm32l4xx_hal_rcc_ex.c **** 
 2922              		.loc 1 2417 3 view .LVU903
2420:Drivers/STM32L4xx_HAL_Driver/Src/stm32l4xx_hal_rcc_ex.c ****   GPIO_InitStruct.Mode = GPIO_MODE_ANALOG;
 2923              		.loc 1 2420 3 view .LVU904
2420:Drivers/STM32L4xx_HAL_Driver/Src/stm32l4xx_hal_rcc_ex.c ****   GPIO_InitStruct.Mode = GPIO_MODE_ANALOG;
 2924              		.loc 1 2420 23 is_stmt 0 view .LVU905
ARM GAS  C:\Users\adisa\AppData\Local\Temp\ccmroX4q.s 			page 129


 2925 0028 0423     		movs	r3, #4
 2926 002a 0393     		str	r3, [sp, #12]
2421:Drivers/STM32L4xx_HAL_Driver/Src/stm32l4xx_hal_rcc_ex.c ****   GPIO_InitStruct.Speed = GPIO_SPEED_FREQ_HIGH;
 2927              		.loc 1 2421 3 is_stmt 1 view .LVU906
2421:Drivers/STM32L4xx_HAL_Driver/Src/stm32l4xx_hal_rcc_ex.c ****   GPIO_InitStruct.Speed = GPIO_SPEED_FREQ_HIGH;
 2928              		.loc 1 2421 24 is_stmt 0 view .LVU907
 2929 002c 0323     		movs	r3, #3
 2930 002e 0493     		str	r3, [sp, #16]
2422:Drivers/STM32L4xx_HAL_Driver/Src/stm32l4xx_hal_rcc_ex.c ****   GPIO_InitStruct.Pull = GPIO_NOPULL;
 2931              		.loc 1 2422 3 is_stmt 1 view .LVU908
2422:Drivers/STM32L4xx_HAL_Driver/Src/stm32l4xx_hal_rcc_ex.c ****   GPIO_InitStruct.Pull = GPIO_NOPULL;
 2932              		.loc 1 2422 25 is_stmt 0 view .LVU909
 2933 0030 0223     		movs	r3, #2
 2934 0032 0693     		str	r3, [sp, #24]
2423:Drivers/STM32L4xx_HAL_Driver/Src/stm32l4xx_hal_rcc_ex.c ****   HAL_GPIO_Init(LSCO_GPIO_PORT, &GPIO_InitStruct);
 2935              		.loc 1 2423 3 is_stmt 1 view .LVU910
2424:Drivers/STM32L4xx_HAL_Driver/Src/stm32l4xx_hal_rcc_ex.c **** 
 2936              		.loc 1 2424 3 view .LVU911
 2937 0034 4FF09040 		mov	r0, #1207959552
 2938              	.LVL301:
2424:Drivers/STM32L4xx_HAL_Driver/Src/stm32l4xx_hal_rcc_ex.c **** 
 2939              		.loc 1 2424 3 is_stmt 0 view .LVU912
 2940 0038 FFF7FEFF 		bl	HAL_GPIO_Init
 2941              	.LVL302:
2427:Drivers/STM32L4xx_HAL_Driver/Src/stm32l4xx_hal_rcc_ex.c ****   {
 2942              		.loc 1 2427 3 is_stmt 1 view .LVU913
2427:Drivers/STM32L4xx_HAL_Driver/Src/stm32l4xx_hal_rcc_ex.c ****   {
 2943              		.loc 1 2427 6 is_stmt 0 view .LVU914
 2944 003c A36D     		ldr	r3, [r4, #88]
2427:Drivers/STM32L4xx_HAL_Driver/Src/stm32l4xx_hal_rcc_ex.c ****   {
 2945              		.loc 1 2427 5 view .LVU915
 2946 003e 13F0805F 		tst	r3, #268435456
 2947 0042 1DD1     		bne	.L266
2429:Drivers/STM32L4xx_HAL_Driver/Src/stm32l4xx_hal_rcc_ex.c ****     pwrclkchanged = SET;
 2948              		.loc 1 2429 5 is_stmt 1 view .LVU916
 2949              	.LBB6:
2429:Drivers/STM32L4xx_HAL_Driver/Src/stm32l4xx_hal_rcc_ex.c ****     pwrclkchanged = SET;
 2950              		.loc 1 2429 5 view .LVU917
2429:Drivers/STM32L4xx_HAL_Driver/Src/stm32l4xx_hal_rcc_ex.c ****     pwrclkchanged = SET;
 2951              		.loc 1 2429 5 view .LVU918
 2952 0044 A26D     		ldr	r2, [r4, #88]
 2953 0046 42F08052 		orr	r2, r2, #268435456
 2954 004a A265     		str	r2, [r4, #88]
2429:Drivers/STM32L4xx_HAL_Driver/Src/stm32l4xx_hal_rcc_ex.c ****     pwrclkchanged = SET;
 2955              		.loc 1 2429 5 view .LVU919
 2956 004c A36D     		ldr	r3, [r4, #88]
 2957 004e 03F08053 		and	r3, r3, #268435456
 2958 0052 0293     		str	r3, [sp, #8]
2429:Drivers/STM32L4xx_HAL_Driver/Src/stm32l4xx_hal_rcc_ex.c ****     pwrclkchanged = SET;
 2959              		.loc 1 2429 5 view .LVU920
 2960 0054 029B     		ldr	r3, [sp, #8]
 2961              	.LBE6:
2429:Drivers/STM32L4xx_HAL_Driver/Src/stm32l4xx_hal_rcc_ex.c ****     pwrclkchanged = SET;
 2962              		.loc 1 2429 5 view .LVU921
2430:Drivers/STM32L4xx_HAL_Driver/Src/stm32l4xx_hal_rcc_ex.c ****   }
 2963              		.loc 1 2430 5 view .LVU922
 2964              	.LVL303:
ARM GAS  C:\Users\adisa\AppData\Local\Temp\ccmroX4q.s 			page 130


2430:Drivers/STM32L4xx_HAL_Driver/Src/stm32l4xx_hal_rcc_ex.c ****   }
 2965              		.loc 1 2430 19 is_stmt 0 view .LVU923
 2966 0056 0124     		movs	r4, #1
 2967              	.LVL304:
 2968              	.L262:
2432:Drivers/STM32L4xx_HAL_Driver/Src/stm32l4xx_hal_rcc_ex.c ****   {
 2969              		.loc 1 2432 3 is_stmt 1 view .LVU924
2432:Drivers/STM32L4xx_HAL_Driver/Src/stm32l4xx_hal_rcc_ex.c ****   {
 2970              		.loc 1 2432 6 is_stmt 0 view .LVU925
 2971 0058 124B     		ldr	r3, .L272+4
 2972 005a 1B68     		ldr	r3, [r3]
2432:Drivers/STM32L4xx_HAL_Driver/Src/stm32l4xx_hal_rcc_ex.c ****   {
 2973              		.loc 1 2432 5 view .LVU926
 2974 005c 13F4807F 		tst	r3, #256
 2975 0060 10D0     		beq	.L269
2411:Drivers/STM32L4xx_HAL_Driver/Src/stm32l4xx_hal_rcc_ex.c **** 
 2976              		.loc 1 2411 20 view .LVU927
 2977 0062 0022     		movs	r2, #0
 2978              	.LVL305:
 2979              	.L263:
2438:Drivers/STM32L4xx_HAL_Driver/Src/stm32l4xx_hal_rcc_ex.c **** 
 2980              		.loc 1 2438 3 is_stmt 1 view .LVU928
 2981 0064 0E4B     		ldr	r3, .L272
 2982 0066 D3F89000 		ldr	r0, [r3, #144]
 2983 006a 20F04070 		bic	r0, r0, #50331648
 2984 006e 2843     		orrs	r0, r0, r5
 2985 0070 40F08070 		orr	r0, r0, #16777216
 2986 0074 C3F89000 		str	r0, [r3, #144]
2440:Drivers/STM32L4xx_HAL_Driver/Src/stm32l4xx_hal_rcc_ex.c ****   {
 2987              		.loc 1 2440 3 view .LVU929
2440:Drivers/STM32L4xx_HAL_Driver/Src/stm32l4xx_hal_rcc_ex.c ****   {
 2988              		.loc 1 2440 5 is_stmt 0 view .LVU930
 2989 0078 42B9     		cbnz	r2, .L270
 2990              	.LVL306:
 2991              	.L264:
2444:Drivers/STM32L4xx_HAL_Driver/Src/stm32l4xx_hal_rcc_ex.c ****   {
 2992              		.loc 1 2444 3 is_stmt 1 view .LVU931
2444:Drivers/STM32L4xx_HAL_Driver/Src/stm32l4xx_hal_rcc_ex.c ****   {
 2993              		.loc 1 2444 5 is_stmt 0 view .LVU932
 2994 007a 54B9     		cbnz	r4, .L271
 2995              	.L261:
2448:Drivers/STM32L4xx_HAL_Driver/Src/stm32l4xx_hal_rcc_ex.c **** 
 2996              		.loc 1 2448 1 view .LVU933
 2997 007c 09B0     		add	sp, sp, #36
 2998              	.LCFI15:
 2999              		.cfi_remember_state
 3000              		.cfi_def_cfa_offset 12
 3001              		@ sp needed
 3002 007e 30BD     		pop	{r4, r5, pc}
 3003              	.LVL307:
 3004              	.L266:
 3005              	.LCFI16:
 3006              		.cfi_restore_state
2410:Drivers/STM32L4xx_HAL_Driver/Src/stm32l4xx_hal_rcc_ex.c ****   FlagStatus       backupchanged = RESET;
 3007              		.loc 1 2410 20 view .LVU934
 3008 0080 0024     		movs	r4, #0
 3009 0082 E9E7     		b	.L262
ARM GAS  C:\Users\adisa\AppData\Local\Temp\ccmroX4q.s 			page 131


 3010              	.LVL308:
 3011              	.L269:
2434:Drivers/STM32L4xx_HAL_Driver/Src/stm32l4xx_hal_rcc_ex.c ****     backupchanged = SET;
 3012              		.loc 1 2434 5 is_stmt 1 view .LVU935
 3013 0084 FFF7FEFF 		bl	HAL_PWR_EnableBkUpAccess
 3014              	.LVL309:
2435:Drivers/STM32L4xx_HAL_Driver/Src/stm32l4xx_hal_rcc_ex.c ****   }
 3015              		.loc 1 2435 5 view .LVU936
2435:Drivers/STM32L4xx_HAL_Driver/Src/stm32l4xx_hal_rcc_ex.c ****   }
 3016              		.loc 1 2435 19 is_stmt 0 view .LVU937
 3017 0088 0122     		movs	r2, #1
 3018 008a EBE7     		b	.L263
 3019              	.LVL310:
 3020              	.L270:
2442:Drivers/STM32L4xx_HAL_Driver/Src/stm32l4xx_hal_rcc_ex.c ****   }
 3021              		.loc 1 2442 5 is_stmt 1 view .LVU938
 3022 008c FFF7FEFF 		bl	HAL_PWR_DisableBkUpAccess
 3023              	.LVL311:
2442:Drivers/STM32L4xx_HAL_Driver/Src/stm32l4xx_hal_rcc_ex.c ****   }
 3024              		.loc 1 2442 5 is_stmt 0 view .LVU939
 3025 0090 F3E7     		b	.L264
 3026              	.L271:
2446:Drivers/STM32L4xx_HAL_Driver/Src/stm32l4xx_hal_rcc_ex.c ****   }
 3027              		.loc 1 2446 5 is_stmt 1 view .LVU940
 3028 0092 034A     		ldr	r2, .L272
 3029 0094 936D     		ldr	r3, [r2, #88]
 3030 0096 23F08053 		bic	r3, r3, #268435456
 3031 009a 9365     		str	r3, [r2, #88]
2448:Drivers/STM32L4xx_HAL_Driver/Src/stm32l4xx_hal_rcc_ex.c **** 
 3032              		.loc 1 2448 1 is_stmt 0 view .LVU941
 3033 009c EEE7     		b	.L261
 3034              	.L273:
 3035 009e 00BF     		.align	2
 3036              	.L272:
 3037 00a0 00100240 		.word	1073876992
 3038 00a4 00700040 		.word	1073770496
 3039              		.cfi_endproc
 3040              	.LFE396:
 3042              		.section	.text.HAL_RCCEx_DisableLSCO,"ax",%progbits
 3043              		.align	1
 3044              		.global	HAL_RCCEx_DisableLSCO
 3045              		.syntax unified
 3046              		.thumb
 3047              		.thumb_func
 3049              	HAL_RCCEx_DisableLSCO:
 3050              	.LFB397:
2455:Drivers/STM32L4xx_HAL_Driver/Src/stm32l4xx_hal_rcc_ex.c ****   FlagStatus       pwrclkchanged = RESET;
 3051              		.loc 1 2455 1 is_stmt 1 view -0
 3052              		.cfi_startproc
 3053              		@ args = 0, pretend = 0, frame = 8
 3054              		@ frame_needed = 0, uses_anonymous_args = 0
 3055 0000 10B5     		push	{r4, lr}
 3056              	.LCFI17:
 3057              		.cfi_def_cfa_offset 8
 3058              		.cfi_offset 4, -8
 3059              		.cfi_offset 14, -4
 3060 0002 82B0     		sub	sp, sp, #8
ARM GAS  C:\Users\adisa\AppData\Local\Temp\ccmroX4q.s 			page 132


 3061              	.LCFI18:
 3062              		.cfi_def_cfa_offset 16
2456:Drivers/STM32L4xx_HAL_Driver/Src/stm32l4xx_hal_rcc_ex.c ****   FlagStatus       backupchanged = RESET;
 3063              		.loc 1 2456 3 view .LVU943
 3064              	.LVL312:
2457:Drivers/STM32L4xx_HAL_Driver/Src/stm32l4xx_hal_rcc_ex.c **** 
 3065              		.loc 1 2457 3 view .LVU944
2460:Drivers/STM32L4xx_HAL_Driver/Src/stm32l4xx_hal_rcc_ex.c ****   {
 3066              		.loc 1 2460 3 view .LVU945
2460:Drivers/STM32L4xx_HAL_Driver/Src/stm32l4xx_hal_rcc_ex.c ****   {
 3067              		.loc 1 2460 6 is_stmt 0 view .LVU946
 3068 0004 174B     		ldr	r3, .L285
 3069 0006 9B6D     		ldr	r3, [r3, #88]
2460:Drivers/STM32L4xx_HAL_Driver/Src/stm32l4xx_hal_rcc_ex.c ****   {
 3070              		.loc 1 2460 5 view .LVU947
 3071 0008 13F0805F 		tst	r3, #268435456
 3072 000c 1BD1     		bne	.L279
2462:Drivers/STM32L4xx_HAL_Driver/Src/stm32l4xx_hal_rcc_ex.c ****     pwrclkchanged = SET;
 3073              		.loc 1 2462 5 is_stmt 1 view .LVU948
 3074              	.LBB7:
2462:Drivers/STM32L4xx_HAL_Driver/Src/stm32l4xx_hal_rcc_ex.c ****     pwrclkchanged = SET;
 3075              		.loc 1 2462 5 view .LVU949
2462:Drivers/STM32L4xx_HAL_Driver/Src/stm32l4xx_hal_rcc_ex.c ****     pwrclkchanged = SET;
 3076              		.loc 1 2462 5 view .LVU950
 3077 000e 154B     		ldr	r3, .L285
 3078 0010 9A6D     		ldr	r2, [r3, #88]
 3079 0012 42F08052 		orr	r2, r2, #268435456
 3080 0016 9A65     		str	r2, [r3, #88]
2462:Drivers/STM32L4xx_HAL_Driver/Src/stm32l4xx_hal_rcc_ex.c ****     pwrclkchanged = SET;
 3081              		.loc 1 2462 5 view .LVU951
 3082 0018 9B6D     		ldr	r3, [r3, #88]
 3083 001a 03F08053 		and	r3, r3, #268435456
 3084 001e 0193     		str	r3, [sp, #4]
2462:Drivers/STM32L4xx_HAL_Driver/Src/stm32l4xx_hal_rcc_ex.c ****     pwrclkchanged = SET;
 3085              		.loc 1 2462 5 view .LVU952
 3086 0020 019B     		ldr	r3, [sp, #4]
 3087              	.LBE7:
2462:Drivers/STM32L4xx_HAL_Driver/Src/stm32l4xx_hal_rcc_ex.c ****     pwrclkchanged = SET;
 3088              		.loc 1 2462 5 view .LVU953
2463:Drivers/STM32L4xx_HAL_Driver/Src/stm32l4xx_hal_rcc_ex.c ****   }
 3089              		.loc 1 2463 5 view .LVU954
 3090              	.LVL313:
2463:Drivers/STM32L4xx_HAL_Driver/Src/stm32l4xx_hal_rcc_ex.c ****   }
 3091              		.loc 1 2463 19 is_stmt 0 view .LVU955
 3092 0022 0124     		movs	r4, #1
 3093              	.LVL314:
 3094              	.L275:
2465:Drivers/STM32L4xx_HAL_Driver/Src/stm32l4xx_hal_rcc_ex.c ****   {
 3095              		.loc 1 2465 3 is_stmt 1 view .LVU956
2465:Drivers/STM32L4xx_HAL_Driver/Src/stm32l4xx_hal_rcc_ex.c ****   {
 3096              		.loc 1 2465 6 is_stmt 0 view .LVU957
 3097 0024 104B     		ldr	r3, .L285+4
 3098 0026 1B68     		ldr	r3, [r3]
2465:Drivers/STM32L4xx_HAL_Driver/Src/stm32l4xx_hal_rcc_ex.c ****   {
 3099              		.loc 1 2465 5 view .LVU958
 3100 0028 13F4807F 		tst	r3, #256
 3101 002c 0DD0     		beq	.L282
ARM GAS  C:\Users\adisa\AppData\Local\Temp\ccmroX4q.s 			page 133


2457:Drivers/STM32L4xx_HAL_Driver/Src/stm32l4xx_hal_rcc_ex.c **** 
 3102              		.loc 1 2457 20 view .LVU959
 3103 002e 0021     		movs	r1, #0
 3104              	.LVL315:
 3105              	.L276:
2472:Drivers/STM32L4xx_HAL_Driver/Src/stm32l4xx_hal_rcc_ex.c **** 
 3106              		.loc 1 2472 3 is_stmt 1 view .LVU960
 3107 0030 0C4A     		ldr	r2, .L285
 3108 0032 D2F89030 		ldr	r3, [r2, #144]
 3109 0036 23F08073 		bic	r3, r3, #16777216
 3110 003a C2F89030 		str	r3, [r2, #144]
2475:Drivers/STM32L4xx_HAL_Driver/Src/stm32l4xx_hal_rcc_ex.c ****   {
 3111              		.loc 1 2475 3 view .LVU961
2475:Drivers/STM32L4xx_HAL_Driver/Src/stm32l4xx_hal_rcc_ex.c ****   {
 3112              		.loc 1 2475 5 is_stmt 0 view .LVU962
 3113 003e 41B9     		cbnz	r1, .L283
 3114              	.LVL316:
 3115              	.L277:
2480:Drivers/STM32L4xx_HAL_Driver/Src/stm32l4xx_hal_rcc_ex.c ****   {
 3116              		.loc 1 2480 3 is_stmt 1 view .LVU963
2480:Drivers/STM32L4xx_HAL_Driver/Src/stm32l4xx_hal_rcc_ex.c ****   {
 3117              		.loc 1 2480 5 is_stmt 0 view .LVU964
 3118 0040 54B9     		cbnz	r4, .L284
 3119              	.L274:
2484:Drivers/STM32L4xx_HAL_Driver/Src/stm32l4xx_hal_rcc_ex.c **** 
 3120              		.loc 1 2484 1 view .LVU965
 3121 0042 02B0     		add	sp, sp, #8
 3122              	.LCFI19:
 3123              		.cfi_remember_state
 3124              		.cfi_def_cfa_offset 8
 3125              		@ sp needed
 3126 0044 10BD     		pop	{r4, pc}
 3127              	.LVL317:
 3128              	.L279:
 3129              	.LCFI20:
 3130              		.cfi_restore_state
2456:Drivers/STM32L4xx_HAL_Driver/Src/stm32l4xx_hal_rcc_ex.c ****   FlagStatus       backupchanged = RESET;
 3131              		.loc 1 2456 20 view .LVU966
 3132 0046 0024     		movs	r4, #0
 3133 0048 ECE7     		b	.L275
 3134              	.LVL318:
 3135              	.L282:
2468:Drivers/STM32L4xx_HAL_Driver/Src/stm32l4xx_hal_rcc_ex.c ****     backupchanged = SET;
 3136              		.loc 1 2468 5 is_stmt 1 view .LVU967
 3137 004a FFF7FEFF 		bl	HAL_PWR_EnableBkUpAccess
 3138              	.LVL319:
2469:Drivers/STM32L4xx_HAL_Driver/Src/stm32l4xx_hal_rcc_ex.c ****   }
 3139              		.loc 1 2469 5 view .LVU968
2469:Drivers/STM32L4xx_HAL_Driver/Src/stm32l4xx_hal_rcc_ex.c ****   }
 3140              		.loc 1 2469 19 is_stmt 0 view .LVU969
 3141 004e 0121     		movs	r1, #1
 3142 0050 EEE7     		b	.L276
 3143              	.LVL320:
 3144              	.L283:
2478:Drivers/STM32L4xx_HAL_Driver/Src/stm32l4xx_hal_rcc_ex.c ****   }
 3145              		.loc 1 2478 5 is_stmt 1 view .LVU970
 3146 0052 FFF7FEFF 		bl	HAL_PWR_DisableBkUpAccess
ARM GAS  C:\Users\adisa\AppData\Local\Temp\ccmroX4q.s 			page 134


 3147              	.LVL321:
2478:Drivers/STM32L4xx_HAL_Driver/Src/stm32l4xx_hal_rcc_ex.c ****   }
 3148              		.loc 1 2478 5 is_stmt 0 view .LVU971
 3149 0056 F3E7     		b	.L277
 3150              	.L284:
2482:Drivers/STM32L4xx_HAL_Driver/Src/stm32l4xx_hal_rcc_ex.c ****   }
 3151              		.loc 1 2482 5 is_stmt 1 view .LVU972
 3152 0058 024A     		ldr	r2, .L285
 3153 005a 936D     		ldr	r3, [r2, #88]
 3154 005c 23F08053 		bic	r3, r3, #268435456
 3155 0060 9365     		str	r3, [r2, #88]
2484:Drivers/STM32L4xx_HAL_Driver/Src/stm32l4xx_hal_rcc_ex.c **** 
 3156              		.loc 1 2484 1 is_stmt 0 view .LVU973
 3157 0062 EEE7     		b	.L274
 3158              	.L286:
 3159              		.align	2
 3160              	.L285:
 3161 0064 00100240 		.word	1073876992
 3162 0068 00700040 		.word	1073770496
 3163              		.cfi_endproc
 3164              	.LFE397:
 3166              		.section	.text.HAL_RCCEx_EnableMSIPLLMode,"ax",%progbits
 3167              		.align	1
 3168              		.global	HAL_RCCEx_EnableMSIPLLMode
 3169              		.syntax unified
 3170              		.thumb
 3171              		.thumb_func
 3173              	HAL_RCCEx_EnableMSIPLLMode:
 3174              	.LFB398:
2493:Drivers/STM32L4xx_HAL_Driver/Src/stm32l4xx_hal_rcc_ex.c ****   SET_BIT(RCC->CR, RCC_CR_MSIPLLEN) ;
 3175              		.loc 1 2493 1 is_stmt 1 view -0
 3176              		.cfi_startproc
 3177              		@ args = 0, pretend = 0, frame = 0
 3178              		@ frame_needed = 0, uses_anonymous_args = 0
 3179              		@ link register save eliminated.
2494:Drivers/STM32L4xx_HAL_Driver/Src/stm32l4xx_hal_rcc_ex.c **** }
 3180              		.loc 1 2494 3 view .LVU975
 3181 0000 024A     		ldr	r2, .L288
 3182 0002 1368     		ldr	r3, [r2]
 3183 0004 43F00403 		orr	r3, r3, #4
 3184 0008 1360     		str	r3, [r2]
2495:Drivers/STM32L4xx_HAL_Driver/Src/stm32l4xx_hal_rcc_ex.c **** 
 3185              		.loc 1 2495 1 is_stmt 0 view .LVU976
 3186 000a 7047     		bx	lr
 3187              	.L289:
 3188              		.align	2
 3189              	.L288:
 3190 000c 00100240 		.word	1073876992
 3191              		.cfi_endproc
 3192              	.LFE398:
 3194              		.section	.text.HAL_RCCEx_DisableMSIPLLMode,"ax",%progbits
 3195              		.align	1
 3196              		.global	HAL_RCCEx_DisableMSIPLLMode
 3197              		.syntax unified
 3198              		.thumb
 3199              		.thumb_func
 3201              	HAL_RCCEx_DisableMSIPLLMode:
ARM GAS  C:\Users\adisa\AppData\Local\Temp\ccmroX4q.s 			page 135


 3202              	.LFB399:
2503:Drivers/STM32L4xx_HAL_Driver/Src/stm32l4xx_hal_rcc_ex.c ****   CLEAR_BIT(RCC->CR, RCC_CR_MSIPLLEN) ;
 3203              		.loc 1 2503 1 is_stmt 1 view -0
 3204              		.cfi_startproc
 3205              		@ args = 0, pretend = 0, frame = 0
 3206              		@ frame_needed = 0, uses_anonymous_args = 0
 3207              		@ link register save eliminated.
2504:Drivers/STM32L4xx_HAL_Driver/Src/stm32l4xx_hal_rcc_ex.c **** }
 3208              		.loc 1 2504 3 view .LVU978
 3209 0000 024A     		ldr	r2, .L291
 3210 0002 1368     		ldr	r3, [r2]
 3211 0004 23F00403 		bic	r3, r3, #4
 3212 0008 1360     		str	r3, [r2]
2505:Drivers/STM32L4xx_HAL_Driver/Src/stm32l4xx_hal_rcc_ex.c **** 
 3213              		.loc 1 2505 1 is_stmt 0 view .LVU979
 3214 000a 7047     		bx	lr
 3215              	.L292:
 3216              		.align	2
 3217              	.L291:
 3218 000c 00100240 		.word	1073876992
 3219              		.cfi_endproc
 3220              	.LFE399:
 3222              		.section	.text.HAL_RCCEx_CRSConfig,"ax",%progbits
 3223              		.align	1
 3224              		.global	HAL_RCCEx_CRSConfig
 3225              		.syntax unified
 3226              		.thumb
 3227              		.thumb_func
 3229              	HAL_RCCEx_CRSConfig:
 3230              	.LVL322:
 3231              	.LFB400:
2600:Drivers/STM32L4xx_HAL_Driver/Src/stm32l4xx_hal_rcc_ex.c ****   uint32_t value;  /* no init needed */
 3232              		.loc 1 2600 1 is_stmt 1 view -0
 3233              		.cfi_startproc
 3234              		@ args = 0, pretend = 0, frame = 0
 3235              		@ frame_needed = 0, uses_anonymous_args = 0
 3236              		@ link register save eliminated.
2601:Drivers/STM32L4xx_HAL_Driver/Src/stm32l4xx_hal_rcc_ex.c **** 
 3237              		.loc 1 2601 3 view .LVU981
2604:Drivers/STM32L4xx_HAL_Driver/Src/stm32l4xx_hal_rcc_ex.c ****   assert_param(IS_RCC_CRS_SYNC_SOURCE(pInit->Source));
 3238              		.loc 1 2604 3 view .LVU982
2605:Drivers/STM32L4xx_HAL_Driver/Src/stm32l4xx_hal_rcc_ex.c ****   assert_param(IS_RCC_CRS_SYNC_POLARITY(pInit->Polarity));
 3239              		.loc 1 2605 3 view .LVU983
2606:Drivers/STM32L4xx_HAL_Driver/Src/stm32l4xx_hal_rcc_ex.c ****   assert_param(IS_RCC_CRS_RELOADVALUE(pInit->ReloadValue));
 3240              		.loc 1 2606 3 view .LVU984
2607:Drivers/STM32L4xx_HAL_Driver/Src/stm32l4xx_hal_rcc_ex.c ****   assert_param(IS_RCC_CRS_ERRORLIMIT(pInit->ErrorLimitValue));
 3241              		.loc 1 2607 3 view .LVU985
2608:Drivers/STM32L4xx_HAL_Driver/Src/stm32l4xx_hal_rcc_ex.c ****   assert_param(IS_RCC_CRS_HSI48CALIBRATION(pInit->HSI48CalibrationValue));
 3242              		.loc 1 2608 3 view .LVU986
2609:Drivers/STM32L4xx_HAL_Driver/Src/stm32l4xx_hal_rcc_ex.c **** 
 3243              		.loc 1 2609 3 view .LVU987
2614:Drivers/STM32L4xx_HAL_Driver/Src/stm32l4xx_hal_rcc_ex.c ****   __HAL_RCC_CRS_RELEASE_RESET();
 3244              		.loc 1 2614 3 view .LVU988
 3245 0000 104B     		ldr	r3, .L294
 3246 0002 9A6B     		ldr	r2, [r3, #56]
 3247 0004 42F08072 		orr	r2, r2, #16777216
 3248 0008 9A63     		str	r2, [r3, #56]
ARM GAS  C:\Users\adisa\AppData\Local\Temp\ccmroX4q.s 			page 136


2615:Drivers/STM32L4xx_HAL_Driver/Src/stm32l4xx_hal_rcc_ex.c **** 
 3249              		.loc 1 2615 3 view .LVU989
 3250 000a 9A6B     		ldr	r2, [r3, #56]
 3251 000c 22F08072 		bic	r2, r2, #16777216
 3252 0010 9A63     		str	r2, [r3, #56]
2620:Drivers/STM32L4xx_HAL_Driver/Src/stm32l4xx_hal_rcc_ex.c ****   /* Set the RELOAD[15:0] bits according to ReloadValue value */
 3253              		.loc 1 2620 3 view .LVU990
2620:Drivers/STM32L4xx_HAL_Driver/Src/stm32l4xx_hal_rcc_ex.c ****   /* Set the RELOAD[15:0] bits according to ReloadValue value */
 3254              		.loc 1 2620 17 is_stmt 0 view .LVU991
 3255 0012 0368     		ldr	r3, [r0]
2620:Drivers/STM32L4xx_HAL_Driver/Src/stm32l4xx_hal_rcc_ex.c ****   /* Set the RELOAD[15:0] bits according to ReloadValue value */
 3256              		.loc 1 2620 36 view .LVU992
 3257 0014 4268     		ldr	r2, [r0, #4]
2620:Drivers/STM32L4xx_HAL_Driver/Src/stm32l4xx_hal_rcc_ex.c ****   /* Set the RELOAD[15:0] bits according to ReloadValue value */
 3258              		.loc 1 2620 29 view .LVU993
 3259 0016 1343     		orrs	r3, r3, r2
2620:Drivers/STM32L4xx_HAL_Driver/Src/stm32l4xx_hal_rcc_ex.c ****   /* Set the RELOAD[15:0] bits according to ReloadValue value */
 3260              		.loc 1 2620 52 view .LVU994
 3261 0018 8268     		ldr	r2, [r0, #8]
2620:Drivers/STM32L4xx_HAL_Driver/Src/stm32l4xx_hal_rcc_ex.c ****   /* Set the RELOAD[15:0] bits according to ReloadValue value */
 3262              		.loc 1 2620 9 view .LVU995
 3263 001a 1A43     		orrs	r2, r2, r3
 3264              	.LVL323:
2622:Drivers/STM32L4xx_HAL_Driver/Src/stm32l4xx_hal_rcc_ex.c ****   /* Set the FELIM[7:0] bits according to ErrorLimitValue value */
 3265              		.loc 1 2622 3 is_stmt 1 view .LVU996
2622:Drivers/STM32L4xx_HAL_Driver/Src/stm32l4xx_hal_rcc_ex.c ****   /* Set the FELIM[7:0] bits according to ErrorLimitValue value */
 3266              		.loc 1 2622 17 is_stmt 0 view .LVU997
 3267 001c C368     		ldr	r3, [r0, #12]
2622:Drivers/STM32L4xx_HAL_Driver/Src/stm32l4xx_hal_rcc_ex.c ****   /* Set the FELIM[7:0] bits according to ErrorLimitValue value */
 3268              		.loc 1 2622 9 view .LVU998
 3269 001e 1343     		orrs	r3, r3, r2
 3270              	.LVL324:
2624:Drivers/STM32L4xx_HAL_Driver/Src/stm32l4xx_hal_rcc_ex.c ****   WRITE_REG(CRS->CFGR, value);
 3271              		.loc 1 2624 3 is_stmt 1 view .LVU999
2624:Drivers/STM32L4xx_HAL_Driver/Src/stm32l4xx_hal_rcc_ex.c ****   WRITE_REG(CRS->CFGR, value);
 3272              		.loc 1 2624 18 is_stmt 0 view .LVU1000
 3273 0020 0269     		ldr	r2, [r0, #16]
2624:Drivers/STM32L4xx_HAL_Driver/Src/stm32l4xx_hal_rcc_ex.c ****   WRITE_REG(CRS->CFGR, value);
 3274              		.loc 1 2624 9 view .LVU1001
 3275 0022 43EA0242 		orr	r2, r3, r2, lsl #16
 3276              	.LVL325:
2625:Drivers/STM32L4xx_HAL_Driver/Src/stm32l4xx_hal_rcc_ex.c **** 
 3277              		.loc 1 2625 3 is_stmt 1 view .LVU1002
 3278 0026 084B     		ldr	r3, .L294+4
 3279 0028 5A60     		str	r2, [r3, #4]
2630:Drivers/STM32L4xx_HAL_Driver/Src/stm32l4xx_hal_rcc_ex.c **** 
 3280              		.loc 1 2630 3 view .LVU1003
 3281 002a 1A68     		ldr	r2, [r3]
 3282              	.LVL326:
2630:Drivers/STM32L4xx_HAL_Driver/Src/stm32l4xx_hal_rcc_ex.c **** 
 3283              		.loc 1 2630 3 is_stmt 0 view .LVU1004
 3284 002c 22F47C52 		bic	r2, r2, #16128
 3285 0030 4169     		ldr	r1, [r0, #20]
 3286 0032 42EA0122 		orr	r2, r2, r1, lsl #8
 3287 0036 1A60     		str	r2, [r3]
 3288              	.LVL327:
2635:Drivers/STM32L4xx_HAL_Driver/Src/stm32l4xx_hal_rcc_ex.c **** }
ARM GAS  C:\Users\adisa\AppData\Local\Temp\ccmroX4q.s 			page 137


 3289              		.loc 1 2635 3 is_stmt 1 view .LVU1005
 3290 0038 1A68     		ldr	r2, [r3]
 3291 003a 42F06002 		orr	r2, r2, #96
 3292 003e 1A60     		str	r2, [r3]
2636:Drivers/STM32L4xx_HAL_Driver/Src/stm32l4xx_hal_rcc_ex.c **** 
 3293              		.loc 1 2636 1 is_stmt 0 view .LVU1006
 3294 0040 7047     		bx	lr
 3295              	.L295:
 3296 0042 00BF     		.align	2
 3297              	.L294:
 3298 0044 00100240 		.word	1073876992
 3299 0048 00600040 		.word	1073766400
 3300              		.cfi_endproc
 3301              	.LFE400:
 3303              		.section	.text.HAL_RCCEx_CRSSoftwareSynchronizationGenerate,"ax",%progbits
 3304              		.align	1
 3305              		.global	HAL_RCCEx_CRSSoftwareSynchronizationGenerate
 3306              		.syntax unified
 3307              		.thumb
 3308              		.thumb_func
 3310              	HAL_RCCEx_CRSSoftwareSynchronizationGenerate:
 3311              	.LFB401:
2643:Drivers/STM32L4xx_HAL_Driver/Src/stm32l4xx_hal_rcc_ex.c ****   SET_BIT(CRS->CR, CRS_CR_SWSYNC);
 3312              		.loc 1 2643 1 is_stmt 1 view -0
 3313              		.cfi_startproc
 3314              		@ args = 0, pretend = 0, frame = 0
 3315              		@ frame_needed = 0, uses_anonymous_args = 0
 3316              		@ link register save eliminated.
2644:Drivers/STM32L4xx_HAL_Driver/Src/stm32l4xx_hal_rcc_ex.c **** }
 3317              		.loc 1 2644 3 view .LVU1008
 3318 0000 024A     		ldr	r2, .L297
 3319 0002 1368     		ldr	r3, [r2]
 3320 0004 43F08003 		orr	r3, r3, #128
 3321 0008 1360     		str	r3, [r2]
2645:Drivers/STM32L4xx_HAL_Driver/Src/stm32l4xx_hal_rcc_ex.c **** 
 3322              		.loc 1 2645 1 is_stmt 0 view .LVU1009
 3323 000a 7047     		bx	lr
 3324              	.L298:
 3325              		.align	2
 3326              	.L297:
 3327 000c 00600040 		.word	1073766400
 3328              		.cfi_endproc
 3329              	.LFE401:
 3331              		.section	.text.HAL_RCCEx_CRSGetSynchronizationInfo,"ax",%progbits
 3332              		.align	1
 3333              		.global	HAL_RCCEx_CRSGetSynchronizationInfo
 3334              		.syntax unified
 3335              		.thumb
 3336              		.thumb_func
 3338              	HAL_RCCEx_CRSGetSynchronizationInfo:
 3339              	.LVL328:
 3340              	.LFB402:
2653:Drivers/STM32L4xx_HAL_Driver/Src/stm32l4xx_hal_rcc_ex.c ****   /* Check the parameter */
 3341              		.loc 1 2653 1 is_stmt 1 view -0
 3342              		.cfi_startproc
 3343              		@ args = 0, pretend = 0, frame = 0
 3344              		@ frame_needed = 0, uses_anonymous_args = 0
ARM GAS  C:\Users\adisa\AppData\Local\Temp\ccmroX4q.s 			page 138


 3345              		@ link register save eliminated.
2655:Drivers/STM32L4xx_HAL_Driver/Src/stm32l4xx_hal_rcc_ex.c **** 
 3346              		.loc 1 2655 3 view .LVU1011
2658:Drivers/STM32L4xx_HAL_Driver/Src/stm32l4xx_hal_rcc_ex.c **** 
 3347              		.loc 1 2658 3 view .LVU1012
2658:Drivers/STM32L4xx_HAL_Driver/Src/stm32l4xx_hal_rcc_ex.c **** 
 3348              		.loc 1 2658 32 is_stmt 0 view .LVU1013
 3349 0000 074B     		ldr	r3, .L300
 3350 0002 5A68     		ldr	r2, [r3, #4]
 3351 0004 92B2     		uxth	r2, r2
2658:Drivers/STM32L4xx_HAL_Driver/Src/stm32l4xx_hal_rcc_ex.c **** 
 3352              		.loc 1 2658 29 view .LVU1014
 3353 0006 0260     		str	r2, [r0]
2661:Drivers/STM32L4xx_HAL_Driver/Src/stm32l4xx_hal_rcc_ex.c **** 
 3354              		.loc 1 2661 3 is_stmt 1 view .LVU1015
2661:Drivers/STM32L4xx_HAL_Driver/Src/stm32l4xx_hal_rcc_ex.c **** 
 3355              		.loc 1 2661 42 is_stmt 0 view .LVU1016
 3356 0008 1A68     		ldr	r2, [r3]
2661:Drivers/STM32L4xx_HAL_Driver/Src/stm32l4xx_hal_rcc_ex.c **** 
 3357              		.loc 1 2661 73 view .LVU1017
 3358 000a C2F30522 		ubfx	r2, r2, #8, #6
2661:Drivers/STM32L4xx_HAL_Driver/Src/stm32l4xx_hal_rcc_ex.c **** 
 3359              		.loc 1 2661 39 view .LVU1018
 3360 000e 4260     		str	r2, [r0, #4]
2664:Drivers/STM32L4xx_HAL_Driver/Src/stm32l4xx_hal_rcc_ex.c **** 
 3361              		.loc 1 2664 3 is_stmt 1 view .LVU1019
2664:Drivers/STM32L4xx_HAL_Driver/Src/stm32l4xx_hal_rcc_ex.c **** 
 3362              		.loc 1 2664 37 is_stmt 0 view .LVU1020
 3363 0010 9A68     		ldr	r2, [r3, #8]
2664:Drivers/STM32L4xx_HAL_Driver/Src/stm32l4xx_hal_rcc_ex.c **** 
 3364              		.loc 1 2664 71 view .LVU1021
 3365 0012 120C     		lsrs	r2, r2, #16
2664:Drivers/STM32L4xx_HAL_Driver/Src/stm32l4xx_hal_rcc_ex.c **** 
 3366              		.loc 1 2664 34 view .LVU1022
 3367 0014 8260     		str	r2, [r0, #8]
2667:Drivers/STM32L4xx_HAL_Driver/Src/stm32l4xx_hal_rcc_ex.c **** }
 3368              		.loc 1 2667 3 is_stmt 1 view .LVU1023
2667:Drivers/STM32L4xx_HAL_Driver/Src/stm32l4xx_hal_rcc_ex.c **** }
 3369              		.loc 1 2667 39 is_stmt 0 view .LVU1024
 3370 0016 9B68     		ldr	r3, [r3, #8]
 3371 0018 03F40043 		and	r3, r3, #32768
2667:Drivers/STM32L4xx_HAL_Driver/Src/stm32l4xx_hal_rcc_ex.c **** }
 3372              		.loc 1 2667 36 view .LVU1025
 3373 001c C360     		str	r3, [r0, #12]
2668:Drivers/STM32L4xx_HAL_Driver/Src/stm32l4xx_hal_rcc_ex.c **** 
 3374              		.loc 1 2668 1 view .LVU1026
 3375 001e 7047     		bx	lr
 3376              	.L301:
 3377              		.align	2
 3378              	.L300:
 3379 0020 00600040 		.word	1073766400
 3380              		.cfi_endproc
 3381              	.LFE402:
 3383              		.section	.text.HAL_RCCEx_CRSWaitSynchronization,"ax",%progbits
 3384              		.align	1
 3385              		.global	HAL_RCCEx_CRSWaitSynchronization
 3386              		.syntax unified
ARM GAS  C:\Users\adisa\AppData\Local\Temp\ccmroX4q.s 			page 139


 3387              		.thumb
 3388              		.thumb_func
 3390              	HAL_RCCEx_CRSWaitSynchronization:
 3391              	.LVL329:
 3392              	.LFB403:
2686:Drivers/STM32L4xx_HAL_Driver/Src/stm32l4xx_hal_rcc_ex.c ****   uint32_t crsstatus = RCC_CRS_NONE;
 3393              		.loc 1 2686 1 is_stmt 1 view -0
 3394              		.cfi_startproc
 3395              		@ args = 0, pretend = 0, frame = 0
 3396              		@ frame_needed = 0, uses_anonymous_args = 0
2686:Drivers/STM32L4xx_HAL_Driver/Src/stm32l4xx_hal_rcc_ex.c ****   uint32_t crsstatus = RCC_CRS_NONE;
 3397              		.loc 1 2686 1 is_stmt 0 view .LVU1028
 3398 0000 70B5     		push	{r4, r5, r6, lr}
 3399              	.LCFI21:
 3400              		.cfi_def_cfa_offset 16
 3401              		.cfi_offset 4, -16
 3402              		.cfi_offset 5, -12
 3403              		.cfi_offset 6, -8
 3404              		.cfi_offset 14, -4
 3405 0002 0546     		mov	r5, r0
2687:Drivers/STM32L4xx_HAL_Driver/Src/stm32l4xx_hal_rcc_ex.c ****   uint32_t tickstart;
 3406              		.loc 1 2687 3 is_stmt 1 view .LVU1029
 3407              	.LVL330:
2688:Drivers/STM32L4xx_HAL_Driver/Src/stm32l4xx_hal_rcc_ex.c **** 
 3408              		.loc 1 2688 3 view .LVU1030
2691:Drivers/STM32L4xx_HAL_Driver/Src/stm32l4xx_hal_rcc_ex.c **** 
 3409              		.loc 1 2691 3 view .LVU1031
2691:Drivers/STM32L4xx_HAL_Driver/Src/stm32l4xx_hal_rcc_ex.c **** 
 3410              		.loc 1 2691 15 is_stmt 0 view .LVU1032
 3411 0004 FFF7FEFF 		bl	HAL_GetTick
 3412              	.LVL331:
2691:Drivers/STM32L4xx_HAL_Driver/Src/stm32l4xx_hal_rcc_ex.c **** 
 3413              		.loc 1 2691 15 view .LVU1033
 3414 0008 0646     		mov	r6, r0
 3415              	.LVL332:
2687:Drivers/STM32L4xx_HAL_Driver/Src/stm32l4xx_hal_rcc_ex.c ****   uint32_t tickstart;
 3416              		.loc 1 2687 12 view .LVU1034
 3417 000a 0024     		movs	r4, #0
 3418 000c 0BE0     		b	.L310
 3419              	.LVL333:
 3420              	.L315:
2698:Drivers/STM32L4xx_HAL_Driver/Src/stm32l4xx_hal_rcc_ex.c ****       {
 3421              		.loc 1 2698 7 is_stmt 1 view .LVU1035
2698:Drivers/STM32L4xx_HAL_Driver/Src/stm32l4xx_hal_rcc_ex.c ****       {
 3422              		.loc 1 2698 12 is_stmt 0 view .LVU1036
 3423 000e FFF7FEFF 		bl	HAL_GetTick
 3424              	.LVL334:
2698:Drivers/STM32L4xx_HAL_Driver/Src/stm32l4xx_hal_rcc_ex.c ****       {
 3425              		.loc 1 2698 26 discriminator 1 view .LVU1037
 3426 0012 801B     		subs	r0, r0, r6
2698:Drivers/STM32L4xx_HAL_Driver/Src/stm32l4xx_hal_rcc_ex.c ****       {
 3427              		.loc 1 2698 9 discriminator 1 view .LVU1038
 3428 0014 A842     		cmp	r0, r5
 3429 0016 02D8     		bhi	.L311
2698:Drivers/STM32L4xx_HAL_Driver/Src/stm32l4xx_hal_rcc_ex.c ****       {
 3430              		.loc 1 2698 50 discriminator 1 view .LVU1039
 3431 0018 45B9     		cbnz	r5, .L303
ARM GAS  C:\Users\adisa\AppData\Local\Temp\ccmroX4q.s 			page 140


2700:Drivers/STM32L4xx_HAL_Driver/Src/stm32l4xx_hal_rcc_ex.c ****       }
 3432              		.loc 1 2700 19 view .LVU1040
 3433 001a 0124     		movs	r4, #1
 3434              	.LVL335:
2700:Drivers/STM32L4xx_HAL_Driver/Src/stm32l4xx_hal_rcc_ex.c ****       }
 3435              		.loc 1 2700 19 view .LVU1041
 3436 001c 06E0     		b	.L303
 3437              	.LVL336:
 3438              	.L311:
2700:Drivers/STM32L4xx_HAL_Driver/Src/stm32l4xx_hal_rcc_ex.c ****       }
 3439              		.loc 1 2700 19 view .LVU1042
 3440 001e 0124     		movs	r4, #1
 3441              	.LVL337:
2700:Drivers/STM32L4xx_HAL_Driver/Src/stm32l4xx_hal_rcc_ex.c ****       }
 3442              		.loc 1 2700 19 view .LVU1043
 3443 0020 04E0     		b	.L303
 3444              	.LVL338:
 3445              	.L309:
2757:Drivers/STM32L4xx_HAL_Driver/Src/stm32l4xx_hal_rcc_ex.c ****     }
 3446              		.loc 1 2757 7 is_stmt 1 discriminator 4 view .LVU1044
2759:Drivers/STM32L4xx_HAL_Driver/Src/stm32l4xx_hal_rcc_ex.c **** 
 3447              		.loc 1 2759 24 view .LVU1045
 3448 0022 002C     		cmp	r4, #0
 3449 0024 3DD1     		bne	.L314
 3450              	.LVL339:
 3451              	.L310:
2694:Drivers/STM32L4xx_HAL_Driver/Src/stm32l4xx_hal_rcc_ex.c ****   {
 3452              		.loc 1 2694 3 view .LVU1046
2696:Drivers/STM32L4xx_HAL_Driver/Src/stm32l4xx_hal_rcc_ex.c ****     {
 3453              		.loc 1 2696 5 view .LVU1047
2696:Drivers/STM32L4xx_HAL_Driver/Src/stm32l4xx_hal_rcc_ex.c ****     {
 3454              		.loc 1 2696 7 is_stmt 0 view .LVU1048
 3455 0026 B5F1FF3F 		cmp	r5, #-1
 3456 002a F0D1     		bne	.L315
 3457              	.LVL340:
 3458              	.L303:
2704:Drivers/STM32L4xx_HAL_Driver/Src/stm32l4xx_hal_rcc_ex.c ****     {
 3459              		.loc 1 2704 5 is_stmt 1 view .LVU1049
2704:Drivers/STM32L4xx_HAL_Driver/Src/stm32l4xx_hal_rcc_ex.c ****     {
 3460              		.loc 1 2704 8 is_stmt 0 view .LVU1050
 3461 002c 1E4B     		ldr	r3, .L316
 3462 002e 9B68     		ldr	r3, [r3, #8]
2704:Drivers/STM32L4xx_HAL_Driver/Src/stm32l4xx_hal_rcc_ex.c ****     {
 3463              		.loc 1 2704 7 view .LVU1051
 3464 0030 13F0010F 		tst	r3, #1
 3465 0034 04D0     		beq	.L304
2707:Drivers/STM32L4xx_HAL_Driver/Src/stm32l4xx_hal_rcc_ex.c **** 
 3466              		.loc 1 2707 7 is_stmt 1 view .LVU1052
2707:Drivers/STM32L4xx_HAL_Driver/Src/stm32l4xx_hal_rcc_ex.c **** 
 3467              		.loc 1 2707 17 is_stmt 0 view .LVU1053
 3468 0036 44F00204 		orr	r4, r4, #2
 3469              	.LVL341:
2710:Drivers/STM32L4xx_HAL_Driver/Src/stm32l4xx_hal_rcc_ex.c ****     }
 3470              		.loc 1 2710 7 is_stmt 1 view .LVU1054
2710:Drivers/STM32L4xx_HAL_Driver/Src/stm32l4xx_hal_rcc_ex.c ****     }
 3471              		.loc 1 2710 7 view .LVU1055
2710:Drivers/STM32L4xx_HAL_Driver/Src/stm32l4xx_hal_rcc_ex.c ****     }
ARM GAS  C:\Users\adisa\AppData\Local\Temp\ccmroX4q.s 			page 141


 3472              		.loc 1 2710 7 discriminator 2 view .LVU1056
 3473 003a 1B4B     		ldr	r3, .L316
 3474 003c 0122     		movs	r2, #1
 3475 003e DA60     		str	r2, [r3, #12]
 3476              	.L304:
2710:Drivers/STM32L4xx_HAL_Driver/Src/stm32l4xx_hal_rcc_ex.c ****     }
 3477              		.loc 1 2710 7 discriminator 4 view .LVU1057
2714:Drivers/STM32L4xx_HAL_Driver/Src/stm32l4xx_hal_rcc_ex.c ****     {
 3478              		.loc 1 2714 5 view .LVU1058
2714:Drivers/STM32L4xx_HAL_Driver/Src/stm32l4xx_hal_rcc_ex.c ****     {
 3479              		.loc 1 2714 8 is_stmt 0 view .LVU1059
 3480 0040 194B     		ldr	r3, .L316
 3481 0042 9B68     		ldr	r3, [r3, #8]
2714:Drivers/STM32L4xx_HAL_Driver/Src/stm32l4xx_hal_rcc_ex.c ****     {
 3482              		.loc 1 2714 7 view .LVU1060
 3483 0044 13F0020F 		tst	r3, #2
 3484 0048 04D0     		beq	.L305
2717:Drivers/STM32L4xx_HAL_Driver/Src/stm32l4xx_hal_rcc_ex.c **** 
 3485              		.loc 1 2717 7 is_stmt 1 view .LVU1061
2717:Drivers/STM32L4xx_HAL_Driver/Src/stm32l4xx_hal_rcc_ex.c **** 
 3486              		.loc 1 2717 17 is_stmt 0 view .LVU1062
 3487 004a 44F00404 		orr	r4, r4, #4
 3488              	.LVL342:
2720:Drivers/STM32L4xx_HAL_Driver/Src/stm32l4xx_hal_rcc_ex.c ****     }
 3489              		.loc 1 2720 7 is_stmt 1 view .LVU1063
2720:Drivers/STM32L4xx_HAL_Driver/Src/stm32l4xx_hal_rcc_ex.c ****     }
 3490              		.loc 1 2720 7 view .LVU1064
2720:Drivers/STM32L4xx_HAL_Driver/Src/stm32l4xx_hal_rcc_ex.c ****     }
 3491              		.loc 1 2720 7 discriminator 2 view .LVU1065
 3492 004e 164B     		ldr	r3, .L316
 3493 0050 0222     		movs	r2, #2
 3494 0052 DA60     		str	r2, [r3, #12]
 3495              	.L305:
2720:Drivers/STM32L4xx_HAL_Driver/Src/stm32l4xx_hal_rcc_ex.c ****     }
 3496              		.loc 1 2720 7 discriminator 4 view .LVU1066
2724:Drivers/STM32L4xx_HAL_Driver/Src/stm32l4xx_hal_rcc_ex.c ****     {
 3497              		.loc 1 2724 5 view .LVU1067
2724:Drivers/STM32L4xx_HAL_Driver/Src/stm32l4xx_hal_rcc_ex.c ****     {
 3498              		.loc 1 2724 8 is_stmt 0 view .LVU1068
 3499 0054 144B     		ldr	r3, .L316
 3500 0056 9B68     		ldr	r3, [r3, #8]
2724:Drivers/STM32L4xx_HAL_Driver/Src/stm32l4xx_hal_rcc_ex.c ****     {
 3501              		.loc 1 2724 7 view .LVU1069
 3502 0058 13F4806F 		tst	r3, #1024
 3503 005c 04D0     		beq	.L306
2727:Drivers/STM32L4xx_HAL_Driver/Src/stm32l4xx_hal_rcc_ex.c **** 
 3504              		.loc 1 2727 7 is_stmt 1 view .LVU1070
2727:Drivers/STM32L4xx_HAL_Driver/Src/stm32l4xx_hal_rcc_ex.c **** 
 3505              		.loc 1 2727 17 is_stmt 0 view .LVU1071
 3506 005e 44F02004 		orr	r4, r4, #32
 3507              	.LVL343:
2730:Drivers/STM32L4xx_HAL_Driver/Src/stm32l4xx_hal_rcc_ex.c ****     }
 3508              		.loc 1 2730 7 is_stmt 1 view .LVU1072
2730:Drivers/STM32L4xx_HAL_Driver/Src/stm32l4xx_hal_rcc_ex.c ****     }
 3509              		.loc 1 2730 7 view .LVU1073
2730:Drivers/STM32L4xx_HAL_Driver/Src/stm32l4xx_hal_rcc_ex.c ****     }
 3510              		.loc 1 2730 7 discriminator 1 view .LVU1074
ARM GAS  C:\Users\adisa\AppData\Local\Temp\ccmroX4q.s 			page 142


 3511 0062 114B     		ldr	r3, .L316
 3512 0064 0422     		movs	r2, #4
 3513 0066 DA60     		str	r2, [r3, #12]
 3514              	.L306:
2730:Drivers/STM32L4xx_HAL_Driver/Src/stm32l4xx_hal_rcc_ex.c ****     }
 3515              		.loc 1 2730 7 discriminator 4 view .LVU1075
2734:Drivers/STM32L4xx_HAL_Driver/Src/stm32l4xx_hal_rcc_ex.c ****     {
 3516              		.loc 1 2734 5 view .LVU1076
2734:Drivers/STM32L4xx_HAL_Driver/Src/stm32l4xx_hal_rcc_ex.c ****     {
 3517              		.loc 1 2734 8 is_stmt 0 view .LVU1077
 3518 0068 0F4B     		ldr	r3, .L316
 3519 006a 9B68     		ldr	r3, [r3, #8]
2734:Drivers/STM32L4xx_HAL_Driver/Src/stm32l4xx_hal_rcc_ex.c ****     {
 3520              		.loc 1 2734 7 view .LVU1078
 3521 006c 13F4807F 		tst	r3, #256
 3522 0070 04D0     		beq	.L307
2737:Drivers/STM32L4xx_HAL_Driver/Src/stm32l4xx_hal_rcc_ex.c **** 
 3523              		.loc 1 2737 7 is_stmt 1 view .LVU1079
2737:Drivers/STM32L4xx_HAL_Driver/Src/stm32l4xx_hal_rcc_ex.c **** 
 3524              		.loc 1 2737 17 is_stmt 0 view .LVU1080
 3525 0072 44F00804 		orr	r4, r4, #8
 3526              	.LVL344:
2740:Drivers/STM32L4xx_HAL_Driver/Src/stm32l4xx_hal_rcc_ex.c ****     }
 3527              		.loc 1 2740 7 is_stmt 1 view .LVU1081
2740:Drivers/STM32L4xx_HAL_Driver/Src/stm32l4xx_hal_rcc_ex.c ****     }
 3528              		.loc 1 2740 7 view .LVU1082
2740:Drivers/STM32L4xx_HAL_Driver/Src/stm32l4xx_hal_rcc_ex.c ****     }
 3529              		.loc 1 2740 7 discriminator 1 view .LVU1083
 3530 0076 0C4B     		ldr	r3, .L316
 3531 0078 0422     		movs	r2, #4
 3532 007a DA60     		str	r2, [r3, #12]
 3533              	.L307:
2740:Drivers/STM32L4xx_HAL_Driver/Src/stm32l4xx_hal_rcc_ex.c ****     }
 3534              		.loc 1 2740 7 discriminator 4 view .LVU1084
2744:Drivers/STM32L4xx_HAL_Driver/Src/stm32l4xx_hal_rcc_ex.c ****     {
 3535              		.loc 1 2744 5 view .LVU1085
2744:Drivers/STM32L4xx_HAL_Driver/Src/stm32l4xx_hal_rcc_ex.c ****     {
 3536              		.loc 1 2744 8 is_stmt 0 view .LVU1086
 3537 007c 0A4B     		ldr	r3, .L316
 3538 007e 9B68     		ldr	r3, [r3, #8]
2744:Drivers/STM32L4xx_HAL_Driver/Src/stm32l4xx_hal_rcc_ex.c ****     {
 3539              		.loc 1 2744 7 view .LVU1087
 3540 0080 13F4007F 		tst	r3, #512
 3541 0084 04D0     		beq	.L308
2747:Drivers/STM32L4xx_HAL_Driver/Src/stm32l4xx_hal_rcc_ex.c **** 
 3542              		.loc 1 2747 7 is_stmt 1 view .LVU1088
2747:Drivers/STM32L4xx_HAL_Driver/Src/stm32l4xx_hal_rcc_ex.c **** 
 3543              		.loc 1 2747 17 is_stmt 0 view .LVU1089
 3544 0086 44F01004 		orr	r4, r4, #16
 3545              	.LVL345:
2750:Drivers/STM32L4xx_HAL_Driver/Src/stm32l4xx_hal_rcc_ex.c ****     }
 3546              		.loc 1 2750 7 is_stmt 1 view .LVU1090
2750:Drivers/STM32L4xx_HAL_Driver/Src/stm32l4xx_hal_rcc_ex.c ****     }
 3547              		.loc 1 2750 7 view .LVU1091
2750:Drivers/STM32L4xx_HAL_Driver/Src/stm32l4xx_hal_rcc_ex.c ****     }
 3548              		.loc 1 2750 7 discriminator 1 view .LVU1092
 3549 008a 074B     		ldr	r3, .L316
ARM GAS  C:\Users\adisa\AppData\Local\Temp\ccmroX4q.s 			page 143


 3550 008c 0422     		movs	r2, #4
 3551 008e DA60     		str	r2, [r3, #12]
 3552              	.L308:
2750:Drivers/STM32L4xx_HAL_Driver/Src/stm32l4xx_hal_rcc_ex.c ****     }
 3553              		.loc 1 2750 7 discriminator 4 view .LVU1093
2754:Drivers/STM32L4xx_HAL_Driver/Src/stm32l4xx_hal_rcc_ex.c ****     {
 3554              		.loc 1 2754 5 view .LVU1094
2754:Drivers/STM32L4xx_HAL_Driver/Src/stm32l4xx_hal_rcc_ex.c ****     {
 3555              		.loc 1 2754 8 is_stmt 0 view .LVU1095
 3556 0090 054B     		ldr	r3, .L316
 3557 0092 9B68     		ldr	r3, [r3, #8]
2754:Drivers/STM32L4xx_HAL_Driver/Src/stm32l4xx_hal_rcc_ex.c ****     {
 3558              		.loc 1 2754 7 view .LVU1096
 3559 0094 13F0080F 		tst	r3, #8
 3560 0098 C3D0     		beq	.L309
2757:Drivers/STM32L4xx_HAL_Driver/Src/stm32l4xx_hal_rcc_ex.c ****     }
 3561              		.loc 1 2757 7 is_stmt 1 view .LVU1097
2757:Drivers/STM32L4xx_HAL_Driver/Src/stm32l4xx_hal_rcc_ex.c ****     }
 3562              		.loc 1 2757 7 view .LVU1098
2757:Drivers/STM32L4xx_HAL_Driver/Src/stm32l4xx_hal_rcc_ex.c ****     }
 3563              		.loc 1 2757 7 discriminator 2 view .LVU1099
 3564 009a 034B     		ldr	r3, .L316
 3565 009c 0822     		movs	r2, #8
 3566 009e DA60     		str	r2, [r3, #12]
 3567 00a0 BFE7     		b	.L309
 3568              	.L314:
2761:Drivers/STM32L4xx_HAL_Driver/Src/stm32l4xx_hal_rcc_ex.c **** }
 3569              		.loc 1 2761 3 view .LVU1100
2762:Drivers/STM32L4xx_HAL_Driver/Src/stm32l4xx_hal_rcc_ex.c **** 
 3570              		.loc 1 2762 1 is_stmt 0 view .LVU1101
 3571 00a2 2046     		mov	r0, r4
 3572 00a4 70BD     		pop	{r4, r5, r6, pc}
 3573              	.LVL346:
 3574              	.L317:
2762:Drivers/STM32L4xx_HAL_Driver/Src/stm32l4xx_hal_rcc_ex.c **** 
 3575              		.loc 1 2762 1 view .LVU1102
 3576 00a6 00BF     		.align	2
 3577              	.L316:
 3578 00a8 00600040 		.word	1073766400
 3579              		.cfi_endproc
 3580              	.LFE403:
 3582              		.section	.text.HAL_RCCEx_CRS_SyncOkCallback,"ax",%progbits
 3583              		.align	1
 3584              		.weak	HAL_RCCEx_CRS_SyncOkCallback
 3585              		.syntax unified
 3586              		.thumb
 3587              		.thumb_func
 3589              	HAL_RCCEx_CRS_SyncOkCallback:
 3590              	.LFB405:
2834:Drivers/STM32L4xx_HAL_Driver/Src/stm32l4xx_hal_rcc_ex.c ****   /* NOTE : This function should not be modified, when the callback is needed,
 3591              		.loc 1 2834 1 is_stmt 1 view -0
 3592              		.cfi_startproc
 3593              		@ args = 0, pretend = 0, frame = 0
 3594              		@ frame_needed = 0, uses_anonymous_args = 0
 3595              		@ link register save eliminated.
2838:Drivers/STM32L4xx_HAL_Driver/Src/stm32l4xx_hal_rcc_ex.c **** 
 3596              		.loc 1 2838 1 view .LVU1104
ARM GAS  C:\Users\adisa\AppData\Local\Temp\ccmroX4q.s 			page 144


 3597 0000 7047     		bx	lr
 3598              		.cfi_endproc
 3599              	.LFE405:
 3601              		.section	.text.HAL_RCCEx_CRS_SyncWarnCallback,"ax",%progbits
 3602              		.align	1
 3603              		.weak	HAL_RCCEx_CRS_SyncWarnCallback
 3604              		.syntax unified
 3605              		.thumb
 3606              		.thumb_func
 3608              	HAL_RCCEx_CRS_SyncWarnCallback:
 3609              	.LFB406:
2845:Drivers/STM32L4xx_HAL_Driver/Src/stm32l4xx_hal_rcc_ex.c ****   /* NOTE : This function should not be modified, when the callback is needed,
 3610              		.loc 1 2845 1 view -0
 3611              		.cfi_startproc
 3612              		@ args = 0, pretend = 0, frame = 0
 3613              		@ frame_needed = 0, uses_anonymous_args = 0
 3614              		@ link register save eliminated.
2849:Drivers/STM32L4xx_HAL_Driver/Src/stm32l4xx_hal_rcc_ex.c **** 
 3615              		.loc 1 2849 1 view .LVU1106
 3616 0000 7047     		bx	lr
 3617              		.cfi_endproc
 3618              	.LFE406:
 3620              		.section	.text.HAL_RCCEx_CRS_ExpectedSyncCallback,"ax",%progbits
 3621              		.align	1
 3622              		.weak	HAL_RCCEx_CRS_ExpectedSyncCallback
 3623              		.syntax unified
 3624              		.thumb
 3625              		.thumb_func
 3627              	HAL_RCCEx_CRS_ExpectedSyncCallback:
 3628              	.LFB407:
2856:Drivers/STM32L4xx_HAL_Driver/Src/stm32l4xx_hal_rcc_ex.c ****   /* NOTE : This function should not be modified, when the callback is needed,
 3629              		.loc 1 2856 1 view -0
 3630              		.cfi_startproc
 3631              		@ args = 0, pretend = 0, frame = 0
 3632              		@ frame_needed = 0, uses_anonymous_args = 0
 3633              		@ link register save eliminated.
2860:Drivers/STM32L4xx_HAL_Driver/Src/stm32l4xx_hal_rcc_ex.c **** 
 3634              		.loc 1 2860 1 view .LVU1108
 3635 0000 7047     		bx	lr
 3636              		.cfi_endproc
 3637              	.LFE407:
 3639              		.section	.text.HAL_RCCEx_CRS_ErrorCallback,"ax",%progbits
 3640              		.align	1
 3641              		.weak	HAL_RCCEx_CRS_ErrorCallback
 3642              		.syntax unified
 3643              		.thumb
 3644              		.thumb_func
 3646              	HAL_RCCEx_CRS_ErrorCallback:
 3647              	.LVL347:
 3648              	.LFB408:
2872:Drivers/STM32L4xx_HAL_Driver/Src/stm32l4xx_hal_rcc_ex.c ****   /* Prevent unused argument(s) compilation warning */
 3649              		.loc 1 2872 1 view -0
 3650              		.cfi_startproc
 3651              		@ args = 0, pretend = 0, frame = 0
 3652              		@ frame_needed = 0, uses_anonymous_args = 0
 3653              		@ link register save eliminated.
2874:Drivers/STM32L4xx_HAL_Driver/Src/stm32l4xx_hal_rcc_ex.c **** 
ARM GAS  C:\Users\adisa\AppData\Local\Temp\ccmroX4q.s 			page 145


 3654              		.loc 1 2874 3 view .LVU1110
2879:Drivers/STM32L4xx_HAL_Driver/Src/stm32l4xx_hal_rcc_ex.c **** 
 3655              		.loc 1 2879 1 is_stmt 0 view .LVU1111
 3656 0000 7047     		bx	lr
 3657              		.cfi_endproc
 3658              	.LFE408:
 3660              		.section	.text.HAL_RCCEx_CRS_IRQHandler,"ax",%progbits
 3661              		.align	1
 3662              		.global	HAL_RCCEx_CRS_IRQHandler
 3663              		.syntax unified
 3664              		.thumb
 3665              		.thumb_func
 3667              	HAL_RCCEx_CRS_IRQHandler:
 3668              	.LFB404:
2769:Drivers/STM32L4xx_HAL_Driver/Src/stm32l4xx_hal_rcc_ex.c ****   uint32_t crserror = RCC_CRS_NONE;
 3669              		.loc 1 2769 1 is_stmt 1 view -0
 3670              		.cfi_startproc
 3671              		@ args = 0, pretend = 0, frame = 0
 3672              		@ frame_needed = 0, uses_anonymous_args = 0
 3673 0000 08B5     		push	{r3, lr}
 3674              	.LCFI22:
 3675              		.cfi_def_cfa_offset 8
 3676              		.cfi_offset 3, -8
 3677              		.cfi_offset 14, -4
2770:Drivers/STM32L4xx_HAL_Driver/Src/stm32l4xx_hal_rcc_ex.c ****   /* Get current IT flags and IT sources values */
 3678              		.loc 1 2770 3 view .LVU1113
 3679              	.LVL348:
2772:Drivers/STM32L4xx_HAL_Driver/Src/stm32l4xx_hal_rcc_ex.c ****   uint32_t itsources = READ_REG(CRS->CR);
 3680              		.loc 1 2772 3 view .LVU1114
2772:Drivers/STM32L4xx_HAL_Driver/Src/stm32l4xx_hal_rcc_ex.c ****   uint32_t itsources = READ_REG(CRS->CR);
 3681              		.loc 1 2772 12 is_stmt 0 view .LVU1115
 3682 0002 204A     		ldr	r2, .L335
 3683 0004 9368     		ldr	r3, [r2, #8]
 3684              	.LVL349:
2773:Drivers/STM32L4xx_HAL_Driver/Src/stm32l4xx_hal_rcc_ex.c **** 
 3685              		.loc 1 2773 3 is_stmt 1 view .LVU1116
2773:Drivers/STM32L4xx_HAL_Driver/Src/stm32l4xx_hal_rcc_ex.c **** 
 3686              		.loc 1 2773 12 is_stmt 0 view .LVU1117
 3687 0006 1268     		ldr	r2, [r2]
 3688              	.LVL350:
2776:Drivers/STM32L4xx_HAL_Driver/Src/stm32l4xx_hal_rcc_ex.c ****   {
 3689              		.loc 1 2776 3 is_stmt 1 view .LVU1118
2776:Drivers/STM32L4xx_HAL_Driver/Src/stm32l4xx_hal_rcc_ex.c ****   {
 3690              		.loc 1 2776 5 is_stmt 0 view .LVU1119
 3691 0008 13F0010F 		tst	r3, #1
 3692 000c 02D0     		beq	.L323
2776:Drivers/STM32L4xx_HAL_Driver/Src/stm32l4xx_hal_rcc_ex.c ****   {
 3693              		.loc 1 2776 46 discriminator 1 view .LVU1120
 3694 000e 12F0010F 		tst	r2, #1
 3695 0012 25D1     		bne	.L332
 3696              	.L323:
2785:Drivers/STM32L4xx_HAL_Driver/Src/stm32l4xx_hal_rcc_ex.c ****   {
 3697              		.loc 1 2785 8 is_stmt 1 view .LVU1121
2785:Drivers/STM32L4xx_HAL_Driver/Src/stm32l4xx_hal_rcc_ex.c ****   {
 3698              		.loc 1 2785 10 is_stmt 0 view .LVU1122
 3699 0014 13F0020F 		tst	r3, #2
 3700 0018 02D0     		beq	.L325
ARM GAS  C:\Users\adisa\AppData\Local\Temp\ccmroX4q.s 			page 146


2785:Drivers/STM32L4xx_HAL_Driver/Src/stm32l4xx_hal_rcc_ex.c ****   {
 3701              		.loc 1 2785 53 discriminator 1 view .LVU1123
 3702 001a 12F0020F 		tst	r2, #2
 3703 001e 25D1     		bne	.L333
 3704              	.L325:
2794:Drivers/STM32L4xx_HAL_Driver/Src/stm32l4xx_hal_rcc_ex.c ****   {
 3705              		.loc 1 2794 8 is_stmt 1 view .LVU1124
2794:Drivers/STM32L4xx_HAL_Driver/Src/stm32l4xx_hal_rcc_ex.c ****   {
 3706              		.loc 1 2794 10 is_stmt 0 view .LVU1125
 3707 0020 13F0080F 		tst	r3, #8
 3708 0024 02D0     		beq	.L326
2794:Drivers/STM32L4xx_HAL_Driver/Src/stm32l4xx_hal_rcc_ex.c ****   {
 3709              		.loc 1 2794 50 discriminator 1 view .LVU1126
 3710 0026 12F0080F 		tst	r2, #8
 3711 002a 25D1     		bne	.L334
 3712              	.L326:
2805:Drivers/STM32L4xx_HAL_Driver/Src/stm32l4xx_hal_rcc_ex.c ****     {
 3713              		.loc 1 2805 5 is_stmt 1 view .LVU1127
2805:Drivers/STM32L4xx_HAL_Driver/Src/stm32l4xx_hal_rcc_ex.c ****     {
 3714              		.loc 1 2805 7 is_stmt 0 view .LVU1128
 3715 002c 13F0040F 		tst	r3, #4
 3716 0030 1BD0     		beq	.L322
2805:Drivers/STM32L4xx_HAL_Driver/Src/stm32l4xx_hal_rcc_ex.c ****     {
 3717              		.loc 1 2805 45 discriminator 1 view .LVU1129
 3718 0032 12F0040F 		tst	r2, #4
 3719 0036 18D0     		beq	.L322
2807:Drivers/STM32L4xx_HAL_Driver/Src/stm32l4xx_hal_rcc_ex.c ****       {
 3720              		.loc 1 2807 7 is_stmt 1 view .LVU1130
2807:Drivers/STM32L4xx_HAL_Driver/Src/stm32l4xx_hal_rcc_ex.c ****       {
 3721              		.loc 1 2807 9 is_stmt 0 view .LVU1131
 3722 0038 13F48070 		ands	r0, r3, #256
 3723 003c 00D0     		beq	.L327
2809:Drivers/STM32L4xx_HAL_Driver/Src/stm32l4xx_hal_rcc_ex.c ****       }
 3724              		.loc 1 2809 18 view .LVU1132
 3725 003e 0820     		movs	r0, #8
 3726              	.L327:
 3727              	.LVL351:
2811:Drivers/STM32L4xx_HAL_Driver/Src/stm32l4xx_hal_rcc_ex.c ****       {
 3728              		.loc 1 2811 7 is_stmt 1 view .LVU1133
2811:Drivers/STM32L4xx_HAL_Driver/Src/stm32l4xx_hal_rcc_ex.c ****       {
 3729              		.loc 1 2811 9 is_stmt 0 view .LVU1134
 3730 0040 13F4007F 		tst	r3, #512
 3731 0044 01D0     		beq	.L328
2813:Drivers/STM32L4xx_HAL_Driver/Src/stm32l4xx_hal_rcc_ex.c ****       }
 3732              		.loc 1 2813 9 is_stmt 1 view .LVU1135
2813:Drivers/STM32L4xx_HAL_Driver/Src/stm32l4xx_hal_rcc_ex.c ****       }
 3733              		.loc 1 2813 18 is_stmt 0 view .LVU1136
 3734 0046 40F01000 		orr	r0, r0, #16
 3735              	.LVL352:
 3736              	.L328:
2815:Drivers/STM32L4xx_HAL_Driver/Src/stm32l4xx_hal_rcc_ex.c ****       {
 3737              		.loc 1 2815 7 is_stmt 1 view .LVU1137
2815:Drivers/STM32L4xx_HAL_Driver/Src/stm32l4xx_hal_rcc_ex.c ****       {
 3738              		.loc 1 2815 9 is_stmt 0 view .LVU1138
 3739 004a 13F4806F 		tst	r3, #1024
 3740 004e 01D0     		beq	.L329
2817:Drivers/STM32L4xx_HAL_Driver/Src/stm32l4xx_hal_rcc_ex.c ****       }
ARM GAS  C:\Users\adisa\AppData\Local\Temp\ccmroX4q.s 			page 147


 3741              		.loc 1 2817 9 is_stmt 1 view .LVU1139
2817:Drivers/STM32L4xx_HAL_Driver/Src/stm32l4xx_hal_rcc_ex.c ****       }
 3742              		.loc 1 2817 18 is_stmt 0 view .LVU1140
 3743 0050 40F02000 		orr	r0, r0, #32
 3744              	.LVL353:
 3745              	.L329:
2821:Drivers/STM32L4xx_HAL_Driver/Src/stm32l4xx_hal_rcc_ex.c **** 
 3746              		.loc 1 2821 7 is_stmt 1 view .LVU1141
 3747 0054 0B4B     		ldr	r3, .L335
 3748              	.LVL354:
2821:Drivers/STM32L4xx_HAL_Driver/Src/stm32l4xx_hal_rcc_ex.c **** 
 3749              		.loc 1 2821 7 is_stmt 0 view .LVU1142
 3750 0056 0422     		movs	r2, #4
 3751              	.LVL355:
2821:Drivers/STM32L4xx_HAL_Driver/Src/stm32l4xx_hal_rcc_ex.c **** 
 3752              		.loc 1 2821 7 view .LVU1143
 3753 0058 DA60     		str	r2, [r3, #12]
2824:Drivers/STM32L4xx_HAL_Driver/Src/stm32l4xx_hal_rcc_ex.c ****     }
 3754              		.loc 1 2824 7 is_stmt 1 view .LVU1144
 3755 005a FFF7FEFF 		bl	HAL_RCCEx_CRS_ErrorCallback
 3756              	.LVL356:
2827:Drivers/STM32L4xx_HAL_Driver/Src/stm32l4xx_hal_rcc_ex.c **** 
 3757              		.loc 1 2827 1 is_stmt 0 view .LVU1145
 3758 005e 04E0     		b	.L322
 3759              	.LVL357:
 3760              	.L332:
2779:Drivers/STM32L4xx_HAL_Driver/Src/stm32l4xx_hal_rcc_ex.c **** 
 3761              		.loc 1 2779 5 is_stmt 1 view .LVU1146
 3762 0060 084B     		ldr	r3, .L335
 3763              	.LVL358:
2779:Drivers/STM32L4xx_HAL_Driver/Src/stm32l4xx_hal_rcc_ex.c **** 
 3764              		.loc 1 2779 5 is_stmt 0 view .LVU1147
 3765 0062 0122     		movs	r2, #1
 3766              	.LVL359:
2779:Drivers/STM32L4xx_HAL_Driver/Src/stm32l4xx_hal_rcc_ex.c **** 
 3767              		.loc 1 2779 5 view .LVU1148
 3768 0064 DA60     		str	r2, [r3, #12]
2782:Drivers/STM32L4xx_HAL_Driver/Src/stm32l4xx_hal_rcc_ex.c ****   }
 3769              		.loc 1 2782 5 is_stmt 1 view .LVU1149
 3770 0066 FFF7FEFF 		bl	HAL_RCCEx_CRS_SyncOkCallback
 3771              	.LVL360:
 3772              	.L322:
2827:Drivers/STM32L4xx_HAL_Driver/Src/stm32l4xx_hal_rcc_ex.c **** 
 3773              		.loc 1 2827 1 is_stmt 0 view .LVU1150
 3774 006a 08BD     		pop	{r3, pc}
 3775              	.LVL361:
 3776              	.L333:
2788:Drivers/STM32L4xx_HAL_Driver/Src/stm32l4xx_hal_rcc_ex.c **** 
 3777              		.loc 1 2788 5 is_stmt 1 view .LVU1151
 3778 006c 054B     		ldr	r3, .L335
 3779              	.LVL362:
2788:Drivers/STM32L4xx_HAL_Driver/Src/stm32l4xx_hal_rcc_ex.c **** 
 3780              		.loc 1 2788 5 is_stmt 0 view .LVU1152
 3781 006e 0222     		movs	r2, #2
 3782              	.LVL363:
2788:Drivers/STM32L4xx_HAL_Driver/Src/stm32l4xx_hal_rcc_ex.c **** 
 3783              		.loc 1 2788 5 view .LVU1153
ARM GAS  C:\Users\adisa\AppData\Local\Temp\ccmroX4q.s 			page 148


 3784 0070 DA60     		str	r2, [r3, #12]
2791:Drivers/STM32L4xx_HAL_Driver/Src/stm32l4xx_hal_rcc_ex.c ****   }
 3785              		.loc 1 2791 5 is_stmt 1 view .LVU1154
 3786 0072 FFF7FEFF 		bl	HAL_RCCEx_CRS_SyncWarnCallback
 3787              	.LVL364:
 3788 0076 F8E7     		b	.L322
 3789              	.LVL365:
 3790              	.L334:
2797:Drivers/STM32L4xx_HAL_Driver/Src/stm32l4xx_hal_rcc_ex.c **** 
 3791              		.loc 1 2797 5 view .LVU1155
 3792 0078 024B     		ldr	r3, .L335
 3793              	.LVL366:
2797:Drivers/STM32L4xx_HAL_Driver/Src/stm32l4xx_hal_rcc_ex.c **** 
 3794              		.loc 1 2797 5 is_stmt 0 view .LVU1156
 3795 007a 0822     		movs	r2, #8
 3796              	.LVL367:
2797:Drivers/STM32L4xx_HAL_Driver/Src/stm32l4xx_hal_rcc_ex.c **** 
 3797              		.loc 1 2797 5 view .LVU1157
 3798 007c DA60     		str	r2, [r3, #12]
2800:Drivers/STM32L4xx_HAL_Driver/Src/stm32l4xx_hal_rcc_ex.c ****   }
 3799              		.loc 1 2800 5 is_stmt 1 view .LVU1158
 3800 007e FFF7FEFF 		bl	HAL_RCCEx_CRS_ExpectedSyncCallback
 3801              	.LVL368:
 3802 0082 F2E7     		b	.L322
 3803              	.L336:
 3804              		.align	2
 3805              	.L335:
 3806 0084 00600040 		.word	1073766400
 3807              		.cfi_endproc
 3808              	.LFE404:
 3810              		.text
 3811              	.Letext0:
 3812              		.file 2 "C:/Users/adisa/AppData/Roaming/Code/User/globalStorage/bmd.stm32-for-vscode/@xpack-dev-to
 3813              		.file 3 "C:/Users/adisa/AppData/Roaming/Code/User/globalStorage/bmd.stm32-for-vscode/@xpack-dev-to
 3814              		.file 4 "Drivers/CMSIS/Device/ST/STM32L4xx/Include/stm32l432xx.h"
 3815              		.file 5 "Drivers/CMSIS/Device/ST/STM32L4xx/Include/stm32l4xx.h"
 3816              		.file 6 "Drivers/STM32L4xx_HAL_Driver/Inc/stm32l4xx_hal_def.h"
 3817              		.file 7 "Drivers/STM32L4xx_HAL_Driver/Inc/stm32l4xx_hal_rcc_ex.h"
 3818              		.file 8 "Drivers/STM32L4xx_HAL_Driver/Inc/stm32l4xx_hal_gpio.h"
 3819              		.file 9 "Drivers/STM32L4xx_HAL_Driver/Inc/stm32l4xx_hal_pwr.h"
 3820              		.file 10 "Drivers/STM32L4xx_HAL_Driver/Inc/stm32l4xx_hal_rcc.h"
 3821              		.file 11 "Drivers/STM32L4xx_HAL_Driver/Inc/stm32l4xx_hal.h"
 3822              		.file 12 "Drivers/CMSIS/Device/ST/STM32L4xx/Include/system_stm32l4xx.h"
 3823              		.file 13 "Drivers/STM32L4xx_HAL_Driver/Inc/stm32l4xx_ll_dma.h"
ARM GAS  C:\Users\adisa\AppData\Local\Temp\ccmroX4q.s 			page 149


DEFINED SYMBOLS
                            *ABS*:00000000 stm32l4xx_hal_rcc_ex.c
C:\Users\adisa\AppData\Local\Temp\ccmroX4q.s:21     .text.RCCEx_GetSAIxPeriphCLKFreq:00000000 $t
C:\Users\adisa\AppData\Local\Temp\ccmroX4q.s:26     .text.RCCEx_GetSAIxPeriphCLKFreq:00000000 RCCEx_GetSAIxPeriphCLKFreq
C:\Users\adisa\AppData\Local\Temp\ccmroX4q.s:264    .text.RCCEx_GetSAIxPeriphCLKFreq:000000e4 $d
C:\Users\adisa\AppData\Local\Temp\ccmroX4q.s:271    .text.RCCEx_PLLSAI1_Config:00000000 $t
C:\Users\adisa\AppData\Local\Temp\ccmroX4q.s:276    .text.RCCEx_PLLSAI1_Config:00000000 RCCEx_PLLSAI1_Config
C:\Users\adisa\AppData\Local\Temp\ccmroX4q.s:572    .text.RCCEx_PLLSAI1_Config:0000016c $d
C:\Users\adisa\AppData\Local\Temp\ccmroX4q.s:577    .text.HAL_RCCEx_PeriphCLKConfig:00000000 $t
C:\Users\adisa\AppData\Local\Temp\ccmroX4q.s:583    .text.HAL_RCCEx_PeriphCLKConfig:00000000 HAL_RCCEx_PeriphCLKConfig
C:\Users\adisa\AppData\Local\Temp\ccmroX4q.s:1153   .text.HAL_RCCEx_PeriphCLKConfig:000002e0 $d
C:\Users\adisa\AppData\Local\Temp\ccmroX4q.s:1159   .text.HAL_RCCEx_GetPeriphCLKConfig:00000000 $t
C:\Users\adisa\AppData\Local\Temp\ccmroX4q.s:1165   .text.HAL_RCCEx_GetPeriphCLKConfig:00000000 HAL_RCCEx_GetPeriphCLKConfig
C:\Users\adisa\AppData\Local\Temp\ccmroX4q.s:1318   .text.HAL_RCCEx_GetPeriphCLKConfig:000000cc $d
C:\Users\adisa\AppData\Local\Temp\ccmroX4q.s:1324   .text.HAL_RCCEx_GetPeriphCLKFreq:00000000 $t
C:\Users\adisa\AppData\Local\Temp\ccmroX4q.s:1330   .text.HAL_RCCEx_GetPeriphCLKFreq:00000000 HAL_RCCEx_GetPeriphCLKFreq
C:\Users\adisa\AppData\Local\Temp\ccmroX4q.s:1556   .text.HAL_RCCEx_GetPeriphCLKFreq:00000144 $d
C:\Users\adisa\AppData\Local\Temp\ccmroX4q.s:1570   .text.HAL_RCCEx_GetPeriphCLKFreq:0000015e $t
C:\Users\adisa\AppData\Local\Temp\ccmroX4q.s:1850   .text.HAL_RCCEx_GetPeriphCLKFreq:000002bc $d
C:\Users\adisa\AppData\Local\Temp\ccmroX4q.s:1860   .text.HAL_RCCEx_GetPeriphCLKFreq:000002d4 $t
C:\Users\adisa\AppData\Local\Temp\ccmroX4q.s:1870   .text.HAL_RCCEx_GetPeriphCLKFreq:000002e8 $d
C:\Users\adisa\AppData\Local\Temp\ccmroX4q.s:1874   .text.HAL_RCCEx_GetPeriphCLKFreq:000002ec $t
C:\Users\adisa\AppData\Local\Temp\ccmroX4q.s:2400   .text.HAL_RCCEx_GetPeriphCLKFreq:0000050c $d
C:\Users\adisa\AppData\Local\Temp\ccmroX4q.s:2406   .text.HAL_RCCEx_EnablePLLSAI1:00000000 $t
C:\Users\adisa\AppData\Local\Temp\ccmroX4q.s:2412   .text.HAL_RCCEx_EnablePLLSAI1:00000000 HAL_RCCEx_EnablePLLSAI1
C:\Users\adisa\AppData\Local\Temp\ccmroX4q.s:2550   .text.HAL_RCCEx_EnablePLLSAI1:0000008c $d
C:\Users\adisa\AppData\Local\Temp\ccmroX4q.s:2556   .text.HAL_RCCEx_DisablePLLSAI1:00000000 $t
C:\Users\adisa\AppData\Local\Temp\ccmroX4q.s:2562   .text.HAL_RCCEx_DisablePLLSAI1:00000000 HAL_RCCEx_DisablePLLSAI1
C:\Users\adisa\AppData\Local\Temp\ccmroX4q.s:2638   .text.HAL_RCCEx_DisablePLLSAI1:0000004c $d
C:\Users\adisa\AppData\Local\Temp\ccmroX4q.s:2643   .text.HAL_RCCEx_WakeUpStopCLKConfig:00000000 $t
C:\Users\adisa\AppData\Local\Temp\ccmroX4q.s:2649   .text.HAL_RCCEx_WakeUpStopCLKConfig:00000000 HAL_RCCEx_WakeUpStopCLKConfig
C:\Users\adisa\AppData\Local\Temp\ccmroX4q.s:2669   .text.HAL_RCCEx_WakeUpStopCLKConfig:00000010 $d
C:\Users\adisa\AppData\Local\Temp\ccmroX4q.s:2674   .text.HAL_RCCEx_StandbyMSIRangeConfig:00000000 $t
C:\Users\adisa\AppData\Local\Temp\ccmroX4q.s:2680   .text.HAL_RCCEx_StandbyMSIRangeConfig:00000000 HAL_RCCEx_StandbyMSIRangeConfig
C:\Users\adisa\AppData\Local\Temp\ccmroX4q.s:2700   .text.HAL_RCCEx_StandbyMSIRangeConfig:00000014 $d
C:\Users\adisa\AppData\Local\Temp\ccmroX4q.s:2705   .text.HAL_RCCEx_EnableLSECSS:00000000 $t
C:\Users\adisa\AppData\Local\Temp\ccmroX4q.s:2711   .text.HAL_RCCEx_EnableLSECSS:00000000 HAL_RCCEx_EnableLSECSS
C:\Users\adisa\AppData\Local\Temp\ccmroX4q.s:2728   .text.HAL_RCCEx_EnableLSECSS:00000010 $d
C:\Users\adisa\AppData\Local\Temp\ccmroX4q.s:2733   .text.HAL_RCCEx_DisableLSECSS:00000000 $t
C:\Users\adisa\AppData\Local\Temp\ccmroX4q.s:2739   .text.HAL_RCCEx_DisableLSECSS:00000000 HAL_RCCEx_DisableLSECSS
C:\Users\adisa\AppData\Local\Temp\ccmroX4q.s:2760   .text.HAL_RCCEx_DisableLSECSS:00000018 $d
C:\Users\adisa\AppData\Local\Temp\ccmroX4q.s:2765   .text.HAL_RCCEx_EnableLSECSS_IT:00000000 $t
C:\Users\adisa\AppData\Local\Temp\ccmroX4q.s:2771   .text.HAL_RCCEx_EnableLSECSS_IT:00000000 HAL_RCCEx_EnableLSECSS_IT
C:\Users\adisa\AppData\Local\Temp\ccmroX4q.s:2801   .text.HAL_RCCEx_EnableLSECSS_IT:0000002c $d
C:\Users\adisa\AppData\Local\Temp\ccmroX4q.s:2806   .text.HAL_RCCEx_LSECSS_Callback:00000000 $t
C:\Users\adisa\AppData\Local\Temp\ccmroX4q.s:2812   .text.HAL_RCCEx_LSECSS_Callback:00000000 HAL_RCCEx_LSECSS_Callback
C:\Users\adisa\AppData\Local\Temp\ccmroX4q.s:2825   .text.HAL_RCCEx_LSECSS_IRQHandler:00000000 $t
C:\Users\adisa\AppData\Local\Temp\ccmroX4q.s:2831   .text.HAL_RCCEx_LSECSS_IRQHandler:00000000 HAL_RCCEx_LSECSS_IRQHandler
C:\Users\adisa\AppData\Local\Temp\ccmroX4q.s:2865   .text.HAL_RCCEx_LSECSS_IRQHandler:0000001c $d
C:\Users\adisa\AppData\Local\Temp\ccmroX4q.s:2870   .text.HAL_RCCEx_EnableLSCO:00000000 $t
C:\Users\adisa\AppData\Local\Temp\ccmroX4q.s:2876   .text.HAL_RCCEx_EnableLSCO:00000000 HAL_RCCEx_EnableLSCO
C:\Users\adisa\AppData\Local\Temp\ccmroX4q.s:3037   .text.HAL_RCCEx_EnableLSCO:000000a0 $d
C:\Users\adisa\AppData\Local\Temp\ccmroX4q.s:3043   .text.HAL_RCCEx_DisableLSCO:00000000 $t
C:\Users\adisa\AppData\Local\Temp\ccmroX4q.s:3049   .text.HAL_RCCEx_DisableLSCO:00000000 HAL_RCCEx_DisableLSCO
C:\Users\adisa\AppData\Local\Temp\ccmroX4q.s:3161   .text.HAL_RCCEx_DisableLSCO:00000064 $d
C:\Users\adisa\AppData\Local\Temp\ccmroX4q.s:3167   .text.HAL_RCCEx_EnableMSIPLLMode:00000000 $t
C:\Users\adisa\AppData\Local\Temp\ccmroX4q.s:3173   .text.HAL_RCCEx_EnableMSIPLLMode:00000000 HAL_RCCEx_EnableMSIPLLMode
ARM GAS  C:\Users\adisa\AppData\Local\Temp\ccmroX4q.s 			page 150


C:\Users\adisa\AppData\Local\Temp\ccmroX4q.s:3190   .text.HAL_RCCEx_EnableMSIPLLMode:0000000c $d
C:\Users\adisa\AppData\Local\Temp\ccmroX4q.s:3195   .text.HAL_RCCEx_DisableMSIPLLMode:00000000 $t
C:\Users\adisa\AppData\Local\Temp\ccmroX4q.s:3201   .text.HAL_RCCEx_DisableMSIPLLMode:00000000 HAL_RCCEx_DisableMSIPLLMode
C:\Users\adisa\AppData\Local\Temp\ccmroX4q.s:3218   .text.HAL_RCCEx_DisableMSIPLLMode:0000000c $d
C:\Users\adisa\AppData\Local\Temp\ccmroX4q.s:3223   .text.HAL_RCCEx_CRSConfig:00000000 $t
C:\Users\adisa\AppData\Local\Temp\ccmroX4q.s:3229   .text.HAL_RCCEx_CRSConfig:00000000 HAL_RCCEx_CRSConfig
C:\Users\adisa\AppData\Local\Temp\ccmroX4q.s:3298   .text.HAL_RCCEx_CRSConfig:00000044 $d
C:\Users\adisa\AppData\Local\Temp\ccmroX4q.s:3304   .text.HAL_RCCEx_CRSSoftwareSynchronizationGenerate:00000000 $t
C:\Users\adisa\AppData\Local\Temp\ccmroX4q.s:3310   .text.HAL_RCCEx_CRSSoftwareSynchronizationGenerate:00000000 HAL_RCCEx_CRSSoftwareSynchronizationGenerate
C:\Users\adisa\AppData\Local\Temp\ccmroX4q.s:3327   .text.HAL_RCCEx_CRSSoftwareSynchronizationGenerate:0000000c $d
C:\Users\adisa\AppData\Local\Temp\ccmroX4q.s:3332   .text.HAL_RCCEx_CRSGetSynchronizationInfo:00000000 $t
C:\Users\adisa\AppData\Local\Temp\ccmroX4q.s:3338   .text.HAL_RCCEx_CRSGetSynchronizationInfo:00000000 HAL_RCCEx_CRSGetSynchronizationInfo
C:\Users\adisa\AppData\Local\Temp\ccmroX4q.s:3379   .text.HAL_RCCEx_CRSGetSynchronizationInfo:00000020 $d
C:\Users\adisa\AppData\Local\Temp\ccmroX4q.s:3384   .text.HAL_RCCEx_CRSWaitSynchronization:00000000 $t
C:\Users\adisa\AppData\Local\Temp\ccmroX4q.s:3390   .text.HAL_RCCEx_CRSWaitSynchronization:00000000 HAL_RCCEx_CRSWaitSynchronization
C:\Users\adisa\AppData\Local\Temp\ccmroX4q.s:3578   .text.HAL_RCCEx_CRSWaitSynchronization:000000a8 $d
C:\Users\adisa\AppData\Local\Temp\ccmroX4q.s:3583   .text.HAL_RCCEx_CRS_SyncOkCallback:00000000 $t
C:\Users\adisa\AppData\Local\Temp\ccmroX4q.s:3589   .text.HAL_RCCEx_CRS_SyncOkCallback:00000000 HAL_RCCEx_CRS_SyncOkCallback
C:\Users\adisa\AppData\Local\Temp\ccmroX4q.s:3602   .text.HAL_RCCEx_CRS_SyncWarnCallback:00000000 $t
C:\Users\adisa\AppData\Local\Temp\ccmroX4q.s:3608   .text.HAL_RCCEx_CRS_SyncWarnCallback:00000000 HAL_RCCEx_CRS_SyncWarnCallback
C:\Users\adisa\AppData\Local\Temp\ccmroX4q.s:3621   .text.HAL_RCCEx_CRS_ExpectedSyncCallback:00000000 $t
C:\Users\adisa\AppData\Local\Temp\ccmroX4q.s:3627   .text.HAL_RCCEx_CRS_ExpectedSyncCallback:00000000 HAL_RCCEx_CRS_ExpectedSyncCallback
C:\Users\adisa\AppData\Local\Temp\ccmroX4q.s:3640   .text.HAL_RCCEx_CRS_ErrorCallback:00000000 $t
C:\Users\adisa\AppData\Local\Temp\ccmroX4q.s:3646   .text.HAL_RCCEx_CRS_ErrorCallback:00000000 HAL_RCCEx_CRS_ErrorCallback
C:\Users\adisa\AppData\Local\Temp\ccmroX4q.s:3661   .text.HAL_RCCEx_CRS_IRQHandler:00000000 $t
C:\Users\adisa\AppData\Local\Temp\ccmroX4q.s:3667   .text.HAL_RCCEx_CRS_IRQHandler:00000000 HAL_RCCEx_CRS_IRQHandler
C:\Users\adisa\AppData\Local\Temp\ccmroX4q.s:3806   .text.HAL_RCCEx_CRS_IRQHandler:00000084 $d

UNDEFINED SYMBOLS
HAL_GetTick
HAL_RCC_GetPCLK1Freq
MSIRangeTable
HAL_RCC_GetPCLK2Freq
HAL_RCC_GetSysClockFreq
HAL_GPIO_Init
HAL_PWR_EnableBkUpAccess
HAL_PWR_DisableBkUpAccess
