ARM GAS  C:\Users\adisa\AppData\Local\Temp\ccJAKY7c.s 			page 1


   1              		.cpu cortex-m4
   2              		.arch armv7e-m
   3              		.fpu fpv4-sp-d16
   4              		.eabi_attribute 27, 1
   5              		.eabi_attribute 28, 1
   6              		.eabi_attribute 20, 1
   7              		.eabi_attribute 21, 1
   8              		.eabi_attribute 23, 3
   9              		.eabi_attribute 24, 1
  10              		.eabi_attribute 25, 1
  11              		.eabi_attribute 26, 1
  12              		.eabi_attribute 30, 1
  13              		.eabi_attribute 34, 1
  14              		.eabi_attribute 18, 4
  15              		.file	"can.c"
  16              		.text
  17              	.Ltext0:
  18              		.cfi_sections	.debug_frame
  19              		.file 1 "Core/Src/can.c"
  20              		.section	.text.__NVIC_SystemReset,"ax",%progbits
  21              		.align	1
  22              		.syntax unified
  23              		.thumb
  24              		.thumb_func
  26              	__NVIC_SystemReset:
  27              	.LFB123:
  28              		.file 2 "Drivers/CMSIS/Include/core_cm4.h"
   1:Drivers/CMSIS/Include/core_cm4.h **** /**************************************************************************//**
   2:Drivers/CMSIS/Include/core_cm4.h ****  * @file     core_cm4.h
   3:Drivers/CMSIS/Include/core_cm4.h ****  * @brief    CMSIS Cortex-M4 Core Peripheral Access Layer Header File
   4:Drivers/CMSIS/Include/core_cm4.h ****  * @version  V5.1.0
   5:Drivers/CMSIS/Include/core_cm4.h ****  * @date     13. March 2019
   6:Drivers/CMSIS/Include/core_cm4.h ****  ******************************************************************************/
   7:Drivers/CMSIS/Include/core_cm4.h **** /*
   8:Drivers/CMSIS/Include/core_cm4.h ****  * Copyright (c) 2009-2019 Arm Limited. All rights reserved.
   9:Drivers/CMSIS/Include/core_cm4.h ****  *
  10:Drivers/CMSIS/Include/core_cm4.h ****  * SPDX-License-Identifier: Apache-2.0
  11:Drivers/CMSIS/Include/core_cm4.h ****  *
  12:Drivers/CMSIS/Include/core_cm4.h ****  * Licensed under the Apache License, Version 2.0 (the License); you may
  13:Drivers/CMSIS/Include/core_cm4.h ****  * not use this file except in compliance with the License.
  14:Drivers/CMSIS/Include/core_cm4.h ****  * You may obtain a copy of the License at
  15:Drivers/CMSIS/Include/core_cm4.h ****  *
  16:Drivers/CMSIS/Include/core_cm4.h ****  * www.apache.org/licenses/LICENSE-2.0
  17:Drivers/CMSIS/Include/core_cm4.h ****  *
  18:Drivers/CMSIS/Include/core_cm4.h ****  * Unless required by applicable law or agreed to in writing, software
  19:Drivers/CMSIS/Include/core_cm4.h ****  * distributed under the License is distributed on an AS IS BASIS, WITHOUT
  20:Drivers/CMSIS/Include/core_cm4.h ****  * WARRANTIES OR CONDITIONS OF ANY KIND, either express or implied.
  21:Drivers/CMSIS/Include/core_cm4.h ****  * See the License for the specific language governing permissions and
  22:Drivers/CMSIS/Include/core_cm4.h ****  * limitations under the License.
  23:Drivers/CMSIS/Include/core_cm4.h ****  */
  24:Drivers/CMSIS/Include/core_cm4.h **** 
  25:Drivers/CMSIS/Include/core_cm4.h **** #if   defined ( __ICCARM__ )
  26:Drivers/CMSIS/Include/core_cm4.h ****   #pragma system_include         /* treat file as system include file for MISRA check */
  27:Drivers/CMSIS/Include/core_cm4.h **** #elif defined (__clang__)
  28:Drivers/CMSIS/Include/core_cm4.h ****   #pragma clang system_header   /* treat file as system include file */
  29:Drivers/CMSIS/Include/core_cm4.h **** #endif
  30:Drivers/CMSIS/Include/core_cm4.h **** 
ARM GAS  C:\Users\adisa\AppData\Local\Temp\ccJAKY7c.s 			page 2


  31:Drivers/CMSIS/Include/core_cm4.h **** #ifndef __CORE_CM4_H_GENERIC
  32:Drivers/CMSIS/Include/core_cm4.h **** #define __CORE_CM4_H_GENERIC
  33:Drivers/CMSIS/Include/core_cm4.h **** 
  34:Drivers/CMSIS/Include/core_cm4.h **** #include <stdint.h>
  35:Drivers/CMSIS/Include/core_cm4.h **** 
  36:Drivers/CMSIS/Include/core_cm4.h **** #ifdef __cplusplus
  37:Drivers/CMSIS/Include/core_cm4.h ****  extern "C" {
  38:Drivers/CMSIS/Include/core_cm4.h **** #endif
  39:Drivers/CMSIS/Include/core_cm4.h **** 
  40:Drivers/CMSIS/Include/core_cm4.h **** /**
  41:Drivers/CMSIS/Include/core_cm4.h ****   \page CMSIS_MISRA_Exceptions  MISRA-C:2004 Compliance Exceptions
  42:Drivers/CMSIS/Include/core_cm4.h ****   CMSIS violates the following MISRA-C:2004 rules:
  43:Drivers/CMSIS/Include/core_cm4.h **** 
  44:Drivers/CMSIS/Include/core_cm4.h ****    \li Required Rule 8.5, object/function definition in header file.<br>
  45:Drivers/CMSIS/Include/core_cm4.h ****      Function definitions in header files are used to allow 'inlining'.
  46:Drivers/CMSIS/Include/core_cm4.h **** 
  47:Drivers/CMSIS/Include/core_cm4.h ****    \li Required Rule 18.4, declaration of union type or object of union type: '{...}'.<br>
  48:Drivers/CMSIS/Include/core_cm4.h ****      Unions are used for effective representation of core registers.
  49:Drivers/CMSIS/Include/core_cm4.h **** 
  50:Drivers/CMSIS/Include/core_cm4.h ****    \li Advisory Rule 19.7, Function-like macro defined.<br>
  51:Drivers/CMSIS/Include/core_cm4.h ****      Function-like macros are used to allow more efficient code.
  52:Drivers/CMSIS/Include/core_cm4.h ****  */
  53:Drivers/CMSIS/Include/core_cm4.h **** 
  54:Drivers/CMSIS/Include/core_cm4.h **** 
  55:Drivers/CMSIS/Include/core_cm4.h **** /*******************************************************************************
  56:Drivers/CMSIS/Include/core_cm4.h ****  *                 CMSIS definitions
  57:Drivers/CMSIS/Include/core_cm4.h ****  ******************************************************************************/
  58:Drivers/CMSIS/Include/core_cm4.h **** /**
  59:Drivers/CMSIS/Include/core_cm4.h ****   \ingroup Cortex_M4
  60:Drivers/CMSIS/Include/core_cm4.h ****   @{
  61:Drivers/CMSIS/Include/core_cm4.h ****  */
  62:Drivers/CMSIS/Include/core_cm4.h **** 
  63:Drivers/CMSIS/Include/core_cm4.h **** #include "cmsis_version.h"
  64:Drivers/CMSIS/Include/core_cm4.h **** 
  65:Drivers/CMSIS/Include/core_cm4.h **** /* CMSIS CM4 definitions */
  66:Drivers/CMSIS/Include/core_cm4.h **** #define __CM4_CMSIS_VERSION_MAIN  (__CM_CMSIS_VERSION_MAIN)              /*!< \deprecated [31:16] C
  67:Drivers/CMSIS/Include/core_cm4.h **** #define __CM4_CMSIS_VERSION_SUB   (__CM_CMSIS_VERSION_SUB)               /*!< \deprecated [15:0]  C
  68:Drivers/CMSIS/Include/core_cm4.h **** #define __CM4_CMSIS_VERSION       ((__CM4_CMSIS_VERSION_MAIN << 16U) | \
  69:Drivers/CMSIS/Include/core_cm4.h ****                                     __CM4_CMSIS_VERSION_SUB           )  /*!< \deprecated CMSIS HAL
  70:Drivers/CMSIS/Include/core_cm4.h **** 
  71:Drivers/CMSIS/Include/core_cm4.h **** #define __CORTEX_M                (4U)                                   /*!< Cortex-M Core */
  72:Drivers/CMSIS/Include/core_cm4.h **** 
  73:Drivers/CMSIS/Include/core_cm4.h **** /** __FPU_USED indicates whether an FPU is used or not.
  74:Drivers/CMSIS/Include/core_cm4.h ****     For this, __FPU_PRESENT has to be checked prior to making use of FPU specific registers and fun
  75:Drivers/CMSIS/Include/core_cm4.h **** */
  76:Drivers/CMSIS/Include/core_cm4.h **** #if defined ( __CC_ARM )
  77:Drivers/CMSIS/Include/core_cm4.h ****   #if defined __TARGET_FPU_VFP
  78:Drivers/CMSIS/Include/core_cm4.h ****     #if defined (__FPU_PRESENT) && (__FPU_PRESENT == 1U)
  79:Drivers/CMSIS/Include/core_cm4.h ****       #define __FPU_USED       1U
  80:Drivers/CMSIS/Include/core_cm4.h ****     #else
  81:Drivers/CMSIS/Include/core_cm4.h ****       #error "Compiler generates FPU instructions for a device without an FPU (check __FPU_PRESENT)
  82:Drivers/CMSIS/Include/core_cm4.h ****       #define __FPU_USED       0U
  83:Drivers/CMSIS/Include/core_cm4.h ****     #endif
  84:Drivers/CMSIS/Include/core_cm4.h ****   #else
  85:Drivers/CMSIS/Include/core_cm4.h ****     #define __FPU_USED         0U
  86:Drivers/CMSIS/Include/core_cm4.h ****   #endif
  87:Drivers/CMSIS/Include/core_cm4.h **** 
ARM GAS  C:\Users\adisa\AppData\Local\Temp\ccJAKY7c.s 			page 3


  88:Drivers/CMSIS/Include/core_cm4.h **** #elif defined (__ARMCC_VERSION) && (__ARMCC_VERSION >= 6010050)
  89:Drivers/CMSIS/Include/core_cm4.h ****   #if defined __ARM_FP
  90:Drivers/CMSIS/Include/core_cm4.h ****     #if defined (__FPU_PRESENT) && (__FPU_PRESENT == 1U)
  91:Drivers/CMSIS/Include/core_cm4.h ****       #define __FPU_USED       1U
  92:Drivers/CMSIS/Include/core_cm4.h ****     #else
  93:Drivers/CMSIS/Include/core_cm4.h ****       #warning "Compiler generates FPU instructions for a device without an FPU (check __FPU_PRESEN
  94:Drivers/CMSIS/Include/core_cm4.h ****       #define __FPU_USED       0U
  95:Drivers/CMSIS/Include/core_cm4.h ****     #endif
  96:Drivers/CMSIS/Include/core_cm4.h ****   #else
  97:Drivers/CMSIS/Include/core_cm4.h ****     #define __FPU_USED         0U
  98:Drivers/CMSIS/Include/core_cm4.h ****   #endif
  99:Drivers/CMSIS/Include/core_cm4.h **** 
 100:Drivers/CMSIS/Include/core_cm4.h **** #elif defined ( __GNUC__ )
 101:Drivers/CMSIS/Include/core_cm4.h ****   #if defined (__VFP_FP__) && !defined(__SOFTFP__)
 102:Drivers/CMSIS/Include/core_cm4.h ****     #if defined (__FPU_PRESENT) && (__FPU_PRESENT == 1U)
 103:Drivers/CMSIS/Include/core_cm4.h ****       #define __FPU_USED       1U
 104:Drivers/CMSIS/Include/core_cm4.h ****     #else
 105:Drivers/CMSIS/Include/core_cm4.h ****       #error "Compiler generates FPU instructions for a device without an FPU (check __FPU_PRESENT)
 106:Drivers/CMSIS/Include/core_cm4.h ****       #define __FPU_USED       0U
 107:Drivers/CMSIS/Include/core_cm4.h ****     #endif
 108:Drivers/CMSIS/Include/core_cm4.h ****   #else
 109:Drivers/CMSIS/Include/core_cm4.h ****     #define __FPU_USED         0U
 110:Drivers/CMSIS/Include/core_cm4.h ****   #endif
 111:Drivers/CMSIS/Include/core_cm4.h **** 
 112:Drivers/CMSIS/Include/core_cm4.h **** #elif defined ( __ICCARM__ )
 113:Drivers/CMSIS/Include/core_cm4.h ****   #if defined __ARMVFP__
 114:Drivers/CMSIS/Include/core_cm4.h ****     #if defined (__FPU_PRESENT) && (__FPU_PRESENT == 1U)
 115:Drivers/CMSIS/Include/core_cm4.h ****       #define __FPU_USED       1U
 116:Drivers/CMSIS/Include/core_cm4.h ****     #else
 117:Drivers/CMSIS/Include/core_cm4.h ****       #error "Compiler generates FPU instructions for a device without an FPU (check __FPU_PRESENT)
 118:Drivers/CMSIS/Include/core_cm4.h ****       #define __FPU_USED       0U
 119:Drivers/CMSIS/Include/core_cm4.h ****     #endif
 120:Drivers/CMSIS/Include/core_cm4.h ****   #else
 121:Drivers/CMSIS/Include/core_cm4.h ****     #define __FPU_USED         0U
 122:Drivers/CMSIS/Include/core_cm4.h ****   #endif
 123:Drivers/CMSIS/Include/core_cm4.h **** 
 124:Drivers/CMSIS/Include/core_cm4.h **** #elif defined ( __TI_ARM__ )
 125:Drivers/CMSIS/Include/core_cm4.h ****   #if defined __TI_VFP_SUPPORT__
 126:Drivers/CMSIS/Include/core_cm4.h ****     #if defined (__FPU_PRESENT) && (__FPU_PRESENT == 1U)
 127:Drivers/CMSIS/Include/core_cm4.h ****       #define __FPU_USED       1U
 128:Drivers/CMSIS/Include/core_cm4.h ****     #else
 129:Drivers/CMSIS/Include/core_cm4.h ****       #error "Compiler generates FPU instructions for a device without an FPU (check __FPU_PRESENT)
 130:Drivers/CMSIS/Include/core_cm4.h ****       #define __FPU_USED       0U
 131:Drivers/CMSIS/Include/core_cm4.h ****     #endif
 132:Drivers/CMSIS/Include/core_cm4.h ****   #else
 133:Drivers/CMSIS/Include/core_cm4.h ****     #define __FPU_USED         0U
 134:Drivers/CMSIS/Include/core_cm4.h ****   #endif
 135:Drivers/CMSIS/Include/core_cm4.h **** 
 136:Drivers/CMSIS/Include/core_cm4.h **** #elif defined ( __TASKING__ )
 137:Drivers/CMSIS/Include/core_cm4.h ****   #if defined __FPU_VFP__
 138:Drivers/CMSIS/Include/core_cm4.h ****     #if defined (__FPU_PRESENT) && (__FPU_PRESENT == 1U)
 139:Drivers/CMSIS/Include/core_cm4.h ****       #define __FPU_USED       1U
 140:Drivers/CMSIS/Include/core_cm4.h ****     #else
 141:Drivers/CMSIS/Include/core_cm4.h ****       #error "Compiler generates FPU instructions for a device without an FPU (check __FPU_PRESENT)
 142:Drivers/CMSIS/Include/core_cm4.h ****       #define __FPU_USED       0U
 143:Drivers/CMSIS/Include/core_cm4.h ****     #endif
 144:Drivers/CMSIS/Include/core_cm4.h ****   #else
ARM GAS  C:\Users\adisa\AppData\Local\Temp\ccJAKY7c.s 			page 4


 145:Drivers/CMSIS/Include/core_cm4.h ****     #define __FPU_USED         0U
 146:Drivers/CMSIS/Include/core_cm4.h ****   #endif
 147:Drivers/CMSIS/Include/core_cm4.h **** 
 148:Drivers/CMSIS/Include/core_cm4.h **** #elif defined ( __CSMC__ )
 149:Drivers/CMSIS/Include/core_cm4.h ****   #if ( __CSMC__ & 0x400U)
 150:Drivers/CMSIS/Include/core_cm4.h ****     #if defined (__FPU_PRESENT) && (__FPU_PRESENT == 1U)
 151:Drivers/CMSIS/Include/core_cm4.h ****       #define __FPU_USED       1U
 152:Drivers/CMSIS/Include/core_cm4.h ****     #else
 153:Drivers/CMSIS/Include/core_cm4.h ****       #error "Compiler generates FPU instructions for a device without an FPU (check __FPU_PRESENT)
 154:Drivers/CMSIS/Include/core_cm4.h ****       #define __FPU_USED       0U
 155:Drivers/CMSIS/Include/core_cm4.h ****     #endif
 156:Drivers/CMSIS/Include/core_cm4.h ****   #else
 157:Drivers/CMSIS/Include/core_cm4.h ****     #define __FPU_USED         0U
 158:Drivers/CMSIS/Include/core_cm4.h ****   #endif
 159:Drivers/CMSIS/Include/core_cm4.h **** 
 160:Drivers/CMSIS/Include/core_cm4.h **** #endif
 161:Drivers/CMSIS/Include/core_cm4.h **** 
 162:Drivers/CMSIS/Include/core_cm4.h **** #include "cmsis_compiler.h"               /* CMSIS compiler specific defines */
 163:Drivers/CMSIS/Include/core_cm4.h **** 
 164:Drivers/CMSIS/Include/core_cm4.h **** 
 165:Drivers/CMSIS/Include/core_cm4.h **** #ifdef __cplusplus
 166:Drivers/CMSIS/Include/core_cm4.h **** }
 167:Drivers/CMSIS/Include/core_cm4.h **** #endif
 168:Drivers/CMSIS/Include/core_cm4.h **** 
 169:Drivers/CMSIS/Include/core_cm4.h **** #endif /* __CORE_CM4_H_GENERIC */
 170:Drivers/CMSIS/Include/core_cm4.h **** 
 171:Drivers/CMSIS/Include/core_cm4.h **** #ifndef __CMSIS_GENERIC
 172:Drivers/CMSIS/Include/core_cm4.h **** 
 173:Drivers/CMSIS/Include/core_cm4.h **** #ifndef __CORE_CM4_H_DEPENDANT
 174:Drivers/CMSIS/Include/core_cm4.h **** #define __CORE_CM4_H_DEPENDANT
 175:Drivers/CMSIS/Include/core_cm4.h **** 
 176:Drivers/CMSIS/Include/core_cm4.h **** #ifdef __cplusplus
 177:Drivers/CMSIS/Include/core_cm4.h ****  extern "C" {
 178:Drivers/CMSIS/Include/core_cm4.h **** #endif
 179:Drivers/CMSIS/Include/core_cm4.h **** 
 180:Drivers/CMSIS/Include/core_cm4.h **** /* check device defines and use defaults */
 181:Drivers/CMSIS/Include/core_cm4.h **** #if defined __CHECK_DEVICE_DEFINES
 182:Drivers/CMSIS/Include/core_cm4.h ****   #ifndef __CM4_REV
 183:Drivers/CMSIS/Include/core_cm4.h ****     #define __CM4_REV               0x0000U
 184:Drivers/CMSIS/Include/core_cm4.h ****     #warning "__CM4_REV not defined in device header file; using default!"
 185:Drivers/CMSIS/Include/core_cm4.h ****   #endif
 186:Drivers/CMSIS/Include/core_cm4.h **** 
 187:Drivers/CMSIS/Include/core_cm4.h ****   #ifndef __FPU_PRESENT
 188:Drivers/CMSIS/Include/core_cm4.h ****     #define __FPU_PRESENT             0U
 189:Drivers/CMSIS/Include/core_cm4.h ****     #warning "__FPU_PRESENT not defined in device header file; using default!"
 190:Drivers/CMSIS/Include/core_cm4.h ****   #endif
 191:Drivers/CMSIS/Include/core_cm4.h **** 
 192:Drivers/CMSIS/Include/core_cm4.h ****   #ifndef __MPU_PRESENT
 193:Drivers/CMSIS/Include/core_cm4.h ****     #define __MPU_PRESENT             0U
 194:Drivers/CMSIS/Include/core_cm4.h ****     #warning "__MPU_PRESENT not defined in device header file; using default!"
 195:Drivers/CMSIS/Include/core_cm4.h ****   #endif
 196:Drivers/CMSIS/Include/core_cm4.h **** 
 197:Drivers/CMSIS/Include/core_cm4.h ****   #ifndef __NVIC_PRIO_BITS
 198:Drivers/CMSIS/Include/core_cm4.h ****     #define __NVIC_PRIO_BITS          3U
 199:Drivers/CMSIS/Include/core_cm4.h ****     #warning "__NVIC_PRIO_BITS not defined in device header file; using default!"
 200:Drivers/CMSIS/Include/core_cm4.h ****   #endif
 201:Drivers/CMSIS/Include/core_cm4.h **** 
ARM GAS  C:\Users\adisa\AppData\Local\Temp\ccJAKY7c.s 			page 5


 202:Drivers/CMSIS/Include/core_cm4.h ****   #ifndef __Vendor_SysTickConfig
 203:Drivers/CMSIS/Include/core_cm4.h ****     #define __Vendor_SysTickConfig    0U
 204:Drivers/CMSIS/Include/core_cm4.h ****     #warning "__Vendor_SysTickConfig not defined in device header file; using default!"
 205:Drivers/CMSIS/Include/core_cm4.h ****   #endif
 206:Drivers/CMSIS/Include/core_cm4.h **** #endif
 207:Drivers/CMSIS/Include/core_cm4.h **** 
 208:Drivers/CMSIS/Include/core_cm4.h **** /* IO definitions (access restrictions to peripheral registers) */
 209:Drivers/CMSIS/Include/core_cm4.h **** /**
 210:Drivers/CMSIS/Include/core_cm4.h ****     \defgroup CMSIS_glob_defs CMSIS Global Defines
 211:Drivers/CMSIS/Include/core_cm4.h **** 
 212:Drivers/CMSIS/Include/core_cm4.h ****     <strong>IO Type Qualifiers</strong> are used
 213:Drivers/CMSIS/Include/core_cm4.h ****     \li to specify the access to peripheral variables.
 214:Drivers/CMSIS/Include/core_cm4.h ****     \li for automatic generation of peripheral register debug information.
 215:Drivers/CMSIS/Include/core_cm4.h **** */
 216:Drivers/CMSIS/Include/core_cm4.h **** #ifdef __cplusplus
 217:Drivers/CMSIS/Include/core_cm4.h ****   #define   __I     volatile             /*!< Defines 'read only' permissions */
 218:Drivers/CMSIS/Include/core_cm4.h **** #else
 219:Drivers/CMSIS/Include/core_cm4.h ****   #define   __I     volatile const       /*!< Defines 'read only' permissions */
 220:Drivers/CMSIS/Include/core_cm4.h **** #endif
 221:Drivers/CMSIS/Include/core_cm4.h **** #define     __O     volatile             /*!< Defines 'write only' permissions */
 222:Drivers/CMSIS/Include/core_cm4.h **** #define     __IO    volatile             /*!< Defines 'read / write' permissions */
 223:Drivers/CMSIS/Include/core_cm4.h **** 
 224:Drivers/CMSIS/Include/core_cm4.h **** /* following defines should be used for structure members */
 225:Drivers/CMSIS/Include/core_cm4.h **** #define     __IM     volatile const      /*! Defines 'read only' structure member permissions */
 226:Drivers/CMSIS/Include/core_cm4.h **** #define     __OM     volatile            /*! Defines 'write only' structure member permissions */
 227:Drivers/CMSIS/Include/core_cm4.h **** #define     __IOM    volatile            /*! Defines 'read / write' structure member permissions */
 228:Drivers/CMSIS/Include/core_cm4.h **** 
 229:Drivers/CMSIS/Include/core_cm4.h **** /*@} end of group Cortex_M4 */
 230:Drivers/CMSIS/Include/core_cm4.h **** 
 231:Drivers/CMSIS/Include/core_cm4.h **** 
 232:Drivers/CMSIS/Include/core_cm4.h **** 
 233:Drivers/CMSIS/Include/core_cm4.h **** /*******************************************************************************
 234:Drivers/CMSIS/Include/core_cm4.h ****  *                 Register Abstraction
 235:Drivers/CMSIS/Include/core_cm4.h ****   Core Register contain:
 236:Drivers/CMSIS/Include/core_cm4.h ****   - Core Register
 237:Drivers/CMSIS/Include/core_cm4.h ****   - Core NVIC Register
 238:Drivers/CMSIS/Include/core_cm4.h ****   - Core SCB Register
 239:Drivers/CMSIS/Include/core_cm4.h ****   - Core SysTick Register
 240:Drivers/CMSIS/Include/core_cm4.h ****   - Core Debug Register
 241:Drivers/CMSIS/Include/core_cm4.h ****   - Core MPU Register
 242:Drivers/CMSIS/Include/core_cm4.h ****   - Core FPU Register
 243:Drivers/CMSIS/Include/core_cm4.h ****  ******************************************************************************/
 244:Drivers/CMSIS/Include/core_cm4.h **** /**
 245:Drivers/CMSIS/Include/core_cm4.h ****   \defgroup CMSIS_core_register Defines and Type Definitions
 246:Drivers/CMSIS/Include/core_cm4.h ****   \brief Type definitions and defines for Cortex-M processor based devices.
 247:Drivers/CMSIS/Include/core_cm4.h **** */
 248:Drivers/CMSIS/Include/core_cm4.h **** 
 249:Drivers/CMSIS/Include/core_cm4.h **** /**
 250:Drivers/CMSIS/Include/core_cm4.h ****   \ingroup    CMSIS_core_register
 251:Drivers/CMSIS/Include/core_cm4.h ****   \defgroup   CMSIS_CORE  Status and Control Registers
 252:Drivers/CMSIS/Include/core_cm4.h ****   \brief      Core Register type definitions.
 253:Drivers/CMSIS/Include/core_cm4.h ****   @{
 254:Drivers/CMSIS/Include/core_cm4.h ****  */
 255:Drivers/CMSIS/Include/core_cm4.h **** 
 256:Drivers/CMSIS/Include/core_cm4.h **** /**
 257:Drivers/CMSIS/Include/core_cm4.h ****   \brief  Union type to access the Application Program Status Register (APSR).
 258:Drivers/CMSIS/Include/core_cm4.h ****  */
ARM GAS  C:\Users\adisa\AppData\Local\Temp\ccJAKY7c.s 			page 6


 259:Drivers/CMSIS/Include/core_cm4.h **** typedef union
 260:Drivers/CMSIS/Include/core_cm4.h **** {
 261:Drivers/CMSIS/Include/core_cm4.h ****   struct
 262:Drivers/CMSIS/Include/core_cm4.h ****   {
 263:Drivers/CMSIS/Include/core_cm4.h ****     uint32_t _reserved0:16;              /*!< bit:  0..15  Reserved */
 264:Drivers/CMSIS/Include/core_cm4.h ****     uint32_t GE:4;                       /*!< bit: 16..19  Greater than or Equal flags */
 265:Drivers/CMSIS/Include/core_cm4.h ****     uint32_t _reserved1:7;               /*!< bit: 20..26  Reserved */
 266:Drivers/CMSIS/Include/core_cm4.h ****     uint32_t Q:1;                        /*!< bit:     27  Saturation condition flag */
 267:Drivers/CMSIS/Include/core_cm4.h ****     uint32_t V:1;                        /*!< bit:     28  Overflow condition code flag */
 268:Drivers/CMSIS/Include/core_cm4.h ****     uint32_t C:1;                        /*!< bit:     29  Carry condition code flag */
 269:Drivers/CMSIS/Include/core_cm4.h ****     uint32_t Z:1;                        /*!< bit:     30  Zero condition code flag */
 270:Drivers/CMSIS/Include/core_cm4.h ****     uint32_t N:1;                        /*!< bit:     31  Negative condition code flag */
 271:Drivers/CMSIS/Include/core_cm4.h ****   } b;                                   /*!< Structure used for bit  access */
 272:Drivers/CMSIS/Include/core_cm4.h ****   uint32_t w;                            /*!< Type      used for word access */
 273:Drivers/CMSIS/Include/core_cm4.h **** } APSR_Type;
 274:Drivers/CMSIS/Include/core_cm4.h **** 
 275:Drivers/CMSIS/Include/core_cm4.h **** /* APSR Register Definitions */
 276:Drivers/CMSIS/Include/core_cm4.h **** #define APSR_N_Pos                         31U                                            /*!< APSR
 277:Drivers/CMSIS/Include/core_cm4.h **** #define APSR_N_Msk                         (1UL << APSR_N_Pos)                            /*!< APSR
 278:Drivers/CMSIS/Include/core_cm4.h **** 
 279:Drivers/CMSIS/Include/core_cm4.h **** #define APSR_Z_Pos                         30U                                            /*!< APSR
 280:Drivers/CMSIS/Include/core_cm4.h **** #define APSR_Z_Msk                         (1UL << APSR_Z_Pos)                            /*!< APSR
 281:Drivers/CMSIS/Include/core_cm4.h **** 
 282:Drivers/CMSIS/Include/core_cm4.h **** #define APSR_C_Pos                         29U                                            /*!< APSR
 283:Drivers/CMSIS/Include/core_cm4.h **** #define APSR_C_Msk                         (1UL << APSR_C_Pos)                            /*!< APSR
 284:Drivers/CMSIS/Include/core_cm4.h **** 
 285:Drivers/CMSIS/Include/core_cm4.h **** #define APSR_V_Pos                         28U                                            /*!< APSR
 286:Drivers/CMSIS/Include/core_cm4.h **** #define APSR_V_Msk                         (1UL << APSR_V_Pos)                            /*!< APSR
 287:Drivers/CMSIS/Include/core_cm4.h **** 
 288:Drivers/CMSIS/Include/core_cm4.h **** #define APSR_Q_Pos                         27U                                            /*!< APSR
 289:Drivers/CMSIS/Include/core_cm4.h **** #define APSR_Q_Msk                         (1UL << APSR_Q_Pos)                            /*!< APSR
 290:Drivers/CMSIS/Include/core_cm4.h **** 
 291:Drivers/CMSIS/Include/core_cm4.h **** #define APSR_GE_Pos                        16U                                            /*!< APSR
 292:Drivers/CMSIS/Include/core_cm4.h **** #define APSR_GE_Msk                        (0xFUL << APSR_GE_Pos)                         /*!< APSR
 293:Drivers/CMSIS/Include/core_cm4.h **** 
 294:Drivers/CMSIS/Include/core_cm4.h **** 
 295:Drivers/CMSIS/Include/core_cm4.h **** /**
 296:Drivers/CMSIS/Include/core_cm4.h ****   \brief  Union type to access the Interrupt Program Status Register (IPSR).
 297:Drivers/CMSIS/Include/core_cm4.h ****  */
 298:Drivers/CMSIS/Include/core_cm4.h **** typedef union
 299:Drivers/CMSIS/Include/core_cm4.h **** {
 300:Drivers/CMSIS/Include/core_cm4.h ****   struct
 301:Drivers/CMSIS/Include/core_cm4.h ****   {
 302:Drivers/CMSIS/Include/core_cm4.h ****     uint32_t ISR:9;                      /*!< bit:  0.. 8  Exception number */
 303:Drivers/CMSIS/Include/core_cm4.h ****     uint32_t _reserved0:23;              /*!< bit:  9..31  Reserved */
 304:Drivers/CMSIS/Include/core_cm4.h ****   } b;                                   /*!< Structure used for bit  access */
 305:Drivers/CMSIS/Include/core_cm4.h ****   uint32_t w;                            /*!< Type      used for word access */
 306:Drivers/CMSIS/Include/core_cm4.h **** } IPSR_Type;
 307:Drivers/CMSIS/Include/core_cm4.h **** 
 308:Drivers/CMSIS/Include/core_cm4.h **** /* IPSR Register Definitions */
 309:Drivers/CMSIS/Include/core_cm4.h **** #define IPSR_ISR_Pos                        0U                                            /*!< IPSR
 310:Drivers/CMSIS/Include/core_cm4.h **** #define IPSR_ISR_Msk                       (0x1FFUL /*<< IPSR_ISR_Pos*/)                  /*!< IPSR
 311:Drivers/CMSIS/Include/core_cm4.h **** 
 312:Drivers/CMSIS/Include/core_cm4.h **** 
 313:Drivers/CMSIS/Include/core_cm4.h **** /**
 314:Drivers/CMSIS/Include/core_cm4.h ****   \brief  Union type to access the Special-Purpose Program Status Registers (xPSR).
 315:Drivers/CMSIS/Include/core_cm4.h ****  */
ARM GAS  C:\Users\adisa\AppData\Local\Temp\ccJAKY7c.s 			page 7


 316:Drivers/CMSIS/Include/core_cm4.h **** typedef union
 317:Drivers/CMSIS/Include/core_cm4.h **** {
 318:Drivers/CMSIS/Include/core_cm4.h ****   struct
 319:Drivers/CMSIS/Include/core_cm4.h ****   {
 320:Drivers/CMSIS/Include/core_cm4.h ****     uint32_t ISR:9;                      /*!< bit:  0.. 8  Exception number */
 321:Drivers/CMSIS/Include/core_cm4.h ****     uint32_t _reserved0:1;               /*!< bit:      9  Reserved */
 322:Drivers/CMSIS/Include/core_cm4.h ****     uint32_t ICI_IT_1:6;                 /*!< bit: 10..15  ICI/IT part 1 */
 323:Drivers/CMSIS/Include/core_cm4.h ****     uint32_t GE:4;                       /*!< bit: 16..19  Greater than or Equal flags */
 324:Drivers/CMSIS/Include/core_cm4.h ****     uint32_t _reserved1:4;               /*!< bit: 20..23  Reserved */
 325:Drivers/CMSIS/Include/core_cm4.h ****     uint32_t T:1;                        /*!< bit:     24  Thumb bit */
 326:Drivers/CMSIS/Include/core_cm4.h ****     uint32_t ICI_IT_2:2;                 /*!< bit: 25..26  ICI/IT part 2 */
 327:Drivers/CMSIS/Include/core_cm4.h ****     uint32_t Q:1;                        /*!< bit:     27  Saturation condition flag */
 328:Drivers/CMSIS/Include/core_cm4.h ****     uint32_t V:1;                        /*!< bit:     28  Overflow condition code flag */
 329:Drivers/CMSIS/Include/core_cm4.h ****     uint32_t C:1;                        /*!< bit:     29  Carry condition code flag */
 330:Drivers/CMSIS/Include/core_cm4.h ****     uint32_t Z:1;                        /*!< bit:     30  Zero condition code flag */
 331:Drivers/CMSIS/Include/core_cm4.h ****     uint32_t N:1;                        /*!< bit:     31  Negative condition code flag */
 332:Drivers/CMSIS/Include/core_cm4.h ****   } b;                                   /*!< Structure used for bit  access */
 333:Drivers/CMSIS/Include/core_cm4.h ****   uint32_t w;                            /*!< Type      used for word access */
 334:Drivers/CMSIS/Include/core_cm4.h **** } xPSR_Type;
 335:Drivers/CMSIS/Include/core_cm4.h **** 
 336:Drivers/CMSIS/Include/core_cm4.h **** /* xPSR Register Definitions */
 337:Drivers/CMSIS/Include/core_cm4.h **** #define xPSR_N_Pos                         31U                                            /*!< xPSR
 338:Drivers/CMSIS/Include/core_cm4.h **** #define xPSR_N_Msk                         (1UL << xPSR_N_Pos)                            /*!< xPSR
 339:Drivers/CMSIS/Include/core_cm4.h **** 
 340:Drivers/CMSIS/Include/core_cm4.h **** #define xPSR_Z_Pos                         30U                                            /*!< xPSR
 341:Drivers/CMSIS/Include/core_cm4.h **** #define xPSR_Z_Msk                         (1UL << xPSR_Z_Pos)                            /*!< xPSR
 342:Drivers/CMSIS/Include/core_cm4.h **** 
 343:Drivers/CMSIS/Include/core_cm4.h **** #define xPSR_C_Pos                         29U                                            /*!< xPSR
 344:Drivers/CMSIS/Include/core_cm4.h **** #define xPSR_C_Msk                         (1UL << xPSR_C_Pos)                            /*!< xPSR
 345:Drivers/CMSIS/Include/core_cm4.h **** 
 346:Drivers/CMSIS/Include/core_cm4.h **** #define xPSR_V_Pos                         28U                                            /*!< xPSR
 347:Drivers/CMSIS/Include/core_cm4.h **** #define xPSR_V_Msk                         (1UL << xPSR_V_Pos)                            /*!< xPSR
 348:Drivers/CMSIS/Include/core_cm4.h **** 
 349:Drivers/CMSIS/Include/core_cm4.h **** #define xPSR_Q_Pos                         27U                                            /*!< xPSR
 350:Drivers/CMSIS/Include/core_cm4.h **** #define xPSR_Q_Msk                         (1UL << xPSR_Q_Pos)                            /*!< xPSR
 351:Drivers/CMSIS/Include/core_cm4.h **** 
 352:Drivers/CMSIS/Include/core_cm4.h **** #define xPSR_ICI_IT_2_Pos                  25U                                            /*!< xPSR
 353:Drivers/CMSIS/Include/core_cm4.h **** #define xPSR_ICI_IT_2_Msk                  (3UL << xPSR_ICI_IT_2_Pos)                     /*!< xPSR
 354:Drivers/CMSIS/Include/core_cm4.h **** 
 355:Drivers/CMSIS/Include/core_cm4.h **** #define xPSR_T_Pos                         24U                                            /*!< xPSR
 356:Drivers/CMSIS/Include/core_cm4.h **** #define xPSR_T_Msk                         (1UL << xPSR_T_Pos)                            /*!< xPSR
 357:Drivers/CMSIS/Include/core_cm4.h **** 
 358:Drivers/CMSIS/Include/core_cm4.h **** #define xPSR_GE_Pos                        16U                                            /*!< xPSR
 359:Drivers/CMSIS/Include/core_cm4.h **** #define xPSR_GE_Msk                        (0xFUL << xPSR_GE_Pos)                         /*!< xPSR
 360:Drivers/CMSIS/Include/core_cm4.h **** 
 361:Drivers/CMSIS/Include/core_cm4.h **** #define xPSR_ICI_IT_1_Pos                  10U                                            /*!< xPSR
 362:Drivers/CMSIS/Include/core_cm4.h **** #define xPSR_ICI_IT_1_Msk                  (0x3FUL << xPSR_ICI_IT_1_Pos)                  /*!< xPSR
 363:Drivers/CMSIS/Include/core_cm4.h **** 
 364:Drivers/CMSIS/Include/core_cm4.h **** #define xPSR_ISR_Pos                        0U                                            /*!< xPSR
 365:Drivers/CMSIS/Include/core_cm4.h **** #define xPSR_ISR_Msk                       (0x1FFUL /*<< xPSR_ISR_Pos*/)                  /*!< xPSR
 366:Drivers/CMSIS/Include/core_cm4.h **** 
 367:Drivers/CMSIS/Include/core_cm4.h **** 
 368:Drivers/CMSIS/Include/core_cm4.h **** /**
 369:Drivers/CMSIS/Include/core_cm4.h ****   \brief  Union type to access the Control Registers (CONTROL).
 370:Drivers/CMSIS/Include/core_cm4.h ****  */
 371:Drivers/CMSIS/Include/core_cm4.h **** typedef union
 372:Drivers/CMSIS/Include/core_cm4.h **** {
ARM GAS  C:\Users\adisa\AppData\Local\Temp\ccJAKY7c.s 			page 8


 373:Drivers/CMSIS/Include/core_cm4.h ****   struct
 374:Drivers/CMSIS/Include/core_cm4.h ****   {
 375:Drivers/CMSIS/Include/core_cm4.h ****     uint32_t nPRIV:1;                    /*!< bit:      0  Execution privilege in Thread mode */
 376:Drivers/CMSIS/Include/core_cm4.h ****     uint32_t SPSEL:1;                    /*!< bit:      1  Stack to be used */
 377:Drivers/CMSIS/Include/core_cm4.h ****     uint32_t FPCA:1;                     /*!< bit:      2  FP extension active flag */
 378:Drivers/CMSIS/Include/core_cm4.h ****     uint32_t _reserved0:29;              /*!< bit:  3..31  Reserved */
 379:Drivers/CMSIS/Include/core_cm4.h ****   } b;                                   /*!< Structure used for bit  access */
 380:Drivers/CMSIS/Include/core_cm4.h ****   uint32_t w;                            /*!< Type      used for word access */
 381:Drivers/CMSIS/Include/core_cm4.h **** } CONTROL_Type;
 382:Drivers/CMSIS/Include/core_cm4.h **** 
 383:Drivers/CMSIS/Include/core_cm4.h **** /* CONTROL Register Definitions */
 384:Drivers/CMSIS/Include/core_cm4.h **** #define CONTROL_FPCA_Pos                    2U                                            /*!< CONT
 385:Drivers/CMSIS/Include/core_cm4.h **** #define CONTROL_FPCA_Msk                   (1UL << CONTROL_FPCA_Pos)                      /*!< CONT
 386:Drivers/CMSIS/Include/core_cm4.h **** 
 387:Drivers/CMSIS/Include/core_cm4.h **** #define CONTROL_SPSEL_Pos                   1U                                            /*!< CONT
 388:Drivers/CMSIS/Include/core_cm4.h **** #define CONTROL_SPSEL_Msk                  (1UL << CONTROL_SPSEL_Pos)                     /*!< CONT
 389:Drivers/CMSIS/Include/core_cm4.h **** 
 390:Drivers/CMSIS/Include/core_cm4.h **** #define CONTROL_nPRIV_Pos                   0U                                            /*!< CONT
 391:Drivers/CMSIS/Include/core_cm4.h **** #define CONTROL_nPRIV_Msk                  (1UL /*<< CONTROL_nPRIV_Pos*/)                 /*!< CONT
 392:Drivers/CMSIS/Include/core_cm4.h **** 
 393:Drivers/CMSIS/Include/core_cm4.h **** /*@} end of group CMSIS_CORE */
 394:Drivers/CMSIS/Include/core_cm4.h **** 
 395:Drivers/CMSIS/Include/core_cm4.h **** 
 396:Drivers/CMSIS/Include/core_cm4.h **** /**
 397:Drivers/CMSIS/Include/core_cm4.h ****   \ingroup    CMSIS_core_register
 398:Drivers/CMSIS/Include/core_cm4.h ****   \defgroup   CMSIS_NVIC  Nested Vectored Interrupt Controller (NVIC)
 399:Drivers/CMSIS/Include/core_cm4.h ****   \brief      Type definitions for the NVIC Registers
 400:Drivers/CMSIS/Include/core_cm4.h ****   @{
 401:Drivers/CMSIS/Include/core_cm4.h ****  */
 402:Drivers/CMSIS/Include/core_cm4.h **** 
 403:Drivers/CMSIS/Include/core_cm4.h **** /**
 404:Drivers/CMSIS/Include/core_cm4.h ****   \brief  Structure type to access the Nested Vectored Interrupt Controller (NVIC).
 405:Drivers/CMSIS/Include/core_cm4.h ****  */
 406:Drivers/CMSIS/Include/core_cm4.h **** typedef struct
 407:Drivers/CMSIS/Include/core_cm4.h **** {
 408:Drivers/CMSIS/Include/core_cm4.h ****   __IOM uint32_t ISER[8U];               /*!< Offset: 0x000 (R/W)  Interrupt Set Enable Register */
 409:Drivers/CMSIS/Include/core_cm4.h ****         uint32_t RESERVED0[24U];
 410:Drivers/CMSIS/Include/core_cm4.h ****   __IOM uint32_t ICER[8U];               /*!< Offset: 0x080 (R/W)  Interrupt Clear Enable Register 
 411:Drivers/CMSIS/Include/core_cm4.h ****         uint32_t RESERVED1[24U];
 412:Drivers/CMSIS/Include/core_cm4.h ****   __IOM uint32_t ISPR[8U];               /*!< Offset: 0x100 (R/W)  Interrupt Set Pending Register *
 413:Drivers/CMSIS/Include/core_cm4.h ****         uint32_t RESERVED2[24U];
 414:Drivers/CMSIS/Include/core_cm4.h ****   __IOM uint32_t ICPR[8U];               /*!< Offset: 0x180 (R/W)  Interrupt Clear Pending Register
 415:Drivers/CMSIS/Include/core_cm4.h ****         uint32_t RESERVED3[24U];
 416:Drivers/CMSIS/Include/core_cm4.h ****   __IOM uint32_t IABR[8U];               /*!< Offset: 0x200 (R/W)  Interrupt Active bit Register */
 417:Drivers/CMSIS/Include/core_cm4.h ****         uint32_t RESERVED4[56U];
 418:Drivers/CMSIS/Include/core_cm4.h ****   __IOM uint8_t  IP[240U];               /*!< Offset: 0x300 (R/W)  Interrupt Priority Register (8Bi
 419:Drivers/CMSIS/Include/core_cm4.h ****         uint32_t RESERVED5[644U];
 420:Drivers/CMSIS/Include/core_cm4.h ****   __OM  uint32_t STIR;                   /*!< Offset: 0xE00 ( /W)  Software Trigger Interrupt Regis
 421:Drivers/CMSIS/Include/core_cm4.h **** }  NVIC_Type;
 422:Drivers/CMSIS/Include/core_cm4.h **** 
 423:Drivers/CMSIS/Include/core_cm4.h **** /* Software Triggered Interrupt Register Definitions */
 424:Drivers/CMSIS/Include/core_cm4.h **** #define NVIC_STIR_INTID_Pos                 0U                                         /*!< STIR: I
 425:Drivers/CMSIS/Include/core_cm4.h **** #define NVIC_STIR_INTID_Msk                (0x1FFUL /*<< NVIC_STIR_INTID_Pos*/)        /*!< STIR: I
 426:Drivers/CMSIS/Include/core_cm4.h **** 
 427:Drivers/CMSIS/Include/core_cm4.h **** /*@} end of group CMSIS_NVIC */
 428:Drivers/CMSIS/Include/core_cm4.h **** 
 429:Drivers/CMSIS/Include/core_cm4.h **** 
ARM GAS  C:\Users\adisa\AppData\Local\Temp\ccJAKY7c.s 			page 9


 430:Drivers/CMSIS/Include/core_cm4.h **** /**
 431:Drivers/CMSIS/Include/core_cm4.h ****   \ingroup  CMSIS_core_register
 432:Drivers/CMSIS/Include/core_cm4.h ****   \defgroup CMSIS_SCB     System Control Block (SCB)
 433:Drivers/CMSIS/Include/core_cm4.h ****   \brief    Type definitions for the System Control Block Registers
 434:Drivers/CMSIS/Include/core_cm4.h ****   @{
 435:Drivers/CMSIS/Include/core_cm4.h ****  */
 436:Drivers/CMSIS/Include/core_cm4.h **** 
 437:Drivers/CMSIS/Include/core_cm4.h **** /**
 438:Drivers/CMSIS/Include/core_cm4.h ****   \brief  Structure type to access the System Control Block (SCB).
 439:Drivers/CMSIS/Include/core_cm4.h ****  */
 440:Drivers/CMSIS/Include/core_cm4.h **** typedef struct
 441:Drivers/CMSIS/Include/core_cm4.h **** {
 442:Drivers/CMSIS/Include/core_cm4.h ****   __IM  uint32_t CPUID;                  /*!< Offset: 0x000 (R/ )  CPUID Base Register */
 443:Drivers/CMSIS/Include/core_cm4.h ****   __IOM uint32_t ICSR;                   /*!< Offset: 0x004 (R/W)  Interrupt Control and State Regi
 444:Drivers/CMSIS/Include/core_cm4.h ****   __IOM uint32_t VTOR;                   /*!< Offset: 0x008 (R/W)  Vector Table Offset Register */
 445:Drivers/CMSIS/Include/core_cm4.h ****   __IOM uint32_t AIRCR;                  /*!< Offset: 0x00C (R/W)  Application Interrupt and Reset 
 446:Drivers/CMSIS/Include/core_cm4.h ****   __IOM uint32_t SCR;                    /*!< Offset: 0x010 (R/W)  System Control Register */
 447:Drivers/CMSIS/Include/core_cm4.h ****   __IOM uint32_t CCR;                    /*!< Offset: 0x014 (R/W)  Configuration Control Register *
 448:Drivers/CMSIS/Include/core_cm4.h ****   __IOM uint8_t  SHP[12U];               /*!< Offset: 0x018 (R/W)  System Handlers Priority Registe
 449:Drivers/CMSIS/Include/core_cm4.h ****   __IOM uint32_t SHCSR;                  /*!< Offset: 0x024 (R/W)  System Handler Control and State
 450:Drivers/CMSIS/Include/core_cm4.h ****   __IOM uint32_t CFSR;                   /*!< Offset: 0x028 (R/W)  Configurable Fault Status Regist
 451:Drivers/CMSIS/Include/core_cm4.h ****   __IOM uint32_t HFSR;                   /*!< Offset: 0x02C (R/W)  HardFault Status Register */
 452:Drivers/CMSIS/Include/core_cm4.h ****   __IOM uint32_t DFSR;                   /*!< Offset: 0x030 (R/W)  Debug Fault Status Register */
 453:Drivers/CMSIS/Include/core_cm4.h ****   __IOM uint32_t MMFAR;                  /*!< Offset: 0x034 (R/W)  MemManage Fault Address Register
 454:Drivers/CMSIS/Include/core_cm4.h ****   __IOM uint32_t BFAR;                   /*!< Offset: 0x038 (R/W)  BusFault Address Register */
 455:Drivers/CMSIS/Include/core_cm4.h ****   __IOM uint32_t AFSR;                   /*!< Offset: 0x03C (R/W)  Auxiliary Fault Status Register 
 456:Drivers/CMSIS/Include/core_cm4.h ****   __IM  uint32_t PFR[2U];                /*!< Offset: 0x040 (R/ )  Processor Feature Register */
 457:Drivers/CMSIS/Include/core_cm4.h ****   __IM  uint32_t DFR;                    /*!< Offset: 0x048 (R/ )  Debug Feature Register */
 458:Drivers/CMSIS/Include/core_cm4.h ****   __IM  uint32_t ADR;                    /*!< Offset: 0x04C (R/ )  Auxiliary Feature Register */
 459:Drivers/CMSIS/Include/core_cm4.h ****   __IM  uint32_t MMFR[4U];               /*!< Offset: 0x050 (R/ )  Memory Model Feature Register */
 460:Drivers/CMSIS/Include/core_cm4.h ****   __IM  uint32_t ISAR[5U];               /*!< Offset: 0x060 (R/ )  Instruction Set Attributes Regis
 461:Drivers/CMSIS/Include/core_cm4.h ****         uint32_t RESERVED0[5U];
 462:Drivers/CMSIS/Include/core_cm4.h ****   __IOM uint32_t CPACR;                  /*!< Offset: 0x088 (R/W)  Coprocessor Access Control Regis
 463:Drivers/CMSIS/Include/core_cm4.h **** } SCB_Type;
 464:Drivers/CMSIS/Include/core_cm4.h **** 
 465:Drivers/CMSIS/Include/core_cm4.h **** /* SCB CPUID Register Definitions */
 466:Drivers/CMSIS/Include/core_cm4.h **** #define SCB_CPUID_IMPLEMENTER_Pos          24U                                            /*!< SCB 
 467:Drivers/CMSIS/Include/core_cm4.h **** #define SCB_CPUID_IMPLEMENTER_Msk          (0xFFUL << SCB_CPUID_IMPLEMENTER_Pos)          /*!< SCB 
 468:Drivers/CMSIS/Include/core_cm4.h **** 
 469:Drivers/CMSIS/Include/core_cm4.h **** #define SCB_CPUID_VARIANT_Pos              20U                                            /*!< SCB 
 470:Drivers/CMSIS/Include/core_cm4.h **** #define SCB_CPUID_VARIANT_Msk              (0xFUL << SCB_CPUID_VARIANT_Pos)               /*!< SCB 
 471:Drivers/CMSIS/Include/core_cm4.h **** 
 472:Drivers/CMSIS/Include/core_cm4.h **** #define SCB_CPUID_ARCHITECTURE_Pos         16U                                            /*!< SCB 
 473:Drivers/CMSIS/Include/core_cm4.h **** #define SCB_CPUID_ARCHITECTURE_Msk         (0xFUL << SCB_CPUID_ARCHITECTURE_Pos)          /*!< SCB 
 474:Drivers/CMSIS/Include/core_cm4.h **** 
 475:Drivers/CMSIS/Include/core_cm4.h **** #define SCB_CPUID_PARTNO_Pos                4U                                            /*!< SCB 
 476:Drivers/CMSIS/Include/core_cm4.h **** #define SCB_CPUID_PARTNO_Msk               (0xFFFUL << SCB_CPUID_PARTNO_Pos)              /*!< SCB 
 477:Drivers/CMSIS/Include/core_cm4.h **** 
 478:Drivers/CMSIS/Include/core_cm4.h **** #define SCB_CPUID_REVISION_Pos              0U                                            /*!< SCB 
 479:Drivers/CMSIS/Include/core_cm4.h **** #define SCB_CPUID_REVISION_Msk             (0xFUL /*<< SCB_CPUID_REVISION_Pos*/)          /*!< SCB 
 480:Drivers/CMSIS/Include/core_cm4.h **** 
 481:Drivers/CMSIS/Include/core_cm4.h **** /* SCB Interrupt Control State Register Definitions */
 482:Drivers/CMSIS/Include/core_cm4.h **** #define SCB_ICSR_NMIPENDSET_Pos            31U                                            /*!< SCB 
 483:Drivers/CMSIS/Include/core_cm4.h **** #define SCB_ICSR_NMIPENDSET_Msk            (1UL << SCB_ICSR_NMIPENDSET_Pos)               /*!< SCB 
 484:Drivers/CMSIS/Include/core_cm4.h **** 
 485:Drivers/CMSIS/Include/core_cm4.h **** #define SCB_ICSR_PENDSVSET_Pos             28U                                            /*!< SCB 
 486:Drivers/CMSIS/Include/core_cm4.h **** #define SCB_ICSR_PENDSVSET_Msk             (1UL << SCB_ICSR_PENDSVSET_Pos)                /*!< SCB 
ARM GAS  C:\Users\adisa\AppData\Local\Temp\ccJAKY7c.s 			page 10


 487:Drivers/CMSIS/Include/core_cm4.h **** 
 488:Drivers/CMSIS/Include/core_cm4.h **** #define SCB_ICSR_PENDSVCLR_Pos             27U                                            /*!< SCB 
 489:Drivers/CMSIS/Include/core_cm4.h **** #define SCB_ICSR_PENDSVCLR_Msk             (1UL << SCB_ICSR_PENDSVCLR_Pos)                /*!< SCB 
 490:Drivers/CMSIS/Include/core_cm4.h **** 
 491:Drivers/CMSIS/Include/core_cm4.h **** #define SCB_ICSR_PENDSTSET_Pos             26U                                            /*!< SCB 
 492:Drivers/CMSIS/Include/core_cm4.h **** #define SCB_ICSR_PENDSTSET_Msk             (1UL << SCB_ICSR_PENDSTSET_Pos)                /*!< SCB 
 493:Drivers/CMSIS/Include/core_cm4.h **** 
 494:Drivers/CMSIS/Include/core_cm4.h **** #define SCB_ICSR_PENDSTCLR_Pos             25U                                            /*!< SCB 
 495:Drivers/CMSIS/Include/core_cm4.h **** #define SCB_ICSR_PENDSTCLR_Msk             (1UL << SCB_ICSR_PENDSTCLR_Pos)                /*!< SCB 
 496:Drivers/CMSIS/Include/core_cm4.h **** 
 497:Drivers/CMSIS/Include/core_cm4.h **** #define SCB_ICSR_ISRPREEMPT_Pos            23U                                            /*!< SCB 
 498:Drivers/CMSIS/Include/core_cm4.h **** #define SCB_ICSR_ISRPREEMPT_Msk            (1UL << SCB_ICSR_ISRPREEMPT_Pos)               /*!< SCB 
 499:Drivers/CMSIS/Include/core_cm4.h **** 
 500:Drivers/CMSIS/Include/core_cm4.h **** #define SCB_ICSR_ISRPENDING_Pos            22U                                            /*!< SCB 
 501:Drivers/CMSIS/Include/core_cm4.h **** #define SCB_ICSR_ISRPENDING_Msk            (1UL << SCB_ICSR_ISRPENDING_Pos)               /*!< SCB 
 502:Drivers/CMSIS/Include/core_cm4.h **** 
 503:Drivers/CMSIS/Include/core_cm4.h **** #define SCB_ICSR_VECTPENDING_Pos           12U                                            /*!< SCB 
 504:Drivers/CMSIS/Include/core_cm4.h **** #define SCB_ICSR_VECTPENDING_Msk           (0x1FFUL << SCB_ICSR_VECTPENDING_Pos)          /*!< SCB 
 505:Drivers/CMSIS/Include/core_cm4.h **** 
 506:Drivers/CMSIS/Include/core_cm4.h **** #define SCB_ICSR_RETTOBASE_Pos             11U                                            /*!< SCB 
 507:Drivers/CMSIS/Include/core_cm4.h **** #define SCB_ICSR_RETTOBASE_Msk             (1UL << SCB_ICSR_RETTOBASE_Pos)                /*!< SCB 
 508:Drivers/CMSIS/Include/core_cm4.h **** 
 509:Drivers/CMSIS/Include/core_cm4.h **** #define SCB_ICSR_VECTACTIVE_Pos             0U                                            /*!< SCB 
 510:Drivers/CMSIS/Include/core_cm4.h **** #define SCB_ICSR_VECTACTIVE_Msk            (0x1FFUL /*<< SCB_ICSR_VECTACTIVE_Pos*/)       /*!< SCB 
 511:Drivers/CMSIS/Include/core_cm4.h **** 
 512:Drivers/CMSIS/Include/core_cm4.h **** /* SCB Vector Table Offset Register Definitions */
 513:Drivers/CMSIS/Include/core_cm4.h **** #define SCB_VTOR_TBLOFF_Pos                 7U                                            /*!< SCB 
 514:Drivers/CMSIS/Include/core_cm4.h **** #define SCB_VTOR_TBLOFF_Msk                (0x1FFFFFFUL << SCB_VTOR_TBLOFF_Pos)           /*!< SCB 
 515:Drivers/CMSIS/Include/core_cm4.h **** 
 516:Drivers/CMSIS/Include/core_cm4.h **** /* SCB Application Interrupt and Reset Control Register Definitions */
 517:Drivers/CMSIS/Include/core_cm4.h **** #define SCB_AIRCR_VECTKEY_Pos              16U                                            /*!< SCB 
 518:Drivers/CMSIS/Include/core_cm4.h **** #define SCB_AIRCR_VECTKEY_Msk              (0xFFFFUL << SCB_AIRCR_VECTKEY_Pos)            /*!< SCB 
 519:Drivers/CMSIS/Include/core_cm4.h **** 
 520:Drivers/CMSIS/Include/core_cm4.h **** #define SCB_AIRCR_VECTKEYSTAT_Pos          16U                                            /*!< SCB 
 521:Drivers/CMSIS/Include/core_cm4.h **** #define SCB_AIRCR_VECTKEYSTAT_Msk          (0xFFFFUL << SCB_AIRCR_VECTKEYSTAT_Pos)        /*!< SCB 
 522:Drivers/CMSIS/Include/core_cm4.h **** 
 523:Drivers/CMSIS/Include/core_cm4.h **** #define SCB_AIRCR_ENDIANESS_Pos            15U                                            /*!< SCB 
 524:Drivers/CMSIS/Include/core_cm4.h **** #define SCB_AIRCR_ENDIANESS_Msk            (1UL << SCB_AIRCR_ENDIANESS_Pos)               /*!< SCB 
 525:Drivers/CMSIS/Include/core_cm4.h **** 
 526:Drivers/CMSIS/Include/core_cm4.h **** #define SCB_AIRCR_PRIGROUP_Pos              8U                                            /*!< SCB 
 527:Drivers/CMSIS/Include/core_cm4.h **** #define SCB_AIRCR_PRIGROUP_Msk             (7UL << SCB_AIRCR_PRIGROUP_Pos)                /*!< SCB 
 528:Drivers/CMSIS/Include/core_cm4.h **** 
 529:Drivers/CMSIS/Include/core_cm4.h **** #define SCB_AIRCR_SYSRESETREQ_Pos           2U                                            /*!< SCB 
 530:Drivers/CMSIS/Include/core_cm4.h **** #define SCB_AIRCR_SYSRESETREQ_Msk          (1UL << SCB_AIRCR_SYSRESETREQ_Pos)             /*!< SCB 
 531:Drivers/CMSIS/Include/core_cm4.h **** 
 532:Drivers/CMSIS/Include/core_cm4.h **** #define SCB_AIRCR_VECTCLRACTIVE_Pos         1U                                            /*!< SCB 
 533:Drivers/CMSIS/Include/core_cm4.h **** #define SCB_AIRCR_VECTCLRACTIVE_Msk        (1UL << SCB_AIRCR_VECTCLRACTIVE_Pos)           /*!< SCB 
 534:Drivers/CMSIS/Include/core_cm4.h **** 
 535:Drivers/CMSIS/Include/core_cm4.h **** #define SCB_AIRCR_VECTRESET_Pos             0U                                            /*!< SCB 
 536:Drivers/CMSIS/Include/core_cm4.h **** #define SCB_AIRCR_VECTRESET_Msk            (1UL /*<< SCB_AIRCR_VECTRESET_Pos*/)           /*!< SCB 
 537:Drivers/CMSIS/Include/core_cm4.h **** 
 538:Drivers/CMSIS/Include/core_cm4.h **** /* SCB System Control Register Definitions */
 539:Drivers/CMSIS/Include/core_cm4.h **** #define SCB_SCR_SEVONPEND_Pos               4U                                            /*!< SCB 
 540:Drivers/CMSIS/Include/core_cm4.h **** #define SCB_SCR_SEVONPEND_Msk              (1UL << SCB_SCR_SEVONPEND_Pos)                 /*!< SCB 
 541:Drivers/CMSIS/Include/core_cm4.h **** 
 542:Drivers/CMSIS/Include/core_cm4.h **** #define SCB_SCR_SLEEPDEEP_Pos               2U                                            /*!< SCB 
 543:Drivers/CMSIS/Include/core_cm4.h **** #define SCB_SCR_SLEEPDEEP_Msk              (1UL << SCB_SCR_SLEEPDEEP_Pos)                 /*!< SCB 
ARM GAS  C:\Users\adisa\AppData\Local\Temp\ccJAKY7c.s 			page 11


 544:Drivers/CMSIS/Include/core_cm4.h **** 
 545:Drivers/CMSIS/Include/core_cm4.h **** #define SCB_SCR_SLEEPONEXIT_Pos             1U                                            /*!< SCB 
 546:Drivers/CMSIS/Include/core_cm4.h **** #define SCB_SCR_SLEEPONEXIT_Msk            (1UL << SCB_SCR_SLEEPONEXIT_Pos)               /*!< SCB 
 547:Drivers/CMSIS/Include/core_cm4.h **** 
 548:Drivers/CMSIS/Include/core_cm4.h **** /* SCB Configuration Control Register Definitions */
 549:Drivers/CMSIS/Include/core_cm4.h **** #define SCB_CCR_STKALIGN_Pos                9U                                            /*!< SCB 
 550:Drivers/CMSIS/Include/core_cm4.h **** #define SCB_CCR_STKALIGN_Msk               (1UL << SCB_CCR_STKALIGN_Pos)                  /*!< SCB 
 551:Drivers/CMSIS/Include/core_cm4.h **** 
 552:Drivers/CMSIS/Include/core_cm4.h **** #define SCB_CCR_BFHFNMIGN_Pos               8U                                            /*!< SCB 
 553:Drivers/CMSIS/Include/core_cm4.h **** #define SCB_CCR_BFHFNMIGN_Msk              (1UL << SCB_CCR_BFHFNMIGN_Pos)                 /*!< SCB 
 554:Drivers/CMSIS/Include/core_cm4.h **** 
 555:Drivers/CMSIS/Include/core_cm4.h **** #define SCB_CCR_DIV_0_TRP_Pos               4U                                            /*!< SCB 
 556:Drivers/CMSIS/Include/core_cm4.h **** #define SCB_CCR_DIV_0_TRP_Msk              (1UL << SCB_CCR_DIV_0_TRP_Pos)                 /*!< SCB 
 557:Drivers/CMSIS/Include/core_cm4.h **** 
 558:Drivers/CMSIS/Include/core_cm4.h **** #define SCB_CCR_UNALIGN_TRP_Pos             3U                                            /*!< SCB 
 559:Drivers/CMSIS/Include/core_cm4.h **** #define SCB_CCR_UNALIGN_TRP_Msk            (1UL << SCB_CCR_UNALIGN_TRP_Pos)               /*!< SCB 
 560:Drivers/CMSIS/Include/core_cm4.h **** 
 561:Drivers/CMSIS/Include/core_cm4.h **** #define SCB_CCR_USERSETMPEND_Pos            1U                                            /*!< SCB 
 562:Drivers/CMSIS/Include/core_cm4.h **** #define SCB_CCR_USERSETMPEND_Msk           (1UL << SCB_CCR_USERSETMPEND_Pos)              /*!< SCB 
 563:Drivers/CMSIS/Include/core_cm4.h **** 
 564:Drivers/CMSIS/Include/core_cm4.h **** #define SCB_CCR_NONBASETHRDENA_Pos          0U                                            /*!< SCB 
 565:Drivers/CMSIS/Include/core_cm4.h **** #define SCB_CCR_NONBASETHRDENA_Msk         (1UL /*<< SCB_CCR_NONBASETHRDENA_Pos*/)        /*!< SCB 
 566:Drivers/CMSIS/Include/core_cm4.h **** 
 567:Drivers/CMSIS/Include/core_cm4.h **** /* SCB System Handler Control and State Register Definitions */
 568:Drivers/CMSIS/Include/core_cm4.h **** #define SCB_SHCSR_USGFAULTENA_Pos          18U                                            /*!< SCB 
 569:Drivers/CMSIS/Include/core_cm4.h **** #define SCB_SHCSR_USGFAULTENA_Msk          (1UL << SCB_SHCSR_USGFAULTENA_Pos)             /*!< SCB 
 570:Drivers/CMSIS/Include/core_cm4.h **** 
 571:Drivers/CMSIS/Include/core_cm4.h **** #define SCB_SHCSR_BUSFAULTENA_Pos          17U                                            /*!< SCB 
 572:Drivers/CMSIS/Include/core_cm4.h **** #define SCB_SHCSR_BUSFAULTENA_Msk          (1UL << SCB_SHCSR_BUSFAULTENA_Pos)             /*!< SCB 
 573:Drivers/CMSIS/Include/core_cm4.h **** 
 574:Drivers/CMSIS/Include/core_cm4.h **** #define SCB_SHCSR_MEMFAULTENA_Pos          16U                                            /*!< SCB 
 575:Drivers/CMSIS/Include/core_cm4.h **** #define SCB_SHCSR_MEMFAULTENA_Msk          (1UL << SCB_SHCSR_MEMFAULTENA_Pos)             /*!< SCB 
 576:Drivers/CMSIS/Include/core_cm4.h **** 
 577:Drivers/CMSIS/Include/core_cm4.h **** #define SCB_SHCSR_SVCALLPENDED_Pos         15U                                            /*!< SCB 
 578:Drivers/CMSIS/Include/core_cm4.h **** #define SCB_SHCSR_SVCALLPENDED_Msk         (1UL << SCB_SHCSR_SVCALLPENDED_Pos)            /*!< SCB 
 579:Drivers/CMSIS/Include/core_cm4.h **** 
 580:Drivers/CMSIS/Include/core_cm4.h **** #define SCB_SHCSR_BUSFAULTPENDED_Pos       14U                                            /*!< SCB 
 581:Drivers/CMSIS/Include/core_cm4.h **** #define SCB_SHCSR_BUSFAULTPENDED_Msk       (1UL << SCB_SHCSR_BUSFAULTPENDED_Pos)          /*!< SCB 
 582:Drivers/CMSIS/Include/core_cm4.h **** 
 583:Drivers/CMSIS/Include/core_cm4.h **** #define SCB_SHCSR_MEMFAULTPENDED_Pos       13U                                            /*!< SCB 
 584:Drivers/CMSIS/Include/core_cm4.h **** #define SCB_SHCSR_MEMFAULTPENDED_Msk       (1UL << SCB_SHCSR_MEMFAULTPENDED_Pos)          /*!< SCB 
 585:Drivers/CMSIS/Include/core_cm4.h **** 
 586:Drivers/CMSIS/Include/core_cm4.h **** #define SCB_SHCSR_USGFAULTPENDED_Pos       12U                                            /*!< SCB 
 587:Drivers/CMSIS/Include/core_cm4.h **** #define SCB_SHCSR_USGFAULTPENDED_Msk       (1UL << SCB_SHCSR_USGFAULTPENDED_Pos)          /*!< SCB 
 588:Drivers/CMSIS/Include/core_cm4.h **** 
 589:Drivers/CMSIS/Include/core_cm4.h **** #define SCB_SHCSR_SYSTICKACT_Pos           11U                                            /*!< SCB 
 590:Drivers/CMSIS/Include/core_cm4.h **** #define SCB_SHCSR_SYSTICKACT_Msk           (1UL << SCB_SHCSR_SYSTICKACT_Pos)              /*!< SCB 
 591:Drivers/CMSIS/Include/core_cm4.h **** 
 592:Drivers/CMSIS/Include/core_cm4.h **** #define SCB_SHCSR_PENDSVACT_Pos            10U                                            /*!< SCB 
 593:Drivers/CMSIS/Include/core_cm4.h **** #define SCB_SHCSR_PENDSVACT_Msk            (1UL << SCB_SHCSR_PENDSVACT_Pos)               /*!< SCB 
 594:Drivers/CMSIS/Include/core_cm4.h **** 
 595:Drivers/CMSIS/Include/core_cm4.h **** #define SCB_SHCSR_MONITORACT_Pos            8U                                            /*!< SCB 
 596:Drivers/CMSIS/Include/core_cm4.h **** #define SCB_SHCSR_MONITORACT_Msk           (1UL << SCB_SHCSR_MONITORACT_Pos)              /*!< SCB 
 597:Drivers/CMSIS/Include/core_cm4.h **** 
 598:Drivers/CMSIS/Include/core_cm4.h **** #define SCB_SHCSR_SVCALLACT_Pos             7U                                            /*!< SCB 
 599:Drivers/CMSIS/Include/core_cm4.h **** #define SCB_SHCSR_SVCALLACT_Msk            (1UL << SCB_SHCSR_SVCALLACT_Pos)               /*!< SCB 
 600:Drivers/CMSIS/Include/core_cm4.h **** 
ARM GAS  C:\Users\adisa\AppData\Local\Temp\ccJAKY7c.s 			page 12


 601:Drivers/CMSIS/Include/core_cm4.h **** #define SCB_SHCSR_USGFAULTACT_Pos           3U                                            /*!< SCB 
 602:Drivers/CMSIS/Include/core_cm4.h **** #define SCB_SHCSR_USGFAULTACT_Msk          (1UL << SCB_SHCSR_USGFAULTACT_Pos)             /*!< SCB 
 603:Drivers/CMSIS/Include/core_cm4.h **** 
 604:Drivers/CMSIS/Include/core_cm4.h **** #define SCB_SHCSR_BUSFAULTACT_Pos           1U                                            /*!< SCB 
 605:Drivers/CMSIS/Include/core_cm4.h **** #define SCB_SHCSR_BUSFAULTACT_Msk          (1UL << SCB_SHCSR_BUSFAULTACT_Pos)             /*!< SCB 
 606:Drivers/CMSIS/Include/core_cm4.h **** 
 607:Drivers/CMSIS/Include/core_cm4.h **** #define SCB_SHCSR_MEMFAULTACT_Pos           0U                                            /*!< SCB 
 608:Drivers/CMSIS/Include/core_cm4.h **** #define SCB_SHCSR_MEMFAULTACT_Msk          (1UL /*<< SCB_SHCSR_MEMFAULTACT_Pos*/)         /*!< SCB 
 609:Drivers/CMSIS/Include/core_cm4.h **** 
 610:Drivers/CMSIS/Include/core_cm4.h **** /* SCB Configurable Fault Status Register Definitions */
 611:Drivers/CMSIS/Include/core_cm4.h **** #define SCB_CFSR_USGFAULTSR_Pos            16U                                            /*!< SCB 
 612:Drivers/CMSIS/Include/core_cm4.h **** #define SCB_CFSR_USGFAULTSR_Msk            (0xFFFFUL << SCB_CFSR_USGFAULTSR_Pos)          /*!< SCB 
 613:Drivers/CMSIS/Include/core_cm4.h **** 
 614:Drivers/CMSIS/Include/core_cm4.h **** #define SCB_CFSR_BUSFAULTSR_Pos             8U                                            /*!< SCB 
 615:Drivers/CMSIS/Include/core_cm4.h **** #define SCB_CFSR_BUSFAULTSR_Msk            (0xFFUL << SCB_CFSR_BUSFAULTSR_Pos)            /*!< SCB 
 616:Drivers/CMSIS/Include/core_cm4.h **** 
 617:Drivers/CMSIS/Include/core_cm4.h **** #define SCB_CFSR_MEMFAULTSR_Pos             0U                                            /*!< SCB 
 618:Drivers/CMSIS/Include/core_cm4.h **** #define SCB_CFSR_MEMFAULTSR_Msk            (0xFFUL /*<< SCB_CFSR_MEMFAULTSR_Pos*/)        /*!< SCB 
 619:Drivers/CMSIS/Include/core_cm4.h **** 
 620:Drivers/CMSIS/Include/core_cm4.h **** /* MemManage Fault Status Register (part of SCB Configurable Fault Status Register) */
 621:Drivers/CMSIS/Include/core_cm4.h **** #define SCB_CFSR_MMARVALID_Pos             (SCB_SHCSR_MEMFAULTACT_Pos + 7U)               /*!< SCB 
 622:Drivers/CMSIS/Include/core_cm4.h **** #define SCB_CFSR_MMARVALID_Msk             (1UL << SCB_CFSR_MMARVALID_Pos)                /*!< SCB 
 623:Drivers/CMSIS/Include/core_cm4.h **** 
 624:Drivers/CMSIS/Include/core_cm4.h **** #define SCB_CFSR_MLSPERR_Pos               (SCB_SHCSR_MEMFAULTACT_Pos + 5U)               /*!< SCB 
 625:Drivers/CMSIS/Include/core_cm4.h **** #define SCB_CFSR_MLSPERR_Msk               (1UL << SCB_CFSR_MLSPERR_Pos)                  /*!< SCB 
 626:Drivers/CMSIS/Include/core_cm4.h **** 
 627:Drivers/CMSIS/Include/core_cm4.h **** #define SCB_CFSR_MSTKERR_Pos               (SCB_SHCSR_MEMFAULTACT_Pos + 4U)               /*!< SCB 
 628:Drivers/CMSIS/Include/core_cm4.h **** #define SCB_CFSR_MSTKERR_Msk               (1UL << SCB_CFSR_MSTKERR_Pos)                  /*!< SCB 
 629:Drivers/CMSIS/Include/core_cm4.h **** 
 630:Drivers/CMSIS/Include/core_cm4.h **** #define SCB_CFSR_MUNSTKERR_Pos             (SCB_SHCSR_MEMFAULTACT_Pos + 3U)               /*!< SCB 
 631:Drivers/CMSIS/Include/core_cm4.h **** #define SCB_CFSR_MUNSTKERR_Msk             (1UL << SCB_CFSR_MUNSTKERR_Pos)                /*!< SCB 
 632:Drivers/CMSIS/Include/core_cm4.h **** 
 633:Drivers/CMSIS/Include/core_cm4.h **** #define SCB_CFSR_DACCVIOL_Pos              (SCB_SHCSR_MEMFAULTACT_Pos + 1U)               /*!< SCB 
 634:Drivers/CMSIS/Include/core_cm4.h **** #define SCB_CFSR_DACCVIOL_Msk              (1UL << SCB_CFSR_DACCVIOL_Pos)                 /*!< SCB 
 635:Drivers/CMSIS/Include/core_cm4.h **** 
 636:Drivers/CMSIS/Include/core_cm4.h **** #define SCB_CFSR_IACCVIOL_Pos              (SCB_SHCSR_MEMFAULTACT_Pos + 0U)               /*!< SCB 
 637:Drivers/CMSIS/Include/core_cm4.h **** #define SCB_CFSR_IACCVIOL_Msk              (1UL /*<< SCB_CFSR_IACCVIOL_Pos*/)             /*!< SCB 
 638:Drivers/CMSIS/Include/core_cm4.h **** 
 639:Drivers/CMSIS/Include/core_cm4.h **** /* BusFault Status Register (part of SCB Configurable Fault Status Register) */
 640:Drivers/CMSIS/Include/core_cm4.h **** #define SCB_CFSR_BFARVALID_Pos            (SCB_CFSR_BUSFAULTSR_Pos + 7U)                  /*!< SCB 
 641:Drivers/CMSIS/Include/core_cm4.h **** #define SCB_CFSR_BFARVALID_Msk            (1UL << SCB_CFSR_BFARVALID_Pos)                 /*!< SCB 
 642:Drivers/CMSIS/Include/core_cm4.h **** 
 643:Drivers/CMSIS/Include/core_cm4.h **** #define SCB_CFSR_LSPERR_Pos               (SCB_CFSR_BUSFAULTSR_Pos + 5U)                  /*!< SCB 
 644:Drivers/CMSIS/Include/core_cm4.h **** #define SCB_CFSR_LSPERR_Msk               (1UL << SCB_CFSR_LSPERR_Pos)                    /*!< SCB 
 645:Drivers/CMSIS/Include/core_cm4.h **** 
 646:Drivers/CMSIS/Include/core_cm4.h **** #define SCB_CFSR_STKERR_Pos               (SCB_CFSR_BUSFAULTSR_Pos + 4U)                  /*!< SCB 
 647:Drivers/CMSIS/Include/core_cm4.h **** #define SCB_CFSR_STKERR_Msk               (1UL << SCB_CFSR_STKERR_Pos)                    /*!< SCB 
 648:Drivers/CMSIS/Include/core_cm4.h **** 
 649:Drivers/CMSIS/Include/core_cm4.h **** #define SCB_CFSR_UNSTKERR_Pos             (SCB_CFSR_BUSFAULTSR_Pos + 3U)                  /*!< SCB 
 650:Drivers/CMSIS/Include/core_cm4.h **** #define SCB_CFSR_UNSTKERR_Msk             (1UL << SCB_CFSR_UNSTKERR_Pos)                  /*!< SCB 
 651:Drivers/CMSIS/Include/core_cm4.h **** 
 652:Drivers/CMSIS/Include/core_cm4.h **** #define SCB_CFSR_IMPRECISERR_Pos          (SCB_CFSR_BUSFAULTSR_Pos + 2U)                  /*!< SCB 
 653:Drivers/CMSIS/Include/core_cm4.h **** #define SCB_CFSR_IMPRECISERR_Msk          (1UL << SCB_CFSR_IMPRECISERR_Pos)               /*!< SCB 
 654:Drivers/CMSIS/Include/core_cm4.h **** 
 655:Drivers/CMSIS/Include/core_cm4.h **** #define SCB_CFSR_PRECISERR_Pos            (SCB_CFSR_BUSFAULTSR_Pos + 1U)                  /*!< SCB 
 656:Drivers/CMSIS/Include/core_cm4.h **** #define SCB_CFSR_PRECISERR_Msk            (1UL << SCB_CFSR_PRECISERR_Pos)                 /*!< SCB 
 657:Drivers/CMSIS/Include/core_cm4.h **** 
ARM GAS  C:\Users\adisa\AppData\Local\Temp\ccJAKY7c.s 			page 13


 658:Drivers/CMSIS/Include/core_cm4.h **** #define SCB_CFSR_IBUSERR_Pos              (SCB_CFSR_BUSFAULTSR_Pos + 0U)                  /*!< SCB 
 659:Drivers/CMSIS/Include/core_cm4.h **** #define SCB_CFSR_IBUSERR_Msk              (1UL << SCB_CFSR_IBUSERR_Pos)                   /*!< SCB 
 660:Drivers/CMSIS/Include/core_cm4.h **** 
 661:Drivers/CMSIS/Include/core_cm4.h **** /* UsageFault Status Register (part of SCB Configurable Fault Status Register) */
 662:Drivers/CMSIS/Include/core_cm4.h **** #define SCB_CFSR_DIVBYZERO_Pos            (SCB_CFSR_USGFAULTSR_Pos + 9U)                  /*!< SCB 
 663:Drivers/CMSIS/Include/core_cm4.h **** #define SCB_CFSR_DIVBYZERO_Msk            (1UL << SCB_CFSR_DIVBYZERO_Pos)                 /*!< SCB 
 664:Drivers/CMSIS/Include/core_cm4.h **** 
 665:Drivers/CMSIS/Include/core_cm4.h **** #define SCB_CFSR_UNALIGNED_Pos            (SCB_CFSR_USGFAULTSR_Pos + 8U)                  /*!< SCB 
 666:Drivers/CMSIS/Include/core_cm4.h **** #define SCB_CFSR_UNALIGNED_Msk            (1UL << SCB_CFSR_UNALIGNED_Pos)                 /*!< SCB 
 667:Drivers/CMSIS/Include/core_cm4.h **** 
 668:Drivers/CMSIS/Include/core_cm4.h **** #define SCB_CFSR_NOCP_Pos                 (SCB_CFSR_USGFAULTSR_Pos + 3U)                  /*!< SCB 
 669:Drivers/CMSIS/Include/core_cm4.h **** #define SCB_CFSR_NOCP_Msk                 (1UL << SCB_CFSR_NOCP_Pos)                      /*!< SCB 
 670:Drivers/CMSIS/Include/core_cm4.h **** 
 671:Drivers/CMSIS/Include/core_cm4.h **** #define SCB_CFSR_INVPC_Pos                (SCB_CFSR_USGFAULTSR_Pos + 2U)                  /*!< SCB 
 672:Drivers/CMSIS/Include/core_cm4.h **** #define SCB_CFSR_INVPC_Msk                (1UL << SCB_CFSR_INVPC_Pos)                     /*!< SCB 
 673:Drivers/CMSIS/Include/core_cm4.h **** 
 674:Drivers/CMSIS/Include/core_cm4.h **** #define SCB_CFSR_INVSTATE_Pos             (SCB_CFSR_USGFAULTSR_Pos + 1U)                  /*!< SCB 
 675:Drivers/CMSIS/Include/core_cm4.h **** #define SCB_CFSR_INVSTATE_Msk             (1UL << SCB_CFSR_INVSTATE_Pos)                  /*!< SCB 
 676:Drivers/CMSIS/Include/core_cm4.h **** 
 677:Drivers/CMSIS/Include/core_cm4.h **** #define SCB_CFSR_UNDEFINSTR_Pos           (SCB_CFSR_USGFAULTSR_Pos + 0U)                  /*!< SCB 
 678:Drivers/CMSIS/Include/core_cm4.h **** #define SCB_CFSR_UNDEFINSTR_Msk           (1UL << SCB_CFSR_UNDEFINSTR_Pos)                /*!< SCB 
 679:Drivers/CMSIS/Include/core_cm4.h **** 
 680:Drivers/CMSIS/Include/core_cm4.h **** /* SCB Hard Fault Status Register Definitions */
 681:Drivers/CMSIS/Include/core_cm4.h **** #define SCB_HFSR_DEBUGEVT_Pos              31U                                            /*!< SCB 
 682:Drivers/CMSIS/Include/core_cm4.h **** #define SCB_HFSR_DEBUGEVT_Msk              (1UL << SCB_HFSR_DEBUGEVT_Pos)                 /*!< SCB 
 683:Drivers/CMSIS/Include/core_cm4.h **** 
 684:Drivers/CMSIS/Include/core_cm4.h **** #define SCB_HFSR_FORCED_Pos                30U                                            /*!< SCB 
 685:Drivers/CMSIS/Include/core_cm4.h **** #define SCB_HFSR_FORCED_Msk                (1UL << SCB_HFSR_FORCED_Pos)                   /*!< SCB 
 686:Drivers/CMSIS/Include/core_cm4.h **** 
 687:Drivers/CMSIS/Include/core_cm4.h **** #define SCB_HFSR_VECTTBL_Pos                1U                                            /*!< SCB 
 688:Drivers/CMSIS/Include/core_cm4.h **** #define SCB_HFSR_VECTTBL_Msk               (1UL << SCB_HFSR_VECTTBL_Pos)                  /*!< SCB 
 689:Drivers/CMSIS/Include/core_cm4.h **** 
 690:Drivers/CMSIS/Include/core_cm4.h **** /* SCB Debug Fault Status Register Definitions */
 691:Drivers/CMSIS/Include/core_cm4.h **** #define SCB_DFSR_EXTERNAL_Pos               4U                                            /*!< SCB 
 692:Drivers/CMSIS/Include/core_cm4.h **** #define SCB_DFSR_EXTERNAL_Msk              (1UL << SCB_DFSR_EXTERNAL_Pos)                 /*!< SCB 
 693:Drivers/CMSIS/Include/core_cm4.h **** 
 694:Drivers/CMSIS/Include/core_cm4.h **** #define SCB_DFSR_VCATCH_Pos                 3U                                            /*!< SCB 
 695:Drivers/CMSIS/Include/core_cm4.h **** #define SCB_DFSR_VCATCH_Msk                (1UL << SCB_DFSR_VCATCH_Pos)                   /*!< SCB 
 696:Drivers/CMSIS/Include/core_cm4.h **** 
 697:Drivers/CMSIS/Include/core_cm4.h **** #define SCB_DFSR_DWTTRAP_Pos                2U                                            /*!< SCB 
 698:Drivers/CMSIS/Include/core_cm4.h **** #define SCB_DFSR_DWTTRAP_Msk               (1UL << SCB_DFSR_DWTTRAP_Pos)                  /*!< SCB 
 699:Drivers/CMSIS/Include/core_cm4.h **** 
 700:Drivers/CMSIS/Include/core_cm4.h **** #define SCB_DFSR_BKPT_Pos                   1U                                            /*!< SCB 
 701:Drivers/CMSIS/Include/core_cm4.h **** #define SCB_DFSR_BKPT_Msk                  (1UL << SCB_DFSR_BKPT_Pos)                     /*!< SCB 
 702:Drivers/CMSIS/Include/core_cm4.h **** 
 703:Drivers/CMSIS/Include/core_cm4.h **** #define SCB_DFSR_HALTED_Pos                 0U                                            /*!< SCB 
 704:Drivers/CMSIS/Include/core_cm4.h **** #define SCB_DFSR_HALTED_Msk                (1UL /*<< SCB_DFSR_HALTED_Pos*/)               /*!< SCB 
 705:Drivers/CMSIS/Include/core_cm4.h **** 
 706:Drivers/CMSIS/Include/core_cm4.h **** /*@} end of group CMSIS_SCB */
 707:Drivers/CMSIS/Include/core_cm4.h **** 
 708:Drivers/CMSIS/Include/core_cm4.h **** 
 709:Drivers/CMSIS/Include/core_cm4.h **** /**
 710:Drivers/CMSIS/Include/core_cm4.h ****   \ingroup  CMSIS_core_register
 711:Drivers/CMSIS/Include/core_cm4.h ****   \defgroup CMSIS_SCnSCB System Controls not in SCB (SCnSCB)
 712:Drivers/CMSIS/Include/core_cm4.h ****   \brief    Type definitions for the System Control and ID Register not in the SCB
 713:Drivers/CMSIS/Include/core_cm4.h ****   @{
 714:Drivers/CMSIS/Include/core_cm4.h ****  */
ARM GAS  C:\Users\adisa\AppData\Local\Temp\ccJAKY7c.s 			page 14


 715:Drivers/CMSIS/Include/core_cm4.h **** 
 716:Drivers/CMSIS/Include/core_cm4.h **** /**
 717:Drivers/CMSIS/Include/core_cm4.h ****   \brief  Structure type to access the System Control and ID Register not in the SCB.
 718:Drivers/CMSIS/Include/core_cm4.h ****  */
 719:Drivers/CMSIS/Include/core_cm4.h **** typedef struct
 720:Drivers/CMSIS/Include/core_cm4.h **** {
 721:Drivers/CMSIS/Include/core_cm4.h ****         uint32_t RESERVED0[1U];
 722:Drivers/CMSIS/Include/core_cm4.h ****   __IM  uint32_t ICTR;                   /*!< Offset: 0x004 (R/ )  Interrupt Controller Type Regist
 723:Drivers/CMSIS/Include/core_cm4.h ****   __IOM uint32_t ACTLR;                  /*!< Offset: 0x008 (R/W)  Auxiliary Control Register */
 724:Drivers/CMSIS/Include/core_cm4.h **** } SCnSCB_Type;
 725:Drivers/CMSIS/Include/core_cm4.h **** 
 726:Drivers/CMSIS/Include/core_cm4.h **** /* Interrupt Controller Type Register Definitions */
 727:Drivers/CMSIS/Include/core_cm4.h **** #define SCnSCB_ICTR_INTLINESNUM_Pos         0U                                         /*!< ICTR: I
 728:Drivers/CMSIS/Include/core_cm4.h **** #define SCnSCB_ICTR_INTLINESNUM_Msk        (0xFUL /*<< SCnSCB_ICTR_INTLINESNUM_Pos*/)  /*!< ICTR: I
 729:Drivers/CMSIS/Include/core_cm4.h **** 
 730:Drivers/CMSIS/Include/core_cm4.h **** /* Auxiliary Control Register Definitions */
 731:Drivers/CMSIS/Include/core_cm4.h **** #define SCnSCB_ACTLR_DISOOFP_Pos            9U                                         /*!< ACTLR: 
 732:Drivers/CMSIS/Include/core_cm4.h **** #define SCnSCB_ACTLR_DISOOFP_Msk           (1UL << SCnSCB_ACTLR_DISOOFP_Pos)           /*!< ACTLR: 
 733:Drivers/CMSIS/Include/core_cm4.h **** 
 734:Drivers/CMSIS/Include/core_cm4.h **** #define SCnSCB_ACTLR_DISFPCA_Pos            8U                                         /*!< ACTLR: 
 735:Drivers/CMSIS/Include/core_cm4.h **** #define SCnSCB_ACTLR_DISFPCA_Msk           (1UL << SCnSCB_ACTLR_DISFPCA_Pos)           /*!< ACTLR: 
 736:Drivers/CMSIS/Include/core_cm4.h **** 
 737:Drivers/CMSIS/Include/core_cm4.h **** #define SCnSCB_ACTLR_DISFOLD_Pos            2U                                         /*!< ACTLR: 
 738:Drivers/CMSIS/Include/core_cm4.h **** #define SCnSCB_ACTLR_DISFOLD_Msk           (1UL << SCnSCB_ACTLR_DISFOLD_Pos)           /*!< ACTLR: 
 739:Drivers/CMSIS/Include/core_cm4.h **** 
 740:Drivers/CMSIS/Include/core_cm4.h **** #define SCnSCB_ACTLR_DISDEFWBUF_Pos         1U                                         /*!< ACTLR: 
 741:Drivers/CMSIS/Include/core_cm4.h **** #define SCnSCB_ACTLR_DISDEFWBUF_Msk        (1UL << SCnSCB_ACTLR_DISDEFWBUF_Pos)        /*!< ACTLR: 
 742:Drivers/CMSIS/Include/core_cm4.h **** 
 743:Drivers/CMSIS/Include/core_cm4.h **** #define SCnSCB_ACTLR_DISMCYCINT_Pos         0U                                         /*!< ACTLR: 
 744:Drivers/CMSIS/Include/core_cm4.h **** #define SCnSCB_ACTLR_DISMCYCINT_Msk        (1UL /*<< SCnSCB_ACTLR_DISMCYCINT_Pos*/)    /*!< ACTLR: 
 745:Drivers/CMSIS/Include/core_cm4.h **** 
 746:Drivers/CMSIS/Include/core_cm4.h **** /*@} end of group CMSIS_SCnotSCB */
 747:Drivers/CMSIS/Include/core_cm4.h **** 
 748:Drivers/CMSIS/Include/core_cm4.h **** 
 749:Drivers/CMSIS/Include/core_cm4.h **** /**
 750:Drivers/CMSIS/Include/core_cm4.h ****   \ingroup  CMSIS_core_register
 751:Drivers/CMSIS/Include/core_cm4.h ****   \defgroup CMSIS_SysTick     System Tick Timer (SysTick)
 752:Drivers/CMSIS/Include/core_cm4.h ****   \brief    Type definitions for the System Timer Registers.
 753:Drivers/CMSIS/Include/core_cm4.h ****   @{
 754:Drivers/CMSIS/Include/core_cm4.h ****  */
 755:Drivers/CMSIS/Include/core_cm4.h **** 
 756:Drivers/CMSIS/Include/core_cm4.h **** /**
 757:Drivers/CMSIS/Include/core_cm4.h ****   \brief  Structure type to access the System Timer (SysTick).
 758:Drivers/CMSIS/Include/core_cm4.h ****  */
 759:Drivers/CMSIS/Include/core_cm4.h **** typedef struct
 760:Drivers/CMSIS/Include/core_cm4.h **** {
 761:Drivers/CMSIS/Include/core_cm4.h ****   __IOM uint32_t CTRL;                   /*!< Offset: 0x000 (R/W)  SysTick Control and Status Regis
 762:Drivers/CMSIS/Include/core_cm4.h ****   __IOM uint32_t LOAD;                   /*!< Offset: 0x004 (R/W)  SysTick Reload Value Register */
 763:Drivers/CMSIS/Include/core_cm4.h ****   __IOM uint32_t VAL;                    /*!< Offset: 0x008 (R/W)  SysTick Current Value Register *
 764:Drivers/CMSIS/Include/core_cm4.h ****   __IM  uint32_t CALIB;                  /*!< Offset: 0x00C (R/ )  SysTick Calibration Register */
 765:Drivers/CMSIS/Include/core_cm4.h **** } SysTick_Type;
 766:Drivers/CMSIS/Include/core_cm4.h **** 
 767:Drivers/CMSIS/Include/core_cm4.h **** /* SysTick Control / Status Register Definitions */
 768:Drivers/CMSIS/Include/core_cm4.h **** #define SysTick_CTRL_COUNTFLAG_Pos         16U                                            /*!< SysT
 769:Drivers/CMSIS/Include/core_cm4.h **** #define SysTick_CTRL_COUNTFLAG_Msk         (1UL << SysTick_CTRL_COUNTFLAG_Pos)            /*!< SysT
 770:Drivers/CMSIS/Include/core_cm4.h **** 
 771:Drivers/CMSIS/Include/core_cm4.h **** #define SysTick_CTRL_CLKSOURCE_Pos          2U                                            /*!< SysT
ARM GAS  C:\Users\adisa\AppData\Local\Temp\ccJAKY7c.s 			page 15


 772:Drivers/CMSIS/Include/core_cm4.h **** #define SysTick_CTRL_CLKSOURCE_Msk         (1UL << SysTick_CTRL_CLKSOURCE_Pos)            /*!< SysT
 773:Drivers/CMSIS/Include/core_cm4.h **** 
 774:Drivers/CMSIS/Include/core_cm4.h **** #define SysTick_CTRL_TICKINT_Pos            1U                                            /*!< SysT
 775:Drivers/CMSIS/Include/core_cm4.h **** #define SysTick_CTRL_TICKINT_Msk           (1UL << SysTick_CTRL_TICKINT_Pos)              /*!< SysT
 776:Drivers/CMSIS/Include/core_cm4.h **** 
 777:Drivers/CMSIS/Include/core_cm4.h **** #define SysTick_CTRL_ENABLE_Pos             0U                                            /*!< SysT
 778:Drivers/CMSIS/Include/core_cm4.h **** #define SysTick_CTRL_ENABLE_Msk            (1UL /*<< SysTick_CTRL_ENABLE_Pos*/)           /*!< SysT
 779:Drivers/CMSIS/Include/core_cm4.h **** 
 780:Drivers/CMSIS/Include/core_cm4.h **** /* SysTick Reload Register Definitions */
 781:Drivers/CMSIS/Include/core_cm4.h **** #define SysTick_LOAD_RELOAD_Pos             0U                                            /*!< SysT
 782:Drivers/CMSIS/Include/core_cm4.h **** #define SysTick_LOAD_RELOAD_Msk            (0xFFFFFFUL /*<< SysTick_LOAD_RELOAD_Pos*/)    /*!< SysT
 783:Drivers/CMSIS/Include/core_cm4.h **** 
 784:Drivers/CMSIS/Include/core_cm4.h **** /* SysTick Current Register Definitions */
 785:Drivers/CMSIS/Include/core_cm4.h **** #define SysTick_VAL_CURRENT_Pos             0U                                            /*!< SysT
 786:Drivers/CMSIS/Include/core_cm4.h **** #define SysTick_VAL_CURRENT_Msk            (0xFFFFFFUL /*<< SysTick_VAL_CURRENT_Pos*/)    /*!< SysT
 787:Drivers/CMSIS/Include/core_cm4.h **** 
 788:Drivers/CMSIS/Include/core_cm4.h **** /* SysTick Calibration Register Definitions */
 789:Drivers/CMSIS/Include/core_cm4.h **** #define SysTick_CALIB_NOREF_Pos            31U                                            /*!< SysT
 790:Drivers/CMSIS/Include/core_cm4.h **** #define SysTick_CALIB_NOREF_Msk            (1UL << SysTick_CALIB_NOREF_Pos)               /*!< SysT
 791:Drivers/CMSIS/Include/core_cm4.h **** 
 792:Drivers/CMSIS/Include/core_cm4.h **** #define SysTick_CALIB_SKEW_Pos             30U                                            /*!< SysT
 793:Drivers/CMSIS/Include/core_cm4.h **** #define SysTick_CALIB_SKEW_Msk             (1UL << SysTick_CALIB_SKEW_Pos)                /*!< SysT
 794:Drivers/CMSIS/Include/core_cm4.h **** 
 795:Drivers/CMSIS/Include/core_cm4.h **** #define SysTick_CALIB_TENMS_Pos             0U                                            /*!< SysT
 796:Drivers/CMSIS/Include/core_cm4.h **** #define SysTick_CALIB_TENMS_Msk            (0xFFFFFFUL /*<< SysTick_CALIB_TENMS_Pos*/)    /*!< SysT
 797:Drivers/CMSIS/Include/core_cm4.h **** 
 798:Drivers/CMSIS/Include/core_cm4.h **** /*@} end of group CMSIS_SysTick */
 799:Drivers/CMSIS/Include/core_cm4.h **** 
 800:Drivers/CMSIS/Include/core_cm4.h **** 
 801:Drivers/CMSIS/Include/core_cm4.h **** /**
 802:Drivers/CMSIS/Include/core_cm4.h ****   \ingroup  CMSIS_core_register
 803:Drivers/CMSIS/Include/core_cm4.h ****   \defgroup CMSIS_ITM     Instrumentation Trace Macrocell (ITM)
 804:Drivers/CMSIS/Include/core_cm4.h ****   \brief    Type definitions for the Instrumentation Trace Macrocell (ITM)
 805:Drivers/CMSIS/Include/core_cm4.h ****   @{
 806:Drivers/CMSIS/Include/core_cm4.h ****  */
 807:Drivers/CMSIS/Include/core_cm4.h **** 
 808:Drivers/CMSIS/Include/core_cm4.h **** /**
 809:Drivers/CMSIS/Include/core_cm4.h ****   \brief  Structure type to access the Instrumentation Trace Macrocell Register (ITM).
 810:Drivers/CMSIS/Include/core_cm4.h ****  */
 811:Drivers/CMSIS/Include/core_cm4.h **** typedef struct
 812:Drivers/CMSIS/Include/core_cm4.h **** {
 813:Drivers/CMSIS/Include/core_cm4.h ****   __OM  union
 814:Drivers/CMSIS/Include/core_cm4.h ****   {
 815:Drivers/CMSIS/Include/core_cm4.h ****     __OM  uint8_t    u8;                 /*!< Offset: 0x000 ( /W)  ITM Stimulus Port 8-bit */
 816:Drivers/CMSIS/Include/core_cm4.h ****     __OM  uint16_t   u16;                /*!< Offset: 0x000 ( /W)  ITM Stimulus Port 16-bit */
 817:Drivers/CMSIS/Include/core_cm4.h ****     __OM  uint32_t   u32;                /*!< Offset: 0x000 ( /W)  ITM Stimulus Port 32-bit */
 818:Drivers/CMSIS/Include/core_cm4.h ****   }  PORT [32U];                         /*!< Offset: 0x000 ( /W)  ITM Stimulus Port Registers */
 819:Drivers/CMSIS/Include/core_cm4.h ****         uint32_t RESERVED0[864U];
 820:Drivers/CMSIS/Include/core_cm4.h ****   __IOM uint32_t TER;                    /*!< Offset: 0xE00 (R/W)  ITM Trace Enable Register */
 821:Drivers/CMSIS/Include/core_cm4.h ****         uint32_t RESERVED1[15U];
 822:Drivers/CMSIS/Include/core_cm4.h ****   __IOM uint32_t TPR;                    /*!< Offset: 0xE40 (R/W)  ITM Trace Privilege Register */
 823:Drivers/CMSIS/Include/core_cm4.h ****         uint32_t RESERVED2[15U];
 824:Drivers/CMSIS/Include/core_cm4.h ****   __IOM uint32_t TCR;                    /*!< Offset: 0xE80 (R/W)  ITM Trace Control Register */
 825:Drivers/CMSIS/Include/core_cm4.h ****         uint32_t RESERVED3[32U];
 826:Drivers/CMSIS/Include/core_cm4.h ****         uint32_t RESERVED4[43U];
 827:Drivers/CMSIS/Include/core_cm4.h ****   __OM  uint32_t LAR;                    /*!< Offset: 0xFB0 ( /W)  ITM Lock Access Register */
 828:Drivers/CMSIS/Include/core_cm4.h ****   __IM  uint32_t LSR;                    /*!< Offset: 0xFB4 (R/ )  ITM Lock Status Register */
ARM GAS  C:\Users\adisa\AppData\Local\Temp\ccJAKY7c.s 			page 16


 829:Drivers/CMSIS/Include/core_cm4.h ****         uint32_t RESERVED5[6U];
 830:Drivers/CMSIS/Include/core_cm4.h ****   __IM  uint32_t PID4;                   /*!< Offset: 0xFD0 (R/ )  ITM Peripheral Identification Re
 831:Drivers/CMSIS/Include/core_cm4.h ****   __IM  uint32_t PID5;                   /*!< Offset: 0xFD4 (R/ )  ITM Peripheral Identification Re
 832:Drivers/CMSIS/Include/core_cm4.h ****   __IM  uint32_t PID6;                   /*!< Offset: 0xFD8 (R/ )  ITM Peripheral Identification Re
 833:Drivers/CMSIS/Include/core_cm4.h ****   __IM  uint32_t PID7;                   /*!< Offset: 0xFDC (R/ )  ITM Peripheral Identification Re
 834:Drivers/CMSIS/Include/core_cm4.h ****   __IM  uint32_t PID0;                   /*!< Offset: 0xFE0 (R/ )  ITM Peripheral Identification Re
 835:Drivers/CMSIS/Include/core_cm4.h ****   __IM  uint32_t PID1;                   /*!< Offset: 0xFE4 (R/ )  ITM Peripheral Identification Re
 836:Drivers/CMSIS/Include/core_cm4.h ****   __IM  uint32_t PID2;                   /*!< Offset: 0xFE8 (R/ )  ITM Peripheral Identification Re
 837:Drivers/CMSIS/Include/core_cm4.h ****   __IM  uint32_t PID3;                   /*!< Offset: 0xFEC (R/ )  ITM Peripheral Identification Re
 838:Drivers/CMSIS/Include/core_cm4.h ****   __IM  uint32_t CID0;                   /*!< Offset: 0xFF0 (R/ )  ITM Component  Identification Re
 839:Drivers/CMSIS/Include/core_cm4.h ****   __IM  uint32_t CID1;                   /*!< Offset: 0xFF4 (R/ )  ITM Component  Identification Re
 840:Drivers/CMSIS/Include/core_cm4.h ****   __IM  uint32_t CID2;                   /*!< Offset: 0xFF8 (R/ )  ITM Component  Identification Re
 841:Drivers/CMSIS/Include/core_cm4.h ****   __IM  uint32_t CID3;                   /*!< Offset: 0xFFC (R/ )  ITM Component  Identification Re
 842:Drivers/CMSIS/Include/core_cm4.h **** } ITM_Type;
 843:Drivers/CMSIS/Include/core_cm4.h **** 
 844:Drivers/CMSIS/Include/core_cm4.h **** /* ITM Trace Privilege Register Definitions */
 845:Drivers/CMSIS/Include/core_cm4.h **** #define ITM_TPR_PRIVMASK_Pos                0U                                            /*!< ITM 
 846:Drivers/CMSIS/Include/core_cm4.h **** #define ITM_TPR_PRIVMASK_Msk               (0xFFFFFFFFUL /*<< ITM_TPR_PRIVMASK_Pos*/)     /*!< ITM 
 847:Drivers/CMSIS/Include/core_cm4.h **** 
 848:Drivers/CMSIS/Include/core_cm4.h **** /* ITM Trace Control Register Definitions */
 849:Drivers/CMSIS/Include/core_cm4.h **** #define ITM_TCR_BUSY_Pos                   23U                                            /*!< ITM 
 850:Drivers/CMSIS/Include/core_cm4.h **** #define ITM_TCR_BUSY_Msk                   (1UL << ITM_TCR_BUSY_Pos)                      /*!< ITM 
 851:Drivers/CMSIS/Include/core_cm4.h **** 
 852:Drivers/CMSIS/Include/core_cm4.h **** #define ITM_TCR_TraceBusID_Pos             16U                                            /*!< ITM 
 853:Drivers/CMSIS/Include/core_cm4.h **** #define ITM_TCR_TraceBusID_Msk             (0x7FUL << ITM_TCR_TraceBusID_Pos)             /*!< ITM 
 854:Drivers/CMSIS/Include/core_cm4.h **** 
 855:Drivers/CMSIS/Include/core_cm4.h **** #define ITM_TCR_GTSFREQ_Pos                10U                                            /*!< ITM 
 856:Drivers/CMSIS/Include/core_cm4.h **** #define ITM_TCR_GTSFREQ_Msk                (3UL << ITM_TCR_GTSFREQ_Pos)                   /*!< ITM 
 857:Drivers/CMSIS/Include/core_cm4.h **** 
 858:Drivers/CMSIS/Include/core_cm4.h **** #define ITM_TCR_TSPrescale_Pos              8U                                            /*!< ITM 
 859:Drivers/CMSIS/Include/core_cm4.h **** #define ITM_TCR_TSPrescale_Msk             (3UL << ITM_TCR_TSPrescale_Pos)                /*!< ITM 
 860:Drivers/CMSIS/Include/core_cm4.h **** 
 861:Drivers/CMSIS/Include/core_cm4.h **** #define ITM_TCR_SWOENA_Pos                  4U                                            /*!< ITM 
 862:Drivers/CMSIS/Include/core_cm4.h **** #define ITM_TCR_SWOENA_Msk                 (1UL << ITM_TCR_SWOENA_Pos)                    /*!< ITM 
 863:Drivers/CMSIS/Include/core_cm4.h **** 
 864:Drivers/CMSIS/Include/core_cm4.h **** #define ITM_TCR_DWTENA_Pos                  3U                                            /*!< ITM 
 865:Drivers/CMSIS/Include/core_cm4.h **** #define ITM_TCR_DWTENA_Msk                 (1UL << ITM_TCR_DWTENA_Pos)                    /*!< ITM 
 866:Drivers/CMSIS/Include/core_cm4.h **** 
 867:Drivers/CMSIS/Include/core_cm4.h **** #define ITM_TCR_SYNCENA_Pos                 2U                                            /*!< ITM 
 868:Drivers/CMSIS/Include/core_cm4.h **** #define ITM_TCR_SYNCENA_Msk                (1UL << ITM_TCR_SYNCENA_Pos)                   /*!< ITM 
 869:Drivers/CMSIS/Include/core_cm4.h **** 
 870:Drivers/CMSIS/Include/core_cm4.h **** #define ITM_TCR_TSENA_Pos                   1U                                            /*!< ITM 
 871:Drivers/CMSIS/Include/core_cm4.h **** #define ITM_TCR_TSENA_Msk                  (1UL << ITM_TCR_TSENA_Pos)                     /*!< ITM 
 872:Drivers/CMSIS/Include/core_cm4.h **** 
 873:Drivers/CMSIS/Include/core_cm4.h **** #define ITM_TCR_ITMENA_Pos                  0U                                            /*!< ITM 
 874:Drivers/CMSIS/Include/core_cm4.h **** #define ITM_TCR_ITMENA_Msk                 (1UL /*<< ITM_TCR_ITMENA_Pos*/)                /*!< ITM 
 875:Drivers/CMSIS/Include/core_cm4.h **** 
 876:Drivers/CMSIS/Include/core_cm4.h **** /* ITM Lock Status Register Definitions */
 877:Drivers/CMSIS/Include/core_cm4.h **** #define ITM_LSR_ByteAcc_Pos                 2U                                            /*!< ITM 
 878:Drivers/CMSIS/Include/core_cm4.h **** #define ITM_LSR_ByteAcc_Msk                (1UL << ITM_LSR_ByteAcc_Pos)                   /*!< ITM 
 879:Drivers/CMSIS/Include/core_cm4.h **** 
 880:Drivers/CMSIS/Include/core_cm4.h **** #define ITM_LSR_Access_Pos                  1U                                            /*!< ITM 
 881:Drivers/CMSIS/Include/core_cm4.h **** #define ITM_LSR_Access_Msk                 (1UL << ITM_LSR_Access_Pos)                    /*!< ITM 
 882:Drivers/CMSIS/Include/core_cm4.h **** 
 883:Drivers/CMSIS/Include/core_cm4.h **** #define ITM_LSR_Present_Pos                 0U                                            /*!< ITM 
 884:Drivers/CMSIS/Include/core_cm4.h **** #define ITM_LSR_Present_Msk                (1UL /*<< ITM_LSR_Present_Pos*/)               /*!< ITM 
 885:Drivers/CMSIS/Include/core_cm4.h **** 
ARM GAS  C:\Users\adisa\AppData\Local\Temp\ccJAKY7c.s 			page 17


 886:Drivers/CMSIS/Include/core_cm4.h **** /*@}*/ /* end of group CMSIS_ITM */
 887:Drivers/CMSIS/Include/core_cm4.h **** 
 888:Drivers/CMSIS/Include/core_cm4.h **** 
 889:Drivers/CMSIS/Include/core_cm4.h **** /**
 890:Drivers/CMSIS/Include/core_cm4.h ****   \ingroup  CMSIS_core_register
 891:Drivers/CMSIS/Include/core_cm4.h ****   \defgroup CMSIS_DWT     Data Watchpoint and Trace (DWT)
 892:Drivers/CMSIS/Include/core_cm4.h ****   \brief    Type definitions for the Data Watchpoint and Trace (DWT)
 893:Drivers/CMSIS/Include/core_cm4.h ****   @{
 894:Drivers/CMSIS/Include/core_cm4.h ****  */
 895:Drivers/CMSIS/Include/core_cm4.h **** 
 896:Drivers/CMSIS/Include/core_cm4.h **** /**
 897:Drivers/CMSIS/Include/core_cm4.h ****   \brief  Structure type to access the Data Watchpoint and Trace Register (DWT).
 898:Drivers/CMSIS/Include/core_cm4.h ****  */
 899:Drivers/CMSIS/Include/core_cm4.h **** typedef struct
 900:Drivers/CMSIS/Include/core_cm4.h **** {
 901:Drivers/CMSIS/Include/core_cm4.h ****   __IOM uint32_t CTRL;                   /*!< Offset: 0x000 (R/W)  Control Register */
 902:Drivers/CMSIS/Include/core_cm4.h ****   __IOM uint32_t CYCCNT;                 /*!< Offset: 0x004 (R/W)  Cycle Count Register */
 903:Drivers/CMSIS/Include/core_cm4.h ****   __IOM uint32_t CPICNT;                 /*!< Offset: 0x008 (R/W)  CPI Count Register */
 904:Drivers/CMSIS/Include/core_cm4.h ****   __IOM uint32_t EXCCNT;                 /*!< Offset: 0x00C (R/W)  Exception Overhead Count Registe
 905:Drivers/CMSIS/Include/core_cm4.h ****   __IOM uint32_t SLEEPCNT;               /*!< Offset: 0x010 (R/W)  Sleep Count Register */
 906:Drivers/CMSIS/Include/core_cm4.h ****   __IOM uint32_t LSUCNT;                 /*!< Offset: 0x014 (R/W)  LSU Count Register */
 907:Drivers/CMSIS/Include/core_cm4.h ****   __IOM uint32_t FOLDCNT;                /*!< Offset: 0x018 (R/W)  Folded-instruction Count Registe
 908:Drivers/CMSIS/Include/core_cm4.h ****   __IM  uint32_t PCSR;                   /*!< Offset: 0x01C (R/ )  Program Counter Sample Register 
 909:Drivers/CMSIS/Include/core_cm4.h ****   __IOM uint32_t COMP0;                  /*!< Offset: 0x020 (R/W)  Comparator Register 0 */
 910:Drivers/CMSIS/Include/core_cm4.h ****   __IOM uint32_t MASK0;                  /*!< Offset: 0x024 (R/W)  Mask Register 0 */
 911:Drivers/CMSIS/Include/core_cm4.h ****   __IOM uint32_t FUNCTION0;              /*!< Offset: 0x028 (R/W)  Function Register 0 */
 912:Drivers/CMSIS/Include/core_cm4.h ****         uint32_t RESERVED0[1U];
 913:Drivers/CMSIS/Include/core_cm4.h ****   __IOM uint32_t COMP1;                  /*!< Offset: 0x030 (R/W)  Comparator Register 1 */
 914:Drivers/CMSIS/Include/core_cm4.h ****   __IOM uint32_t MASK1;                  /*!< Offset: 0x034 (R/W)  Mask Register 1 */
 915:Drivers/CMSIS/Include/core_cm4.h ****   __IOM uint32_t FUNCTION1;              /*!< Offset: 0x038 (R/W)  Function Register 1 */
 916:Drivers/CMSIS/Include/core_cm4.h ****         uint32_t RESERVED1[1U];
 917:Drivers/CMSIS/Include/core_cm4.h ****   __IOM uint32_t COMP2;                  /*!< Offset: 0x040 (R/W)  Comparator Register 2 */
 918:Drivers/CMSIS/Include/core_cm4.h ****   __IOM uint32_t MASK2;                  /*!< Offset: 0x044 (R/W)  Mask Register 2 */
 919:Drivers/CMSIS/Include/core_cm4.h ****   __IOM uint32_t FUNCTION2;              /*!< Offset: 0x048 (R/W)  Function Register 2 */
 920:Drivers/CMSIS/Include/core_cm4.h ****         uint32_t RESERVED2[1U];
 921:Drivers/CMSIS/Include/core_cm4.h ****   __IOM uint32_t COMP3;                  /*!< Offset: 0x050 (R/W)  Comparator Register 3 */
 922:Drivers/CMSIS/Include/core_cm4.h ****   __IOM uint32_t MASK3;                  /*!< Offset: 0x054 (R/W)  Mask Register 3 */
 923:Drivers/CMSIS/Include/core_cm4.h ****   __IOM uint32_t FUNCTION3;              /*!< Offset: 0x058 (R/W)  Function Register 3 */
 924:Drivers/CMSIS/Include/core_cm4.h **** } DWT_Type;
 925:Drivers/CMSIS/Include/core_cm4.h **** 
 926:Drivers/CMSIS/Include/core_cm4.h **** /* DWT Control Register Definitions */
 927:Drivers/CMSIS/Include/core_cm4.h **** #define DWT_CTRL_NUMCOMP_Pos               28U                                         /*!< DWT CTR
 928:Drivers/CMSIS/Include/core_cm4.h **** #define DWT_CTRL_NUMCOMP_Msk               (0xFUL << DWT_CTRL_NUMCOMP_Pos)             /*!< DWT CTR
 929:Drivers/CMSIS/Include/core_cm4.h **** 
 930:Drivers/CMSIS/Include/core_cm4.h **** #define DWT_CTRL_NOTRCPKT_Pos              27U                                         /*!< DWT CTR
 931:Drivers/CMSIS/Include/core_cm4.h **** #define DWT_CTRL_NOTRCPKT_Msk              (0x1UL << DWT_CTRL_NOTRCPKT_Pos)            /*!< DWT CTR
 932:Drivers/CMSIS/Include/core_cm4.h **** 
 933:Drivers/CMSIS/Include/core_cm4.h **** #define DWT_CTRL_NOEXTTRIG_Pos             26U                                         /*!< DWT CTR
 934:Drivers/CMSIS/Include/core_cm4.h **** #define DWT_CTRL_NOEXTTRIG_Msk             (0x1UL << DWT_CTRL_NOEXTTRIG_Pos)           /*!< DWT CTR
 935:Drivers/CMSIS/Include/core_cm4.h **** 
 936:Drivers/CMSIS/Include/core_cm4.h **** #define DWT_CTRL_NOCYCCNT_Pos              25U                                         /*!< DWT CTR
 937:Drivers/CMSIS/Include/core_cm4.h **** #define DWT_CTRL_NOCYCCNT_Msk              (0x1UL << DWT_CTRL_NOCYCCNT_Pos)            /*!< DWT CTR
 938:Drivers/CMSIS/Include/core_cm4.h **** 
 939:Drivers/CMSIS/Include/core_cm4.h **** #define DWT_CTRL_NOPRFCNT_Pos              24U                                         /*!< DWT CTR
 940:Drivers/CMSIS/Include/core_cm4.h **** #define DWT_CTRL_NOPRFCNT_Msk              (0x1UL << DWT_CTRL_NOPRFCNT_Pos)            /*!< DWT CTR
 941:Drivers/CMSIS/Include/core_cm4.h **** 
 942:Drivers/CMSIS/Include/core_cm4.h **** #define DWT_CTRL_CYCEVTENA_Pos             22U                                         /*!< DWT CTR
ARM GAS  C:\Users\adisa\AppData\Local\Temp\ccJAKY7c.s 			page 18


 943:Drivers/CMSIS/Include/core_cm4.h **** #define DWT_CTRL_CYCEVTENA_Msk             (0x1UL << DWT_CTRL_CYCEVTENA_Pos)           /*!< DWT CTR
 944:Drivers/CMSIS/Include/core_cm4.h **** 
 945:Drivers/CMSIS/Include/core_cm4.h **** #define DWT_CTRL_FOLDEVTENA_Pos            21U                                         /*!< DWT CTR
 946:Drivers/CMSIS/Include/core_cm4.h **** #define DWT_CTRL_FOLDEVTENA_Msk            (0x1UL << DWT_CTRL_FOLDEVTENA_Pos)          /*!< DWT CTR
 947:Drivers/CMSIS/Include/core_cm4.h **** 
 948:Drivers/CMSIS/Include/core_cm4.h **** #define DWT_CTRL_LSUEVTENA_Pos             20U                                         /*!< DWT CTR
 949:Drivers/CMSIS/Include/core_cm4.h **** #define DWT_CTRL_LSUEVTENA_Msk             (0x1UL << DWT_CTRL_LSUEVTENA_Pos)           /*!< DWT CTR
 950:Drivers/CMSIS/Include/core_cm4.h **** 
 951:Drivers/CMSIS/Include/core_cm4.h **** #define DWT_CTRL_SLEEPEVTENA_Pos           19U                                         /*!< DWT CTR
 952:Drivers/CMSIS/Include/core_cm4.h **** #define DWT_CTRL_SLEEPEVTENA_Msk           (0x1UL << DWT_CTRL_SLEEPEVTENA_Pos)         /*!< DWT CTR
 953:Drivers/CMSIS/Include/core_cm4.h **** 
 954:Drivers/CMSIS/Include/core_cm4.h **** #define DWT_CTRL_EXCEVTENA_Pos             18U                                         /*!< DWT CTR
 955:Drivers/CMSIS/Include/core_cm4.h **** #define DWT_CTRL_EXCEVTENA_Msk             (0x1UL << DWT_CTRL_EXCEVTENA_Pos)           /*!< DWT CTR
 956:Drivers/CMSIS/Include/core_cm4.h **** 
 957:Drivers/CMSIS/Include/core_cm4.h **** #define DWT_CTRL_CPIEVTENA_Pos             17U                                         /*!< DWT CTR
 958:Drivers/CMSIS/Include/core_cm4.h **** #define DWT_CTRL_CPIEVTENA_Msk             (0x1UL << DWT_CTRL_CPIEVTENA_Pos)           /*!< DWT CTR
 959:Drivers/CMSIS/Include/core_cm4.h **** 
 960:Drivers/CMSIS/Include/core_cm4.h **** #define DWT_CTRL_EXCTRCENA_Pos             16U                                         /*!< DWT CTR
 961:Drivers/CMSIS/Include/core_cm4.h **** #define DWT_CTRL_EXCTRCENA_Msk             (0x1UL << DWT_CTRL_EXCTRCENA_Pos)           /*!< DWT CTR
 962:Drivers/CMSIS/Include/core_cm4.h **** 
 963:Drivers/CMSIS/Include/core_cm4.h **** #define DWT_CTRL_PCSAMPLENA_Pos            12U                                         /*!< DWT CTR
 964:Drivers/CMSIS/Include/core_cm4.h **** #define DWT_CTRL_PCSAMPLENA_Msk            (0x1UL << DWT_CTRL_PCSAMPLENA_Pos)          /*!< DWT CTR
 965:Drivers/CMSIS/Include/core_cm4.h **** 
 966:Drivers/CMSIS/Include/core_cm4.h **** #define DWT_CTRL_SYNCTAP_Pos               10U                                         /*!< DWT CTR
 967:Drivers/CMSIS/Include/core_cm4.h **** #define DWT_CTRL_SYNCTAP_Msk               (0x3UL << DWT_CTRL_SYNCTAP_Pos)             /*!< DWT CTR
 968:Drivers/CMSIS/Include/core_cm4.h **** 
 969:Drivers/CMSIS/Include/core_cm4.h **** #define DWT_CTRL_CYCTAP_Pos                 9U                                         /*!< DWT CTR
 970:Drivers/CMSIS/Include/core_cm4.h **** #define DWT_CTRL_CYCTAP_Msk                (0x1UL << DWT_CTRL_CYCTAP_Pos)              /*!< DWT CTR
 971:Drivers/CMSIS/Include/core_cm4.h **** 
 972:Drivers/CMSIS/Include/core_cm4.h **** #define DWT_CTRL_POSTINIT_Pos               5U                                         /*!< DWT CTR
 973:Drivers/CMSIS/Include/core_cm4.h **** #define DWT_CTRL_POSTINIT_Msk              (0xFUL << DWT_CTRL_POSTINIT_Pos)            /*!< DWT CTR
 974:Drivers/CMSIS/Include/core_cm4.h **** 
 975:Drivers/CMSIS/Include/core_cm4.h **** #define DWT_CTRL_POSTPRESET_Pos             1U                                         /*!< DWT CTR
 976:Drivers/CMSIS/Include/core_cm4.h **** #define DWT_CTRL_POSTPRESET_Msk            (0xFUL << DWT_CTRL_POSTPRESET_Pos)          /*!< DWT CTR
 977:Drivers/CMSIS/Include/core_cm4.h **** 
 978:Drivers/CMSIS/Include/core_cm4.h **** #define DWT_CTRL_CYCCNTENA_Pos              0U                                         /*!< DWT CTR
 979:Drivers/CMSIS/Include/core_cm4.h **** #define DWT_CTRL_CYCCNTENA_Msk             (0x1UL /*<< DWT_CTRL_CYCCNTENA_Pos*/)       /*!< DWT CTR
 980:Drivers/CMSIS/Include/core_cm4.h **** 
 981:Drivers/CMSIS/Include/core_cm4.h **** /* DWT CPI Count Register Definitions */
 982:Drivers/CMSIS/Include/core_cm4.h **** #define DWT_CPICNT_CPICNT_Pos               0U                                         /*!< DWT CPI
 983:Drivers/CMSIS/Include/core_cm4.h **** #define DWT_CPICNT_CPICNT_Msk              (0xFFUL /*<< DWT_CPICNT_CPICNT_Pos*/)       /*!< DWT CPI
 984:Drivers/CMSIS/Include/core_cm4.h **** 
 985:Drivers/CMSIS/Include/core_cm4.h **** /* DWT Exception Overhead Count Register Definitions */
 986:Drivers/CMSIS/Include/core_cm4.h **** #define DWT_EXCCNT_EXCCNT_Pos               0U                                         /*!< DWT EXC
 987:Drivers/CMSIS/Include/core_cm4.h **** #define DWT_EXCCNT_EXCCNT_Msk              (0xFFUL /*<< DWT_EXCCNT_EXCCNT_Pos*/)       /*!< DWT EXC
 988:Drivers/CMSIS/Include/core_cm4.h **** 
 989:Drivers/CMSIS/Include/core_cm4.h **** /* DWT Sleep Count Register Definitions */
 990:Drivers/CMSIS/Include/core_cm4.h **** #define DWT_SLEEPCNT_SLEEPCNT_Pos           0U                                         /*!< DWT SLE
 991:Drivers/CMSIS/Include/core_cm4.h **** #define DWT_SLEEPCNT_SLEEPCNT_Msk          (0xFFUL /*<< DWT_SLEEPCNT_SLEEPCNT_Pos*/)   /*!< DWT SLE
 992:Drivers/CMSIS/Include/core_cm4.h **** 
 993:Drivers/CMSIS/Include/core_cm4.h **** /* DWT LSU Count Register Definitions */
 994:Drivers/CMSIS/Include/core_cm4.h **** #define DWT_LSUCNT_LSUCNT_Pos               0U                                         /*!< DWT LSU
 995:Drivers/CMSIS/Include/core_cm4.h **** #define DWT_LSUCNT_LSUCNT_Msk              (0xFFUL /*<< DWT_LSUCNT_LSUCNT_Pos*/)       /*!< DWT LSU
 996:Drivers/CMSIS/Include/core_cm4.h **** 
 997:Drivers/CMSIS/Include/core_cm4.h **** /* DWT Folded-instruction Count Register Definitions */
 998:Drivers/CMSIS/Include/core_cm4.h **** #define DWT_FOLDCNT_FOLDCNT_Pos             0U                                         /*!< DWT FOL
 999:Drivers/CMSIS/Include/core_cm4.h **** #define DWT_FOLDCNT_FOLDCNT_Msk            (0xFFUL /*<< DWT_FOLDCNT_FOLDCNT_Pos*/)     /*!< DWT FOL
ARM GAS  C:\Users\adisa\AppData\Local\Temp\ccJAKY7c.s 			page 19


1000:Drivers/CMSIS/Include/core_cm4.h **** 
1001:Drivers/CMSIS/Include/core_cm4.h **** /* DWT Comparator Mask Register Definitions */
1002:Drivers/CMSIS/Include/core_cm4.h **** #define DWT_MASK_MASK_Pos                   0U                                         /*!< DWT MAS
1003:Drivers/CMSIS/Include/core_cm4.h **** #define DWT_MASK_MASK_Msk                  (0x1FUL /*<< DWT_MASK_MASK_Pos*/)           /*!< DWT MAS
1004:Drivers/CMSIS/Include/core_cm4.h **** 
1005:Drivers/CMSIS/Include/core_cm4.h **** /* DWT Comparator Function Register Definitions */
1006:Drivers/CMSIS/Include/core_cm4.h **** #define DWT_FUNCTION_MATCHED_Pos           24U                                         /*!< DWT FUN
1007:Drivers/CMSIS/Include/core_cm4.h **** #define DWT_FUNCTION_MATCHED_Msk           (0x1UL << DWT_FUNCTION_MATCHED_Pos)         /*!< DWT FUN
1008:Drivers/CMSIS/Include/core_cm4.h **** 
1009:Drivers/CMSIS/Include/core_cm4.h **** #define DWT_FUNCTION_DATAVADDR1_Pos        16U                                         /*!< DWT FUN
1010:Drivers/CMSIS/Include/core_cm4.h **** #define DWT_FUNCTION_DATAVADDR1_Msk        (0xFUL << DWT_FUNCTION_DATAVADDR1_Pos)      /*!< DWT FUN
1011:Drivers/CMSIS/Include/core_cm4.h **** 
1012:Drivers/CMSIS/Include/core_cm4.h **** #define DWT_FUNCTION_DATAVADDR0_Pos        12U                                         /*!< DWT FUN
1013:Drivers/CMSIS/Include/core_cm4.h **** #define DWT_FUNCTION_DATAVADDR0_Msk        (0xFUL << DWT_FUNCTION_DATAVADDR0_Pos)      /*!< DWT FUN
1014:Drivers/CMSIS/Include/core_cm4.h **** 
1015:Drivers/CMSIS/Include/core_cm4.h **** #define DWT_FUNCTION_DATAVSIZE_Pos         10U                                         /*!< DWT FUN
1016:Drivers/CMSIS/Include/core_cm4.h **** #define DWT_FUNCTION_DATAVSIZE_Msk         (0x3UL << DWT_FUNCTION_DATAVSIZE_Pos)       /*!< DWT FUN
1017:Drivers/CMSIS/Include/core_cm4.h **** 
1018:Drivers/CMSIS/Include/core_cm4.h **** #define DWT_FUNCTION_LNK1ENA_Pos            9U                                         /*!< DWT FUN
1019:Drivers/CMSIS/Include/core_cm4.h **** #define DWT_FUNCTION_LNK1ENA_Msk           (0x1UL << DWT_FUNCTION_LNK1ENA_Pos)         /*!< DWT FUN
1020:Drivers/CMSIS/Include/core_cm4.h **** 
1021:Drivers/CMSIS/Include/core_cm4.h **** #define DWT_FUNCTION_DATAVMATCH_Pos         8U                                         /*!< DWT FUN
1022:Drivers/CMSIS/Include/core_cm4.h **** #define DWT_FUNCTION_DATAVMATCH_Msk        (0x1UL << DWT_FUNCTION_DATAVMATCH_Pos)      /*!< DWT FUN
1023:Drivers/CMSIS/Include/core_cm4.h **** 
1024:Drivers/CMSIS/Include/core_cm4.h **** #define DWT_FUNCTION_CYCMATCH_Pos           7U                                         /*!< DWT FUN
1025:Drivers/CMSIS/Include/core_cm4.h **** #define DWT_FUNCTION_CYCMATCH_Msk          (0x1UL << DWT_FUNCTION_CYCMATCH_Pos)        /*!< DWT FUN
1026:Drivers/CMSIS/Include/core_cm4.h **** 
1027:Drivers/CMSIS/Include/core_cm4.h **** #define DWT_FUNCTION_EMITRANGE_Pos          5U                                         /*!< DWT FUN
1028:Drivers/CMSIS/Include/core_cm4.h **** #define DWT_FUNCTION_EMITRANGE_Msk         (0x1UL << DWT_FUNCTION_EMITRANGE_Pos)       /*!< DWT FUN
1029:Drivers/CMSIS/Include/core_cm4.h **** 
1030:Drivers/CMSIS/Include/core_cm4.h **** #define DWT_FUNCTION_FUNCTION_Pos           0U                                         /*!< DWT FUN
1031:Drivers/CMSIS/Include/core_cm4.h **** #define DWT_FUNCTION_FUNCTION_Msk          (0xFUL /*<< DWT_FUNCTION_FUNCTION_Pos*/)    /*!< DWT FUN
1032:Drivers/CMSIS/Include/core_cm4.h **** 
1033:Drivers/CMSIS/Include/core_cm4.h **** /*@}*/ /* end of group CMSIS_DWT */
1034:Drivers/CMSIS/Include/core_cm4.h **** 
1035:Drivers/CMSIS/Include/core_cm4.h **** 
1036:Drivers/CMSIS/Include/core_cm4.h **** /**
1037:Drivers/CMSIS/Include/core_cm4.h ****   \ingroup  CMSIS_core_register
1038:Drivers/CMSIS/Include/core_cm4.h ****   \defgroup CMSIS_TPI     Trace Port Interface (TPI)
1039:Drivers/CMSIS/Include/core_cm4.h ****   \brief    Type definitions for the Trace Port Interface (TPI)
1040:Drivers/CMSIS/Include/core_cm4.h ****   @{
1041:Drivers/CMSIS/Include/core_cm4.h ****  */
1042:Drivers/CMSIS/Include/core_cm4.h **** 
1043:Drivers/CMSIS/Include/core_cm4.h **** /**
1044:Drivers/CMSIS/Include/core_cm4.h ****   \brief  Structure type to access the Trace Port Interface Register (TPI).
1045:Drivers/CMSIS/Include/core_cm4.h ****  */
1046:Drivers/CMSIS/Include/core_cm4.h **** typedef struct
1047:Drivers/CMSIS/Include/core_cm4.h **** {
1048:Drivers/CMSIS/Include/core_cm4.h ****   __IM  uint32_t SSPSR;                  /*!< Offset: 0x000 (R/ )  Supported Parallel Port Size Reg
1049:Drivers/CMSIS/Include/core_cm4.h ****   __IOM uint32_t CSPSR;                  /*!< Offset: 0x004 (R/W)  Current Parallel Port Size Regis
1050:Drivers/CMSIS/Include/core_cm4.h ****         uint32_t RESERVED0[2U];
1051:Drivers/CMSIS/Include/core_cm4.h ****   __IOM uint32_t ACPR;                   /*!< Offset: 0x010 (R/W)  Asynchronous Clock Prescaler Reg
1052:Drivers/CMSIS/Include/core_cm4.h ****         uint32_t RESERVED1[55U];
1053:Drivers/CMSIS/Include/core_cm4.h ****   __IOM uint32_t SPPR;                   /*!< Offset: 0x0F0 (R/W)  Selected Pin Protocol Register *
1054:Drivers/CMSIS/Include/core_cm4.h ****         uint32_t RESERVED2[131U];
1055:Drivers/CMSIS/Include/core_cm4.h ****   __IM  uint32_t FFSR;                   /*!< Offset: 0x300 (R/ )  Formatter and Flush Status Regis
1056:Drivers/CMSIS/Include/core_cm4.h ****   __IOM uint32_t FFCR;                   /*!< Offset: 0x304 (R/W)  Formatter and Flush Control Regi
ARM GAS  C:\Users\adisa\AppData\Local\Temp\ccJAKY7c.s 			page 20


1057:Drivers/CMSIS/Include/core_cm4.h ****   __IM  uint32_t FSCR;                   /*!< Offset: 0x308 (R/ )  Formatter Synchronization Counte
1058:Drivers/CMSIS/Include/core_cm4.h ****         uint32_t RESERVED3[759U];
1059:Drivers/CMSIS/Include/core_cm4.h ****   __IM  uint32_t TRIGGER;                /*!< Offset: 0xEE8 (R/ )  TRIGGER Register */
1060:Drivers/CMSIS/Include/core_cm4.h ****   __IM  uint32_t FIFO0;                  /*!< Offset: 0xEEC (R/ )  Integration ETM Data */
1061:Drivers/CMSIS/Include/core_cm4.h ****   __IM  uint32_t ITATBCTR2;              /*!< Offset: 0xEF0 (R/ )  ITATBCTR2 */
1062:Drivers/CMSIS/Include/core_cm4.h ****         uint32_t RESERVED4[1U];
1063:Drivers/CMSIS/Include/core_cm4.h ****   __IM  uint32_t ITATBCTR0;              /*!< Offset: 0xEF8 (R/ )  ITATBCTR0 */
1064:Drivers/CMSIS/Include/core_cm4.h ****   __IM  uint32_t FIFO1;                  /*!< Offset: 0xEFC (R/ )  Integration ITM Data */
1065:Drivers/CMSIS/Include/core_cm4.h ****   __IOM uint32_t ITCTRL;                 /*!< Offset: 0xF00 (R/W)  Integration Mode Control */
1066:Drivers/CMSIS/Include/core_cm4.h ****         uint32_t RESERVED5[39U];
1067:Drivers/CMSIS/Include/core_cm4.h ****   __IOM uint32_t CLAIMSET;               /*!< Offset: 0xFA0 (R/W)  Claim tag set */
1068:Drivers/CMSIS/Include/core_cm4.h ****   __IOM uint32_t CLAIMCLR;               /*!< Offset: 0xFA4 (R/W)  Claim tag clear */
1069:Drivers/CMSIS/Include/core_cm4.h ****         uint32_t RESERVED7[8U];
1070:Drivers/CMSIS/Include/core_cm4.h ****   __IM  uint32_t DEVID;                  /*!< Offset: 0xFC8 (R/ )  TPIU_DEVID */
1071:Drivers/CMSIS/Include/core_cm4.h ****   __IM  uint32_t DEVTYPE;                /*!< Offset: 0xFCC (R/ )  TPIU_DEVTYPE */
1072:Drivers/CMSIS/Include/core_cm4.h **** } TPI_Type;
1073:Drivers/CMSIS/Include/core_cm4.h **** 
1074:Drivers/CMSIS/Include/core_cm4.h **** /* TPI Asynchronous Clock Prescaler Register Definitions */
1075:Drivers/CMSIS/Include/core_cm4.h **** #define TPI_ACPR_PRESCALER_Pos              0U                                         /*!< TPI ACP
1076:Drivers/CMSIS/Include/core_cm4.h **** #define TPI_ACPR_PRESCALER_Msk             (0x1FFFUL /*<< TPI_ACPR_PRESCALER_Pos*/)    /*!< TPI ACP
1077:Drivers/CMSIS/Include/core_cm4.h **** 
1078:Drivers/CMSIS/Include/core_cm4.h **** /* TPI Selected Pin Protocol Register Definitions */
1079:Drivers/CMSIS/Include/core_cm4.h **** #define TPI_SPPR_TXMODE_Pos                 0U                                         /*!< TPI SPP
1080:Drivers/CMSIS/Include/core_cm4.h **** #define TPI_SPPR_TXMODE_Msk                (0x3UL /*<< TPI_SPPR_TXMODE_Pos*/)          /*!< TPI SPP
1081:Drivers/CMSIS/Include/core_cm4.h **** 
1082:Drivers/CMSIS/Include/core_cm4.h **** /* TPI Formatter and Flush Status Register Definitions */
1083:Drivers/CMSIS/Include/core_cm4.h **** #define TPI_FFSR_FtNonStop_Pos              3U                                         /*!< TPI FFS
1084:Drivers/CMSIS/Include/core_cm4.h **** #define TPI_FFSR_FtNonStop_Msk             (0x1UL << TPI_FFSR_FtNonStop_Pos)           /*!< TPI FFS
1085:Drivers/CMSIS/Include/core_cm4.h **** 
1086:Drivers/CMSIS/Include/core_cm4.h **** #define TPI_FFSR_TCPresent_Pos              2U                                         /*!< TPI FFS
1087:Drivers/CMSIS/Include/core_cm4.h **** #define TPI_FFSR_TCPresent_Msk             (0x1UL << TPI_FFSR_TCPresent_Pos)           /*!< TPI FFS
1088:Drivers/CMSIS/Include/core_cm4.h **** 
1089:Drivers/CMSIS/Include/core_cm4.h **** #define TPI_FFSR_FtStopped_Pos              1U                                         /*!< TPI FFS
1090:Drivers/CMSIS/Include/core_cm4.h **** #define TPI_FFSR_FtStopped_Msk             (0x1UL << TPI_FFSR_FtStopped_Pos)           /*!< TPI FFS
1091:Drivers/CMSIS/Include/core_cm4.h **** 
1092:Drivers/CMSIS/Include/core_cm4.h **** #define TPI_FFSR_FlInProg_Pos               0U                                         /*!< TPI FFS
1093:Drivers/CMSIS/Include/core_cm4.h **** #define TPI_FFSR_FlInProg_Msk              (0x1UL /*<< TPI_FFSR_FlInProg_Pos*/)        /*!< TPI FFS
1094:Drivers/CMSIS/Include/core_cm4.h **** 
1095:Drivers/CMSIS/Include/core_cm4.h **** /* TPI Formatter and Flush Control Register Definitions */
1096:Drivers/CMSIS/Include/core_cm4.h **** #define TPI_FFCR_TrigIn_Pos                 8U                                         /*!< TPI FFC
1097:Drivers/CMSIS/Include/core_cm4.h **** #define TPI_FFCR_TrigIn_Msk                (0x1UL << TPI_FFCR_TrigIn_Pos)              /*!< TPI FFC
1098:Drivers/CMSIS/Include/core_cm4.h **** 
1099:Drivers/CMSIS/Include/core_cm4.h **** #define TPI_FFCR_EnFCont_Pos                1U                                         /*!< TPI FFC
1100:Drivers/CMSIS/Include/core_cm4.h **** #define TPI_FFCR_EnFCont_Msk               (0x1UL << TPI_FFCR_EnFCont_Pos)             /*!< TPI FFC
1101:Drivers/CMSIS/Include/core_cm4.h **** 
1102:Drivers/CMSIS/Include/core_cm4.h **** /* TPI TRIGGER Register Definitions */
1103:Drivers/CMSIS/Include/core_cm4.h **** #define TPI_TRIGGER_TRIGGER_Pos             0U                                         /*!< TPI TRI
1104:Drivers/CMSIS/Include/core_cm4.h **** #define TPI_TRIGGER_TRIGGER_Msk            (0x1UL /*<< TPI_TRIGGER_TRIGGER_Pos*/)      /*!< TPI TRI
1105:Drivers/CMSIS/Include/core_cm4.h **** 
1106:Drivers/CMSIS/Include/core_cm4.h **** /* TPI Integration ETM Data Register Definitions (FIFO0) */
1107:Drivers/CMSIS/Include/core_cm4.h **** #define TPI_FIFO0_ITM_ATVALID_Pos          29U                                         /*!< TPI FIF
1108:Drivers/CMSIS/Include/core_cm4.h **** #define TPI_FIFO0_ITM_ATVALID_Msk          (0x1UL << TPI_FIFO0_ITM_ATVALID_Pos)        /*!< TPI FIF
1109:Drivers/CMSIS/Include/core_cm4.h **** 
1110:Drivers/CMSIS/Include/core_cm4.h **** #define TPI_FIFO0_ITM_bytecount_Pos        27U                                         /*!< TPI FIF
1111:Drivers/CMSIS/Include/core_cm4.h **** #define TPI_FIFO0_ITM_bytecount_Msk        (0x3UL << TPI_FIFO0_ITM_bytecount_Pos)      /*!< TPI FIF
1112:Drivers/CMSIS/Include/core_cm4.h **** 
1113:Drivers/CMSIS/Include/core_cm4.h **** #define TPI_FIFO0_ETM_ATVALID_Pos          26U                                         /*!< TPI FIF
ARM GAS  C:\Users\adisa\AppData\Local\Temp\ccJAKY7c.s 			page 21


1114:Drivers/CMSIS/Include/core_cm4.h **** #define TPI_FIFO0_ETM_ATVALID_Msk          (0x1UL << TPI_FIFO0_ETM_ATVALID_Pos)        /*!< TPI FIF
1115:Drivers/CMSIS/Include/core_cm4.h **** 
1116:Drivers/CMSIS/Include/core_cm4.h **** #define TPI_FIFO0_ETM_bytecount_Pos        24U                                         /*!< TPI FIF
1117:Drivers/CMSIS/Include/core_cm4.h **** #define TPI_FIFO0_ETM_bytecount_Msk        (0x3UL << TPI_FIFO0_ETM_bytecount_Pos)      /*!< TPI FIF
1118:Drivers/CMSIS/Include/core_cm4.h **** 
1119:Drivers/CMSIS/Include/core_cm4.h **** #define TPI_FIFO0_ETM2_Pos                 16U                                         /*!< TPI FIF
1120:Drivers/CMSIS/Include/core_cm4.h **** #define TPI_FIFO0_ETM2_Msk                 (0xFFUL << TPI_FIFO0_ETM2_Pos)              /*!< TPI FIF
1121:Drivers/CMSIS/Include/core_cm4.h **** 
1122:Drivers/CMSIS/Include/core_cm4.h **** #define TPI_FIFO0_ETM1_Pos                  8U                                         /*!< TPI FIF
1123:Drivers/CMSIS/Include/core_cm4.h **** #define TPI_FIFO0_ETM1_Msk                 (0xFFUL << TPI_FIFO0_ETM1_Pos)              /*!< TPI FIF
1124:Drivers/CMSIS/Include/core_cm4.h **** 
1125:Drivers/CMSIS/Include/core_cm4.h **** #define TPI_FIFO0_ETM0_Pos                  0U                                         /*!< TPI FIF
1126:Drivers/CMSIS/Include/core_cm4.h **** #define TPI_FIFO0_ETM0_Msk                 (0xFFUL /*<< TPI_FIFO0_ETM0_Pos*/)          /*!< TPI FIF
1127:Drivers/CMSIS/Include/core_cm4.h **** 
1128:Drivers/CMSIS/Include/core_cm4.h **** /* TPI ITATBCTR2 Register Definitions */
1129:Drivers/CMSIS/Include/core_cm4.h **** #define TPI_ITATBCTR2_ATREADY2_Pos          0U                                         /*!< TPI ITA
1130:Drivers/CMSIS/Include/core_cm4.h **** #define TPI_ITATBCTR2_ATREADY2_Msk         (0x1UL /*<< TPI_ITATBCTR2_ATREADY2_Pos*/)   /*!< TPI ITA
1131:Drivers/CMSIS/Include/core_cm4.h **** 
1132:Drivers/CMSIS/Include/core_cm4.h **** #define TPI_ITATBCTR2_ATREADY1_Pos          0U                                         /*!< TPI ITA
1133:Drivers/CMSIS/Include/core_cm4.h **** #define TPI_ITATBCTR2_ATREADY1_Msk         (0x1UL /*<< TPI_ITATBCTR2_ATREADY1_Pos*/)   /*!< TPI ITA
1134:Drivers/CMSIS/Include/core_cm4.h **** 
1135:Drivers/CMSIS/Include/core_cm4.h **** /* TPI Integration ITM Data Register Definitions (FIFO1) */
1136:Drivers/CMSIS/Include/core_cm4.h **** #define TPI_FIFO1_ITM_ATVALID_Pos          29U                                         /*!< TPI FIF
1137:Drivers/CMSIS/Include/core_cm4.h **** #define TPI_FIFO1_ITM_ATVALID_Msk          (0x1UL << TPI_FIFO1_ITM_ATVALID_Pos)        /*!< TPI FIF
1138:Drivers/CMSIS/Include/core_cm4.h **** 
1139:Drivers/CMSIS/Include/core_cm4.h **** #define TPI_FIFO1_ITM_bytecount_Pos        27U                                         /*!< TPI FIF
1140:Drivers/CMSIS/Include/core_cm4.h **** #define TPI_FIFO1_ITM_bytecount_Msk        (0x3UL << TPI_FIFO1_ITM_bytecount_Pos)      /*!< TPI FIF
1141:Drivers/CMSIS/Include/core_cm4.h **** 
1142:Drivers/CMSIS/Include/core_cm4.h **** #define TPI_FIFO1_ETM_ATVALID_Pos          26U                                         /*!< TPI FIF
1143:Drivers/CMSIS/Include/core_cm4.h **** #define TPI_FIFO1_ETM_ATVALID_Msk          (0x1UL << TPI_FIFO1_ETM_ATVALID_Pos)        /*!< TPI FIF
1144:Drivers/CMSIS/Include/core_cm4.h **** 
1145:Drivers/CMSIS/Include/core_cm4.h **** #define TPI_FIFO1_ETM_bytecount_Pos        24U                                         /*!< TPI FIF
1146:Drivers/CMSIS/Include/core_cm4.h **** #define TPI_FIFO1_ETM_bytecount_Msk        (0x3UL << TPI_FIFO1_ETM_bytecount_Pos)      /*!< TPI FIF
1147:Drivers/CMSIS/Include/core_cm4.h **** 
1148:Drivers/CMSIS/Include/core_cm4.h **** #define TPI_FIFO1_ITM2_Pos                 16U                                         /*!< TPI FIF
1149:Drivers/CMSIS/Include/core_cm4.h **** #define TPI_FIFO1_ITM2_Msk                 (0xFFUL << TPI_FIFO1_ITM2_Pos)              /*!< TPI FIF
1150:Drivers/CMSIS/Include/core_cm4.h **** 
1151:Drivers/CMSIS/Include/core_cm4.h **** #define TPI_FIFO1_ITM1_Pos                  8U                                         /*!< TPI FIF
1152:Drivers/CMSIS/Include/core_cm4.h **** #define TPI_FIFO1_ITM1_Msk                 (0xFFUL << TPI_FIFO1_ITM1_Pos)              /*!< TPI FIF
1153:Drivers/CMSIS/Include/core_cm4.h **** 
1154:Drivers/CMSIS/Include/core_cm4.h **** #define TPI_FIFO1_ITM0_Pos                  0U                                         /*!< TPI FIF
1155:Drivers/CMSIS/Include/core_cm4.h **** #define TPI_FIFO1_ITM0_Msk                 (0xFFUL /*<< TPI_FIFO1_ITM0_Pos*/)          /*!< TPI FIF
1156:Drivers/CMSIS/Include/core_cm4.h **** 
1157:Drivers/CMSIS/Include/core_cm4.h **** /* TPI ITATBCTR0 Register Definitions */
1158:Drivers/CMSIS/Include/core_cm4.h **** #define TPI_ITATBCTR0_ATREADY2_Pos          0U                                         /*!< TPI ITA
1159:Drivers/CMSIS/Include/core_cm4.h **** #define TPI_ITATBCTR0_ATREADY2_Msk         (0x1UL /*<< TPI_ITATBCTR0_ATREADY2_Pos*/)   /*!< TPI ITA
1160:Drivers/CMSIS/Include/core_cm4.h **** 
1161:Drivers/CMSIS/Include/core_cm4.h **** #define TPI_ITATBCTR0_ATREADY1_Pos          0U                                         /*!< TPI ITA
1162:Drivers/CMSIS/Include/core_cm4.h **** #define TPI_ITATBCTR0_ATREADY1_Msk         (0x1UL /*<< TPI_ITATBCTR0_ATREADY1_Pos*/)   /*!< TPI ITA
1163:Drivers/CMSIS/Include/core_cm4.h **** 
1164:Drivers/CMSIS/Include/core_cm4.h **** /* TPI Integration Mode Control Register Definitions */
1165:Drivers/CMSIS/Include/core_cm4.h **** #define TPI_ITCTRL_Mode_Pos                 0U                                         /*!< TPI ITC
1166:Drivers/CMSIS/Include/core_cm4.h **** #define TPI_ITCTRL_Mode_Msk                (0x3UL /*<< TPI_ITCTRL_Mode_Pos*/)          /*!< TPI ITC
1167:Drivers/CMSIS/Include/core_cm4.h **** 
1168:Drivers/CMSIS/Include/core_cm4.h **** /* TPI DEVID Register Definitions */
1169:Drivers/CMSIS/Include/core_cm4.h **** #define TPI_DEVID_NRZVALID_Pos             11U                                         /*!< TPI DEV
1170:Drivers/CMSIS/Include/core_cm4.h **** #define TPI_DEVID_NRZVALID_Msk             (0x1UL << TPI_DEVID_NRZVALID_Pos)           /*!< TPI DEV
ARM GAS  C:\Users\adisa\AppData\Local\Temp\ccJAKY7c.s 			page 22


1171:Drivers/CMSIS/Include/core_cm4.h **** 
1172:Drivers/CMSIS/Include/core_cm4.h **** #define TPI_DEVID_MANCVALID_Pos            10U                                         /*!< TPI DEV
1173:Drivers/CMSIS/Include/core_cm4.h **** #define TPI_DEVID_MANCVALID_Msk            (0x1UL << TPI_DEVID_MANCVALID_Pos)          /*!< TPI DEV
1174:Drivers/CMSIS/Include/core_cm4.h **** 
1175:Drivers/CMSIS/Include/core_cm4.h **** #define TPI_DEVID_PTINVALID_Pos             9U                                         /*!< TPI DEV
1176:Drivers/CMSIS/Include/core_cm4.h **** #define TPI_DEVID_PTINVALID_Msk            (0x1UL << TPI_DEVID_PTINVALID_Pos)          /*!< TPI DEV
1177:Drivers/CMSIS/Include/core_cm4.h **** 
1178:Drivers/CMSIS/Include/core_cm4.h **** #define TPI_DEVID_MinBufSz_Pos              6U                                         /*!< TPI DEV
1179:Drivers/CMSIS/Include/core_cm4.h **** #define TPI_DEVID_MinBufSz_Msk             (0x7UL << TPI_DEVID_MinBufSz_Pos)           /*!< TPI DEV
1180:Drivers/CMSIS/Include/core_cm4.h **** 
1181:Drivers/CMSIS/Include/core_cm4.h **** #define TPI_DEVID_AsynClkIn_Pos             5U                                         /*!< TPI DEV
1182:Drivers/CMSIS/Include/core_cm4.h **** #define TPI_DEVID_AsynClkIn_Msk            (0x1UL << TPI_DEVID_AsynClkIn_Pos)          /*!< TPI DEV
1183:Drivers/CMSIS/Include/core_cm4.h **** 
1184:Drivers/CMSIS/Include/core_cm4.h **** #define TPI_DEVID_NrTraceInput_Pos          0U                                         /*!< TPI DEV
1185:Drivers/CMSIS/Include/core_cm4.h **** #define TPI_DEVID_NrTraceInput_Msk         (0x1FUL /*<< TPI_DEVID_NrTraceInput_Pos*/)  /*!< TPI DEV
1186:Drivers/CMSIS/Include/core_cm4.h **** 
1187:Drivers/CMSIS/Include/core_cm4.h **** /* TPI DEVTYPE Register Definitions */
1188:Drivers/CMSIS/Include/core_cm4.h **** #define TPI_DEVTYPE_SubType_Pos             4U                                         /*!< TPI DEV
1189:Drivers/CMSIS/Include/core_cm4.h **** #define TPI_DEVTYPE_SubType_Msk            (0xFUL /*<< TPI_DEVTYPE_SubType_Pos*/)      /*!< TPI DEV
1190:Drivers/CMSIS/Include/core_cm4.h **** 
1191:Drivers/CMSIS/Include/core_cm4.h **** #define TPI_DEVTYPE_MajorType_Pos           0U                                         /*!< TPI DEV
1192:Drivers/CMSIS/Include/core_cm4.h **** #define TPI_DEVTYPE_MajorType_Msk          (0xFUL << TPI_DEVTYPE_MajorType_Pos)        /*!< TPI DEV
1193:Drivers/CMSIS/Include/core_cm4.h **** 
1194:Drivers/CMSIS/Include/core_cm4.h **** /*@}*/ /* end of group CMSIS_TPI */
1195:Drivers/CMSIS/Include/core_cm4.h **** 
1196:Drivers/CMSIS/Include/core_cm4.h **** 
1197:Drivers/CMSIS/Include/core_cm4.h **** #if defined (__MPU_PRESENT) && (__MPU_PRESENT == 1U)
1198:Drivers/CMSIS/Include/core_cm4.h **** /**
1199:Drivers/CMSIS/Include/core_cm4.h ****   \ingroup  CMSIS_core_register
1200:Drivers/CMSIS/Include/core_cm4.h ****   \defgroup CMSIS_MPU     Memory Protection Unit (MPU)
1201:Drivers/CMSIS/Include/core_cm4.h ****   \brief    Type definitions for the Memory Protection Unit (MPU)
1202:Drivers/CMSIS/Include/core_cm4.h ****   @{
1203:Drivers/CMSIS/Include/core_cm4.h ****  */
1204:Drivers/CMSIS/Include/core_cm4.h **** 
1205:Drivers/CMSIS/Include/core_cm4.h **** /**
1206:Drivers/CMSIS/Include/core_cm4.h ****   \brief  Structure type to access the Memory Protection Unit (MPU).
1207:Drivers/CMSIS/Include/core_cm4.h ****  */
1208:Drivers/CMSIS/Include/core_cm4.h **** typedef struct
1209:Drivers/CMSIS/Include/core_cm4.h **** {
1210:Drivers/CMSIS/Include/core_cm4.h ****   __IM  uint32_t TYPE;                   /*!< Offset: 0x000 (R/ )  MPU Type Register */
1211:Drivers/CMSIS/Include/core_cm4.h ****   __IOM uint32_t CTRL;                   /*!< Offset: 0x004 (R/W)  MPU Control Register */
1212:Drivers/CMSIS/Include/core_cm4.h ****   __IOM uint32_t RNR;                    /*!< Offset: 0x008 (R/W)  MPU Region RNRber Register */
1213:Drivers/CMSIS/Include/core_cm4.h ****   __IOM uint32_t RBAR;                   /*!< Offset: 0x00C (R/W)  MPU Region Base Address Register
1214:Drivers/CMSIS/Include/core_cm4.h ****   __IOM uint32_t RASR;                   /*!< Offset: 0x010 (R/W)  MPU Region Attribute and Size Re
1215:Drivers/CMSIS/Include/core_cm4.h ****   __IOM uint32_t RBAR_A1;                /*!< Offset: 0x014 (R/W)  MPU Alias 1 Region Base Address 
1216:Drivers/CMSIS/Include/core_cm4.h ****   __IOM uint32_t RASR_A1;                /*!< Offset: 0x018 (R/W)  MPU Alias 1 Region Attribute and
1217:Drivers/CMSIS/Include/core_cm4.h ****   __IOM uint32_t RBAR_A2;                /*!< Offset: 0x01C (R/W)  MPU Alias 2 Region Base Address 
1218:Drivers/CMSIS/Include/core_cm4.h ****   __IOM uint32_t RASR_A2;                /*!< Offset: 0x020 (R/W)  MPU Alias 2 Region Attribute and
1219:Drivers/CMSIS/Include/core_cm4.h ****   __IOM uint32_t RBAR_A3;                /*!< Offset: 0x024 (R/W)  MPU Alias 3 Region Base Address 
1220:Drivers/CMSIS/Include/core_cm4.h ****   __IOM uint32_t RASR_A3;                /*!< Offset: 0x028 (R/W)  MPU Alias 3 Region Attribute and
1221:Drivers/CMSIS/Include/core_cm4.h **** } MPU_Type;
1222:Drivers/CMSIS/Include/core_cm4.h **** 
1223:Drivers/CMSIS/Include/core_cm4.h **** #define MPU_TYPE_RALIASES                  4U
1224:Drivers/CMSIS/Include/core_cm4.h **** 
1225:Drivers/CMSIS/Include/core_cm4.h **** /* MPU Type Register Definitions */
1226:Drivers/CMSIS/Include/core_cm4.h **** #define MPU_TYPE_IREGION_Pos               16U                                            /*!< MPU 
1227:Drivers/CMSIS/Include/core_cm4.h **** #define MPU_TYPE_IREGION_Msk               (0xFFUL << MPU_TYPE_IREGION_Pos)               /*!< MPU 
ARM GAS  C:\Users\adisa\AppData\Local\Temp\ccJAKY7c.s 			page 23


1228:Drivers/CMSIS/Include/core_cm4.h **** 
1229:Drivers/CMSIS/Include/core_cm4.h **** #define MPU_TYPE_DREGION_Pos                8U                                            /*!< MPU 
1230:Drivers/CMSIS/Include/core_cm4.h **** #define MPU_TYPE_DREGION_Msk               (0xFFUL << MPU_TYPE_DREGION_Pos)               /*!< MPU 
1231:Drivers/CMSIS/Include/core_cm4.h **** 
1232:Drivers/CMSIS/Include/core_cm4.h **** #define MPU_TYPE_SEPARATE_Pos               0U                                            /*!< MPU 
1233:Drivers/CMSIS/Include/core_cm4.h **** #define MPU_TYPE_SEPARATE_Msk              (1UL /*<< MPU_TYPE_SEPARATE_Pos*/)             /*!< MPU 
1234:Drivers/CMSIS/Include/core_cm4.h **** 
1235:Drivers/CMSIS/Include/core_cm4.h **** /* MPU Control Register Definitions */
1236:Drivers/CMSIS/Include/core_cm4.h **** #define MPU_CTRL_PRIVDEFENA_Pos             2U                                            /*!< MPU 
1237:Drivers/CMSIS/Include/core_cm4.h **** #define MPU_CTRL_PRIVDEFENA_Msk            (1UL << MPU_CTRL_PRIVDEFENA_Pos)               /*!< MPU 
1238:Drivers/CMSIS/Include/core_cm4.h **** 
1239:Drivers/CMSIS/Include/core_cm4.h **** #define MPU_CTRL_HFNMIENA_Pos               1U                                            /*!< MPU 
1240:Drivers/CMSIS/Include/core_cm4.h **** #define MPU_CTRL_HFNMIENA_Msk              (1UL << MPU_CTRL_HFNMIENA_Pos)                 /*!< MPU 
1241:Drivers/CMSIS/Include/core_cm4.h **** 
1242:Drivers/CMSIS/Include/core_cm4.h **** #define MPU_CTRL_ENABLE_Pos                 0U                                            /*!< MPU 
1243:Drivers/CMSIS/Include/core_cm4.h **** #define MPU_CTRL_ENABLE_Msk                (1UL /*<< MPU_CTRL_ENABLE_Pos*/)               /*!< MPU 
1244:Drivers/CMSIS/Include/core_cm4.h **** 
1245:Drivers/CMSIS/Include/core_cm4.h **** /* MPU Region Number Register Definitions */
1246:Drivers/CMSIS/Include/core_cm4.h **** #define MPU_RNR_REGION_Pos                  0U                                            /*!< MPU 
1247:Drivers/CMSIS/Include/core_cm4.h **** #define MPU_RNR_REGION_Msk                 (0xFFUL /*<< MPU_RNR_REGION_Pos*/)             /*!< MPU 
1248:Drivers/CMSIS/Include/core_cm4.h **** 
1249:Drivers/CMSIS/Include/core_cm4.h **** /* MPU Region Base Address Register Definitions */
1250:Drivers/CMSIS/Include/core_cm4.h **** #define MPU_RBAR_ADDR_Pos                   5U                                            /*!< MPU 
1251:Drivers/CMSIS/Include/core_cm4.h **** #define MPU_RBAR_ADDR_Msk                  (0x7FFFFFFUL << MPU_RBAR_ADDR_Pos)             /*!< MPU 
1252:Drivers/CMSIS/Include/core_cm4.h **** 
1253:Drivers/CMSIS/Include/core_cm4.h **** #define MPU_RBAR_VALID_Pos                  4U                                            /*!< MPU 
1254:Drivers/CMSIS/Include/core_cm4.h **** #define MPU_RBAR_VALID_Msk                 (1UL << MPU_RBAR_VALID_Pos)                    /*!< MPU 
1255:Drivers/CMSIS/Include/core_cm4.h **** 
1256:Drivers/CMSIS/Include/core_cm4.h **** #define MPU_RBAR_REGION_Pos                 0U                                            /*!< MPU 
1257:Drivers/CMSIS/Include/core_cm4.h **** #define MPU_RBAR_REGION_Msk                (0xFUL /*<< MPU_RBAR_REGION_Pos*/)             /*!< MPU 
1258:Drivers/CMSIS/Include/core_cm4.h **** 
1259:Drivers/CMSIS/Include/core_cm4.h **** /* MPU Region Attribute and Size Register Definitions */
1260:Drivers/CMSIS/Include/core_cm4.h **** #define MPU_RASR_ATTRS_Pos                 16U                                            /*!< MPU 
1261:Drivers/CMSIS/Include/core_cm4.h **** #define MPU_RASR_ATTRS_Msk                 (0xFFFFUL << MPU_RASR_ATTRS_Pos)               /*!< MPU 
1262:Drivers/CMSIS/Include/core_cm4.h **** 
1263:Drivers/CMSIS/Include/core_cm4.h **** #define MPU_RASR_XN_Pos                    28U                                            /*!< MPU 
1264:Drivers/CMSIS/Include/core_cm4.h **** #define MPU_RASR_XN_Msk                    (1UL << MPU_RASR_XN_Pos)                       /*!< MPU 
1265:Drivers/CMSIS/Include/core_cm4.h **** 
1266:Drivers/CMSIS/Include/core_cm4.h **** #define MPU_RASR_AP_Pos                    24U                                            /*!< MPU 
1267:Drivers/CMSIS/Include/core_cm4.h **** #define MPU_RASR_AP_Msk                    (0x7UL << MPU_RASR_AP_Pos)                     /*!< MPU 
1268:Drivers/CMSIS/Include/core_cm4.h **** 
1269:Drivers/CMSIS/Include/core_cm4.h **** #define MPU_RASR_TEX_Pos                   19U                                            /*!< MPU 
1270:Drivers/CMSIS/Include/core_cm4.h **** #define MPU_RASR_TEX_Msk                   (0x7UL << MPU_RASR_TEX_Pos)                    /*!< MPU 
1271:Drivers/CMSIS/Include/core_cm4.h **** 
1272:Drivers/CMSIS/Include/core_cm4.h **** #define MPU_RASR_S_Pos                     18U                                            /*!< MPU 
1273:Drivers/CMSIS/Include/core_cm4.h **** #define MPU_RASR_S_Msk                     (1UL << MPU_RASR_S_Pos)                        /*!< MPU 
1274:Drivers/CMSIS/Include/core_cm4.h **** 
1275:Drivers/CMSIS/Include/core_cm4.h **** #define MPU_RASR_C_Pos                     17U                                            /*!< MPU 
1276:Drivers/CMSIS/Include/core_cm4.h **** #define MPU_RASR_C_Msk                     (1UL << MPU_RASR_C_Pos)                        /*!< MPU 
1277:Drivers/CMSIS/Include/core_cm4.h **** 
1278:Drivers/CMSIS/Include/core_cm4.h **** #define MPU_RASR_B_Pos                     16U                                            /*!< MPU 
1279:Drivers/CMSIS/Include/core_cm4.h **** #define MPU_RASR_B_Msk                     (1UL << MPU_RASR_B_Pos)                        /*!< MPU 
1280:Drivers/CMSIS/Include/core_cm4.h **** 
1281:Drivers/CMSIS/Include/core_cm4.h **** #define MPU_RASR_SRD_Pos                    8U                                            /*!< MPU 
1282:Drivers/CMSIS/Include/core_cm4.h **** #define MPU_RASR_SRD_Msk                   (0xFFUL << MPU_RASR_SRD_Pos)                   /*!< MPU 
1283:Drivers/CMSIS/Include/core_cm4.h **** 
1284:Drivers/CMSIS/Include/core_cm4.h **** #define MPU_RASR_SIZE_Pos                   1U                                            /*!< MPU 
ARM GAS  C:\Users\adisa\AppData\Local\Temp\ccJAKY7c.s 			page 24


1285:Drivers/CMSIS/Include/core_cm4.h **** #define MPU_RASR_SIZE_Msk                  (0x1FUL << MPU_RASR_SIZE_Pos)                  /*!< MPU 
1286:Drivers/CMSIS/Include/core_cm4.h **** 
1287:Drivers/CMSIS/Include/core_cm4.h **** #define MPU_RASR_ENABLE_Pos                 0U                                            /*!< MPU 
1288:Drivers/CMSIS/Include/core_cm4.h **** #define MPU_RASR_ENABLE_Msk                (1UL /*<< MPU_RASR_ENABLE_Pos*/)               /*!< MPU 
1289:Drivers/CMSIS/Include/core_cm4.h **** 
1290:Drivers/CMSIS/Include/core_cm4.h **** /*@} end of group CMSIS_MPU */
1291:Drivers/CMSIS/Include/core_cm4.h **** #endif /* defined (__MPU_PRESENT) && (__MPU_PRESENT == 1U) */
1292:Drivers/CMSIS/Include/core_cm4.h **** 
1293:Drivers/CMSIS/Include/core_cm4.h **** 
1294:Drivers/CMSIS/Include/core_cm4.h **** /**
1295:Drivers/CMSIS/Include/core_cm4.h ****   \ingroup  CMSIS_core_register
1296:Drivers/CMSIS/Include/core_cm4.h ****   \defgroup CMSIS_FPU     Floating Point Unit (FPU)
1297:Drivers/CMSIS/Include/core_cm4.h ****   \brief    Type definitions for the Floating Point Unit (FPU)
1298:Drivers/CMSIS/Include/core_cm4.h ****   @{
1299:Drivers/CMSIS/Include/core_cm4.h ****  */
1300:Drivers/CMSIS/Include/core_cm4.h **** 
1301:Drivers/CMSIS/Include/core_cm4.h **** /**
1302:Drivers/CMSIS/Include/core_cm4.h ****   \brief  Structure type to access the Floating Point Unit (FPU).
1303:Drivers/CMSIS/Include/core_cm4.h ****  */
1304:Drivers/CMSIS/Include/core_cm4.h **** typedef struct
1305:Drivers/CMSIS/Include/core_cm4.h **** {
1306:Drivers/CMSIS/Include/core_cm4.h ****         uint32_t RESERVED0[1U];
1307:Drivers/CMSIS/Include/core_cm4.h ****   __IOM uint32_t FPCCR;                  /*!< Offset: 0x004 (R/W)  Floating-Point Context Control R
1308:Drivers/CMSIS/Include/core_cm4.h ****   __IOM uint32_t FPCAR;                  /*!< Offset: 0x008 (R/W)  Floating-Point Context Address R
1309:Drivers/CMSIS/Include/core_cm4.h ****   __IOM uint32_t FPDSCR;                 /*!< Offset: 0x00C (R/W)  Floating-Point Default Status Co
1310:Drivers/CMSIS/Include/core_cm4.h ****   __IM  uint32_t MVFR0;                  /*!< Offset: 0x010 (R/ )  Media and FP Feature Register 0 
1311:Drivers/CMSIS/Include/core_cm4.h ****   __IM  uint32_t MVFR1;                  /*!< Offset: 0x014 (R/ )  Media and FP Feature Register 1 
1312:Drivers/CMSIS/Include/core_cm4.h ****   __IM  uint32_t MVFR2;                  /*!< Offset: 0x018 (R/ )  Media and FP Feature Register 2 
1313:Drivers/CMSIS/Include/core_cm4.h **** } FPU_Type;
1314:Drivers/CMSIS/Include/core_cm4.h **** 
1315:Drivers/CMSIS/Include/core_cm4.h **** /* Floating-Point Context Control Register Definitions */
1316:Drivers/CMSIS/Include/core_cm4.h **** #define FPU_FPCCR_ASPEN_Pos                31U                                            /*!< FPCC
1317:Drivers/CMSIS/Include/core_cm4.h **** #define FPU_FPCCR_ASPEN_Msk                (1UL << FPU_FPCCR_ASPEN_Pos)                   /*!< FPCC
1318:Drivers/CMSIS/Include/core_cm4.h **** 
1319:Drivers/CMSIS/Include/core_cm4.h **** #define FPU_FPCCR_LSPEN_Pos                30U                                            /*!< FPCC
1320:Drivers/CMSIS/Include/core_cm4.h **** #define FPU_FPCCR_LSPEN_Msk                (1UL << FPU_FPCCR_LSPEN_Pos)                   /*!< FPCC
1321:Drivers/CMSIS/Include/core_cm4.h **** 
1322:Drivers/CMSIS/Include/core_cm4.h **** #define FPU_FPCCR_MONRDY_Pos                8U                                            /*!< FPCC
1323:Drivers/CMSIS/Include/core_cm4.h **** #define FPU_FPCCR_MONRDY_Msk               (1UL << FPU_FPCCR_MONRDY_Pos)                  /*!< FPCC
1324:Drivers/CMSIS/Include/core_cm4.h **** 
1325:Drivers/CMSIS/Include/core_cm4.h **** #define FPU_FPCCR_BFRDY_Pos                 6U                                            /*!< FPCC
1326:Drivers/CMSIS/Include/core_cm4.h **** #define FPU_FPCCR_BFRDY_Msk                (1UL << FPU_FPCCR_BFRDY_Pos)                   /*!< FPCC
1327:Drivers/CMSIS/Include/core_cm4.h **** 
1328:Drivers/CMSIS/Include/core_cm4.h **** #define FPU_FPCCR_MMRDY_Pos                 5U                                            /*!< FPCC
1329:Drivers/CMSIS/Include/core_cm4.h **** #define FPU_FPCCR_MMRDY_Msk                (1UL << FPU_FPCCR_MMRDY_Pos)                   /*!< FPCC
1330:Drivers/CMSIS/Include/core_cm4.h **** 
1331:Drivers/CMSIS/Include/core_cm4.h **** #define FPU_FPCCR_HFRDY_Pos                 4U                                            /*!< FPCC
1332:Drivers/CMSIS/Include/core_cm4.h **** #define FPU_FPCCR_HFRDY_Msk                (1UL << FPU_FPCCR_HFRDY_Pos)                   /*!< FPCC
1333:Drivers/CMSIS/Include/core_cm4.h **** 
1334:Drivers/CMSIS/Include/core_cm4.h **** #define FPU_FPCCR_THREAD_Pos                3U                                            /*!< FPCC
1335:Drivers/CMSIS/Include/core_cm4.h **** #define FPU_FPCCR_THREAD_Msk               (1UL << FPU_FPCCR_THREAD_Pos)                  /*!< FPCC
1336:Drivers/CMSIS/Include/core_cm4.h **** 
1337:Drivers/CMSIS/Include/core_cm4.h **** #define FPU_FPCCR_USER_Pos                  1U                                            /*!< FPCC
1338:Drivers/CMSIS/Include/core_cm4.h **** #define FPU_FPCCR_USER_Msk                 (1UL << FPU_FPCCR_USER_Pos)                    /*!< FPCC
1339:Drivers/CMSIS/Include/core_cm4.h **** 
1340:Drivers/CMSIS/Include/core_cm4.h **** #define FPU_FPCCR_LSPACT_Pos                0U                                            /*!< FPCC
1341:Drivers/CMSIS/Include/core_cm4.h **** #define FPU_FPCCR_LSPACT_Msk               (1UL /*<< FPU_FPCCR_LSPACT_Pos*/)              /*!< FPCC
ARM GAS  C:\Users\adisa\AppData\Local\Temp\ccJAKY7c.s 			page 25


1342:Drivers/CMSIS/Include/core_cm4.h **** 
1343:Drivers/CMSIS/Include/core_cm4.h **** /* Floating-Point Context Address Register Definitions */
1344:Drivers/CMSIS/Include/core_cm4.h **** #define FPU_FPCAR_ADDRESS_Pos               3U                                            /*!< FPCA
1345:Drivers/CMSIS/Include/core_cm4.h **** #define FPU_FPCAR_ADDRESS_Msk              (0x1FFFFFFFUL << FPU_FPCAR_ADDRESS_Pos)        /*!< FPCA
1346:Drivers/CMSIS/Include/core_cm4.h **** 
1347:Drivers/CMSIS/Include/core_cm4.h **** /* Floating-Point Default Status Control Register Definitions */
1348:Drivers/CMSIS/Include/core_cm4.h **** #define FPU_FPDSCR_AHP_Pos                 26U                                            /*!< FPDS
1349:Drivers/CMSIS/Include/core_cm4.h **** #define FPU_FPDSCR_AHP_Msk                 (1UL << FPU_FPDSCR_AHP_Pos)                    /*!< FPDS
1350:Drivers/CMSIS/Include/core_cm4.h **** 
1351:Drivers/CMSIS/Include/core_cm4.h **** #define FPU_FPDSCR_DN_Pos                  25U                                            /*!< FPDS
1352:Drivers/CMSIS/Include/core_cm4.h **** #define FPU_FPDSCR_DN_Msk                  (1UL << FPU_FPDSCR_DN_Pos)                     /*!< FPDS
1353:Drivers/CMSIS/Include/core_cm4.h **** 
1354:Drivers/CMSIS/Include/core_cm4.h **** #define FPU_FPDSCR_FZ_Pos                  24U                                            /*!< FPDS
1355:Drivers/CMSIS/Include/core_cm4.h **** #define FPU_FPDSCR_FZ_Msk                  (1UL << FPU_FPDSCR_FZ_Pos)                     /*!< FPDS
1356:Drivers/CMSIS/Include/core_cm4.h **** 
1357:Drivers/CMSIS/Include/core_cm4.h **** #define FPU_FPDSCR_RMode_Pos               22U                                            /*!< FPDS
1358:Drivers/CMSIS/Include/core_cm4.h **** #define FPU_FPDSCR_RMode_Msk               (3UL << FPU_FPDSCR_RMode_Pos)                  /*!< FPDS
1359:Drivers/CMSIS/Include/core_cm4.h **** 
1360:Drivers/CMSIS/Include/core_cm4.h **** /* Media and FP Feature Register 0 Definitions */
1361:Drivers/CMSIS/Include/core_cm4.h **** #define FPU_MVFR0_FP_rounding_modes_Pos    28U                                            /*!< MVFR
1362:Drivers/CMSIS/Include/core_cm4.h **** #define FPU_MVFR0_FP_rounding_modes_Msk    (0xFUL << FPU_MVFR0_FP_rounding_modes_Pos)     /*!< MVFR
1363:Drivers/CMSIS/Include/core_cm4.h **** 
1364:Drivers/CMSIS/Include/core_cm4.h **** #define FPU_MVFR0_Short_vectors_Pos        24U                                            /*!< MVFR
1365:Drivers/CMSIS/Include/core_cm4.h **** #define FPU_MVFR0_Short_vectors_Msk        (0xFUL << FPU_MVFR0_Short_vectors_Pos)         /*!< MVFR
1366:Drivers/CMSIS/Include/core_cm4.h **** 
1367:Drivers/CMSIS/Include/core_cm4.h **** #define FPU_MVFR0_Square_root_Pos          20U                                            /*!< MVFR
1368:Drivers/CMSIS/Include/core_cm4.h **** #define FPU_MVFR0_Square_root_Msk          (0xFUL << FPU_MVFR0_Square_root_Pos)           /*!< MVFR
1369:Drivers/CMSIS/Include/core_cm4.h **** 
1370:Drivers/CMSIS/Include/core_cm4.h **** #define FPU_MVFR0_Divide_Pos               16U                                            /*!< MVFR
1371:Drivers/CMSIS/Include/core_cm4.h **** #define FPU_MVFR0_Divide_Msk               (0xFUL << FPU_MVFR0_Divide_Pos)                /*!< MVFR
1372:Drivers/CMSIS/Include/core_cm4.h **** 
1373:Drivers/CMSIS/Include/core_cm4.h **** #define FPU_MVFR0_FP_excep_trapping_Pos    12U                                            /*!< MVFR
1374:Drivers/CMSIS/Include/core_cm4.h **** #define FPU_MVFR0_FP_excep_trapping_Msk    (0xFUL << FPU_MVFR0_FP_excep_trapping_Pos)     /*!< MVFR
1375:Drivers/CMSIS/Include/core_cm4.h **** 
1376:Drivers/CMSIS/Include/core_cm4.h **** #define FPU_MVFR0_Double_precision_Pos      8U                                            /*!< MVFR
1377:Drivers/CMSIS/Include/core_cm4.h **** #define FPU_MVFR0_Double_precision_Msk     (0xFUL << FPU_MVFR0_Double_precision_Pos)      /*!< MVFR
1378:Drivers/CMSIS/Include/core_cm4.h **** 
1379:Drivers/CMSIS/Include/core_cm4.h **** #define FPU_MVFR0_Single_precision_Pos      4U                                            /*!< MVFR
1380:Drivers/CMSIS/Include/core_cm4.h **** #define FPU_MVFR0_Single_precision_Msk     (0xFUL << FPU_MVFR0_Single_precision_Pos)      /*!< MVFR
1381:Drivers/CMSIS/Include/core_cm4.h **** 
1382:Drivers/CMSIS/Include/core_cm4.h **** #define FPU_MVFR0_A_SIMD_registers_Pos      0U                                            /*!< MVFR
1383:Drivers/CMSIS/Include/core_cm4.h **** #define FPU_MVFR0_A_SIMD_registers_Msk     (0xFUL /*<< FPU_MVFR0_A_SIMD_registers_Pos*/)  /*!< MVFR
1384:Drivers/CMSIS/Include/core_cm4.h **** 
1385:Drivers/CMSIS/Include/core_cm4.h **** /* Media and FP Feature Register 1 Definitions */
1386:Drivers/CMSIS/Include/core_cm4.h **** #define FPU_MVFR1_FP_fused_MAC_Pos         28U                                            /*!< MVFR
1387:Drivers/CMSIS/Include/core_cm4.h **** #define FPU_MVFR1_FP_fused_MAC_Msk         (0xFUL << FPU_MVFR1_FP_fused_MAC_Pos)          /*!< MVFR
1388:Drivers/CMSIS/Include/core_cm4.h **** 
1389:Drivers/CMSIS/Include/core_cm4.h **** #define FPU_MVFR1_FP_HPFP_Pos              24U                                            /*!< MVFR
1390:Drivers/CMSIS/Include/core_cm4.h **** #define FPU_MVFR1_FP_HPFP_Msk              (0xFUL << FPU_MVFR1_FP_HPFP_Pos)               /*!< MVFR
1391:Drivers/CMSIS/Include/core_cm4.h **** 
1392:Drivers/CMSIS/Include/core_cm4.h **** #define FPU_MVFR1_D_NaN_mode_Pos            4U                                            /*!< MVFR
1393:Drivers/CMSIS/Include/core_cm4.h **** #define FPU_MVFR1_D_NaN_mode_Msk           (0xFUL << FPU_MVFR1_D_NaN_mode_Pos)            /*!< MVFR
1394:Drivers/CMSIS/Include/core_cm4.h **** 
1395:Drivers/CMSIS/Include/core_cm4.h **** #define FPU_MVFR1_FtZ_mode_Pos              0U                                            /*!< MVFR
1396:Drivers/CMSIS/Include/core_cm4.h **** #define FPU_MVFR1_FtZ_mode_Msk             (0xFUL /*<< FPU_MVFR1_FtZ_mode_Pos*/)          /*!< MVFR
1397:Drivers/CMSIS/Include/core_cm4.h **** 
1398:Drivers/CMSIS/Include/core_cm4.h **** /* Media and FP Feature Register 2 Definitions */
ARM GAS  C:\Users\adisa\AppData\Local\Temp\ccJAKY7c.s 			page 26


1399:Drivers/CMSIS/Include/core_cm4.h **** 
1400:Drivers/CMSIS/Include/core_cm4.h **** #define FPU_MVFR2_VFP_Misc_Pos              4U                                            /*!< MVFR
1401:Drivers/CMSIS/Include/core_cm4.h **** #define FPU_MVFR2_VFP_Misc_Msk             (0xFUL << FPU_MVFR2_VFP_Misc_Pos)              /*!< MVFR
1402:Drivers/CMSIS/Include/core_cm4.h **** 
1403:Drivers/CMSIS/Include/core_cm4.h **** /*@} end of group CMSIS_FPU */
1404:Drivers/CMSIS/Include/core_cm4.h **** 
1405:Drivers/CMSIS/Include/core_cm4.h **** 
1406:Drivers/CMSIS/Include/core_cm4.h **** /**
1407:Drivers/CMSIS/Include/core_cm4.h ****   \ingroup  CMSIS_core_register
1408:Drivers/CMSIS/Include/core_cm4.h ****   \defgroup CMSIS_CoreDebug       Core Debug Registers (CoreDebug)
1409:Drivers/CMSIS/Include/core_cm4.h ****   \brief    Type definitions for the Core Debug Registers
1410:Drivers/CMSIS/Include/core_cm4.h ****   @{
1411:Drivers/CMSIS/Include/core_cm4.h ****  */
1412:Drivers/CMSIS/Include/core_cm4.h **** 
1413:Drivers/CMSIS/Include/core_cm4.h **** /**
1414:Drivers/CMSIS/Include/core_cm4.h ****   \brief  Structure type to access the Core Debug Register (CoreDebug).
1415:Drivers/CMSIS/Include/core_cm4.h ****  */
1416:Drivers/CMSIS/Include/core_cm4.h **** typedef struct
1417:Drivers/CMSIS/Include/core_cm4.h **** {
1418:Drivers/CMSIS/Include/core_cm4.h ****   __IOM uint32_t DHCSR;                  /*!< Offset: 0x000 (R/W)  Debug Halting Control and Status
1419:Drivers/CMSIS/Include/core_cm4.h ****   __OM  uint32_t DCRSR;                  /*!< Offset: 0x004 ( /W)  Debug Core Register Selector Reg
1420:Drivers/CMSIS/Include/core_cm4.h ****   __IOM uint32_t DCRDR;                  /*!< Offset: 0x008 (R/W)  Debug Core Register Data Registe
1421:Drivers/CMSIS/Include/core_cm4.h ****   __IOM uint32_t DEMCR;                  /*!< Offset: 0x00C (R/W)  Debug Exception and Monitor Cont
1422:Drivers/CMSIS/Include/core_cm4.h **** } CoreDebug_Type;
1423:Drivers/CMSIS/Include/core_cm4.h **** 
1424:Drivers/CMSIS/Include/core_cm4.h **** /* Debug Halting Control and Status Register Definitions */
1425:Drivers/CMSIS/Include/core_cm4.h **** #define CoreDebug_DHCSR_DBGKEY_Pos         16U                                            /*!< Core
1426:Drivers/CMSIS/Include/core_cm4.h **** #define CoreDebug_DHCSR_DBGKEY_Msk         (0xFFFFUL << CoreDebug_DHCSR_DBGKEY_Pos)       /*!< Core
1427:Drivers/CMSIS/Include/core_cm4.h **** 
1428:Drivers/CMSIS/Include/core_cm4.h **** #define CoreDebug_DHCSR_S_RESET_ST_Pos     25U                                            /*!< Core
1429:Drivers/CMSIS/Include/core_cm4.h **** #define CoreDebug_DHCSR_S_RESET_ST_Msk     (1UL << CoreDebug_DHCSR_S_RESET_ST_Pos)        /*!< Core
1430:Drivers/CMSIS/Include/core_cm4.h **** 
1431:Drivers/CMSIS/Include/core_cm4.h **** #define CoreDebug_DHCSR_S_RETIRE_ST_Pos    24U                                            /*!< Core
1432:Drivers/CMSIS/Include/core_cm4.h **** #define CoreDebug_DHCSR_S_RETIRE_ST_Msk    (1UL << CoreDebug_DHCSR_S_RETIRE_ST_Pos)       /*!< Core
1433:Drivers/CMSIS/Include/core_cm4.h **** 
1434:Drivers/CMSIS/Include/core_cm4.h **** #define CoreDebug_DHCSR_S_LOCKUP_Pos       19U                                            /*!< Core
1435:Drivers/CMSIS/Include/core_cm4.h **** #define CoreDebug_DHCSR_S_LOCKUP_Msk       (1UL << CoreDebug_DHCSR_S_LOCKUP_Pos)          /*!< Core
1436:Drivers/CMSIS/Include/core_cm4.h **** 
1437:Drivers/CMSIS/Include/core_cm4.h **** #define CoreDebug_DHCSR_S_SLEEP_Pos        18U                                            /*!< Core
1438:Drivers/CMSIS/Include/core_cm4.h **** #define CoreDebug_DHCSR_S_SLEEP_Msk        (1UL << CoreDebug_DHCSR_S_SLEEP_Pos)           /*!< Core
1439:Drivers/CMSIS/Include/core_cm4.h **** 
1440:Drivers/CMSIS/Include/core_cm4.h **** #define CoreDebug_DHCSR_S_HALT_Pos         17U                                            /*!< Core
1441:Drivers/CMSIS/Include/core_cm4.h **** #define CoreDebug_DHCSR_S_HALT_Msk         (1UL << CoreDebug_DHCSR_S_HALT_Pos)            /*!< Core
1442:Drivers/CMSIS/Include/core_cm4.h **** 
1443:Drivers/CMSIS/Include/core_cm4.h **** #define CoreDebug_DHCSR_S_REGRDY_Pos       16U                                            /*!< Core
1444:Drivers/CMSIS/Include/core_cm4.h **** #define CoreDebug_DHCSR_S_REGRDY_Msk       (1UL << CoreDebug_DHCSR_S_REGRDY_Pos)          /*!< Core
1445:Drivers/CMSIS/Include/core_cm4.h **** 
1446:Drivers/CMSIS/Include/core_cm4.h **** #define CoreDebug_DHCSR_C_SNAPSTALL_Pos     5U                                            /*!< Core
1447:Drivers/CMSIS/Include/core_cm4.h **** #define CoreDebug_DHCSR_C_SNAPSTALL_Msk    (1UL << CoreDebug_DHCSR_C_SNAPSTALL_Pos)       /*!< Core
1448:Drivers/CMSIS/Include/core_cm4.h **** 
1449:Drivers/CMSIS/Include/core_cm4.h **** #define CoreDebug_DHCSR_C_MASKINTS_Pos      3U                                            /*!< Core
1450:Drivers/CMSIS/Include/core_cm4.h **** #define CoreDebug_DHCSR_C_MASKINTS_Msk     (1UL << CoreDebug_DHCSR_C_MASKINTS_Pos)        /*!< Core
1451:Drivers/CMSIS/Include/core_cm4.h **** 
1452:Drivers/CMSIS/Include/core_cm4.h **** #define CoreDebug_DHCSR_C_STEP_Pos          2U                                            /*!< Core
1453:Drivers/CMSIS/Include/core_cm4.h **** #define CoreDebug_DHCSR_C_STEP_Msk         (1UL << CoreDebug_DHCSR_C_STEP_Pos)            /*!< Core
1454:Drivers/CMSIS/Include/core_cm4.h **** 
1455:Drivers/CMSIS/Include/core_cm4.h **** #define CoreDebug_DHCSR_C_HALT_Pos          1U                                            /*!< Core
ARM GAS  C:\Users\adisa\AppData\Local\Temp\ccJAKY7c.s 			page 27


1456:Drivers/CMSIS/Include/core_cm4.h **** #define CoreDebug_DHCSR_C_HALT_Msk         (1UL << CoreDebug_DHCSR_C_HALT_Pos)            /*!< Core
1457:Drivers/CMSIS/Include/core_cm4.h **** 
1458:Drivers/CMSIS/Include/core_cm4.h **** #define CoreDebug_DHCSR_C_DEBUGEN_Pos       0U                                            /*!< Core
1459:Drivers/CMSIS/Include/core_cm4.h **** #define CoreDebug_DHCSR_C_DEBUGEN_Msk      (1UL /*<< CoreDebug_DHCSR_C_DEBUGEN_Pos*/)     /*!< Core
1460:Drivers/CMSIS/Include/core_cm4.h **** 
1461:Drivers/CMSIS/Include/core_cm4.h **** /* Debug Core Register Selector Register Definitions */
1462:Drivers/CMSIS/Include/core_cm4.h **** #define CoreDebug_DCRSR_REGWnR_Pos         16U                                            /*!< Core
1463:Drivers/CMSIS/Include/core_cm4.h **** #define CoreDebug_DCRSR_REGWnR_Msk         (1UL << CoreDebug_DCRSR_REGWnR_Pos)            /*!< Core
1464:Drivers/CMSIS/Include/core_cm4.h **** 
1465:Drivers/CMSIS/Include/core_cm4.h **** #define CoreDebug_DCRSR_REGSEL_Pos          0U                                            /*!< Core
1466:Drivers/CMSIS/Include/core_cm4.h **** #define CoreDebug_DCRSR_REGSEL_Msk         (0x1FUL /*<< CoreDebug_DCRSR_REGSEL_Pos*/)     /*!< Core
1467:Drivers/CMSIS/Include/core_cm4.h **** 
1468:Drivers/CMSIS/Include/core_cm4.h **** /* Debug Exception and Monitor Control Register Definitions */
1469:Drivers/CMSIS/Include/core_cm4.h **** #define CoreDebug_DEMCR_TRCENA_Pos         24U                                            /*!< Core
1470:Drivers/CMSIS/Include/core_cm4.h **** #define CoreDebug_DEMCR_TRCENA_Msk         (1UL << CoreDebug_DEMCR_TRCENA_Pos)            /*!< Core
1471:Drivers/CMSIS/Include/core_cm4.h **** 
1472:Drivers/CMSIS/Include/core_cm4.h **** #define CoreDebug_DEMCR_MON_REQ_Pos        19U                                            /*!< Core
1473:Drivers/CMSIS/Include/core_cm4.h **** #define CoreDebug_DEMCR_MON_REQ_Msk        (1UL << CoreDebug_DEMCR_MON_REQ_Pos)           /*!< Core
1474:Drivers/CMSIS/Include/core_cm4.h **** 
1475:Drivers/CMSIS/Include/core_cm4.h **** #define CoreDebug_DEMCR_MON_STEP_Pos       18U                                            /*!< Core
1476:Drivers/CMSIS/Include/core_cm4.h **** #define CoreDebug_DEMCR_MON_STEP_Msk       (1UL << CoreDebug_DEMCR_MON_STEP_Pos)          /*!< Core
1477:Drivers/CMSIS/Include/core_cm4.h **** 
1478:Drivers/CMSIS/Include/core_cm4.h **** #define CoreDebug_DEMCR_MON_PEND_Pos       17U                                            /*!< Core
1479:Drivers/CMSIS/Include/core_cm4.h **** #define CoreDebug_DEMCR_MON_PEND_Msk       (1UL << CoreDebug_DEMCR_MON_PEND_Pos)          /*!< Core
1480:Drivers/CMSIS/Include/core_cm4.h **** 
1481:Drivers/CMSIS/Include/core_cm4.h **** #define CoreDebug_DEMCR_MON_EN_Pos         16U                                            /*!< Core
1482:Drivers/CMSIS/Include/core_cm4.h **** #define CoreDebug_DEMCR_MON_EN_Msk         (1UL << CoreDebug_DEMCR_MON_EN_Pos)            /*!< Core
1483:Drivers/CMSIS/Include/core_cm4.h **** 
1484:Drivers/CMSIS/Include/core_cm4.h **** #define CoreDebug_DEMCR_VC_HARDERR_Pos     10U                                            /*!< Core
1485:Drivers/CMSIS/Include/core_cm4.h **** #define CoreDebug_DEMCR_VC_HARDERR_Msk     (1UL << CoreDebug_DEMCR_VC_HARDERR_Pos)        /*!< Core
1486:Drivers/CMSIS/Include/core_cm4.h **** 
1487:Drivers/CMSIS/Include/core_cm4.h **** #define CoreDebug_DEMCR_VC_INTERR_Pos       9U                                            /*!< Core
1488:Drivers/CMSIS/Include/core_cm4.h **** #define CoreDebug_DEMCR_VC_INTERR_Msk      (1UL << CoreDebug_DEMCR_VC_INTERR_Pos)         /*!< Core
1489:Drivers/CMSIS/Include/core_cm4.h **** 
1490:Drivers/CMSIS/Include/core_cm4.h **** #define CoreDebug_DEMCR_VC_BUSERR_Pos       8U                                            /*!< Core
1491:Drivers/CMSIS/Include/core_cm4.h **** #define CoreDebug_DEMCR_VC_BUSERR_Msk      (1UL << CoreDebug_DEMCR_VC_BUSERR_Pos)         /*!< Core
1492:Drivers/CMSIS/Include/core_cm4.h **** 
1493:Drivers/CMSIS/Include/core_cm4.h **** #define CoreDebug_DEMCR_VC_STATERR_Pos      7U                                            /*!< Core
1494:Drivers/CMSIS/Include/core_cm4.h **** #define CoreDebug_DEMCR_VC_STATERR_Msk     (1UL << CoreDebug_DEMCR_VC_STATERR_Pos)        /*!< Core
1495:Drivers/CMSIS/Include/core_cm4.h **** 
1496:Drivers/CMSIS/Include/core_cm4.h **** #define CoreDebug_DEMCR_VC_CHKERR_Pos       6U                                            /*!< Core
1497:Drivers/CMSIS/Include/core_cm4.h **** #define CoreDebug_DEMCR_VC_CHKERR_Msk      (1UL << CoreDebug_DEMCR_VC_CHKERR_Pos)         /*!< Core
1498:Drivers/CMSIS/Include/core_cm4.h **** 
1499:Drivers/CMSIS/Include/core_cm4.h **** #define CoreDebug_DEMCR_VC_NOCPERR_Pos      5U                                            /*!< Core
1500:Drivers/CMSIS/Include/core_cm4.h **** #define CoreDebug_DEMCR_VC_NOCPERR_Msk     (1UL << CoreDebug_DEMCR_VC_NOCPERR_Pos)        /*!< Core
1501:Drivers/CMSIS/Include/core_cm4.h **** 
1502:Drivers/CMSIS/Include/core_cm4.h **** #define CoreDebug_DEMCR_VC_MMERR_Pos        4U                                            /*!< Core
1503:Drivers/CMSIS/Include/core_cm4.h **** #define CoreDebug_DEMCR_VC_MMERR_Msk       (1UL << CoreDebug_DEMCR_VC_MMERR_Pos)          /*!< Core
1504:Drivers/CMSIS/Include/core_cm4.h **** 
1505:Drivers/CMSIS/Include/core_cm4.h **** #define CoreDebug_DEMCR_VC_CORERESET_Pos    0U                                            /*!< Core
1506:Drivers/CMSIS/Include/core_cm4.h **** #define CoreDebug_DEMCR_VC_CORERESET_Msk   (1UL /*<< CoreDebug_DEMCR_VC_CORERESET_Pos*/)  /*!< Core
1507:Drivers/CMSIS/Include/core_cm4.h **** 
1508:Drivers/CMSIS/Include/core_cm4.h **** /*@} end of group CMSIS_CoreDebug */
1509:Drivers/CMSIS/Include/core_cm4.h **** 
1510:Drivers/CMSIS/Include/core_cm4.h **** 
1511:Drivers/CMSIS/Include/core_cm4.h **** /**
1512:Drivers/CMSIS/Include/core_cm4.h ****   \ingroup    CMSIS_core_register
ARM GAS  C:\Users\adisa\AppData\Local\Temp\ccJAKY7c.s 			page 28


1513:Drivers/CMSIS/Include/core_cm4.h ****   \defgroup   CMSIS_core_bitfield     Core register bit field macros
1514:Drivers/CMSIS/Include/core_cm4.h ****   \brief      Macros for use with bit field definitions (xxx_Pos, xxx_Msk).
1515:Drivers/CMSIS/Include/core_cm4.h ****   @{
1516:Drivers/CMSIS/Include/core_cm4.h ****  */
1517:Drivers/CMSIS/Include/core_cm4.h **** 
1518:Drivers/CMSIS/Include/core_cm4.h **** /**
1519:Drivers/CMSIS/Include/core_cm4.h ****   \brief   Mask and shift a bit field value for use in a register bit range.
1520:Drivers/CMSIS/Include/core_cm4.h ****   \param[in] field  Name of the register bit field.
1521:Drivers/CMSIS/Include/core_cm4.h ****   \param[in] value  Value of the bit field. This parameter is interpreted as an uint32_t type.
1522:Drivers/CMSIS/Include/core_cm4.h ****   \return           Masked and shifted value.
1523:Drivers/CMSIS/Include/core_cm4.h **** */
1524:Drivers/CMSIS/Include/core_cm4.h **** #define _VAL2FLD(field, value)    (((uint32_t)(value) << field ## _Pos) & field ## _Msk)
1525:Drivers/CMSIS/Include/core_cm4.h **** 
1526:Drivers/CMSIS/Include/core_cm4.h **** /**
1527:Drivers/CMSIS/Include/core_cm4.h ****   \brief     Mask and shift a register value to extract a bit filed value.
1528:Drivers/CMSIS/Include/core_cm4.h ****   \param[in] field  Name of the register bit field.
1529:Drivers/CMSIS/Include/core_cm4.h ****   \param[in] value  Value of register. This parameter is interpreted as an uint32_t type.
1530:Drivers/CMSIS/Include/core_cm4.h ****   \return           Masked and shifted bit field value.
1531:Drivers/CMSIS/Include/core_cm4.h **** */
1532:Drivers/CMSIS/Include/core_cm4.h **** #define _FLD2VAL(field, value)    (((uint32_t)(value) & field ## _Msk) >> field ## _Pos)
1533:Drivers/CMSIS/Include/core_cm4.h **** 
1534:Drivers/CMSIS/Include/core_cm4.h **** /*@} end of group CMSIS_core_bitfield */
1535:Drivers/CMSIS/Include/core_cm4.h **** 
1536:Drivers/CMSIS/Include/core_cm4.h **** 
1537:Drivers/CMSIS/Include/core_cm4.h **** /**
1538:Drivers/CMSIS/Include/core_cm4.h ****   \ingroup    CMSIS_core_register
1539:Drivers/CMSIS/Include/core_cm4.h ****   \defgroup   CMSIS_core_base     Core Definitions
1540:Drivers/CMSIS/Include/core_cm4.h ****   \brief      Definitions for base addresses, unions, and structures.
1541:Drivers/CMSIS/Include/core_cm4.h ****   @{
1542:Drivers/CMSIS/Include/core_cm4.h ****  */
1543:Drivers/CMSIS/Include/core_cm4.h **** 
1544:Drivers/CMSIS/Include/core_cm4.h **** /* Memory mapping of Core Hardware */
1545:Drivers/CMSIS/Include/core_cm4.h **** #define SCS_BASE            (0xE000E000UL)                            /*!< System Control Space Bas
1546:Drivers/CMSIS/Include/core_cm4.h **** #define ITM_BASE            (0xE0000000UL)                            /*!< ITM Base Address */
1547:Drivers/CMSIS/Include/core_cm4.h **** #define DWT_BASE            (0xE0001000UL)                            /*!< DWT Base Address */
1548:Drivers/CMSIS/Include/core_cm4.h **** #define TPI_BASE            (0xE0040000UL)                            /*!< TPI Base Address */
1549:Drivers/CMSIS/Include/core_cm4.h **** #define CoreDebug_BASE      (0xE000EDF0UL)                            /*!< Core Debug Base Address 
1550:Drivers/CMSIS/Include/core_cm4.h **** #define SysTick_BASE        (SCS_BASE +  0x0010UL)                    /*!< SysTick Base Address */
1551:Drivers/CMSIS/Include/core_cm4.h **** #define NVIC_BASE           (SCS_BASE +  0x0100UL)                    /*!< NVIC Base Address */
1552:Drivers/CMSIS/Include/core_cm4.h **** #define SCB_BASE            (SCS_BASE +  0x0D00UL)                    /*!< System Control Block Bas
1553:Drivers/CMSIS/Include/core_cm4.h **** 
1554:Drivers/CMSIS/Include/core_cm4.h **** #define SCnSCB              ((SCnSCB_Type    *)     SCS_BASE      )   /*!< System control Register 
1555:Drivers/CMSIS/Include/core_cm4.h **** #define SCB                 ((SCB_Type       *)     SCB_BASE      )   /*!< SCB configuration struct
1556:Drivers/CMSIS/Include/core_cm4.h **** #define SysTick             ((SysTick_Type   *)     SysTick_BASE  )   /*!< SysTick configuration st
1557:Drivers/CMSIS/Include/core_cm4.h **** #define NVIC                ((NVIC_Type      *)     NVIC_BASE     )   /*!< NVIC configuration struc
1558:Drivers/CMSIS/Include/core_cm4.h **** #define ITM                 ((ITM_Type       *)     ITM_BASE      )   /*!< ITM configuration struct
1559:Drivers/CMSIS/Include/core_cm4.h **** #define DWT                 ((DWT_Type       *)     DWT_BASE      )   /*!< DWT configuration struct
1560:Drivers/CMSIS/Include/core_cm4.h **** #define TPI                 ((TPI_Type       *)     TPI_BASE      )   /*!< TPI configuration struct
1561:Drivers/CMSIS/Include/core_cm4.h **** #define CoreDebug           ((CoreDebug_Type *)     CoreDebug_BASE)   /*!< Core Debug configuration
1562:Drivers/CMSIS/Include/core_cm4.h **** 
1563:Drivers/CMSIS/Include/core_cm4.h **** #if defined (__MPU_PRESENT) && (__MPU_PRESENT == 1U)
1564:Drivers/CMSIS/Include/core_cm4.h ****   #define MPU_BASE          (SCS_BASE +  0x0D90UL)                    /*!< Memory Protection Unit *
1565:Drivers/CMSIS/Include/core_cm4.h ****   #define MPU               ((MPU_Type       *)     MPU_BASE      )   /*!< Memory Protection Unit *
1566:Drivers/CMSIS/Include/core_cm4.h **** #endif
1567:Drivers/CMSIS/Include/core_cm4.h **** 
1568:Drivers/CMSIS/Include/core_cm4.h **** #define FPU_BASE            (SCS_BASE +  0x0F30UL)                    /*!< Floating Point Unit */
1569:Drivers/CMSIS/Include/core_cm4.h **** #define FPU                 ((FPU_Type       *)     FPU_BASE      )   /*!< Floating Point Unit */
ARM GAS  C:\Users\adisa\AppData\Local\Temp\ccJAKY7c.s 			page 29


1570:Drivers/CMSIS/Include/core_cm4.h **** 
1571:Drivers/CMSIS/Include/core_cm4.h **** /*@} */
1572:Drivers/CMSIS/Include/core_cm4.h **** 
1573:Drivers/CMSIS/Include/core_cm4.h **** 
1574:Drivers/CMSIS/Include/core_cm4.h **** 
1575:Drivers/CMSIS/Include/core_cm4.h **** /*******************************************************************************
1576:Drivers/CMSIS/Include/core_cm4.h ****  *                Hardware Abstraction Layer
1577:Drivers/CMSIS/Include/core_cm4.h ****   Core Function Interface contains:
1578:Drivers/CMSIS/Include/core_cm4.h ****   - Core NVIC Functions
1579:Drivers/CMSIS/Include/core_cm4.h ****   - Core SysTick Functions
1580:Drivers/CMSIS/Include/core_cm4.h ****   - Core Debug Functions
1581:Drivers/CMSIS/Include/core_cm4.h ****   - Core Register Access Functions
1582:Drivers/CMSIS/Include/core_cm4.h ****  ******************************************************************************/
1583:Drivers/CMSIS/Include/core_cm4.h **** /**
1584:Drivers/CMSIS/Include/core_cm4.h ****   \defgroup CMSIS_Core_FunctionInterface Functions and Instructions Reference
1585:Drivers/CMSIS/Include/core_cm4.h **** */
1586:Drivers/CMSIS/Include/core_cm4.h **** 
1587:Drivers/CMSIS/Include/core_cm4.h **** 
1588:Drivers/CMSIS/Include/core_cm4.h **** 
1589:Drivers/CMSIS/Include/core_cm4.h **** /* ##########################   NVIC functions  #################################### */
1590:Drivers/CMSIS/Include/core_cm4.h **** /**
1591:Drivers/CMSIS/Include/core_cm4.h ****   \ingroup  CMSIS_Core_FunctionInterface
1592:Drivers/CMSIS/Include/core_cm4.h ****   \defgroup CMSIS_Core_NVICFunctions NVIC Functions
1593:Drivers/CMSIS/Include/core_cm4.h ****   \brief    Functions that manage interrupts and exceptions via the NVIC.
1594:Drivers/CMSIS/Include/core_cm4.h ****   @{
1595:Drivers/CMSIS/Include/core_cm4.h ****  */
1596:Drivers/CMSIS/Include/core_cm4.h **** 
1597:Drivers/CMSIS/Include/core_cm4.h **** #ifdef CMSIS_NVIC_VIRTUAL
1598:Drivers/CMSIS/Include/core_cm4.h ****   #ifndef CMSIS_NVIC_VIRTUAL_HEADER_FILE
1599:Drivers/CMSIS/Include/core_cm4.h ****     #define CMSIS_NVIC_VIRTUAL_HEADER_FILE "cmsis_nvic_virtual.h"
1600:Drivers/CMSIS/Include/core_cm4.h ****   #endif
1601:Drivers/CMSIS/Include/core_cm4.h ****   #include CMSIS_NVIC_VIRTUAL_HEADER_FILE
1602:Drivers/CMSIS/Include/core_cm4.h **** #else
1603:Drivers/CMSIS/Include/core_cm4.h ****   #define NVIC_SetPriorityGrouping    __NVIC_SetPriorityGrouping
1604:Drivers/CMSIS/Include/core_cm4.h ****   #define NVIC_GetPriorityGrouping    __NVIC_GetPriorityGrouping
1605:Drivers/CMSIS/Include/core_cm4.h ****   #define NVIC_EnableIRQ              __NVIC_EnableIRQ
1606:Drivers/CMSIS/Include/core_cm4.h ****   #define NVIC_GetEnableIRQ           __NVIC_GetEnableIRQ
1607:Drivers/CMSIS/Include/core_cm4.h ****   #define NVIC_DisableIRQ             __NVIC_DisableIRQ
1608:Drivers/CMSIS/Include/core_cm4.h ****   #define NVIC_GetPendingIRQ          __NVIC_GetPendingIRQ
1609:Drivers/CMSIS/Include/core_cm4.h ****   #define NVIC_SetPendingIRQ          __NVIC_SetPendingIRQ
1610:Drivers/CMSIS/Include/core_cm4.h ****   #define NVIC_ClearPendingIRQ        __NVIC_ClearPendingIRQ
1611:Drivers/CMSIS/Include/core_cm4.h ****   #define NVIC_GetActive              __NVIC_GetActive
1612:Drivers/CMSIS/Include/core_cm4.h ****   #define NVIC_SetPriority            __NVIC_SetPriority
1613:Drivers/CMSIS/Include/core_cm4.h ****   #define NVIC_GetPriority            __NVIC_GetPriority
1614:Drivers/CMSIS/Include/core_cm4.h ****   #define NVIC_SystemReset            __NVIC_SystemReset
1615:Drivers/CMSIS/Include/core_cm4.h **** #endif /* CMSIS_NVIC_VIRTUAL */
1616:Drivers/CMSIS/Include/core_cm4.h **** 
1617:Drivers/CMSIS/Include/core_cm4.h **** #ifdef CMSIS_VECTAB_VIRTUAL
1618:Drivers/CMSIS/Include/core_cm4.h ****   #ifndef CMSIS_VECTAB_VIRTUAL_HEADER_FILE
1619:Drivers/CMSIS/Include/core_cm4.h ****     #define CMSIS_VECTAB_VIRTUAL_HEADER_FILE "cmsis_vectab_virtual.h"
1620:Drivers/CMSIS/Include/core_cm4.h ****   #endif
1621:Drivers/CMSIS/Include/core_cm4.h ****   #include CMSIS_VECTAB_VIRTUAL_HEADER_FILE
1622:Drivers/CMSIS/Include/core_cm4.h **** #else
1623:Drivers/CMSIS/Include/core_cm4.h ****   #define NVIC_SetVector              __NVIC_SetVector
1624:Drivers/CMSIS/Include/core_cm4.h ****   #define NVIC_GetVector              __NVIC_GetVector
1625:Drivers/CMSIS/Include/core_cm4.h **** #endif  /* (CMSIS_VECTAB_VIRTUAL) */
1626:Drivers/CMSIS/Include/core_cm4.h **** 
ARM GAS  C:\Users\adisa\AppData\Local\Temp\ccJAKY7c.s 			page 30


1627:Drivers/CMSIS/Include/core_cm4.h **** #define NVIC_USER_IRQ_OFFSET          16
1628:Drivers/CMSIS/Include/core_cm4.h **** 
1629:Drivers/CMSIS/Include/core_cm4.h **** 
1630:Drivers/CMSIS/Include/core_cm4.h **** /* The following EXC_RETURN values are saved the LR on exception entry */
1631:Drivers/CMSIS/Include/core_cm4.h **** #define EXC_RETURN_HANDLER         (0xFFFFFFF1UL)     /* return to Handler mode, uses MSP after ret
1632:Drivers/CMSIS/Include/core_cm4.h **** #define EXC_RETURN_THREAD_MSP      (0xFFFFFFF9UL)     /* return to Thread mode, uses MSP after retu
1633:Drivers/CMSIS/Include/core_cm4.h **** #define EXC_RETURN_THREAD_PSP      (0xFFFFFFFDUL)     /* return to Thread mode, uses PSP after retu
1634:Drivers/CMSIS/Include/core_cm4.h **** #define EXC_RETURN_HANDLER_FPU     (0xFFFFFFE1UL)     /* return to Handler mode, uses MSP after ret
1635:Drivers/CMSIS/Include/core_cm4.h **** #define EXC_RETURN_THREAD_MSP_FPU  (0xFFFFFFE9UL)     /* return to Thread mode, uses MSP after retu
1636:Drivers/CMSIS/Include/core_cm4.h **** #define EXC_RETURN_THREAD_PSP_FPU  (0xFFFFFFEDUL)     /* return to Thread mode, uses PSP after retu
1637:Drivers/CMSIS/Include/core_cm4.h **** 
1638:Drivers/CMSIS/Include/core_cm4.h **** 
1639:Drivers/CMSIS/Include/core_cm4.h **** /**
1640:Drivers/CMSIS/Include/core_cm4.h ****   \brief   Set Priority Grouping
1641:Drivers/CMSIS/Include/core_cm4.h ****   \details Sets the priority grouping field using the required unlock sequence.
1642:Drivers/CMSIS/Include/core_cm4.h ****            The parameter PriorityGroup is assigned to the field SCB->AIRCR [10:8] PRIGROUP field.
1643:Drivers/CMSIS/Include/core_cm4.h ****            Only values from 0..7 are used.
1644:Drivers/CMSIS/Include/core_cm4.h ****            In case of a conflict between priority grouping and available
1645:Drivers/CMSIS/Include/core_cm4.h ****            priority bits (__NVIC_PRIO_BITS), the smallest possible priority group is set.
1646:Drivers/CMSIS/Include/core_cm4.h ****   \param [in]      PriorityGroup  Priority grouping field.
1647:Drivers/CMSIS/Include/core_cm4.h ****  */
1648:Drivers/CMSIS/Include/core_cm4.h **** __STATIC_INLINE void __NVIC_SetPriorityGrouping(uint32_t PriorityGroup)
1649:Drivers/CMSIS/Include/core_cm4.h **** {
1650:Drivers/CMSIS/Include/core_cm4.h ****   uint32_t reg_value;
1651:Drivers/CMSIS/Include/core_cm4.h ****   uint32_t PriorityGroupTmp = (PriorityGroup & (uint32_t)0x07UL);             /* only values 0..7 a
1652:Drivers/CMSIS/Include/core_cm4.h **** 
1653:Drivers/CMSIS/Include/core_cm4.h ****   reg_value  =  SCB->AIRCR;                                                   /* read old register 
1654:Drivers/CMSIS/Include/core_cm4.h ****   reg_value &= ~((uint32_t)(SCB_AIRCR_VECTKEY_Msk | SCB_AIRCR_PRIGROUP_Msk)); /* clear bits to chan
1655:Drivers/CMSIS/Include/core_cm4.h ****   reg_value  =  (reg_value                                   |
1656:Drivers/CMSIS/Include/core_cm4.h ****                 ((uint32_t)0x5FAUL << SCB_AIRCR_VECTKEY_Pos) |
1657:Drivers/CMSIS/Include/core_cm4.h ****                 (PriorityGroupTmp << SCB_AIRCR_PRIGROUP_Pos)  );              /* Insert write key a
1658:Drivers/CMSIS/Include/core_cm4.h ****   SCB->AIRCR =  reg_value;
1659:Drivers/CMSIS/Include/core_cm4.h **** }
1660:Drivers/CMSIS/Include/core_cm4.h **** 
1661:Drivers/CMSIS/Include/core_cm4.h **** 
1662:Drivers/CMSIS/Include/core_cm4.h **** /**
1663:Drivers/CMSIS/Include/core_cm4.h ****   \brief   Get Priority Grouping
1664:Drivers/CMSIS/Include/core_cm4.h ****   \details Reads the priority grouping field from the NVIC Interrupt Controller.
1665:Drivers/CMSIS/Include/core_cm4.h ****   \return                Priority grouping field (SCB->AIRCR [10:8] PRIGROUP field).
1666:Drivers/CMSIS/Include/core_cm4.h ****  */
1667:Drivers/CMSIS/Include/core_cm4.h **** __STATIC_INLINE uint32_t __NVIC_GetPriorityGrouping(void)
1668:Drivers/CMSIS/Include/core_cm4.h **** {
1669:Drivers/CMSIS/Include/core_cm4.h ****   return ((uint32_t)((SCB->AIRCR & SCB_AIRCR_PRIGROUP_Msk) >> SCB_AIRCR_PRIGROUP_Pos));
1670:Drivers/CMSIS/Include/core_cm4.h **** }
1671:Drivers/CMSIS/Include/core_cm4.h **** 
1672:Drivers/CMSIS/Include/core_cm4.h **** 
1673:Drivers/CMSIS/Include/core_cm4.h **** /**
1674:Drivers/CMSIS/Include/core_cm4.h ****   \brief   Enable Interrupt
1675:Drivers/CMSIS/Include/core_cm4.h ****   \details Enables a device specific interrupt in the NVIC interrupt controller.
1676:Drivers/CMSIS/Include/core_cm4.h ****   \param [in]      IRQn  Device specific interrupt number.
1677:Drivers/CMSIS/Include/core_cm4.h ****   \note    IRQn must not be negative.
1678:Drivers/CMSIS/Include/core_cm4.h ****  */
1679:Drivers/CMSIS/Include/core_cm4.h **** __STATIC_INLINE void __NVIC_EnableIRQ(IRQn_Type IRQn)
1680:Drivers/CMSIS/Include/core_cm4.h **** {
1681:Drivers/CMSIS/Include/core_cm4.h ****   if ((int32_t)(IRQn) >= 0)
1682:Drivers/CMSIS/Include/core_cm4.h ****   {
1683:Drivers/CMSIS/Include/core_cm4.h ****     __COMPILER_BARRIER();
ARM GAS  C:\Users\adisa\AppData\Local\Temp\ccJAKY7c.s 			page 31


1684:Drivers/CMSIS/Include/core_cm4.h ****     NVIC->ISER[(((uint32_t)IRQn) >> 5UL)] = (uint32_t)(1UL << (((uint32_t)IRQn) & 0x1FUL));
1685:Drivers/CMSIS/Include/core_cm4.h ****     __COMPILER_BARRIER();
1686:Drivers/CMSIS/Include/core_cm4.h ****   }
1687:Drivers/CMSIS/Include/core_cm4.h **** }
1688:Drivers/CMSIS/Include/core_cm4.h **** 
1689:Drivers/CMSIS/Include/core_cm4.h **** 
1690:Drivers/CMSIS/Include/core_cm4.h **** /**
1691:Drivers/CMSIS/Include/core_cm4.h ****   \brief   Get Interrupt Enable status
1692:Drivers/CMSIS/Include/core_cm4.h ****   \details Returns a device specific interrupt enable status from the NVIC interrupt controller.
1693:Drivers/CMSIS/Include/core_cm4.h ****   \param [in]      IRQn  Device specific interrupt number.
1694:Drivers/CMSIS/Include/core_cm4.h ****   \return             0  Interrupt is not enabled.
1695:Drivers/CMSIS/Include/core_cm4.h ****   \return             1  Interrupt is enabled.
1696:Drivers/CMSIS/Include/core_cm4.h ****   \note    IRQn must not be negative.
1697:Drivers/CMSIS/Include/core_cm4.h ****  */
1698:Drivers/CMSIS/Include/core_cm4.h **** __STATIC_INLINE uint32_t __NVIC_GetEnableIRQ(IRQn_Type IRQn)
1699:Drivers/CMSIS/Include/core_cm4.h **** {
1700:Drivers/CMSIS/Include/core_cm4.h ****   if ((int32_t)(IRQn) >= 0)
1701:Drivers/CMSIS/Include/core_cm4.h ****   {
1702:Drivers/CMSIS/Include/core_cm4.h ****     return((uint32_t)(((NVIC->ISER[(((uint32_t)IRQn) >> 5UL)] & (1UL << (((uint32_t)IRQn) & 0x1FUL)
1703:Drivers/CMSIS/Include/core_cm4.h ****   }
1704:Drivers/CMSIS/Include/core_cm4.h ****   else
1705:Drivers/CMSIS/Include/core_cm4.h ****   {
1706:Drivers/CMSIS/Include/core_cm4.h ****     return(0U);
1707:Drivers/CMSIS/Include/core_cm4.h ****   }
1708:Drivers/CMSIS/Include/core_cm4.h **** }
1709:Drivers/CMSIS/Include/core_cm4.h **** 
1710:Drivers/CMSIS/Include/core_cm4.h **** 
1711:Drivers/CMSIS/Include/core_cm4.h **** /**
1712:Drivers/CMSIS/Include/core_cm4.h ****   \brief   Disable Interrupt
1713:Drivers/CMSIS/Include/core_cm4.h ****   \details Disables a device specific interrupt in the NVIC interrupt controller.
1714:Drivers/CMSIS/Include/core_cm4.h ****   \param [in]      IRQn  Device specific interrupt number.
1715:Drivers/CMSIS/Include/core_cm4.h ****   \note    IRQn must not be negative.
1716:Drivers/CMSIS/Include/core_cm4.h ****  */
1717:Drivers/CMSIS/Include/core_cm4.h **** __STATIC_INLINE void __NVIC_DisableIRQ(IRQn_Type IRQn)
1718:Drivers/CMSIS/Include/core_cm4.h **** {
1719:Drivers/CMSIS/Include/core_cm4.h ****   if ((int32_t)(IRQn) >= 0)
1720:Drivers/CMSIS/Include/core_cm4.h ****   {
1721:Drivers/CMSIS/Include/core_cm4.h ****     NVIC->ICER[(((uint32_t)IRQn) >> 5UL)] = (uint32_t)(1UL << (((uint32_t)IRQn) & 0x1FUL));
1722:Drivers/CMSIS/Include/core_cm4.h ****     __DSB();
1723:Drivers/CMSIS/Include/core_cm4.h ****     __ISB();
1724:Drivers/CMSIS/Include/core_cm4.h ****   }
1725:Drivers/CMSIS/Include/core_cm4.h **** }
1726:Drivers/CMSIS/Include/core_cm4.h **** 
1727:Drivers/CMSIS/Include/core_cm4.h **** 
1728:Drivers/CMSIS/Include/core_cm4.h **** /**
1729:Drivers/CMSIS/Include/core_cm4.h ****   \brief   Get Pending Interrupt
1730:Drivers/CMSIS/Include/core_cm4.h ****   \details Reads the NVIC pending register and returns the pending bit for the specified device spe
1731:Drivers/CMSIS/Include/core_cm4.h ****   \param [in]      IRQn  Device specific interrupt number.
1732:Drivers/CMSIS/Include/core_cm4.h ****   \return             0  Interrupt status is not pending.
1733:Drivers/CMSIS/Include/core_cm4.h ****   \return             1  Interrupt status is pending.
1734:Drivers/CMSIS/Include/core_cm4.h ****   \note    IRQn must not be negative.
1735:Drivers/CMSIS/Include/core_cm4.h ****  */
1736:Drivers/CMSIS/Include/core_cm4.h **** __STATIC_INLINE uint32_t __NVIC_GetPendingIRQ(IRQn_Type IRQn)
1737:Drivers/CMSIS/Include/core_cm4.h **** {
1738:Drivers/CMSIS/Include/core_cm4.h ****   if ((int32_t)(IRQn) >= 0)
1739:Drivers/CMSIS/Include/core_cm4.h ****   {
1740:Drivers/CMSIS/Include/core_cm4.h ****     return((uint32_t)(((NVIC->ISPR[(((uint32_t)IRQn) >> 5UL)] & (1UL << (((uint32_t)IRQn) & 0x1FUL)
ARM GAS  C:\Users\adisa\AppData\Local\Temp\ccJAKY7c.s 			page 32


1741:Drivers/CMSIS/Include/core_cm4.h ****   }
1742:Drivers/CMSIS/Include/core_cm4.h ****   else
1743:Drivers/CMSIS/Include/core_cm4.h ****   {
1744:Drivers/CMSIS/Include/core_cm4.h ****     return(0U);
1745:Drivers/CMSIS/Include/core_cm4.h ****   }
1746:Drivers/CMSIS/Include/core_cm4.h **** }
1747:Drivers/CMSIS/Include/core_cm4.h **** 
1748:Drivers/CMSIS/Include/core_cm4.h **** 
1749:Drivers/CMSIS/Include/core_cm4.h **** /**
1750:Drivers/CMSIS/Include/core_cm4.h ****   \brief   Set Pending Interrupt
1751:Drivers/CMSIS/Include/core_cm4.h ****   \details Sets the pending bit of a device specific interrupt in the NVIC pending register.
1752:Drivers/CMSIS/Include/core_cm4.h ****   \param [in]      IRQn  Device specific interrupt number.
1753:Drivers/CMSIS/Include/core_cm4.h ****   \note    IRQn must not be negative.
1754:Drivers/CMSIS/Include/core_cm4.h ****  */
1755:Drivers/CMSIS/Include/core_cm4.h **** __STATIC_INLINE void __NVIC_SetPendingIRQ(IRQn_Type IRQn)
1756:Drivers/CMSIS/Include/core_cm4.h **** {
1757:Drivers/CMSIS/Include/core_cm4.h ****   if ((int32_t)(IRQn) >= 0)
1758:Drivers/CMSIS/Include/core_cm4.h ****   {
1759:Drivers/CMSIS/Include/core_cm4.h ****     NVIC->ISPR[(((uint32_t)IRQn) >> 5UL)] = (uint32_t)(1UL << (((uint32_t)IRQn) & 0x1FUL));
1760:Drivers/CMSIS/Include/core_cm4.h ****   }
1761:Drivers/CMSIS/Include/core_cm4.h **** }
1762:Drivers/CMSIS/Include/core_cm4.h **** 
1763:Drivers/CMSIS/Include/core_cm4.h **** 
1764:Drivers/CMSIS/Include/core_cm4.h **** /**
1765:Drivers/CMSIS/Include/core_cm4.h ****   \brief   Clear Pending Interrupt
1766:Drivers/CMSIS/Include/core_cm4.h ****   \details Clears the pending bit of a device specific interrupt in the NVIC pending register.
1767:Drivers/CMSIS/Include/core_cm4.h ****   \param [in]      IRQn  Device specific interrupt number.
1768:Drivers/CMSIS/Include/core_cm4.h ****   \note    IRQn must not be negative.
1769:Drivers/CMSIS/Include/core_cm4.h ****  */
1770:Drivers/CMSIS/Include/core_cm4.h **** __STATIC_INLINE void __NVIC_ClearPendingIRQ(IRQn_Type IRQn)
1771:Drivers/CMSIS/Include/core_cm4.h **** {
1772:Drivers/CMSIS/Include/core_cm4.h ****   if ((int32_t)(IRQn) >= 0)
1773:Drivers/CMSIS/Include/core_cm4.h ****   {
1774:Drivers/CMSIS/Include/core_cm4.h ****     NVIC->ICPR[(((uint32_t)IRQn) >> 5UL)] = (uint32_t)(1UL << (((uint32_t)IRQn) & 0x1FUL));
1775:Drivers/CMSIS/Include/core_cm4.h ****   }
1776:Drivers/CMSIS/Include/core_cm4.h **** }
1777:Drivers/CMSIS/Include/core_cm4.h **** 
1778:Drivers/CMSIS/Include/core_cm4.h **** 
1779:Drivers/CMSIS/Include/core_cm4.h **** /**
1780:Drivers/CMSIS/Include/core_cm4.h ****   \brief   Get Active Interrupt
1781:Drivers/CMSIS/Include/core_cm4.h ****   \details Reads the active register in the NVIC and returns the active bit for the device specific
1782:Drivers/CMSIS/Include/core_cm4.h ****   \param [in]      IRQn  Device specific interrupt number.
1783:Drivers/CMSIS/Include/core_cm4.h ****   \return             0  Interrupt status is not active.
1784:Drivers/CMSIS/Include/core_cm4.h ****   \return             1  Interrupt status is active.
1785:Drivers/CMSIS/Include/core_cm4.h ****   \note    IRQn must not be negative.
1786:Drivers/CMSIS/Include/core_cm4.h ****  */
1787:Drivers/CMSIS/Include/core_cm4.h **** __STATIC_INLINE uint32_t __NVIC_GetActive(IRQn_Type IRQn)
1788:Drivers/CMSIS/Include/core_cm4.h **** {
1789:Drivers/CMSIS/Include/core_cm4.h ****   if ((int32_t)(IRQn) >= 0)
1790:Drivers/CMSIS/Include/core_cm4.h ****   {
1791:Drivers/CMSIS/Include/core_cm4.h ****     return((uint32_t)(((NVIC->IABR[(((uint32_t)IRQn) >> 5UL)] & (1UL << (((uint32_t)IRQn) & 0x1FUL)
1792:Drivers/CMSIS/Include/core_cm4.h ****   }
1793:Drivers/CMSIS/Include/core_cm4.h ****   else
1794:Drivers/CMSIS/Include/core_cm4.h ****   {
1795:Drivers/CMSIS/Include/core_cm4.h ****     return(0U);
1796:Drivers/CMSIS/Include/core_cm4.h ****   }
1797:Drivers/CMSIS/Include/core_cm4.h **** }
ARM GAS  C:\Users\adisa\AppData\Local\Temp\ccJAKY7c.s 			page 33


1798:Drivers/CMSIS/Include/core_cm4.h **** 
1799:Drivers/CMSIS/Include/core_cm4.h **** 
1800:Drivers/CMSIS/Include/core_cm4.h **** /**
1801:Drivers/CMSIS/Include/core_cm4.h ****   \brief   Set Interrupt Priority
1802:Drivers/CMSIS/Include/core_cm4.h ****   \details Sets the priority of a device specific interrupt or a processor exception.
1803:Drivers/CMSIS/Include/core_cm4.h ****            The interrupt number can be positive to specify a device specific interrupt,
1804:Drivers/CMSIS/Include/core_cm4.h ****            or negative to specify a processor exception.
1805:Drivers/CMSIS/Include/core_cm4.h ****   \param [in]      IRQn  Interrupt number.
1806:Drivers/CMSIS/Include/core_cm4.h ****   \param [in]  priority  Priority to set.
1807:Drivers/CMSIS/Include/core_cm4.h ****   \note    The priority cannot be set for every processor exception.
1808:Drivers/CMSIS/Include/core_cm4.h ****  */
1809:Drivers/CMSIS/Include/core_cm4.h **** __STATIC_INLINE void __NVIC_SetPriority(IRQn_Type IRQn, uint32_t priority)
1810:Drivers/CMSIS/Include/core_cm4.h **** {
1811:Drivers/CMSIS/Include/core_cm4.h ****   if ((int32_t)(IRQn) >= 0)
1812:Drivers/CMSIS/Include/core_cm4.h ****   {
1813:Drivers/CMSIS/Include/core_cm4.h ****     NVIC->IP[((uint32_t)IRQn)]               = (uint8_t)((priority << (8U - __NVIC_PRIO_BITS)) & (u
1814:Drivers/CMSIS/Include/core_cm4.h ****   }
1815:Drivers/CMSIS/Include/core_cm4.h ****   else
1816:Drivers/CMSIS/Include/core_cm4.h ****   {
1817:Drivers/CMSIS/Include/core_cm4.h ****     SCB->SHP[(((uint32_t)IRQn) & 0xFUL)-4UL] = (uint8_t)((priority << (8U - __NVIC_PRIO_BITS)) & (u
1818:Drivers/CMSIS/Include/core_cm4.h ****   }
1819:Drivers/CMSIS/Include/core_cm4.h **** }
1820:Drivers/CMSIS/Include/core_cm4.h **** 
1821:Drivers/CMSIS/Include/core_cm4.h **** 
1822:Drivers/CMSIS/Include/core_cm4.h **** /**
1823:Drivers/CMSIS/Include/core_cm4.h ****   \brief   Get Interrupt Priority
1824:Drivers/CMSIS/Include/core_cm4.h ****   \details Reads the priority of a device specific interrupt or a processor exception.
1825:Drivers/CMSIS/Include/core_cm4.h ****            The interrupt number can be positive to specify a device specific interrupt,
1826:Drivers/CMSIS/Include/core_cm4.h ****            or negative to specify a processor exception.
1827:Drivers/CMSIS/Include/core_cm4.h ****   \param [in]   IRQn  Interrupt number.
1828:Drivers/CMSIS/Include/core_cm4.h ****   \return             Interrupt Priority.
1829:Drivers/CMSIS/Include/core_cm4.h ****                       Value is aligned automatically to the implemented priority bits of the microc
1830:Drivers/CMSIS/Include/core_cm4.h ****  */
1831:Drivers/CMSIS/Include/core_cm4.h **** __STATIC_INLINE uint32_t __NVIC_GetPriority(IRQn_Type IRQn)
1832:Drivers/CMSIS/Include/core_cm4.h **** {
1833:Drivers/CMSIS/Include/core_cm4.h **** 
1834:Drivers/CMSIS/Include/core_cm4.h ****   if ((int32_t)(IRQn) >= 0)
1835:Drivers/CMSIS/Include/core_cm4.h ****   {
1836:Drivers/CMSIS/Include/core_cm4.h ****     return(((uint32_t)NVIC->IP[((uint32_t)IRQn)]               >> (8U - __NVIC_PRIO_BITS)));
1837:Drivers/CMSIS/Include/core_cm4.h ****   }
1838:Drivers/CMSIS/Include/core_cm4.h ****   else
1839:Drivers/CMSIS/Include/core_cm4.h ****   {
1840:Drivers/CMSIS/Include/core_cm4.h ****     return(((uint32_t)SCB->SHP[(((uint32_t)IRQn) & 0xFUL)-4UL] >> (8U - __NVIC_PRIO_BITS)));
1841:Drivers/CMSIS/Include/core_cm4.h ****   }
1842:Drivers/CMSIS/Include/core_cm4.h **** }
1843:Drivers/CMSIS/Include/core_cm4.h **** 
1844:Drivers/CMSIS/Include/core_cm4.h **** 
1845:Drivers/CMSIS/Include/core_cm4.h **** /**
1846:Drivers/CMSIS/Include/core_cm4.h ****   \brief   Encode Priority
1847:Drivers/CMSIS/Include/core_cm4.h ****   \details Encodes the priority for an interrupt with the given priority group,
1848:Drivers/CMSIS/Include/core_cm4.h ****            preemptive priority value, and subpriority value.
1849:Drivers/CMSIS/Include/core_cm4.h ****            In case of a conflict between priority grouping and available
1850:Drivers/CMSIS/Include/core_cm4.h ****            priority bits (__NVIC_PRIO_BITS), the smallest possible priority group is set.
1851:Drivers/CMSIS/Include/core_cm4.h ****   \param [in]     PriorityGroup  Used priority group.
1852:Drivers/CMSIS/Include/core_cm4.h ****   \param [in]   PreemptPriority  Preemptive priority value (starting from 0).
1853:Drivers/CMSIS/Include/core_cm4.h ****   \param [in]       SubPriority  Subpriority value (starting from 0).
1854:Drivers/CMSIS/Include/core_cm4.h ****   \return                        Encoded priority. Value can be used in the function \ref NVIC_SetP
ARM GAS  C:\Users\adisa\AppData\Local\Temp\ccJAKY7c.s 			page 34


1855:Drivers/CMSIS/Include/core_cm4.h ****  */
1856:Drivers/CMSIS/Include/core_cm4.h **** __STATIC_INLINE uint32_t NVIC_EncodePriority (uint32_t PriorityGroup, uint32_t PreemptPriority, uin
1857:Drivers/CMSIS/Include/core_cm4.h **** {
1858:Drivers/CMSIS/Include/core_cm4.h ****   uint32_t PriorityGroupTmp = (PriorityGroup & (uint32_t)0x07UL);   /* only values 0..7 are used   
1859:Drivers/CMSIS/Include/core_cm4.h ****   uint32_t PreemptPriorityBits;
1860:Drivers/CMSIS/Include/core_cm4.h ****   uint32_t SubPriorityBits;
1861:Drivers/CMSIS/Include/core_cm4.h **** 
1862:Drivers/CMSIS/Include/core_cm4.h ****   PreemptPriorityBits = ((7UL - PriorityGroupTmp) > (uint32_t)(__NVIC_PRIO_BITS)) ? (uint32_t)(__NV
1863:Drivers/CMSIS/Include/core_cm4.h ****   SubPriorityBits     = ((PriorityGroupTmp + (uint32_t)(__NVIC_PRIO_BITS)) < (uint32_t)7UL) ? (uint
1864:Drivers/CMSIS/Include/core_cm4.h **** 
1865:Drivers/CMSIS/Include/core_cm4.h ****   return (
1866:Drivers/CMSIS/Include/core_cm4.h ****            ((PreemptPriority & (uint32_t)((1UL << (PreemptPriorityBits)) - 1UL)) << SubPriorityBits
1867:Drivers/CMSIS/Include/core_cm4.h ****            ((SubPriority     & (uint32_t)((1UL << (SubPriorityBits    )) - 1UL)))
1868:Drivers/CMSIS/Include/core_cm4.h ****          );
1869:Drivers/CMSIS/Include/core_cm4.h **** }
1870:Drivers/CMSIS/Include/core_cm4.h **** 
1871:Drivers/CMSIS/Include/core_cm4.h **** 
1872:Drivers/CMSIS/Include/core_cm4.h **** /**
1873:Drivers/CMSIS/Include/core_cm4.h ****   \brief   Decode Priority
1874:Drivers/CMSIS/Include/core_cm4.h ****   \details Decodes an interrupt priority value with a given priority group to
1875:Drivers/CMSIS/Include/core_cm4.h ****            preemptive priority value and subpriority value.
1876:Drivers/CMSIS/Include/core_cm4.h ****            In case of a conflict between priority grouping and available
1877:Drivers/CMSIS/Include/core_cm4.h ****            priority bits (__NVIC_PRIO_BITS) the smallest possible priority group is set.
1878:Drivers/CMSIS/Include/core_cm4.h ****   \param [in]         Priority   Priority value, which can be retrieved with the function \ref NVIC
1879:Drivers/CMSIS/Include/core_cm4.h ****   \param [in]     PriorityGroup  Used priority group.
1880:Drivers/CMSIS/Include/core_cm4.h ****   \param [out] pPreemptPriority  Preemptive priority value (starting from 0).
1881:Drivers/CMSIS/Include/core_cm4.h ****   \param [out]     pSubPriority  Subpriority value (starting from 0).
1882:Drivers/CMSIS/Include/core_cm4.h ****  */
1883:Drivers/CMSIS/Include/core_cm4.h **** __STATIC_INLINE void NVIC_DecodePriority (uint32_t Priority, uint32_t PriorityGroup, uint32_t* cons
1884:Drivers/CMSIS/Include/core_cm4.h **** {
1885:Drivers/CMSIS/Include/core_cm4.h ****   uint32_t PriorityGroupTmp = (PriorityGroup & (uint32_t)0x07UL);   /* only values 0..7 are used   
1886:Drivers/CMSIS/Include/core_cm4.h ****   uint32_t PreemptPriorityBits;
1887:Drivers/CMSIS/Include/core_cm4.h ****   uint32_t SubPriorityBits;
1888:Drivers/CMSIS/Include/core_cm4.h **** 
1889:Drivers/CMSIS/Include/core_cm4.h ****   PreemptPriorityBits = ((7UL - PriorityGroupTmp) > (uint32_t)(__NVIC_PRIO_BITS)) ? (uint32_t)(__NV
1890:Drivers/CMSIS/Include/core_cm4.h ****   SubPriorityBits     = ((PriorityGroupTmp + (uint32_t)(__NVIC_PRIO_BITS)) < (uint32_t)7UL) ? (uint
1891:Drivers/CMSIS/Include/core_cm4.h **** 
1892:Drivers/CMSIS/Include/core_cm4.h ****   *pPreemptPriority = (Priority >> SubPriorityBits) & (uint32_t)((1UL << (PreemptPriorityBits)) - 1
1893:Drivers/CMSIS/Include/core_cm4.h ****   *pSubPriority     = (Priority                   ) & (uint32_t)((1UL << (SubPriorityBits    )) - 1
1894:Drivers/CMSIS/Include/core_cm4.h **** }
1895:Drivers/CMSIS/Include/core_cm4.h **** 
1896:Drivers/CMSIS/Include/core_cm4.h **** 
1897:Drivers/CMSIS/Include/core_cm4.h **** /**
1898:Drivers/CMSIS/Include/core_cm4.h ****   \brief   Set Interrupt Vector
1899:Drivers/CMSIS/Include/core_cm4.h ****   \details Sets an interrupt vector in SRAM based interrupt vector table.
1900:Drivers/CMSIS/Include/core_cm4.h ****            The interrupt number can be positive to specify a device specific interrupt,
1901:Drivers/CMSIS/Include/core_cm4.h ****            or negative to specify a processor exception.
1902:Drivers/CMSIS/Include/core_cm4.h ****            VTOR must been relocated to SRAM before.
1903:Drivers/CMSIS/Include/core_cm4.h ****   \param [in]   IRQn      Interrupt number
1904:Drivers/CMSIS/Include/core_cm4.h ****   \param [in]   vector    Address of interrupt handler function
1905:Drivers/CMSIS/Include/core_cm4.h ****  */
1906:Drivers/CMSIS/Include/core_cm4.h **** __STATIC_INLINE void __NVIC_SetVector(IRQn_Type IRQn, uint32_t vector)
1907:Drivers/CMSIS/Include/core_cm4.h **** {
1908:Drivers/CMSIS/Include/core_cm4.h ****   uint32_t vectors = (uint32_t )SCB->VTOR;
1909:Drivers/CMSIS/Include/core_cm4.h ****   (* (int *) (vectors + ((int32_t)IRQn + NVIC_USER_IRQ_OFFSET) * 4)) = vector;
1910:Drivers/CMSIS/Include/core_cm4.h ****   /* ARM Application Note 321 states that the M4 does not require the architectural barrier */
1911:Drivers/CMSIS/Include/core_cm4.h **** }
ARM GAS  C:\Users\adisa\AppData\Local\Temp\ccJAKY7c.s 			page 35


1912:Drivers/CMSIS/Include/core_cm4.h **** 
1913:Drivers/CMSIS/Include/core_cm4.h **** 
1914:Drivers/CMSIS/Include/core_cm4.h **** /**
1915:Drivers/CMSIS/Include/core_cm4.h ****   \brief   Get Interrupt Vector
1916:Drivers/CMSIS/Include/core_cm4.h ****   \details Reads an interrupt vector from interrupt vector table.
1917:Drivers/CMSIS/Include/core_cm4.h ****            The interrupt number can be positive to specify a device specific interrupt,
1918:Drivers/CMSIS/Include/core_cm4.h ****            or negative to specify a processor exception.
1919:Drivers/CMSIS/Include/core_cm4.h ****   \param [in]   IRQn      Interrupt number.
1920:Drivers/CMSIS/Include/core_cm4.h ****   \return                 Address of interrupt handler function
1921:Drivers/CMSIS/Include/core_cm4.h ****  */
1922:Drivers/CMSIS/Include/core_cm4.h **** __STATIC_INLINE uint32_t __NVIC_GetVector(IRQn_Type IRQn)
1923:Drivers/CMSIS/Include/core_cm4.h **** {
1924:Drivers/CMSIS/Include/core_cm4.h ****   uint32_t vectors = (uint32_t )SCB->VTOR;
1925:Drivers/CMSIS/Include/core_cm4.h ****   return (uint32_t)(* (int *) (vectors + ((int32_t)IRQn + NVIC_USER_IRQ_OFFSET) * 4));
1926:Drivers/CMSIS/Include/core_cm4.h **** }
1927:Drivers/CMSIS/Include/core_cm4.h **** 
1928:Drivers/CMSIS/Include/core_cm4.h **** 
1929:Drivers/CMSIS/Include/core_cm4.h **** /**
1930:Drivers/CMSIS/Include/core_cm4.h ****   \brief   System Reset
1931:Drivers/CMSIS/Include/core_cm4.h ****   \details Initiates a system reset request to reset the MCU.
1932:Drivers/CMSIS/Include/core_cm4.h ****  */
1933:Drivers/CMSIS/Include/core_cm4.h **** __NO_RETURN __STATIC_INLINE void __NVIC_SystemReset(void)
1934:Drivers/CMSIS/Include/core_cm4.h **** {
  29              		.loc 2 1934 1 view -0
  30              		.cfi_startproc
  31              		@ Volatile: function does not return.
  32              		@ args = 0, pretend = 0, frame = 0
  33              		@ frame_needed = 0, uses_anonymous_args = 0
  34              		@ link register save eliminated.
1935:Drivers/CMSIS/Include/core_cm4.h ****   __DSB();                                                          /* Ensure all outstanding memor
  35              		.loc 2 1935 3 view .LVU1
  36              	.LBB6:
  37              	.LBI6:
  38              		.file 3 "Drivers/CMSIS/Include/cmsis_gcc.h"
   1:Drivers/CMSIS/Include/cmsis_gcc.h **** /**************************************************************************//**
   2:Drivers/CMSIS/Include/cmsis_gcc.h ****  * @file     cmsis_gcc.h
   3:Drivers/CMSIS/Include/cmsis_gcc.h ****  * @brief    CMSIS compiler GCC header file
   4:Drivers/CMSIS/Include/cmsis_gcc.h ****  * @version  V5.2.0
   5:Drivers/CMSIS/Include/cmsis_gcc.h ****  * @date     08. May 2019
   6:Drivers/CMSIS/Include/cmsis_gcc.h ****  ******************************************************************************/
   7:Drivers/CMSIS/Include/cmsis_gcc.h **** /*
   8:Drivers/CMSIS/Include/cmsis_gcc.h ****  * Copyright (c) 2009-2019 Arm Limited. All rights reserved.
   9:Drivers/CMSIS/Include/cmsis_gcc.h ****  *
  10:Drivers/CMSIS/Include/cmsis_gcc.h ****  * SPDX-License-Identifier: Apache-2.0
  11:Drivers/CMSIS/Include/cmsis_gcc.h ****  *
  12:Drivers/CMSIS/Include/cmsis_gcc.h ****  * Licensed under the Apache License, Version 2.0 (the License); you may
  13:Drivers/CMSIS/Include/cmsis_gcc.h ****  * not use this file except in compliance with the License.
  14:Drivers/CMSIS/Include/cmsis_gcc.h ****  * You may obtain a copy of the License at
  15:Drivers/CMSIS/Include/cmsis_gcc.h ****  *
  16:Drivers/CMSIS/Include/cmsis_gcc.h ****  * www.apache.org/licenses/LICENSE-2.0
  17:Drivers/CMSIS/Include/cmsis_gcc.h ****  *
  18:Drivers/CMSIS/Include/cmsis_gcc.h ****  * Unless required by applicable law or agreed to in writing, software
  19:Drivers/CMSIS/Include/cmsis_gcc.h ****  * distributed under the License is distributed on an AS IS BASIS, WITHOUT
  20:Drivers/CMSIS/Include/cmsis_gcc.h ****  * WARRANTIES OR CONDITIONS OF ANY KIND, either express or implied.
  21:Drivers/CMSIS/Include/cmsis_gcc.h ****  * See the License for the specific language governing permissions and
  22:Drivers/CMSIS/Include/cmsis_gcc.h ****  * limitations under the License.
  23:Drivers/CMSIS/Include/cmsis_gcc.h ****  */
ARM GAS  C:\Users\adisa\AppData\Local\Temp\ccJAKY7c.s 			page 36


  24:Drivers/CMSIS/Include/cmsis_gcc.h **** 
  25:Drivers/CMSIS/Include/cmsis_gcc.h **** #ifndef __CMSIS_GCC_H
  26:Drivers/CMSIS/Include/cmsis_gcc.h **** #define __CMSIS_GCC_H
  27:Drivers/CMSIS/Include/cmsis_gcc.h **** 
  28:Drivers/CMSIS/Include/cmsis_gcc.h **** /* ignore some GCC warnings */
  29:Drivers/CMSIS/Include/cmsis_gcc.h **** #pragma GCC diagnostic push
  30:Drivers/CMSIS/Include/cmsis_gcc.h **** #pragma GCC diagnostic ignored "-Wsign-conversion"
  31:Drivers/CMSIS/Include/cmsis_gcc.h **** #pragma GCC diagnostic ignored "-Wconversion"
  32:Drivers/CMSIS/Include/cmsis_gcc.h **** #pragma GCC diagnostic ignored "-Wunused-parameter"
  33:Drivers/CMSIS/Include/cmsis_gcc.h **** 
  34:Drivers/CMSIS/Include/cmsis_gcc.h **** /* Fallback for __has_builtin */
  35:Drivers/CMSIS/Include/cmsis_gcc.h **** #ifndef __has_builtin
  36:Drivers/CMSIS/Include/cmsis_gcc.h ****   #define __has_builtin(x) (0)
  37:Drivers/CMSIS/Include/cmsis_gcc.h **** #endif
  38:Drivers/CMSIS/Include/cmsis_gcc.h **** 
  39:Drivers/CMSIS/Include/cmsis_gcc.h **** /* CMSIS compiler specific defines */
  40:Drivers/CMSIS/Include/cmsis_gcc.h **** #ifndef   __ASM
  41:Drivers/CMSIS/Include/cmsis_gcc.h ****   #define __ASM                                  __asm
  42:Drivers/CMSIS/Include/cmsis_gcc.h **** #endif
  43:Drivers/CMSIS/Include/cmsis_gcc.h **** #ifndef   __INLINE
  44:Drivers/CMSIS/Include/cmsis_gcc.h ****   #define __INLINE                               inline
  45:Drivers/CMSIS/Include/cmsis_gcc.h **** #endif
  46:Drivers/CMSIS/Include/cmsis_gcc.h **** #ifndef   __STATIC_INLINE
  47:Drivers/CMSIS/Include/cmsis_gcc.h ****   #define __STATIC_INLINE                        static inline
  48:Drivers/CMSIS/Include/cmsis_gcc.h **** #endif
  49:Drivers/CMSIS/Include/cmsis_gcc.h **** #ifndef   __STATIC_FORCEINLINE                 
  50:Drivers/CMSIS/Include/cmsis_gcc.h ****   #define __STATIC_FORCEINLINE                   __attribute__((always_inline)) static inline
  51:Drivers/CMSIS/Include/cmsis_gcc.h **** #endif                                           
  52:Drivers/CMSIS/Include/cmsis_gcc.h **** #ifndef   __NO_RETURN
  53:Drivers/CMSIS/Include/cmsis_gcc.h ****   #define __NO_RETURN                            __attribute__((__noreturn__))
  54:Drivers/CMSIS/Include/cmsis_gcc.h **** #endif
  55:Drivers/CMSIS/Include/cmsis_gcc.h **** #ifndef   __USED
  56:Drivers/CMSIS/Include/cmsis_gcc.h ****   #define __USED                                 __attribute__((used))
  57:Drivers/CMSIS/Include/cmsis_gcc.h **** #endif
  58:Drivers/CMSIS/Include/cmsis_gcc.h **** #ifndef   __WEAK
  59:Drivers/CMSIS/Include/cmsis_gcc.h ****   #define __WEAK                                 __attribute__((weak))
  60:Drivers/CMSIS/Include/cmsis_gcc.h **** #endif
  61:Drivers/CMSIS/Include/cmsis_gcc.h **** #ifndef   __PACKED
  62:Drivers/CMSIS/Include/cmsis_gcc.h ****   #define __PACKED                               __attribute__((packed, aligned(1)))
  63:Drivers/CMSIS/Include/cmsis_gcc.h **** #endif
  64:Drivers/CMSIS/Include/cmsis_gcc.h **** #ifndef   __PACKED_STRUCT
  65:Drivers/CMSIS/Include/cmsis_gcc.h ****   #define __PACKED_STRUCT                        struct __attribute__((packed, aligned(1)))
  66:Drivers/CMSIS/Include/cmsis_gcc.h **** #endif
  67:Drivers/CMSIS/Include/cmsis_gcc.h **** #ifndef   __PACKED_UNION
  68:Drivers/CMSIS/Include/cmsis_gcc.h ****   #define __PACKED_UNION                         union __attribute__((packed, aligned(1)))
  69:Drivers/CMSIS/Include/cmsis_gcc.h **** #endif
  70:Drivers/CMSIS/Include/cmsis_gcc.h **** #ifndef   __UNALIGNED_UINT32        /* deprecated */
  71:Drivers/CMSIS/Include/cmsis_gcc.h ****   #pragma GCC diagnostic push
  72:Drivers/CMSIS/Include/cmsis_gcc.h ****   #pragma GCC diagnostic ignored "-Wpacked"
  73:Drivers/CMSIS/Include/cmsis_gcc.h ****   #pragma GCC diagnostic ignored "-Wattributes"
  74:Drivers/CMSIS/Include/cmsis_gcc.h ****   struct __attribute__((packed)) T_UINT32 { uint32_t v; };
  75:Drivers/CMSIS/Include/cmsis_gcc.h ****   #pragma GCC diagnostic pop
  76:Drivers/CMSIS/Include/cmsis_gcc.h ****   #define __UNALIGNED_UINT32(x)                  (((struct T_UINT32 *)(x))->v)
  77:Drivers/CMSIS/Include/cmsis_gcc.h **** #endif
  78:Drivers/CMSIS/Include/cmsis_gcc.h **** #ifndef   __UNALIGNED_UINT16_WRITE
  79:Drivers/CMSIS/Include/cmsis_gcc.h ****   #pragma GCC diagnostic push
  80:Drivers/CMSIS/Include/cmsis_gcc.h ****   #pragma GCC diagnostic ignored "-Wpacked"
ARM GAS  C:\Users\adisa\AppData\Local\Temp\ccJAKY7c.s 			page 37


  81:Drivers/CMSIS/Include/cmsis_gcc.h ****   #pragma GCC diagnostic ignored "-Wattributes"
  82:Drivers/CMSIS/Include/cmsis_gcc.h ****   __PACKED_STRUCT T_UINT16_WRITE { uint16_t v; };
  83:Drivers/CMSIS/Include/cmsis_gcc.h ****   #pragma GCC diagnostic pop
  84:Drivers/CMSIS/Include/cmsis_gcc.h ****   #define __UNALIGNED_UINT16_WRITE(addr, val)    (void)((((struct T_UINT16_WRITE *)(void *)(addr))-
  85:Drivers/CMSIS/Include/cmsis_gcc.h **** #endif
  86:Drivers/CMSIS/Include/cmsis_gcc.h **** #ifndef   __UNALIGNED_UINT16_READ
  87:Drivers/CMSIS/Include/cmsis_gcc.h ****   #pragma GCC diagnostic push
  88:Drivers/CMSIS/Include/cmsis_gcc.h ****   #pragma GCC diagnostic ignored "-Wpacked"
  89:Drivers/CMSIS/Include/cmsis_gcc.h ****   #pragma GCC diagnostic ignored "-Wattributes"
  90:Drivers/CMSIS/Include/cmsis_gcc.h ****   __PACKED_STRUCT T_UINT16_READ { uint16_t v; };
  91:Drivers/CMSIS/Include/cmsis_gcc.h ****   #pragma GCC diagnostic pop
  92:Drivers/CMSIS/Include/cmsis_gcc.h ****   #define __UNALIGNED_UINT16_READ(addr)          (((const struct T_UINT16_READ *)(const void *)(add
  93:Drivers/CMSIS/Include/cmsis_gcc.h **** #endif
  94:Drivers/CMSIS/Include/cmsis_gcc.h **** #ifndef   __UNALIGNED_UINT32_WRITE
  95:Drivers/CMSIS/Include/cmsis_gcc.h ****   #pragma GCC diagnostic push
  96:Drivers/CMSIS/Include/cmsis_gcc.h ****   #pragma GCC diagnostic ignored "-Wpacked"
  97:Drivers/CMSIS/Include/cmsis_gcc.h ****   #pragma GCC diagnostic ignored "-Wattributes"
  98:Drivers/CMSIS/Include/cmsis_gcc.h ****   __PACKED_STRUCT T_UINT32_WRITE { uint32_t v; };
  99:Drivers/CMSIS/Include/cmsis_gcc.h ****   #pragma GCC diagnostic pop
 100:Drivers/CMSIS/Include/cmsis_gcc.h ****   #define __UNALIGNED_UINT32_WRITE(addr, val)    (void)((((struct T_UINT32_WRITE *)(void *)(addr))-
 101:Drivers/CMSIS/Include/cmsis_gcc.h **** #endif
 102:Drivers/CMSIS/Include/cmsis_gcc.h **** #ifndef   __UNALIGNED_UINT32_READ
 103:Drivers/CMSIS/Include/cmsis_gcc.h ****   #pragma GCC diagnostic push
 104:Drivers/CMSIS/Include/cmsis_gcc.h ****   #pragma GCC diagnostic ignored "-Wpacked"
 105:Drivers/CMSIS/Include/cmsis_gcc.h ****   #pragma GCC diagnostic ignored "-Wattributes"
 106:Drivers/CMSIS/Include/cmsis_gcc.h ****   __PACKED_STRUCT T_UINT32_READ { uint32_t v; };
 107:Drivers/CMSIS/Include/cmsis_gcc.h ****   #pragma GCC diagnostic pop
 108:Drivers/CMSIS/Include/cmsis_gcc.h ****   #define __UNALIGNED_UINT32_READ(addr)          (((const struct T_UINT32_READ *)(const void *)(add
 109:Drivers/CMSIS/Include/cmsis_gcc.h **** #endif
 110:Drivers/CMSIS/Include/cmsis_gcc.h **** #ifndef   __ALIGNED
 111:Drivers/CMSIS/Include/cmsis_gcc.h ****   #define __ALIGNED(x)                           __attribute__((aligned(x)))
 112:Drivers/CMSIS/Include/cmsis_gcc.h **** #endif
 113:Drivers/CMSIS/Include/cmsis_gcc.h **** #ifndef   __RESTRICT
 114:Drivers/CMSIS/Include/cmsis_gcc.h ****   #define __RESTRICT                             __restrict
 115:Drivers/CMSIS/Include/cmsis_gcc.h **** #endif
 116:Drivers/CMSIS/Include/cmsis_gcc.h **** #ifndef   __COMPILER_BARRIER
 117:Drivers/CMSIS/Include/cmsis_gcc.h ****   #define __COMPILER_BARRIER()                   __ASM volatile("":::"memory")
 118:Drivers/CMSIS/Include/cmsis_gcc.h **** #endif
 119:Drivers/CMSIS/Include/cmsis_gcc.h **** 
 120:Drivers/CMSIS/Include/cmsis_gcc.h **** /* #########################  Startup and Lowlevel Init  ######################## */
 121:Drivers/CMSIS/Include/cmsis_gcc.h **** 
 122:Drivers/CMSIS/Include/cmsis_gcc.h **** #ifndef __PROGRAM_START
 123:Drivers/CMSIS/Include/cmsis_gcc.h **** 
 124:Drivers/CMSIS/Include/cmsis_gcc.h **** /**
 125:Drivers/CMSIS/Include/cmsis_gcc.h ****   \brief   Initializes data and bss sections
 126:Drivers/CMSIS/Include/cmsis_gcc.h ****   \details This default implementations initialized all data and additional bss
 127:Drivers/CMSIS/Include/cmsis_gcc.h ****            sections relying on .copy.table and .zero.table specified properly
 128:Drivers/CMSIS/Include/cmsis_gcc.h ****            in the used linker script.
 129:Drivers/CMSIS/Include/cmsis_gcc.h ****   
 130:Drivers/CMSIS/Include/cmsis_gcc.h ****  */
 131:Drivers/CMSIS/Include/cmsis_gcc.h **** __STATIC_FORCEINLINE __NO_RETURN void __cmsis_start(void)
 132:Drivers/CMSIS/Include/cmsis_gcc.h **** {
 133:Drivers/CMSIS/Include/cmsis_gcc.h ****   extern void _start(void) __NO_RETURN;
 134:Drivers/CMSIS/Include/cmsis_gcc.h ****   
 135:Drivers/CMSIS/Include/cmsis_gcc.h ****   typedef struct {
 136:Drivers/CMSIS/Include/cmsis_gcc.h ****     uint32_t const* src;
 137:Drivers/CMSIS/Include/cmsis_gcc.h ****     uint32_t* dest;
ARM GAS  C:\Users\adisa\AppData\Local\Temp\ccJAKY7c.s 			page 38


 138:Drivers/CMSIS/Include/cmsis_gcc.h ****     uint32_t  wlen;
 139:Drivers/CMSIS/Include/cmsis_gcc.h ****   } __copy_table_t;
 140:Drivers/CMSIS/Include/cmsis_gcc.h ****   
 141:Drivers/CMSIS/Include/cmsis_gcc.h ****   typedef struct {
 142:Drivers/CMSIS/Include/cmsis_gcc.h ****     uint32_t* dest;
 143:Drivers/CMSIS/Include/cmsis_gcc.h ****     uint32_t  wlen;
 144:Drivers/CMSIS/Include/cmsis_gcc.h ****   } __zero_table_t;
 145:Drivers/CMSIS/Include/cmsis_gcc.h ****   
 146:Drivers/CMSIS/Include/cmsis_gcc.h ****   extern const __copy_table_t __copy_table_start__;
 147:Drivers/CMSIS/Include/cmsis_gcc.h ****   extern const __copy_table_t __copy_table_end__;
 148:Drivers/CMSIS/Include/cmsis_gcc.h ****   extern const __zero_table_t __zero_table_start__;
 149:Drivers/CMSIS/Include/cmsis_gcc.h ****   extern const __zero_table_t __zero_table_end__;
 150:Drivers/CMSIS/Include/cmsis_gcc.h **** 
 151:Drivers/CMSIS/Include/cmsis_gcc.h ****   for (__copy_table_t const* pTable = &__copy_table_start__; pTable < &__copy_table_end__; ++pTable
 152:Drivers/CMSIS/Include/cmsis_gcc.h ****     for(uint32_t i=0u; i<pTable->wlen; ++i) {
 153:Drivers/CMSIS/Include/cmsis_gcc.h ****       pTable->dest[i] = pTable->src[i];
 154:Drivers/CMSIS/Include/cmsis_gcc.h ****     }
 155:Drivers/CMSIS/Include/cmsis_gcc.h ****   }
 156:Drivers/CMSIS/Include/cmsis_gcc.h ****  
 157:Drivers/CMSIS/Include/cmsis_gcc.h ****   for (__zero_table_t const* pTable = &__zero_table_start__; pTable < &__zero_table_end__; ++pTable
 158:Drivers/CMSIS/Include/cmsis_gcc.h ****     for(uint32_t i=0u; i<pTable->wlen; ++i) {
 159:Drivers/CMSIS/Include/cmsis_gcc.h ****       pTable->dest[i] = 0u;
 160:Drivers/CMSIS/Include/cmsis_gcc.h ****     }
 161:Drivers/CMSIS/Include/cmsis_gcc.h ****   }
 162:Drivers/CMSIS/Include/cmsis_gcc.h ****  
 163:Drivers/CMSIS/Include/cmsis_gcc.h ****   _start();
 164:Drivers/CMSIS/Include/cmsis_gcc.h **** }
 165:Drivers/CMSIS/Include/cmsis_gcc.h ****   
 166:Drivers/CMSIS/Include/cmsis_gcc.h **** #define __PROGRAM_START           __cmsis_start
 167:Drivers/CMSIS/Include/cmsis_gcc.h **** #endif
 168:Drivers/CMSIS/Include/cmsis_gcc.h **** 
 169:Drivers/CMSIS/Include/cmsis_gcc.h **** #ifndef __INITIAL_SP
 170:Drivers/CMSIS/Include/cmsis_gcc.h **** #define __INITIAL_SP              __StackTop
 171:Drivers/CMSIS/Include/cmsis_gcc.h **** #endif
 172:Drivers/CMSIS/Include/cmsis_gcc.h **** 
 173:Drivers/CMSIS/Include/cmsis_gcc.h **** #ifndef __STACK_LIMIT
 174:Drivers/CMSIS/Include/cmsis_gcc.h **** #define __STACK_LIMIT             __StackLimit
 175:Drivers/CMSIS/Include/cmsis_gcc.h **** #endif
 176:Drivers/CMSIS/Include/cmsis_gcc.h **** 
 177:Drivers/CMSIS/Include/cmsis_gcc.h **** #ifndef __VECTOR_TABLE
 178:Drivers/CMSIS/Include/cmsis_gcc.h **** #define __VECTOR_TABLE            __Vectors
 179:Drivers/CMSIS/Include/cmsis_gcc.h **** #endif
 180:Drivers/CMSIS/Include/cmsis_gcc.h **** 
 181:Drivers/CMSIS/Include/cmsis_gcc.h **** #ifndef __VECTOR_TABLE_ATTRIBUTE
 182:Drivers/CMSIS/Include/cmsis_gcc.h **** #define __VECTOR_TABLE_ATTRIBUTE  __attribute((used, section(".vectors")))
 183:Drivers/CMSIS/Include/cmsis_gcc.h **** #endif
 184:Drivers/CMSIS/Include/cmsis_gcc.h **** 
 185:Drivers/CMSIS/Include/cmsis_gcc.h **** /* ###########################  Core Function Access  ########################### */
 186:Drivers/CMSIS/Include/cmsis_gcc.h **** /** \ingroup  CMSIS_Core_FunctionInterface
 187:Drivers/CMSIS/Include/cmsis_gcc.h ****     \defgroup CMSIS_Core_RegAccFunctions CMSIS Core Register Access Functions
 188:Drivers/CMSIS/Include/cmsis_gcc.h ****   @{
 189:Drivers/CMSIS/Include/cmsis_gcc.h ****  */
 190:Drivers/CMSIS/Include/cmsis_gcc.h **** 
 191:Drivers/CMSIS/Include/cmsis_gcc.h **** /**
 192:Drivers/CMSIS/Include/cmsis_gcc.h ****   \brief   Enable IRQ Interrupts
 193:Drivers/CMSIS/Include/cmsis_gcc.h ****   \details Enables IRQ interrupts by clearing the I-bit in the CPSR.
 194:Drivers/CMSIS/Include/cmsis_gcc.h ****            Can only be executed in Privileged modes.
ARM GAS  C:\Users\adisa\AppData\Local\Temp\ccJAKY7c.s 			page 39


 195:Drivers/CMSIS/Include/cmsis_gcc.h ****  */
 196:Drivers/CMSIS/Include/cmsis_gcc.h **** __STATIC_FORCEINLINE void __enable_irq(void)
 197:Drivers/CMSIS/Include/cmsis_gcc.h **** {
 198:Drivers/CMSIS/Include/cmsis_gcc.h ****   __ASM volatile ("cpsie i" : : : "memory");
 199:Drivers/CMSIS/Include/cmsis_gcc.h **** }
 200:Drivers/CMSIS/Include/cmsis_gcc.h **** 
 201:Drivers/CMSIS/Include/cmsis_gcc.h **** 
 202:Drivers/CMSIS/Include/cmsis_gcc.h **** /**
 203:Drivers/CMSIS/Include/cmsis_gcc.h ****   \brief   Disable IRQ Interrupts
 204:Drivers/CMSIS/Include/cmsis_gcc.h ****   \details Disables IRQ interrupts by setting the I-bit in the CPSR.
 205:Drivers/CMSIS/Include/cmsis_gcc.h ****            Can only be executed in Privileged modes.
 206:Drivers/CMSIS/Include/cmsis_gcc.h ****  */
 207:Drivers/CMSIS/Include/cmsis_gcc.h **** __STATIC_FORCEINLINE void __disable_irq(void)
 208:Drivers/CMSIS/Include/cmsis_gcc.h **** {
 209:Drivers/CMSIS/Include/cmsis_gcc.h ****   __ASM volatile ("cpsid i" : : : "memory");
 210:Drivers/CMSIS/Include/cmsis_gcc.h **** }
 211:Drivers/CMSIS/Include/cmsis_gcc.h **** 
 212:Drivers/CMSIS/Include/cmsis_gcc.h **** 
 213:Drivers/CMSIS/Include/cmsis_gcc.h **** /**
 214:Drivers/CMSIS/Include/cmsis_gcc.h ****   \brief   Get Control Register
 215:Drivers/CMSIS/Include/cmsis_gcc.h ****   \details Returns the content of the Control Register.
 216:Drivers/CMSIS/Include/cmsis_gcc.h ****   \return               Control Register value
 217:Drivers/CMSIS/Include/cmsis_gcc.h ****  */
 218:Drivers/CMSIS/Include/cmsis_gcc.h **** __STATIC_FORCEINLINE uint32_t __get_CONTROL(void)
 219:Drivers/CMSIS/Include/cmsis_gcc.h **** {
 220:Drivers/CMSIS/Include/cmsis_gcc.h ****   uint32_t result;
 221:Drivers/CMSIS/Include/cmsis_gcc.h **** 
 222:Drivers/CMSIS/Include/cmsis_gcc.h ****   __ASM volatile ("MRS %0, control" : "=r" (result) );
 223:Drivers/CMSIS/Include/cmsis_gcc.h ****   return(result);
 224:Drivers/CMSIS/Include/cmsis_gcc.h **** }
 225:Drivers/CMSIS/Include/cmsis_gcc.h **** 
 226:Drivers/CMSIS/Include/cmsis_gcc.h **** 
 227:Drivers/CMSIS/Include/cmsis_gcc.h **** #if (defined (__ARM_FEATURE_CMSE ) && (__ARM_FEATURE_CMSE == 3))
 228:Drivers/CMSIS/Include/cmsis_gcc.h **** /**
 229:Drivers/CMSIS/Include/cmsis_gcc.h ****   \brief   Get Control Register (non-secure)
 230:Drivers/CMSIS/Include/cmsis_gcc.h ****   \details Returns the content of the non-secure Control Register when in secure mode.
 231:Drivers/CMSIS/Include/cmsis_gcc.h ****   \return               non-secure Control Register value
 232:Drivers/CMSIS/Include/cmsis_gcc.h ****  */
 233:Drivers/CMSIS/Include/cmsis_gcc.h **** __STATIC_FORCEINLINE uint32_t __TZ_get_CONTROL_NS(void)
 234:Drivers/CMSIS/Include/cmsis_gcc.h **** {
 235:Drivers/CMSIS/Include/cmsis_gcc.h ****   uint32_t result;
 236:Drivers/CMSIS/Include/cmsis_gcc.h **** 
 237:Drivers/CMSIS/Include/cmsis_gcc.h ****   __ASM volatile ("MRS %0, control_ns" : "=r" (result) );
 238:Drivers/CMSIS/Include/cmsis_gcc.h ****   return(result);
 239:Drivers/CMSIS/Include/cmsis_gcc.h **** }
 240:Drivers/CMSIS/Include/cmsis_gcc.h **** #endif
 241:Drivers/CMSIS/Include/cmsis_gcc.h **** 
 242:Drivers/CMSIS/Include/cmsis_gcc.h **** 
 243:Drivers/CMSIS/Include/cmsis_gcc.h **** /**
 244:Drivers/CMSIS/Include/cmsis_gcc.h ****   \brief   Set Control Register
 245:Drivers/CMSIS/Include/cmsis_gcc.h ****   \details Writes the given value to the Control Register.
 246:Drivers/CMSIS/Include/cmsis_gcc.h ****   \param [in]    control  Control Register value to set
 247:Drivers/CMSIS/Include/cmsis_gcc.h ****  */
 248:Drivers/CMSIS/Include/cmsis_gcc.h **** __STATIC_FORCEINLINE void __set_CONTROL(uint32_t control)
 249:Drivers/CMSIS/Include/cmsis_gcc.h **** {
 250:Drivers/CMSIS/Include/cmsis_gcc.h ****   __ASM volatile ("MSR control, %0" : : "r" (control) : "memory");
 251:Drivers/CMSIS/Include/cmsis_gcc.h **** }
ARM GAS  C:\Users\adisa\AppData\Local\Temp\ccJAKY7c.s 			page 40


 252:Drivers/CMSIS/Include/cmsis_gcc.h **** 
 253:Drivers/CMSIS/Include/cmsis_gcc.h **** 
 254:Drivers/CMSIS/Include/cmsis_gcc.h **** #if (defined (__ARM_FEATURE_CMSE ) && (__ARM_FEATURE_CMSE == 3))
 255:Drivers/CMSIS/Include/cmsis_gcc.h **** /**
 256:Drivers/CMSIS/Include/cmsis_gcc.h ****   \brief   Set Control Register (non-secure)
 257:Drivers/CMSIS/Include/cmsis_gcc.h ****   \details Writes the given value to the non-secure Control Register when in secure state.
 258:Drivers/CMSIS/Include/cmsis_gcc.h ****   \param [in]    control  Control Register value to set
 259:Drivers/CMSIS/Include/cmsis_gcc.h ****  */
 260:Drivers/CMSIS/Include/cmsis_gcc.h **** __STATIC_FORCEINLINE void __TZ_set_CONTROL_NS(uint32_t control)
 261:Drivers/CMSIS/Include/cmsis_gcc.h **** {
 262:Drivers/CMSIS/Include/cmsis_gcc.h ****   __ASM volatile ("MSR control_ns, %0" : : "r" (control) : "memory");
 263:Drivers/CMSIS/Include/cmsis_gcc.h **** }
 264:Drivers/CMSIS/Include/cmsis_gcc.h **** #endif
 265:Drivers/CMSIS/Include/cmsis_gcc.h **** 
 266:Drivers/CMSIS/Include/cmsis_gcc.h **** 
 267:Drivers/CMSIS/Include/cmsis_gcc.h **** /**
 268:Drivers/CMSIS/Include/cmsis_gcc.h ****   \brief   Get IPSR Register
 269:Drivers/CMSIS/Include/cmsis_gcc.h ****   \details Returns the content of the IPSR Register.
 270:Drivers/CMSIS/Include/cmsis_gcc.h ****   \return               IPSR Register value
 271:Drivers/CMSIS/Include/cmsis_gcc.h ****  */
 272:Drivers/CMSIS/Include/cmsis_gcc.h **** __STATIC_FORCEINLINE uint32_t __get_IPSR(void)
 273:Drivers/CMSIS/Include/cmsis_gcc.h **** {
 274:Drivers/CMSIS/Include/cmsis_gcc.h ****   uint32_t result;
 275:Drivers/CMSIS/Include/cmsis_gcc.h **** 
 276:Drivers/CMSIS/Include/cmsis_gcc.h ****   __ASM volatile ("MRS %0, ipsr" : "=r" (result) );
 277:Drivers/CMSIS/Include/cmsis_gcc.h ****   return(result);
 278:Drivers/CMSIS/Include/cmsis_gcc.h **** }
 279:Drivers/CMSIS/Include/cmsis_gcc.h **** 
 280:Drivers/CMSIS/Include/cmsis_gcc.h **** 
 281:Drivers/CMSIS/Include/cmsis_gcc.h **** /**
 282:Drivers/CMSIS/Include/cmsis_gcc.h ****   \brief   Get APSR Register
 283:Drivers/CMSIS/Include/cmsis_gcc.h ****   \details Returns the content of the APSR Register.
 284:Drivers/CMSIS/Include/cmsis_gcc.h ****   \return               APSR Register value
 285:Drivers/CMSIS/Include/cmsis_gcc.h ****  */
 286:Drivers/CMSIS/Include/cmsis_gcc.h **** __STATIC_FORCEINLINE uint32_t __get_APSR(void)
 287:Drivers/CMSIS/Include/cmsis_gcc.h **** {
 288:Drivers/CMSIS/Include/cmsis_gcc.h ****   uint32_t result;
 289:Drivers/CMSIS/Include/cmsis_gcc.h **** 
 290:Drivers/CMSIS/Include/cmsis_gcc.h ****   __ASM volatile ("MRS %0, apsr" : "=r" (result) );
 291:Drivers/CMSIS/Include/cmsis_gcc.h ****   return(result);
 292:Drivers/CMSIS/Include/cmsis_gcc.h **** }
 293:Drivers/CMSIS/Include/cmsis_gcc.h **** 
 294:Drivers/CMSIS/Include/cmsis_gcc.h **** 
 295:Drivers/CMSIS/Include/cmsis_gcc.h **** /**
 296:Drivers/CMSIS/Include/cmsis_gcc.h ****   \brief   Get xPSR Register
 297:Drivers/CMSIS/Include/cmsis_gcc.h ****   \details Returns the content of the xPSR Register.
 298:Drivers/CMSIS/Include/cmsis_gcc.h ****   \return               xPSR Register value
 299:Drivers/CMSIS/Include/cmsis_gcc.h ****  */
 300:Drivers/CMSIS/Include/cmsis_gcc.h **** __STATIC_FORCEINLINE uint32_t __get_xPSR(void)
 301:Drivers/CMSIS/Include/cmsis_gcc.h **** {
 302:Drivers/CMSIS/Include/cmsis_gcc.h ****   uint32_t result;
 303:Drivers/CMSIS/Include/cmsis_gcc.h **** 
 304:Drivers/CMSIS/Include/cmsis_gcc.h ****   __ASM volatile ("MRS %0, xpsr" : "=r" (result) );
 305:Drivers/CMSIS/Include/cmsis_gcc.h ****   return(result);
 306:Drivers/CMSIS/Include/cmsis_gcc.h **** }
 307:Drivers/CMSIS/Include/cmsis_gcc.h **** 
 308:Drivers/CMSIS/Include/cmsis_gcc.h **** 
ARM GAS  C:\Users\adisa\AppData\Local\Temp\ccJAKY7c.s 			page 41


 309:Drivers/CMSIS/Include/cmsis_gcc.h **** /**
 310:Drivers/CMSIS/Include/cmsis_gcc.h ****   \brief   Get Process Stack Pointer
 311:Drivers/CMSIS/Include/cmsis_gcc.h ****   \details Returns the current value of the Process Stack Pointer (PSP).
 312:Drivers/CMSIS/Include/cmsis_gcc.h ****   \return               PSP Register value
 313:Drivers/CMSIS/Include/cmsis_gcc.h ****  */
 314:Drivers/CMSIS/Include/cmsis_gcc.h **** __STATIC_FORCEINLINE uint32_t __get_PSP(void)
 315:Drivers/CMSIS/Include/cmsis_gcc.h **** {
 316:Drivers/CMSIS/Include/cmsis_gcc.h ****   uint32_t result;
 317:Drivers/CMSIS/Include/cmsis_gcc.h **** 
 318:Drivers/CMSIS/Include/cmsis_gcc.h ****   __ASM volatile ("MRS %0, psp"  : "=r" (result) );
 319:Drivers/CMSIS/Include/cmsis_gcc.h ****   return(result);
 320:Drivers/CMSIS/Include/cmsis_gcc.h **** }
 321:Drivers/CMSIS/Include/cmsis_gcc.h **** 
 322:Drivers/CMSIS/Include/cmsis_gcc.h **** 
 323:Drivers/CMSIS/Include/cmsis_gcc.h **** #if (defined (__ARM_FEATURE_CMSE ) && (__ARM_FEATURE_CMSE == 3))
 324:Drivers/CMSIS/Include/cmsis_gcc.h **** /**
 325:Drivers/CMSIS/Include/cmsis_gcc.h ****   \brief   Get Process Stack Pointer (non-secure)
 326:Drivers/CMSIS/Include/cmsis_gcc.h ****   \details Returns the current value of the non-secure Process Stack Pointer (PSP) when in secure s
 327:Drivers/CMSIS/Include/cmsis_gcc.h ****   \return               PSP Register value
 328:Drivers/CMSIS/Include/cmsis_gcc.h ****  */
 329:Drivers/CMSIS/Include/cmsis_gcc.h **** __STATIC_FORCEINLINE uint32_t __TZ_get_PSP_NS(void)
 330:Drivers/CMSIS/Include/cmsis_gcc.h **** {
 331:Drivers/CMSIS/Include/cmsis_gcc.h ****   uint32_t result;
 332:Drivers/CMSIS/Include/cmsis_gcc.h **** 
 333:Drivers/CMSIS/Include/cmsis_gcc.h ****   __ASM volatile ("MRS %0, psp_ns"  : "=r" (result) );
 334:Drivers/CMSIS/Include/cmsis_gcc.h ****   return(result);
 335:Drivers/CMSIS/Include/cmsis_gcc.h **** }
 336:Drivers/CMSIS/Include/cmsis_gcc.h **** #endif
 337:Drivers/CMSIS/Include/cmsis_gcc.h **** 
 338:Drivers/CMSIS/Include/cmsis_gcc.h **** 
 339:Drivers/CMSIS/Include/cmsis_gcc.h **** /**
 340:Drivers/CMSIS/Include/cmsis_gcc.h ****   \brief   Set Process Stack Pointer
 341:Drivers/CMSIS/Include/cmsis_gcc.h ****   \details Assigns the given value to the Process Stack Pointer (PSP).
 342:Drivers/CMSIS/Include/cmsis_gcc.h ****   \param [in]    topOfProcStack  Process Stack Pointer value to set
 343:Drivers/CMSIS/Include/cmsis_gcc.h ****  */
 344:Drivers/CMSIS/Include/cmsis_gcc.h **** __STATIC_FORCEINLINE void __set_PSP(uint32_t topOfProcStack)
 345:Drivers/CMSIS/Include/cmsis_gcc.h **** {
 346:Drivers/CMSIS/Include/cmsis_gcc.h ****   __ASM volatile ("MSR psp, %0" : : "r" (topOfProcStack) : );
 347:Drivers/CMSIS/Include/cmsis_gcc.h **** }
 348:Drivers/CMSIS/Include/cmsis_gcc.h **** 
 349:Drivers/CMSIS/Include/cmsis_gcc.h **** 
 350:Drivers/CMSIS/Include/cmsis_gcc.h **** #if (defined (__ARM_FEATURE_CMSE ) && (__ARM_FEATURE_CMSE == 3))
 351:Drivers/CMSIS/Include/cmsis_gcc.h **** /**
 352:Drivers/CMSIS/Include/cmsis_gcc.h ****   \brief   Set Process Stack Pointer (non-secure)
 353:Drivers/CMSIS/Include/cmsis_gcc.h ****   \details Assigns the given value to the non-secure Process Stack Pointer (PSP) when in secure sta
 354:Drivers/CMSIS/Include/cmsis_gcc.h ****   \param [in]    topOfProcStack  Process Stack Pointer value to set
 355:Drivers/CMSIS/Include/cmsis_gcc.h ****  */
 356:Drivers/CMSIS/Include/cmsis_gcc.h **** __STATIC_FORCEINLINE void __TZ_set_PSP_NS(uint32_t topOfProcStack)
 357:Drivers/CMSIS/Include/cmsis_gcc.h **** {
 358:Drivers/CMSIS/Include/cmsis_gcc.h ****   __ASM volatile ("MSR psp_ns, %0" : : "r" (topOfProcStack) : );
 359:Drivers/CMSIS/Include/cmsis_gcc.h **** }
 360:Drivers/CMSIS/Include/cmsis_gcc.h **** #endif
 361:Drivers/CMSIS/Include/cmsis_gcc.h **** 
 362:Drivers/CMSIS/Include/cmsis_gcc.h **** 
 363:Drivers/CMSIS/Include/cmsis_gcc.h **** /**
 364:Drivers/CMSIS/Include/cmsis_gcc.h ****   \brief   Get Main Stack Pointer
 365:Drivers/CMSIS/Include/cmsis_gcc.h ****   \details Returns the current value of the Main Stack Pointer (MSP).
ARM GAS  C:\Users\adisa\AppData\Local\Temp\ccJAKY7c.s 			page 42


 366:Drivers/CMSIS/Include/cmsis_gcc.h ****   \return               MSP Register value
 367:Drivers/CMSIS/Include/cmsis_gcc.h ****  */
 368:Drivers/CMSIS/Include/cmsis_gcc.h **** __STATIC_FORCEINLINE uint32_t __get_MSP(void)
 369:Drivers/CMSIS/Include/cmsis_gcc.h **** {
 370:Drivers/CMSIS/Include/cmsis_gcc.h ****   uint32_t result;
 371:Drivers/CMSIS/Include/cmsis_gcc.h **** 
 372:Drivers/CMSIS/Include/cmsis_gcc.h ****   __ASM volatile ("MRS %0, msp" : "=r" (result) );
 373:Drivers/CMSIS/Include/cmsis_gcc.h ****   return(result);
 374:Drivers/CMSIS/Include/cmsis_gcc.h **** }
 375:Drivers/CMSIS/Include/cmsis_gcc.h **** 
 376:Drivers/CMSIS/Include/cmsis_gcc.h **** 
 377:Drivers/CMSIS/Include/cmsis_gcc.h **** #if (defined (__ARM_FEATURE_CMSE ) && (__ARM_FEATURE_CMSE == 3))
 378:Drivers/CMSIS/Include/cmsis_gcc.h **** /**
 379:Drivers/CMSIS/Include/cmsis_gcc.h ****   \brief   Get Main Stack Pointer (non-secure)
 380:Drivers/CMSIS/Include/cmsis_gcc.h ****   \details Returns the current value of the non-secure Main Stack Pointer (MSP) when in secure stat
 381:Drivers/CMSIS/Include/cmsis_gcc.h ****   \return               MSP Register value
 382:Drivers/CMSIS/Include/cmsis_gcc.h ****  */
 383:Drivers/CMSIS/Include/cmsis_gcc.h **** __STATIC_FORCEINLINE uint32_t __TZ_get_MSP_NS(void)
 384:Drivers/CMSIS/Include/cmsis_gcc.h **** {
 385:Drivers/CMSIS/Include/cmsis_gcc.h ****   uint32_t result;
 386:Drivers/CMSIS/Include/cmsis_gcc.h **** 
 387:Drivers/CMSIS/Include/cmsis_gcc.h ****   __ASM volatile ("MRS %0, msp_ns" : "=r" (result) );
 388:Drivers/CMSIS/Include/cmsis_gcc.h ****   return(result);
 389:Drivers/CMSIS/Include/cmsis_gcc.h **** }
 390:Drivers/CMSIS/Include/cmsis_gcc.h **** #endif
 391:Drivers/CMSIS/Include/cmsis_gcc.h **** 
 392:Drivers/CMSIS/Include/cmsis_gcc.h **** 
 393:Drivers/CMSIS/Include/cmsis_gcc.h **** /**
 394:Drivers/CMSIS/Include/cmsis_gcc.h ****   \brief   Set Main Stack Pointer
 395:Drivers/CMSIS/Include/cmsis_gcc.h ****   \details Assigns the given value to the Main Stack Pointer (MSP).
 396:Drivers/CMSIS/Include/cmsis_gcc.h ****   \param [in]    topOfMainStack  Main Stack Pointer value to set
 397:Drivers/CMSIS/Include/cmsis_gcc.h ****  */
 398:Drivers/CMSIS/Include/cmsis_gcc.h **** __STATIC_FORCEINLINE void __set_MSP(uint32_t topOfMainStack)
 399:Drivers/CMSIS/Include/cmsis_gcc.h **** {
 400:Drivers/CMSIS/Include/cmsis_gcc.h ****   __ASM volatile ("MSR msp, %0" : : "r" (topOfMainStack) : );
 401:Drivers/CMSIS/Include/cmsis_gcc.h **** }
 402:Drivers/CMSIS/Include/cmsis_gcc.h **** 
 403:Drivers/CMSIS/Include/cmsis_gcc.h **** 
 404:Drivers/CMSIS/Include/cmsis_gcc.h **** #if (defined (__ARM_FEATURE_CMSE ) && (__ARM_FEATURE_CMSE == 3))
 405:Drivers/CMSIS/Include/cmsis_gcc.h **** /**
 406:Drivers/CMSIS/Include/cmsis_gcc.h ****   \brief   Set Main Stack Pointer (non-secure)
 407:Drivers/CMSIS/Include/cmsis_gcc.h ****   \details Assigns the given value to the non-secure Main Stack Pointer (MSP) when in secure state.
 408:Drivers/CMSIS/Include/cmsis_gcc.h ****   \param [in]    topOfMainStack  Main Stack Pointer value to set
 409:Drivers/CMSIS/Include/cmsis_gcc.h ****  */
 410:Drivers/CMSIS/Include/cmsis_gcc.h **** __STATIC_FORCEINLINE void __TZ_set_MSP_NS(uint32_t topOfMainStack)
 411:Drivers/CMSIS/Include/cmsis_gcc.h **** {
 412:Drivers/CMSIS/Include/cmsis_gcc.h ****   __ASM volatile ("MSR msp_ns, %0" : : "r" (topOfMainStack) : );
 413:Drivers/CMSIS/Include/cmsis_gcc.h **** }
 414:Drivers/CMSIS/Include/cmsis_gcc.h **** #endif
 415:Drivers/CMSIS/Include/cmsis_gcc.h **** 
 416:Drivers/CMSIS/Include/cmsis_gcc.h **** 
 417:Drivers/CMSIS/Include/cmsis_gcc.h **** #if (defined (__ARM_FEATURE_CMSE ) && (__ARM_FEATURE_CMSE == 3))
 418:Drivers/CMSIS/Include/cmsis_gcc.h **** /**
 419:Drivers/CMSIS/Include/cmsis_gcc.h ****   \brief   Get Stack Pointer (non-secure)
 420:Drivers/CMSIS/Include/cmsis_gcc.h ****   \details Returns the current value of the non-secure Stack Pointer (SP) when in secure state.
 421:Drivers/CMSIS/Include/cmsis_gcc.h ****   \return               SP Register value
 422:Drivers/CMSIS/Include/cmsis_gcc.h ****  */
ARM GAS  C:\Users\adisa\AppData\Local\Temp\ccJAKY7c.s 			page 43


 423:Drivers/CMSIS/Include/cmsis_gcc.h **** __STATIC_FORCEINLINE uint32_t __TZ_get_SP_NS(void)
 424:Drivers/CMSIS/Include/cmsis_gcc.h **** {
 425:Drivers/CMSIS/Include/cmsis_gcc.h ****   uint32_t result;
 426:Drivers/CMSIS/Include/cmsis_gcc.h **** 
 427:Drivers/CMSIS/Include/cmsis_gcc.h ****   __ASM volatile ("MRS %0, sp_ns" : "=r" (result) );
 428:Drivers/CMSIS/Include/cmsis_gcc.h ****   return(result);
 429:Drivers/CMSIS/Include/cmsis_gcc.h **** }
 430:Drivers/CMSIS/Include/cmsis_gcc.h **** 
 431:Drivers/CMSIS/Include/cmsis_gcc.h **** 
 432:Drivers/CMSIS/Include/cmsis_gcc.h **** /**
 433:Drivers/CMSIS/Include/cmsis_gcc.h ****   \brief   Set Stack Pointer (non-secure)
 434:Drivers/CMSIS/Include/cmsis_gcc.h ****   \details Assigns the given value to the non-secure Stack Pointer (SP) when in secure state.
 435:Drivers/CMSIS/Include/cmsis_gcc.h ****   \param [in]    topOfStack  Stack Pointer value to set
 436:Drivers/CMSIS/Include/cmsis_gcc.h ****  */
 437:Drivers/CMSIS/Include/cmsis_gcc.h **** __STATIC_FORCEINLINE void __TZ_set_SP_NS(uint32_t topOfStack)
 438:Drivers/CMSIS/Include/cmsis_gcc.h **** {
 439:Drivers/CMSIS/Include/cmsis_gcc.h ****   __ASM volatile ("MSR sp_ns, %0" : : "r" (topOfStack) : );
 440:Drivers/CMSIS/Include/cmsis_gcc.h **** }
 441:Drivers/CMSIS/Include/cmsis_gcc.h **** #endif
 442:Drivers/CMSIS/Include/cmsis_gcc.h **** 
 443:Drivers/CMSIS/Include/cmsis_gcc.h **** 
 444:Drivers/CMSIS/Include/cmsis_gcc.h **** /**
 445:Drivers/CMSIS/Include/cmsis_gcc.h ****   \brief   Get Priority Mask
 446:Drivers/CMSIS/Include/cmsis_gcc.h ****   \details Returns the current state of the priority mask bit from the Priority Mask Register.
 447:Drivers/CMSIS/Include/cmsis_gcc.h ****   \return               Priority Mask value
 448:Drivers/CMSIS/Include/cmsis_gcc.h ****  */
 449:Drivers/CMSIS/Include/cmsis_gcc.h **** __STATIC_FORCEINLINE uint32_t __get_PRIMASK(void)
 450:Drivers/CMSIS/Include/cmsis_gcc.h **** {
 451:Drivers/CMSIS/Include/cmsis_gcc.h ****   uint32_t result;
 452:Drivers/CMSIS/Include/cmsis_gcc.h **** 
 453:Drivers/CMSIS/Include/cmsis_gcc.h ****   __ASM volatile ("MRS %0, primask" : "=r" (result) :: "memory");
 454:Drivers/CMSIS/Include/cmsis_gcc.h ****   return(result);
 455:Drivers/CMSIS/Include/cmsis_gcc.h **** }
 456:Drivers/CMSIS/Include/cmsis_gcc.h **** 
 457:Drivers/CMSIS/Include/cmsis_gcc.h **** 
 458:Drivers/CMSIS/Include/cmsis_gcc.h **** #if (defined (__ARM_FEATURE_CMSE ) && (__ARM_FEATURE_CMSE == 3))
 459:Drivers/CMSIS/Include/cmsis_gcc.h **** /**
 460:Drivers/CMSIS/Include/cmsis_gcc.h ****   \brief   Get Priority Mask (non-secure)
 461:Drivers/CMSIS/Include/cmsis_gcc.h ****   \details Returns the current state of the non-secure priority mask bit from the Priority Mask Reg
 462:Drivers/CMSIS/Include/cmsis_gcc.h ****   \return               Priority Mask value
 463:Drivers/CMSIS/Include/cmsis_gcc.h ****  */
 464:Drivers/CMSIS/Include/cmsis_gcc.h **** __STATIC_FORCEINLINE uint32_t __TZ_get_PRIMASK_NS(void)
 465:Drivers/CMSIS/Include/cmsis_gcc.h **** {
 466:Drivers/CMSIS/Include/cmsis_gcc.h ****   uint32_t result;
 467:Drivers/CMSIS/Include/cmsis_gcc.h **** 
 468:Drivers/CMSIS/Include/cmsis_gcc.h ****   __ASM volatile ("MRS %0, primask_ns" : "=r" (result) :: "memory");
 469:Drivers/CMSIS/Include/cmsis_gcc.h ****   return(result);
 470:Drivers/CMSIS/Include/cmsis_gcc.h **** }
 471:Drivers/CMSIS/Include/cmsis_gcc.h **** #endif
 472:Drivers/CMSIS/Include/cmsis_gcc.h **** 
 473:Drivers/CMSIS/Include/cmsis_gcc.h **** 
 474:Drivers/CMSIS/Include/cmsis_gcc.h **** /**
 475:Drivers/CMSIS/Include/cmsis_gcc.h ****   \brief   Set Priority Mask
 476:Drivers/CMSIS/Include/cmsis_gcc.h ****   \details Assigns the given value to the Priority Mask Register.
 477:Drivers/CMSIS/Include/cmsis_gcc.h ****   \param [in]    priMask  Priority Mask
 478:Drivers/CMSIS/Include/cmsis_gcc.h ****  */
 479:Drivers/CMSIS/Include/cmsis_gcc.h **** __STATIC_FORCEINLINE void __set_PRIMASK(uint32_t priMask)
ARM GAS  C:\Users\adisa\AppData\Local\Temp\ccJAKY7c.s 			page 44


 480:Drivers/CMSIS/Include/cmsis_gcc.h **** {
 481:Drivers/CMSIS/Include/cmsis_gcc.h ****   __ASM volatile ("MSR primask, %0" : : "r" (priMask) : "memory");
 482:Drivers/CMSIS/Include/cmsis_gcc.h **** }
 483:Drivers/CMSIS/Include/cmsis_gcc.h **** 
 484:Drivers/CMSIS/Include/cmsis_gcc.h **** 
 485:Drivers/CMSIS/Include/cmsis_gcc.h **** #if (defined (__ARM_FEATURE_CMSE ) && (__ARM_FEATURE_CMSE == 3))
 486:Drivers/CMSIS/Include/cmsis_gcc.h **** /**
 487:Drivers/CMSIS/Include/cmsis_gcc.h ****   \brief   Set Priority Mask (non-secure)
 488:Drivers/CMSIS/Include/cmsis_gcc.h ****   \details Assigns the given value to the non-secure Priority Mask Register when in secure state.
 489:Drivers/CMSIS/Include/cmsis_gcc.h ****   \param [in]    priMask  Priority Mask
 490:Drivers/CMSIS/Include/cmsis_gcc.h ****  */
 491:Drivers/CMSIS/Include/cmsis_gcc.h **** __STATIC_FORCEINLINE void __TZ_set_PRIMASK_NS(uint32_t priMask)
 492:Drivers/CMSIS/Include/cmsis_gcc.h **** {
 493:Drivers/CMSIS/Include/cmsis_gcc.h ****   __ASM volatile ("MSR primask_ns, %0" : : "r" (priMask) : "memory");
 494:Drivers/CMSIS/Include/cmsis_gcc.h **** }
 495:Drivers/CMSIS/Include/cmsis_gcc.h **** #endif
 496:Drivers/CMSIS/Include/cmsis_gcc.h **** 
 497:Drivers/CMSIS/Include/cmsis_gcc.h **** 
 498:Drivers/CMSIS/Include/cmsis_gcc.h **** #if ((defined (__ARM_ARCH_7M__      ) && (__ARM_ARCH_7M__      == 1)) || \
 499:Drivers/CMSIS/Include/cmsis_gcc.h ****      (defined (__ARM_ARCH_7EM__     ) && (__ARM_ARCH_7EM__     == 1)) || \
 500:Drivers/CMSIS/Include/cmsis_gcc.h ****      (defined (__ARM_ARCH_8M_MAIN__ ) && (__ARM_ARCH_8M_MAIN__ == 1))    )
 501:Drivers/CMSIS/Include/cmsis_gcc.h **** /**
 502:Drivers/CMSIS/Include/cmsis_gcc.h ****   \brief   Enable FIQ
 503:Drivers/CMSIS/Include/cmsis_gcc.h ****   \details Enables FIQ interrupts by clearing the F-bit in the CPSR.
 504:Drivers/CMSIS/Include/cmsis_gcc.h ****            Can only be executed in Privileged modes.
 505:Drivers/CMSIS/Include/cmsis_gcc.h ****  */
 506:Drivers/CMSIS/Include/cmsis_gcc.h **** __STATIC_FORCEINLINE void __enable_fault_irq(void)
 507:Drivers/CMSIS/Include/cmsis_gcc.h **** {
 508:Drivers/CMSIS/Include/cmsis_gcc.h ****   __ASM volatile ("cpsie f" : : : "memory");
 509:Drivers/CMSIS/Include/cmsis_gcc.h **** }
 510:Drivers/CMSIS/Include/cmsis_gcc.h **** 
 511:Drivers/CMSIS/Include/cmsis_gcc.h **** 
 512:Drivers/CMSIS/Include/cmsis_gcc.h **** /**
 513:Drivers/CMSIS/Include/cmsis_gcc.h ****   \brief   Disable FIQ
 514:Drivers/CMSIS/Include/cmsis_gcc.h ****   \details Disables FIQ interrupts by setting the F-bit in the CPSR.
 515:Drivers/CMSIS/Include/cmsis_gcc.h ****            Can only be executed in Privileged modes.
 516:Drivers/CMSIS/Include/cmsis_gcc.h ****  */
 517:Drivers/CMSIS/Include/cmsis_gcc.h **** __STATIC_FORCEINLINE void __disable_fault_irq(void)
 518:Drivers/CMSIS/Include/cmsis_gcc.h **** {
 519:Drivers/CMSIS/Include/cmsis_gcc.h ****   __ASM volatile ("cpsid f" : : : "memory");
 520:Drivers/CMSIS/Include/cmsis_gcc.h **** }
 521:Drivers/CMSIS/Include/cmsis_gcc.h **** 
 522:Drivers/CMSIS/Include/cmsis_gcc.h **** 
 523:Drivers/CMSIS/Include/cmsis_gcc.h **** /**
 524:Drivers/CMSIS/Include/cmsis_gcc.h ****   \brief   Get Base Priority
 525:Drivers/CMSIS/Include/cmsis_gcc.h ****   \details Returns the current value of the Base Priority register.
 526:Drivers/CMSIS/Include/cmsis_gcc.h ****   \return               Base Priority register value
 527:Drivers/CMSIS/Include/cmsis_gcc.h ****  */
 528:Drivers/CMSIS/Include/cmsis_gcc.h **** __STATIC_FORCEINLINE uint32_t __get_BASEPRI(void)
 529:Drivers/CMSIS/Include/cmsis_gcc.h **** {
 530:Drivers/CMSIS/Include/cmsis_gcc.h ****   uint32_t result;
 531:Drivers/CMSIS/Include/cmsis_gcc.h **** 
 532:Drivers/CMSIS/Include/cmsis_gcc.h ****   __ASM volatile ("MRS %0, basepri" : "=r" (result) );
 533:Drivers/CMSIS/Include/cmsis_gcc.h ****   return(result);
 534:Drivers/CMSIS/Include/cmsis_gcc.h **** }
 535:Drivers/CMSIS/Include/cmsis_gcc.h **** 
 536:Drivers/CMSIS/Include/cmsis_gcc.h **** 
ARM GAS  C:\Users\adisa\AppData\Local\Temp\ccJAKY7c.s 			page 45


 537:Drivers/CMSIS/Include/cmsis_gcc.h **** #if (defined (__ARM_FEATURE_CMSE ) && (__ARM_FEATURE_CMSE == 3))
 538:Drivers/CMSIS/Include/cmsis_gcc.h **** /**
 539:Drivers/CMSIS/Include/cmsis_gcc.h ****   \brief   Get Base Priority (non-secure)
 540:Drivers/CMSIS/Include/cmsis_gcc.h ****   \details Returns the current value of the non-secure Base Priority register when in secure state.
 541:Drivers/CMSIS/Include/cmsis_gcc.h ****   \return               Base Priority register value
 542:Drivers/CMSIS/Include/cmsis_gcc.h ****  */
 543:Drivers/CMSIS/Include/cmsis_gcc.h **** __STATIC_FORCEINLINE uint32_t __TZ_get_BASEPRI_NS(void)
 544:Drivers/CMSIS/Include/cmsis_gcc.h **** {
 545:Drivers/CMSIS/Include/cmsis_gcc.h ****   uint32_t result;
 546:Drivers/CMSIS/Include/cmsis_gcc.h **** 
 547:Drivers/CMSIS/Include/cmsis_gcc.h ****   __ASM volatile ("MRS %0, basepri_ns" : "=r" (result) );
 548:Drivers/CMSIS/Include/cmsis_gcc.h ****   return(result);
 549:Drivers/CMSIS/Include/cmsis_gcc.h **** }
 550:Drivers/CMSIS/Include/cmsis_gcc.h **** #endif
 551:Drivers/CMSIS/Include/cmsis_gcc.h **** 
 552:Drivers/CMSIS/Include/cmsis_gcc.h **** 
 553:Drivers/CMSIS/Include/cmsis_gcc.h **** /**
 554:Drivers/CMSIS/Include/cmsis_gcc.h ****   \brief   Set Base Priority
 555:Drivers/CMSIS/Include/cmsis_gcc.h ****   \details Assigns the given value to the Base Priority register.
 556:Drivers/CMSIS/Include/cmsis_gcc.h ****   \param [in]    basePri  Base Priority value to set
 557:Drivers/CMSIS/Include/cmsis_gcc.h ****  */
 558:Drivers/CMSIS/Include/cmsis_gcc.h **** __STATIC_FORCEINLINE void __set_BASEPRI(uint32_t basePri)
 559:Drivers/CMSIS/Include/cmsis_gcc.h **** {
 560:Drivers/CMSIS/Include/cmsis_gcc.h ****   __ASM volatile ("MSR basepri, %0" : : "r" (basePri) : "memory");
 561:Drivers/CMSIS/Include/cmsis_gcc.h **** }
 562:Drivers/CMSIS/Include/cmsis_gcc.h **** 
 563:Drivers/CMSIS/Include/cmsis_gcc.h **** 
 564:Drivers/CMSIS/Include/cmsis_gcc.h **** #if (defined (__ARM_FEATURE_CMSE ) && (__ARM_FEATURE_CMSE == 3))
 565:Drivers/CMSIS/Include/cmsis_gcc.h **** /**
 566:Drivers/CMSIS/Include/cmsis_gcc.h ****   \brief   Set Base Priority (non-secure)
 567:Drivers/CMSIS/Include/cmsis_gcc.h ****   \details Assigns the given value to the non-secure Base Priority register when in secure state.
 568:Drivers/CMSIS/Include/cmsis_gcc.h ****   \param [in]    basePri  Base Priority value to set
 569:Drivers/CMSIS/Include/cmsis_gcc.h ****  */
 570:Drivers/CMSIS/Include/cmsis_gcc.h **** __STATIC_FORCEINLINE void __TZ_set_BASEPRI_NS(uint32_t basePri)
 571:Drivers/CMSIS/Include/cmsis_gcc.h **** {
 572:Drivers/CMSIS/Include/cmsis_gcc.h ****   __ASM volatile ("MSR basepri_ns, %0" : : "r" (basePri) : "memory");
 573:Drivers/CMSIS/Include/cmsis_gcc.h **** }
 574:Drivers/CMSIS/Include/cmsis_gcc.h **** #endif
 575:Drivers/CMSIS/Include/cmsis_gcc.h **** 
 576:Drivers/CMSIS/Include/cmsis_gcc.h **** 
 577:Drivers/CMSIS/Include/cmsis_gcc.h **** /**
 578:Drivers/CMSIS/Include/cmsis_gcc.h ****   \brief   Set Base Priority with condition
 579:Drivers/CMSIS/Include/cmsis_gcc.h ****   \details Assigns the given value to the Base Priority register only if BASEPRI masking is disable
 580:Drivers/CMSIS/Include/cmsis_gcc.h ****            or the new value increases the BASEPRI priority level.
 581:Drivers/CMSIS/Include/cmsis_gcc.h ****   \param [in]    basePri  Base Priority value to set
 582:Drivers/CMSIS/Include/cmsis_gcc.h ****  */
 583:Drivers/CMSIS/Include/cmsis_gcc.h **** __STATIC_FORCEINLINE void __set_BASEPRI_MAX(uint32_t basePri)
 584:Drivers/CMSIS/Include/cmsis_gcc.h **** {
 585:Drivers/CMSIS/Include/cmsis_gcc.h ****   __ASM volatile ("MSR basepri_max, %0" : : "r" (basePri) : "memory");
 586:Drivers/CMSIS/Include/cmsis_gcc.h **** }
 587:Drivers/CMSIS/Include/cmsis_gcc.h **** 
 588:Drivers/CMSIS/Include/cmsis_gcc.h **** 
 589:Drivers/CMSIS/Include/cmsis_gcc.h **** /**
 590:Drivers/CMSIS/Include/cmsis_gcc.h ****   \brief   Get Fault Mask
 591:Drivers/CMSIS/Include/cmsis_gcc.h ****   \details Returns the current value of the Fault Mask register.
 592:Drivers/CMSIS/Include/cmsis_gcc.h ****   \return               Fault Mask register value
 593:Drivers/CMSIS/Include/cmsis_gcc.h ****  */
ARM GAS  C:\Users\adisa\AppData\Local\Temp\ccJAKY7c.s 			page 46


 594:Drivers/CMSIS/Include/cmsis_gcc.h **** __STATIC_FORCEINLINE uint32_t __get_FAULTMASK(void)
 595:Drivers/CMSIS/Include/cmsis_gcc.h **** {
 596:Drivers/CMSIS/Include/cmsis_gcc.h ****   uint32_t result;
 597:Drivers/CMSIS/Include/cmsis_gcc.h **** 
 598:Drivers/CMSIS/Include/cmsis_gcc.h ****   __ASM volatile ("MRS %0, faultmask" : "=r" (result) );
 599:Drivers/CMSIS/Include/cmsis_gcc.h ****   return(result);
 600:Drivers/CMSIS/Include/cmsis_gcc.h **** }
 601:Drivers/CMSIS/Include/cmsis_gcc.h **** 
 602:Drivers/CMSIS/Include/cmsis_gcc.h **** 
 603:Drivers/CMSIS/Include/cmsis_gcc.h **** #if (defined (__ARM_FEATURE_CMSE ) && (__ARM_FEATURE_CMSE == 3))
 604:Drivers/CMSIS/Include/cmsis_gcc.h **** /**
 605:Drivers/CMSIS/Include/cmsis_gcc.h ****   \brief   Get Fault Mask (non-secure)
 606:Drivers/CMSIS/Include/cmsis_gcc.h ****   \details Returns the current value of the non-secure Fault Mask register when in secure state.
 607:Drivers/CMSIS/Include/cmsis_gcc.h ****   \return               Fault Mask register value
 608:Drivers/CMSIS/Include/cmsis_gcc.h ****  */
 609:Drivers/CMSIS/Include/cmsis_gcc.h **** __STATIC_FORCEINLINE uint32_t __TZ_get_FAULTMASK_NS(void)
 610:Drivers/CMSIS/Include/cmsis_gcc.h **** {
 611:Drivers/CMSIS/Include/cmsis_gcc.h ****   uint32_t result;
 612:Drivers/CMSIS/Include/cmsis_gcc.h **** 
 613:Drivers/CMSIS/Include/cmsis_gcc.h ****   __ASM volatile ("MRS %0, faultmask_ns" : "=r" (result) );
 614:Drivers/CMSIS/Include/cmsis_gcc.h ****   return(result);
 615:Drivers/CMSIS/Include/cmsis_gcc.h **** }
 616:Drivers/CMSIS/Include/cmsis_gcc.h **** #endif
 617:Drivers/CMSIS/Include/cmsis_gcc.h **** 
 618:Drivers/CMSIS/Include/cmsis_gcc.h **** 
 619:Drivers/CMSIS/Include/cmsis_gcc.h **** /**
 620:Drivers/CMSIS/Include/cmsis_gcc.h ****   \brief   Set Fault Mask
 621:Drivers/CMSIS/Include/cmsis_gcc.h ****   \details Assigns the given value to the Fault Mask register.
 622:Drivers/CMSIS/Include/cmsis_gcc.h ****   \param [in]    faultMask  Fault Mask value to set
 623:Drivers/CMSIS/Include/cmsis_gcc.h ****  */
 624:Drivers/CMSIS/Include/cmsis_gcc.h **** __STATIC_FORCEINLINE void __set_FAULTMASK(uint32_t faultMask)
 625:Drivers/CMSIS/Include/cmsis_gcc.h **** {
 626:Drivers/CMSIS/Include/cmsis_gcc.h ****   __ASM volatile ("MSR faultmask, %0" : : "r" (faultMask) : "memory");
 627:Drivers/CMSIS/Include/cmsis_gcc.h **** }
 628:Drivers/CMSIS/Include/cmsis_gcc.h **** 
 629:Drivers/CMSIS/Include/cmsis_gcc.h **** 
 630:Drivers/CMSIS/Include/cmsis_gcc.h **** #if (defined (__ARM_FEATURE_CMSE ) && (__ARM_FEATURE_CMSE == 3))
 631:Drivers/CMSIS/Include/cmsis_gcc.h **** /**
 632:Drivers/CMSIS/Include/cmsis_gcc.h ****   \brief   Set Fault Mask (non-secure)
 633:Drivers/CMSIS/Include/cmsis_gcc.h ****   \details Assigns the given value to the non-secure Fault Mask register when in secure state.
 634:Drivers/CMSIS/Include/cmsis_gcc.h ****   \param [in]    faultMask  Fault Mask value to set
 635:Drivers/CMSIS/Include/cmsis_gcc.h ****  */
 636:Drivers/CMSIS/Include/cmsis_gcc.h **** __STATIC_FORCEINLINE void __TZ_set_FAULTMASK_NS(uint32_t faultMask)
 637:Drivers/CMSIS/Include/cmsis_gcc.h **** {
 638:Drivers/CMSIS/Include/cmsis_gcc.h ****   __ASM volatile ("MSR faultmask_ns, %0" : : "r" (faultMask) : "memory");
 639:Drivers/CMSIS/Include/cmsis_gcc.h **** }
 640:Drivers/CMSIS/Include/cmsis_gcc.h **** #endif
 641:Drivers/CMSIS/Include/cmsis_gcc.h **** 
 642:Drivers/CMSIS/Include/cmsis_gcc.h **** #endif /* ((defined (__ARM_ARCH_7M__      ) && (__ARM_ARCH_7M__      == 1)) || \
 643:Drivers/CMSIS/Include/cmsis_gcc.h ****            (defined (__ARM_ARCH_7EM__     ) && (__ARM_ARCH_7EM__     == 1)) || \
 644:Drivers/CMSIS/Include/cmsis_gcc.h ****            (defined (__ARM_ARCH_8M_MAIN__ ) && (__ARM_ARCH_8M_MAIN__ == 1))    ) */
 645:Drivers/CMSIS/Include/cmsis_gcc.h **** 
 646:Drivers/CMSIS/Include/cmsis_gcc.h **** 
 647:Drivers/CMSIS/Include/cmsis_gcc.h **** #if ((defined (__ARM_ARCH_8M_MAIN__ ) && (__ARM_ARCH_8M_MAIN__ == 1)) || \
 648:Drivers/CMSIS/Include/cmsis_gcc.h ****      (defined (__ARM_ARCH_8M_BASE__ ) && (__ARM_ARCH_8M_BASE__ == 1))    )
 649:Drivers/CMSIS/Include/cmsis_gcc.h **** 
 650:Drivers/CMSIS/Include/cmsis_gcc.h **** /**
ARM GAS  C:\Users\adisa\AppData\Local\Temp\ccJAKY7c.s 			page 47


 651:Drivers/CMSIS/Include/cmsis_gcc.h ****   \brief   Get Process Stack Pointer Limit
 652:Drivers/CMSIS/Include/cmsis_gcc.h ****   Devices without ARMv8-M Main Extensions (i.e. Cortex-M23) lack the non-secure
 653:Drivers/CMSIS/Include/cmsis_gcc.h ****   Stack Pointer Limit register hence zero is returned always in non-secure
 654:Drivers/CMSIS/Include/cmsis_gcc.h ****   mode.
 655:Drivers/CMSIS/Include/cmsis_gcc.h ****   
 656:Drivers/CMSIS/Include/cmsis_gcc.h ****   \details Returns the current value of the Process Stack Pointer Limit (PSPLIM).
 657:Drivers/CMSIS/Include/cmsis_gcc.h ****   \return               PSPLIM Register value
 658:Drivers/CMSIS/Include/cmsis_gcc.h ****  */
 659:Drivers/CMSIS/Include/cmsis_gcc.h **** __STATIC_FORCEINLINE uint32_t __get_PSPLIM(void)
 660:Drivers/CMSIS/Include/cmsis_gcc.h **** {
 661:Drivers/CMSIS/Include/cmsis_gcc.h **** #if (!(defined (__ARM_ARCH_8M_MAIN__ ) && (__ARM_ARCH_8M_MAIN__ == 1)) && \
 662:Drivers/CMSIS/Include/cmsis_gcc.h ****     (!defined (__ARM_FEATURE_CMSE) || (__ARM_FEATURE_CMSE < 3)))
 663:Drivers/CMSIS/Include/cmsis_gcc.h ****     // without main extensions, the non-secure PSPLIM is RAZ/WI
 664:Drivers/CMSIS/Include/cmsis_gcc.h ****   return 0U;
 665:Drivers/CMSIS/Include/cmsis_gcc.h **** #else
 666:Drivers/CMSIS/Include/cmsis_gcc.h ****   uint32_t result;
 667:Drivers/CMSIS/Include/cmsis_gcc.h ****   __ASM volatile ("MRS %0, psplim"  : "=r" (result) );
 668:Drivers/CMSIS/Include/cmsis_gcc.h ****   return result;
 669:Drivers/CMSIS/Include/cmsis_gcc.h **** #endif
 670:Drivers/CMSIS/Include/cmsis_gcc.h **** }
 671:Drivers/CMSIS/Include/cmsis_gcc.h **** 
 672:Drivers/CMSIS/Include/cmsis_gcc.h **** #if (defined (__ARM_FEATURE_CMSE) && (__ARM_FEATURE_CMSE == 3))
 673:Drivers/CMSIS/Include/cmsis_gcc.h **** /**
 674:Drivers/CMSIS/Include/cmsis_gcc.h ****   \brief   Get Process Stack Pointer Limit (non-secure)
 675:Drivers/CMSIS/Include/cmsis_gcc.h ****   Devices without ARMv8-M Main Extensions (i.e. Cortex-M23) lack the non-secure
 676:Drivers/CMSIS/Include/cmsis_gcc.h ****   Stack Pointer Limit register hence zero is returned always.
 677:Drivers/CMSIS/Include/cmsis_gcc.h **** 
 678:Drivers/CMSIS/Include/cmsis_gcc.h ****   \details Returns the current value of the non-secure Process Stack Pointer Limit (PSPLIM) when in
 679:Drivers/CMSIS/Include/cmsis_gcc.h ****   \return               PSPLIM Register value
 680:Drivers/CMSIS/Include/cmsis_gcc.h ****  */
 681:Drivers/CMSIS/Include/cmsis_gcc.h **** __STATIC_FORCEINLINE uint32_t __TZ_get_PSPLIM_NS(void)
 682:Drivers/CMSIS/Include/cmsis_gcc.h **** {
 683:Drivers/CMSIS/Include/cmsis_gcc.h **** #if (!(defined (__ARM_ARCH_8M_MAIN__ ) && (__ARM_ARCH_8M_MAIN__ == 1)))
 684:Drivers/CMSIS/Include/cmsis_gcc.h ****   // without main extensions, the non-secure PSPLIM is RAZ/WI
 685:Drivers/CMSIS/Include/cmsis_gcc.h ****   return 0U;
 686:Drivers/CMSIS/Include/cmsis_gcc.h **** #else
 687:Drivers/CMSIS/Include/cmsis_gcc.h ****   uint32_t result;
 688:Drivers/CMSIS/Include/cmsis_gcc.h ****   __ASM volatile ("MRS %0, psplim_ns"  : "=r" (result) );
 689:Drivers/CMSIS/Include/cmsis_gcc.h ****   return result;
 690:Drivers/CMSIS/Include/cmsis_gcc.h **** #endif
 691:Drivers/CMSIS/Include/cmsis_gcc.h **** }
 692:Drivers/CMSIS/Include/cmsis_gcc.h **** #endif
 693:Drivers/CMSIS/Include/cmsis_gcc.h **** 
 694:Drivers/CMSIS/Include/cmsis_gcc.h **** 
 695:Drivers/CMSIS/Include/cmsis_gcc.h **** /**
 696:Drivers/CMSIS/Include/cmsis_gcc.h ****   \brief   Set Process Stack Pointer Limit
 697:Drivers/CMSIS/Include/cmsis_gcc.h ****   Devices without ARMv8-M Main Extensions (i.e. Cortex-M23) lack the non-secure
 698:Drivers/CMSIS/Include/cmsis_gcc.h ****   Stack Pointer Limit register hence the write is silently ignored in non-secure
 699:Drivers/CMSIS/Include/cmsis_gcc.h ****   mode.
 700:Drivers/CMSIS/Include/cmsis_gcc.h ****   
 701:Drivers/CMSIS/Include/cmsis_gcc.h ****   \details Assigns the given value to the Process Stack Pointer Limit (PSPLIM).
 702:Drivers/CMSIS/Include/cmsis_gcc.h ****   \param [in]    ProcStackPtrLimit  Process Stack Pointer Limit value to set
 703:Drivers/CMSIS/Include/cmsis_gcc.h ****  */
 704:Drivers/CMSIS/Include/cmsis_gcc.h **** __STATIC_FORCEINLINE void __set_PSPLIM(uint32_t ProcStackPtrLimit)
 705:Drivers/CMSIS/Include/cmsis_gcc.h **** {
 706:Drivers/CMSIS/Include/cmsis_gcc.h **** #if (!(defined (__ARM_ARCH_8M_MAIN__ ) && (__ARM_ARCH_8M_MAIN__ == 1)) && \
 707:Drivers/CMSIS/Include/cmsis_gcc.h ****     (!defined (__ARM_FEATURE_CMSE) || (__ARM_FEATURE_CMSE < 3)))
ARM GAS  C:\Users\adisa\AppData\Local\Temp\ccJAKY7c.s 			page 48


 708:Drivers/CMSIS/Include/cmsis_gcc.h ****   // without main extensions, the non-secure PSPLIM is RAZ/WI
 709:Drivers/CMSIS/Include/cmsis_gcc.h ****   (void)ProcStackPtrLimit;
 710:Drivers/CMSIS/Include/cmsis_gcc.h **** #else
 711:Drivers/CMSIS/Include/cmsis_gcc.h ****   __ASM volatile ("MSR psplim, %0" : : "r" (ProcStackPtrLimit));
 712:Drivers/CMSIS/Include/cmsis_gcc.h **** #endif
 713:Drivers/CMSIS/Include/cmsis_gcc.h **** }
 714:Drivers/CMSIS/Include/cmsis_gcc.h **** 
 715:Drivers/CMSIS/Include/cmsis_gcc.h **** 
 716:Drivers/CMSIS/Include/cmsis_gcc.h **** #if (defined (__ARM_FEATURE_CMSE  ) && (__ARM_FEATURE_CMSE   == 3))
 717:Drivers/CMSIS/Include/cmsis_gcc.h **** /**
 718:Drivers/CMSIS/Include/cmsis_gcc.h ****   \brief   Set Process Stack Pointer (non-secure)
 719:Drivers/CMSIS/Include/cmsis_gcc.h ****   Devices without ARMv8-M Main Extensions (i.e. Cortex-M23) lack the non-secure
 720:Drivers/CMSIS/Include/cmsis_gcc.h ****   Stack Pointer Limit register hence the write is silently ignored.
 721:Drivers/CMSIS/Include/cmsis_gcc.h **** 
 722:Drivers/CMSIS/Include/cmsis_gcc.h ****   \details Assigns the given value to the non-secure Process Stack Pointer Limit (PSPLIM) when in s
 723:Drivers/CMSIS/Include/cmsis_gcc.h ****   \param [in]    ProcStackPtrLimit  Process Stack Pointer Limit value to set
 724:Drivers/CMSIS/Include/cmsis_gcc.h ****  */
 725:Drivers/CMSIS/Include/cmsis_gcc.h **** __STATIC_FORCEINLINE void __TZ_set_PSPLIM_NS(uint32_t ProcStackPtrLimit)
 726:Drivers/CMSIS/Include/cmsis_gcc.h **** {
 727:Drivers/CMSIS/Include/cmsis_gcc.h **** #if (!(defined (__ARM_ARCH_8M_MAIN__ ) && (__ARM_ARCH_8M_MAIN__ == 1)))
 728:Drivers/CMSIS/Include/cmsis_gcc.h ****   // without main extensions, the non-secure PSPLIM is RAZ/WI
 729:Drivers/CMSIS/Include/cmsis_gcc.h ****   (void)ProcStackPtrLimit;
 730:Drivers/CMSIS/Include/cmsis_gcc.h **** #else
 731:Drivers/CMSIS/Include/cmsis_gcc.h ****   __ASM volatile ("MSR psplim_ns, %0\n" : : "r" (ProcStackPtrLimit));
 732:Drivers/CMSIS/Include/cmsis_gcc.h **** #endif
 733:Drivers/CMSIS/Include/cmsis_gcc.h **** }
 734:Drivers/CMSIS/Include/cmsis_gcc.h **** #endif
 735:Drivers/CMSIS/Include/cmsis_gcc.h **** 
 736:Drivers/CMSIS/Include/cmsis_gcc.h **** 
 737:Drivers/CMSIS/Include/cmsis_gcc.h **** /**
 738:Drivers/CMSIS/Include/cmsis_gcc.h ****   \brief   Get Main Stack Pointer Limit
 739:Drivers/CMSIS/Include/cmsis_gcc.h ****   Devices without ARMv8-M Main Extensions (i.e. Cortex-M23) lack the non-secure
 740:Drivers/CMSIS/Include/cmsis_gcc.h ****   Stack Pointer Limit register hence zero is returned always in non-secure
 741:Drivers/CMSIS/Include/cmsis_gcc.h ****   mode.
 742:Drivers/CMSIS/Include/cmsis_gcc.h **** 
 743:Drivers/CMSIS/Include/cmsis_gcc.h ****   \details Returns the current value of the Main Stack Pointer Limit (MSPLIM).
 744:Drivers/CMSIS/Include/cmsis_gcc.h ****   \return               MSPLIM Register value
 745:Drivers/CMSIS/Include/cmsis_gcc.h ****  */
 746:Drivers/CMSIS/Include/cmsis_gcc.h **** __STATIC_FORCEINLINE uint32_t __get_MSPLIM(void)
 747:Drivers/CMSIS/Include/cmsis_gcc.h **** {
 748:Drivers/CMSIS/Include/cmsis_gcc.h **** #if (!(defined (__ARM_ARCH_8M_MAIN__ ) && (__ARM_ARCH_8M_MAIN__ == 1)) && \
 749:Drivers/CMSIS/Include/cmsis_gcc.h ****     (!defined (__ARM_FEATURE_CMSE) || (__ARM_FEATURE_CMSE < 3)))
 750:Drivers/CMSIS/Include/cmsis_gcc.h ****   // without main extensions, the non-secure MSPLIM is RAZ/WI
 751:Drivers/CMSIS/Include/cmsis_gcc.h ****   return 0U;
 752:Drivers/CMSIS/Include/cmsis_gcc.h **** #else
 753:Drivers/CMSIS/Include/cmsis_gcc.h ****   uint32_t result;
 754:Drivers/CMSIS/Include/cmsis_gcc.h ****   __ASM volatile ("MRS %0, msplim" : "=r" (result) );
 755:Drivers/CMSIS/Include/cmsis_gcc.h ****   return result;
 756:Drivers/CMSIS/Include/cmsis_gcc.h **** #endif
 757:Drivers/CMSIS/Include/cmsis_gcc.h **** }
 758:Drivers/CMSIS/Include/cmsis_gcc.h **** 
 759:Drivers/CMSIS/Include/cmsis_gcc.h **** 
 760:Drivers/CMSIS/Include/cmsis_gcc.h **** #if (defined (__ARM_FEATURE_CMSE  ) && (__ARM_FEATURE_CMSE   == 3))
 761:Drivers/CMSIS/Include/cmsis_gcc.h **** /**
 762:Drivers/CMSIS/Include/cmsis_gcc.h ****   \brief   Get Main Stack Pointer Limit (non-secure)
 763:Drivers/CMSIS/Include/cmsis_gcc.h ****   Devices without ARMv8-M Main Extensions (i.e. Cortex-M23) lack the non-secure
 764:Drivers/CMSIS/Include/cmsis_gcc.h ****   Stack Pointer Limit register hence zero is returned always.
ARM GAS  C:\Users\adisa\AppData\Local\Temp\ccJAKY7c.s 			page 49


 765:Drivers/CMSIS/Include/cmsis_gcc.h **** 
 766:Drivers/CMSIS/Include/cmsis_gcc.h ****   \details Returns the current value of the non-secure Main Stack Pointer Limit(MSPLIM) when in sec
 767:Drivers/CMSIS/Include/cmsis_gcc.h ****   \return               MSPLIM Register value
 768:Drivers/CMSIS/Include/cmsis_gcc.h ****  */
 769:Drivers/CMSIS/Include/cmsis_gcc.h **** __STATIC_FORCEINLINE uint32_t __TZ_get_MSPLIM_NS(void)
 770:Drivers/CMSIS/Include/cmsis_gcc.h **** {
 771:Drivers/CMSIS/Include/cmsis_gcc.h **** #if (!(defined (__ARM_ARCH_8M_MAIN__ ) && (__ARM_ARCH_8M_MAIN__ == 1)))
 772:Drivers/CMSIS/Include/cmsis_gcc.h ****   // without main extensions, the non-secure MSPLIM is RAZ/WI
 773:Drivers/CMSIS/Include/cmsis_gcc.h ****   return 0U;
 774:Drivers/CMSIS/Include/cmsis_gcc.h **** #else
 775:Drivers/CMSIS/Include/cmsis_gcc.h ****   uint32_t result;
 776:Drivers/CMSIS/Include/cmsis_gcc.h ****   __ASM volatile ("MRS %0, msplim_ns" : "=r" (result) );
 777:Drivers/CMSIS/Include/cmsis_gcc.h ****   return result;
 778:Drivers/CMSIS/Include/cmsis_gcc.h **** #endif
 779:Drivers/CMSIS/Include/cmsis_gcc.h **** }
 780:Drivers/CMSIS/Include/cmsis_gcc.h **** #endif
 781:Drivers/CMSIS/Include/cmsis_gcc.h **** 
 782:Drivers/CMSIS/Include/cmsis_gcc.h **** 
 783:Drivers/CMSIS/Include/cmsis_gcc.h **** /**
 784:Drivers/CMSIS/Include/cmsis_gcc.h ****   \brief   Set Main Stack Pointer Limit
 785:Drivers/CMSIS/Include/cmsis_gcc.h ****   Devices without ARMv8-M Main Extensions (i.e. Cortex-M23) lack the non-secure
 786:Drivers/CMSIS/Include/cmsis_gcc.h ****   Stack Pointer Limit register hence the write is silently ignored in non-secure
 787:Drivers/CMSIS/Include/cmsis_gcc.h ****   mode.
 788:Drivers/CMSIS/Include/cmsis_gcc.h **** 
 789:Drivers/CMSIS/Include/cmsis_gcc.h ****   \details Assigns the given value to the Main Stack Pointer Limit (MSPLIM).
 790:Drivers/CMSIS/Include/cmsis_gcc.h ****   \param [in]    MainStackPtrLimit  Main Stack Pointer Limit value to set
 791:Drivers/CMSIS/Include/cmsis_gcc.h ****  */
 792:Drivers/CMSIS/Include/cmsis_gcc.h **** __STATIC_FORCEINLINE void __set_MSPLIM(uint32_t MainStackPtrLimit)
 793:Drivers/CMSIS/Include/cmsis_gcc.h **** {
 794:Drivers/CMSIS/Include/cmsis_gcc.h **** #if (!(defined (__ARM_ARCH_8M_MAIN__ ) && (__ARM_ARCH_8M_MAIN__ == 1)) && \
 795:Drivers/CMSIS/Include/cmsis_gcc.h ****     (!defined (__ARM_FEATURE_CMSE) || (__ARM_FEATURE_CMSE < 3)))
 796:Drivers/CMSIS/Include/cmsis_gcc.h ****   // without main extensions, the non-secure MSPLIM is RAZ/WI
 797:Drivers/CMSIS/Include/cmsis_gcc.h ****   (void)MainStackPtrLimit;
 798:Drivers/CMSIS/Include/cmsis_gcc.h **** #else
 799:Drivers/CMSIS/Include/cmsis_gcc.h ****   __ASM volatile ("MSR msplim, %0" : : "r" (MainStackPtrLimit));
 800:Drivers/CMSIS/Include/cmsis_gcc.h **** #endif
 801:Drivers/CMSIS/Include/cmsis_gcc.h **** }
 802:Drivers/CMSIS/Include/cmsis_gcc.h **** 
 803:Drivers/CMSIS/Include/cmsis_gcc.h **** 
 804:Drivers/CMSIS/Include/cmsis_gcc.h **** #if (defined (__ARM_FEATURE_CMSE  ) && (__ARM_FEATURE_CMSE   == 3))
 805:Drivers/CMSIS/Include/cmsis_gcc.h **** /**
 806:Drivers/CMSIS/Include/cmsis_gcc.h ****   \brief   Set Main Stack Pointer Limit (non-secure)
 807:Drivers/CMSIS/Include/cmsis_gcc.h ****   Devices without ARMv8-M Main Extensions (i.e. Cortex-M23) lack the non-secure
 808:Drivers/CMSIS/Include/cmsis_gcc.h ****   Stack Pointer Limit register hence the write is silently ignored.
 809:Drivers/CMSIS/Include/cmsis_gcc.h **** 
 810:Drivers/CMSIS/Include/cmsis_gcc.h ****   \details Assigns the given value to the non-secure Main Stack Pointer Limit (MSPLIM) when in secu
 811:Drivers/CMSIS/Include/cmsis_gcc.h ****   \param [in]    MainStackPtrLimit  Main Stack Pointer value to set
 812:Drivers/CMSIS/Include/cmsis_gcc.h ****  */
 813:Drivers/CMSIS/Include/cmsis_gcc.h **** __STATIC_FORCEINLINE void __TZ_set_MSPLIM_NS(uint32_t MainStackPtrLimit)
 814:Drivers/CMSIS/Include/cmsis_gcc.h **** {
 815:Drivers/CMSIS/Include/cmsis_gcc.h **** #if (!(defined (__ARM_ARCH_8M_MAIN__ ) && (__ARM_ARCH_8M_MAIN__ == 1)))
 816:Drivers/CMSIS/Include/cmsis_gcc.h ****   // without main extensions, the non-secure MSPLIM is RAZ/WI
 817:Drivers/CMSIS/Include/cmsis_gcc.h ****   (void)MainStackPtrLimit;
 818:Drivers/CMSIS/Include/cmsis_gcc.h **** #else
 819:Drivers/CMSIS/Include/cmsis_gcc.h ****   __ASM volatile ("MSR msplim_ns, %0" : : "r" (MainStackPtrLimit));
 820:Drivers/CMSIS/Include/cmsis_gcc.h **** #endif
 821:Drivers/CMSIS/Include/cmsis_gcc.h **** }
ARM GAS  C:\Users\adisa\AppData\Local\Temp\ccJAKY7c.s 			page 50


 822:Drivers/CMSIS/Include/cmsis_gcc.h **** #endif
 823:Drivers/CMSIS/Include/cmsis_gcc.h **** 
 824:Drivers/CMSIS/Include/cmsis_gcc.h **** #endif /* ((defined (__ARM_ARCH_8M_MAIN__ ) && (__ARM_ARCH_8M_MAIN__ == 1)) || \
 825:Drivers/CMSIS/Include/cmsis_gcc.h ****            (defined (__ARM_ARCH_8M_BASE__ ) && (__ARM_ARCH_8M_BASE__ == 1))    ) */
 826:Drivers/CMSIS/Include/cmsis_gcc.h **** 
 827:Drivers/CMSIS/Include/cmsis_gcc.h **** 
 828:Drivers/CMSIS/Include/cmsis_gcc.h **** /**
 829:Drivers/CMSIS/Include/cmsis_gcc.h ****   \brief   Get FPSCR
 830:Drivers/CMSIS/Include/cmsis_gcc.h ****   \details Returns the current value of the Floating Point Status/Control register.
 831:Drivers/CMSIS/Include/cmsis_gcc.h ****   \return               Floating Point Status/Control register value
 832:Drivers/CMSIS/Include/cmsis_gcc.h ****  */
 833:Drivers/CMSIS/Include/cmsis_gcc.h **** __STATIC_FORCEINLINE uint32_t __get_FPSCR(void)
 834:Drivers/CMSIS/Include/cmsis_gcc.h **** {
 835:Drivers/CMSIS/Include/cmsis_gcc.h **** #if ((defined (__FPU_PRESENT) && (__FPU_PRESENT == 1U)) && \
 836:Drivers/CMSIS/Include/cmsis_gcc.h ****      (defined (__FPU_USED   ) && (__FPU_USED    == 1U))     )
 837:Drivers/CMSIS/Include/cmsis_gcc.h **** #if __has_builtin(__builtin_arm_get_fpscr) 
 838:Drivers/CMSIS/Include/cmsis_gcc.h **** // Re-enable using built-in when GCC has been fixed
 839:Drivers/CMSIS/Include/cmsis_gcc.h **** // || (__GNUC__ > 7) || (__GNUC__ == 7 && __GNUC_MINOR__ >= 2)
 840:Drivers/CMSIS/Include/cmsis_gcc.h ****   /* see https://gcc.gnu.org/ml/gcc-patches/2017-04/msg00443.html */
 841:Drivers/CMSIS/Include/cmsis_gcc.h ****   return __builtin_arm_get_fpscr();
 842:Drivers/CMSIS/Include/cmsis_gcc.h **** #else
 843:Drivers/CMSIS/Include/cmsis_gcc.h ****   uint32_t result;
 844:Drivers/CMSIS/Include/cmsis_gcc.h **** 
 845:Drivers/CMSIS/Include/cmsis_gcc.h ****   __ASM volatile ("VMRS %0, fpscr" : "=r" (result) );
 846:Drivers/CMSIS/Include/cmsis_gcc.h ****   return(result);
 847:Drivers/CMSIS/Include/cmsis_gcc.h **** #endif
 848:Drivers/CMSIS/Include/cmsis_gcc.h **** #else
 849:Drivers/CMSIS/Include/cmsis_gcc.h ****   return(0U);
 850:Drivers/CMSIS/Include/cmsis_gcc.h **** #endif
 851:Drivers/CMSIS/Include/cmsis_gcc.h **** }
 852:Drivers/CMSIS/Include/cmsis_gcc.h **** 
 853:Drivers/CMSIS/Include/cmsis_gcc.h **** 
 854:Drivers/CMSIS/Include/cmsis_gcc.h **** /**
 855:Drivers/CMSIS/Include/cmsis_gcc.h ****   \brief   Set FPSCR
 856:Drivers/CMSIS/Include/cmsis_gcc.h ****   \details Assigns the given value to the Floating Point Status/Control register.
 857:Drivers/CMSIS/Include/cmsis_gcc.h ****   \param [in]    fpscr  Floating Point Status/Control value to set
 858:Drivers/CMSIS/Include/cmsis_gcc.h ****  */
 859:Drivers/CMSIS/Include/cmsis_gcc.h **** __STATIC_FORCEINLINE void __set_FPSCR(uint32_t fpscr)
 860:Drivers/CMSIS/Include/cmsis_gcc.h **** {
 861:Drivers/CMSIS/Include/cmsis_gcc.h **** #if ((defined (__FPU_PRESENT) && (__FPU_PRESENT == 1U)) && \
 862:Drivers/CMSIS/Include/cmsis_gcc.h ****      (defined (__FPU_USED   ) && (__FPU_USED    == 1U))     )
 863:Drivers/CMSIS/Include/cmsis_gcc.h **** #if __has_builtin(__builtin_arm_set_fpscr)
 864:Drivers/CMSIS/Include/cmsis_gcc.h **** // Re-enable using built-in when GCC has been fixed
 865:Drivers/CMSIS/Include/cmsis_gcc.h **** // || (__GNUC__ > 7) || (__GNUC__ == 7 && __GNUC_MINOR__ >= 2)
 866:Drivers/CMSIS/Include/cmsis_gcc.h ****   /* see https://gcc.gnu.org/ml/gcc-patches/2017-04/msg00443.html */
 867:Drivers/CMSIS/Include/cmsis_gcc.h ****   __builtin_arm_set_fpscr(fpscr);
 868:Drivers/CMSIS/Include/cmsis_gcc.h **** #else
 869:Drivers/CMSIS/Include/cmsis_gcc.h ****   __ASM volatile ("VMSR fpscr, %0" : : "r" (fpscr) : "vfpcc", "memory");
 870:Drivers/CMSIS/Include/cmsis_gcc.h **** #endif
 871:Drivers/CMSIS/Include/cmsis_gcc.h **** #else
 872:Drivers/CMSIS/Include/cmsis_gcc.h ****   (void)fpscr;
 873:Drivers/CMSIS/Include/cmsis_gcc.h **** #endif
 874:Drivers/CMSIS/Include/cmsis_gcc.h **** }
 875:Drivers/CMSIS/Include/cmsis_gcc.h **** 
 876:Drivers/CMSIS/Include/cmsis_gcc.h **** 
 877:Drivers/CMSIS/Include/cmsis_gcc.h **** /*@} end of CMSIS_Core_RegAccFunctions */
 878:Drivers/CMSIS/Include/cmsis_gcc.h **** 
ARM GAS  C:\Users\adisa\AppData\Local\Temp\ccJAKY7c.s 			page 51


 879:Drivers/CMSIS/Include/cmsis_gcc.h **** 
 880:Drivers/CMSIS/Include/cmsis_gcc.h **** /* ##########################  Core Instruction Access  ######################### */
 881:Drivers/CMSIS/Include/cmsis_gcc.h **** /** \defgroup CMSIS_Core_InstructionInterface CMSIS Core Instruction Interface
 882:Drivers/CMSIS/Include/cmsis_gcc.h ****   Access to dedicated instructions
 883:Drivers/CMSIS/Include/cmsis_gcc.h ****   @{
 884:Drivers/CMSIS/Include/cmsis_gcc.h **** */
 885:Drivers/CMSIS/Include/cmsis_gcc.h **** 
 886:Drivers/CMSIS/Include/cmsis_gcc.h **** /* Define macros for porting to both thumb1 and thumb2.
 887:Drivers/CMSIS/Include/cmsis_gcc.h ****  * For thumb1, use low register (r0-r7), specified by constraint "l"
 888:Drivers/CMSIS/Include/cmsis_gcc.h ****  * Otherwise, use general registers, specified by constraint "r" */
 889:Drivers/CMSIS/Include/cmsis_gcc.h **** #if defined (__thumb__) && !defined (__thumb2__)
 890:Drivers/CMSIS/Include/cmsis_gcc.h **** #define __CMSIS_GCC_OUT_REG(r) "=l" (r)
 891:Drivers/CMSIS/Include/cmsis_gcc.h **** #define __CMSIS_GCC_RW_REG(r) "+l" (r)
 892:Drivers/CMSIS/Include/cmsis_gcc.h **** #define __CMSIS_GCC_USE_REG(r) "l" (r)
 893:Drivers/CMSIS/Include/cmsis_gcc.h **** #else
 894:Drivers/CMSIS/Include/cmsis_gcc.h **** #define __CMSIS_GCC_OUT_REG(r) "=r" (r)
 895:Drivers/CMSIS/Include/cmsis_gcc.h **** #define __CMSIS_GCC_RW_REG(r) "+r" (r)
 896:Drivers/CMSIS/Include/cmsis_gcc.h **** #define __CMSIS_GCC_USE_REG(r) "r" (r)
 897:Drivers/CMSIS/Include/cmsis_gcc.h **** #endif
 898:Drivers/CMSIS/Include/cmsis_gcc.h **** 
 899:Drivers/CMSIS/Include/cmsis_gcc.h **** /**
 900:Drivers/CMSIS/Include/cmsis_gcc.h ****   \brief   No Operation
 901:Drivers/CMSIS/Include/cmsis_gcc.h ****   \details No Operation does nothing. This instruction can be used for code alignment purposes.
 902:Drivers/CMSIS/Include/cmsis_gcc.h ****  */
 903:Drivers/CMSIS/Include/cmsis_gcc.h **** #define __NOP()                             __ASM volatile ("nop")
 904:Drivers/CMSIS/Include/cmsis_gcc.h **** 
 905:Drivers/CMSIS/Include/cmsis_gcc.h **** /**
 906:Drivers/CMSIS/Include/cmsis_gcc.h ****   \brief   Wait For Interrupt
 907:Drivers/CMSIS/Include/cmsis_gcc.h ****   \details Wait For Interrupt is a hint instruction that suspends execution until one of a number o
 908:Drivers/CMSIS/Include/cmsis_gcc.h ****  */
 909:Drivers/CMSIS/Include/cmsis_gcc.h **** #define __WFI()                             __ASM volatile ("wfi")
 910:Drivers/CMSIS/Include/cmsis_gcc.h **** 
 911:Drivers/CMSIS/Include/cmsis_gcc.h **** 
 912:Drivers/CMSIS/Include/cmsis_gcc.h **** /**
 913:Drivers/CMSIS/Include/cmsis_gcc.h ****   \brief   Wait For Event
 914:Drivers/CMSIS/Include/cmsis_gcc.h ****   \details Wait For Event is a hint instruction that permits the processor to enter
 915:Drivers/CMSIS/Include/cmsis_gcc.h ****            a low-power state until one of a number of events occurs.
 916:Drivers/CMSIS/Include/cmsis_gcc.h ****  */
 917:Drivers/CMSIS/Include/cmsis_gcc.h **** #define __WFE()                             __ASM volatile ("wfe")
 918:Drivers/CMSIS/Include/cmsis_gcc.h **** 
 919:Drivers/CMSIS/Include/cmsis_gcc.h **** 
 920:Drivers/CMSIS/Include/cmsis_gcc.h **** /**
 921:Drivers/CMSIS/Include/cmsis_gcc.h ****   \brief   Send Event
 922:Drivers/CMSIS/Include/cmsis_gcc.h ****   \details Send Event is a hint instruction. It causes an event to be signaled to the CPU.
 923:Drivers/CMSIS/Include/cmsis_gcc.h ****  */
 924:Drivers/CMSIS/Include/cmsis_gcc.h **** #define __SEV()                             __ASM volatile ("sev")
 925:Drivers/CMSIS/Include/cmsis_gcc.h **** 
 926:Drivers/CMSIS/Include/cmsis_gcc.h **** 
 927:Drivers/CMSIS/Include/cmsis_gcc.h **** /**
 928:Drivers/CMSIS/Include/cmsis_gcc.h ****   \brief   Instruction Synchronization Barrier
 929:Drivers/CMSIS/Include/cmsis_gcc.h ****   \details Instruction Synchronization Barrier flushes the pipeline in the processor,
 930:Drivers/CMSIS/Include/cmsis_gcc.h ****            so that all instructions following the ISB are fetched from cache or memory,
 931:Drivers/CMSIS/Include/cmsis_gcc.h ****            after the instruction has been completed.
 932:Drivers/CMSIS/Include/cmsis_gcc.h ****  */
 933:Drivers/CMSIS/Include/cmsis_gcc.h **** __STATIC_FORCEINLINE void __ISB(void)
 934:Drivers/CMSIS/Include/cmsis_gcc.h **** {
 935:Drivers/CMSIS/Include/cmsis_gcc.h ****   __ASM volatile ("isb 0xF":::"memory");
ARM GAS  C:\Users\adisa\AppData\Local\Temp\ccJAKY7c.s 			page 52


 936:Drivers/CMSIS/Include/cmsis_gcc.h **** }
 937:Drivers/CMSIS/Include/cmsis_gcc.h **** 
 938:Drivers/CMSIS/Include/cmsis_gcc.h **** 
 939:Drivers/CMSIS/Include/cmsis_gcc.h **** /**
 940:Drivers/CMSIS/Include/cmsis_gcc.h ****   \brief   Data Synchronization Barrier
 941:Drivers/CMSIS/Include/cmsis_gcc.h ****   \details Acts as a special kind of Data Memory Barrier.
 942:Drivers/CMSIS/Include/cmsis_gcc.h ****            It completes when all explicit memory accesses before this instruction complete.
 943:Drivers/CMSIS/Include/cmsis_gcc.h ****  */
 944:Drivers/CMSIS/Include/cmsis_gcc.h **** __STATIC_FORCEINLINE void __DSB(void)
  39              		.loc 3 944 27 view .LVU2
  40              	.LBB7:
 945:Drivers/CMSIS/Include/cmsis_gcc.h **** {
 946:Drivers/CMSIS/Include/cmsis_gcc.h ****   __ASM volatile ("dsb 0xF":::"memory");
  41              		.loc 3 946 3 view .LVU3
  42              		.syntax unified
  43              	@ 946 "Drivers/CMSIS/Include/cmsis_gcc.h" 1
  44 0000 BFF34F8F 		dsb 0xF
  45              	@ 0 "" 2
  46              		.thumb
  47              		.syntax unified
  48              	.LBE7:
  49              	.LBE6:
1936:Drivers/CMSIS/Include/core_cm4.h ****                                                                        buffered write are completed
1937:Drivers/CMSIS/Include/core_cm4.h ****   SCB->AIRCR  = (uint32_t)((0x5FAUL << SCB_AIRCR_VECTKEY_Pos)    |
  50              		.loc 2 1937 3 view .LVU4
1938:Drivers/CMSIS/Include/core_cm4.h ****                            (SCB->AIRCR & SCB_AIRCR_PRIGROUP_Msk) |
  51              		.loc 2 1938 32 is_stmt 0 view .LVU5
  52 0004 0549     		ldr	r1, .L3
  53 0006 CA68     		ldr	r2, [r1, #12]
  54              		.loc 2 1938 40 view .LVU6
  55 0008 02F4E062 		and	r2, r2, #1792
1937:Drivers/CMSIS/Include/core_cm4.h ****                            (SCB->AIRCR & SCB_AIRCR_PRIGROUP_Msk) |
  56              		.loc 2 1937 17 view .LVU7
  57 000c 044B     		ldr	r3, .L3+4
  58 000e 1343     		orrs	r3, r3, r2
1937:Drivers/CMSIS/Include/core_cm4.h ****                            (SCB->AIRCR & SCB_AIRCR_PRIGROUP_Msk) |
  59              		.loc 2 1937 15 view .LVU8
  60 0010 CB60     		str	r3, [r1, #12]
1939:Drivers/CMSIS/Include/core_cm4.h ****                             SCB_AIRCR_SYSRESETREQ_Msk    );         /* Keep priority group unchange
1940:Drivers/CMSIS/Include/core_cm4.h ****   __DSB();                                                          /* Ensure completion of memory 
  61              		.loc 2 1940 3 is_stmt 1 view .LVU9
  62              	.LBB8:
  63              	.LBI8:
 944:Drivers/CMSIS/Include/cmsis_gcc.h **** {
  64              		.loc 3 944 27 view .LVU10
  65              	.LBB9:
  66              		.loc 3 946 3 view .LVU11
  67              		.syntax unified
  68              	@ 946 "Drivers/CMSIS/Include/cmsis_gcc.h" 1
  69 0012 BFF34F8F 		dsb 0xF
  70              	@ 0 "" 2
  71              		.thumb
  72              		.syntax unified
  73              	.L2:
  74              	.LBE9:
  75              	.LBE8:
1941:Drivers/CMSIS/Include/core_cm4.h **** 
ARM GAS  C:\Users\adisa\AppData\Local\Temp\ccJAKY7c.s 			page 53


1942:Drivers/CMSIS/Include/core_cm4.h ****   for(;;)                                                           /* wait until reset */
  76              		.loc 2 1942 3 view .LVU12
1943:Drivers/CMSIS/Include/core_cm4.h ****   {
1944:Drivers/CMSIS/Include/core_cm4.h ****     __NOP();
  77              		.loc 2 1944 5 discriminator 1 view .LVU13
  78              		.syntax unified
  79              	@ 1944 "Drivers/CMSIS/Include/core_cm4.h" 1
  80 0016 00BF     		nop
  81              	@ 0 "" 2
1942:Drivers/CMSIS/Include/core_cm4.h ****   {
  82              		.loc 2 1942 3 view .LVU14
  83              		.thumb
  84              		.syntax unified
  85 0018 FDE7     		b	.L2
  86              	.L4:
  87 001a 00BF     		.align	2
  88              	.L3:
  89 001c 00ED00E0 		.word	-536810240
  90 0020 0400FA05 		.word	100270084
  91              		.cfi_endproc
  92              	.LFE123:
  94              		.section	.text.CAN_Handle_RPI_Command,"ax",%progbits
  95              		.align	1
  96              		.syntax unified
  97              		.thumb
  98              		.thumb_func
 100              	CAN_Handle_RPI_Command:
 101              	.LVL0:
 102              	.LFB400:
   1:Core/Src/can.c **** #include "can.h"
   2:Core/Src/can.c **** #include "main.h"
   3:Core/Src/can.c **** #include "cmsis_os.h"
   4:Core/Src/can.c **** #include <stdint.h>
   5:Core/Src/can.c **** #include <string.h>
   6:Core/Src/can.c **** 
   7:Core/Src/can.c **** osMessageQueueId_t canTxQueueHandle = NULL;
   8:Core/Src/can.c **** osMessageQueueId_t canRxQueueHandle = NULL;
   9:Core/Src/can.c **** 
  10:Core/Src/can.c **** static CAN_Stats_t canStats = {0};
  11:Core/Src/can.c **** 
  12:Core/Src/can.c **** static void CAN_ProcessTXQueue(void);
  13:Core/Src/can.c **** static void CAN_ProcessRXQueue(CAN_Message_t *message);
  14:Core/Src/can.c **** static HAL_StatusTypeDef CAN_Transmit(CAN_Message_t *message);
  15:Core/Src/can.c **** 
  16:Core/Src/can.c **** static uint8_t RPI_Override = 0U;
  17:Core/Src/can.c **** 
  18:Core/Src/can.c **** static void CAN_Handle_RPI_Command(CAN_Message_t *message);
  19:Core/Src/can.c **** static void CAN_Handle_VCU_Command(CAN_Message_t *message);
  20:Core/Src/can.c **** 
  21:Core/Src/can.c **** HAL_StatusTypeDef CAN_Init(void) {
  22:Core/Src/can.c ****     canTxQueueHandle = osMessageQueueNew(CAN_TX_QUEUE_SIZE, sizeof(CAN_Message_t), NULL);
  23:Core/Src/can.c ****     canRxQueueHandle = osMessageQueueNew(CAN_RX_QUEUE_SIZE, sizeof(CAN_Message_t), NULL);
  24:Core/Src/can.c **** 
  25:Core/Src/can.c ****     if (canTxQueueHandle == NULL || canRxQueueHandle == NULL) {
  26:Core/Src/can.c ****         return HAL_ERROR;
  27:Core/Src/can.c ****     }
  28:Core/Src/can.c **** 
ARM GAS  C:\Users\adisa\AppData\Local\Temp\ccJAKY7c.s 			page 54


  29:Core/Src/can.c ****     CAN_Reset_Stats(&canStats);
  30:Core/Src/can.c ****     return HAL_OK;
  31:Core/Src/can.c **** }
  32:Core/Src/can.c **** 
  33:Core/Src/can.c **** HAL_StatusTypeDef CAN_Send_Message(uint32_t id, uint8_t *data, uint8_t length, uint8_t priority) {
  34:Core/Src/can.c ****     CAN_Message_t message;
  35:Core/Src/can.c **** 
  36:Core/Src/can.c ****     if (length > 8 || id > 0x1FFFFFFF) {
  37:Core/Src/can.c ****         return HAL_ERROR;
  38:Core/Src/can.c ****     }
  39:Core/Src/can.c **** 
  40:Core/Src/can.c ****     message.id = id;
  41:Core/Src/can.c ****     message.length = length;
  42:Core/Src/can.c ****     message.priority = priority;
  43:Core/Src/can.c ****     message.timestamp = osKernelGetTickCount();
  44:Core/Src/can.c **** 
  45:Core/Src/can.c ****     if (data != NULL && length > 0) {
  46:Core/Src/can.c ****         memcpy(message.data, data, length);
  47:Core/Src/can.c ****     }
  48:Core/Src/can.c **** 
  49:Core/Src/can.c ****     if (osMessageQueuePut(canTxQueueHandle, &message, priority, CAN_TX_TIMEOUT_MS) != osOK) {
  50:Core/Src/can.c ****         canStats.tx_queue_full_count++;
  51:Core/Src/can.c ****         return HAL_ERROR;
  52:Core/Src/can.c ****     }
  53:Core/Src/can.c **** 
  54:Core/Src/can.c ****     return HAL_OK;
  55:Core/Src/can.c **** }
  56:Core/Src/can.c **** 
  57:Core/Src/can.c **** void CAN_Task(void *argument) {
  58:Core/Src/can.c ****     CAN_Message_t rxMessage;
  59:Core/Src/can.c ****     //uint8_t test_data[2] = {0x12, 0x34};
  60:Core/Src/can.c **** 
  61:Core/Src/can.c ****     osDelay(100);
  62:Core/Src/can.c **** 
  63:Core/Src/can.c ****     //(void)CAN_Send_Message(0x12345678U, test_data, 2, CAN_PRIORITY_NORMAL);
  64:Core/Src/can.c **** 
  65:Core/Src/can.c ****     for (;;) {
  66:Core/Src/can.c ****         while (osMessageQueueGet(canRxQueueHandle, &rxMessage, NULL, 0) == osOK) {
  67:Core/Src/can.c ****             CAN_ProcessRXQueue(&rxMessage);
  68:Core/Src/can.c ****         }
  69:Core/Src/can.c **** 
  70:Core/Src/can.c ****         CAN_ProcessTXQueue();
  71:Core/Src/can.c **** 
  72:Core/Src/can.c ****         //(void)CAN_Send_Message(CAN_TEST_MESSAGE_ID, test_data, 2, CAN_PRIORITY_NORMAL);
  73:Core/Src/can.c **** 
  74:Core/Src/can.c ****         osDelay(10);
  75:Core/Src/can.c ****     }
  76:Core/Src/can.c **** }
  77:Core/Src/can.c **** 
  78:Core/Src/can.c **** static void CAN_ProcessTXQueue(void) {
  79:Core/Src/can.c ****     CAN_Message_t message;
  80:Core/Src/can.c **** 
  81:Core/Src/can.c ****     while (osMessageQueueGet(canTxQueueHandle, &message, NULL, 0) == osOK) {
  82:Core/Src/can.c ****         if (CAN_Transmit(&message) != HAL_OK) {
  83:Core/Src/can.c ****             canStats.tx_failure_count++;
  84:Core/Src/can.c ****             break;
  85:Core/Src/can.c ****         }
ARM GAS  C:\Users\adisa\AppData\Local\Temp\ccJAKY7c.s 			page 55


  86:Core/Src/can.c ****     }
  87:Core/Src/can.c **** }
  88:Core/Src/can.c **** 
  89:Core/Src/can.c **** 
  90:Core/Src/can.c **** static void CAN_ProcessRXQueue(CAN_Message_t *message) {
  91:Core/Src/can.c ****     
  92:Core/Src/can.c **** 
  93:Core/Src/can.c ****     canStats.rx_message_count++;
  94:Core/Src/can.c **** 
  95:Core/Src/can.c ****     //FLASHING RESET CODE:
  96:Core/Src/can.c ****     if (message->id == CAN_RESET_CMD) {
  97:Core/Src/can.c ****         NVIC_SystemReset();
  98:Core/Src/can.c ****         return;
  99:Core/Src/can.c ****     }
 100:Core/Src/can.c ****     
 101:Core/Src/can.c ****     if (message->id == RPI_MOBO_Command_ID) {
 102:Core/Src/can.c ****         CAN_Handle_RPI_Command(message);
 103:Core/Src/can.c **** 
 104:Core/Src/can.c ****         return;
 105:Core/Src/can.c ****     }
 106:Core/Src/can.c ****     
 107:Core/Src/can.c ****     if ((message->id == VCU_MOBO_Command_ID) && (RPI_Override == 0)) {
 108:Core/Src/can.c ****         CAN_Handle_VCU_Command(message);
 109:Core/Src/can.c **** 
 110:Core/Src/can.c ****         return;
 111:Core/Src/can.c ****     }
 112:Core/Src/can.c **** 
 113:Core/Src/can.c ****     /* Add your message ID handling here
 114:Core/Src/can.c ****        Example:
 115:Core/Src/can.c ****        if (message->id == SOME_CAN_ID) {
 116:Core/Src/can.c ****            ...
 117:Core/Src/can.c ****        }
 118:Core/Src/can.c ****     */
 119:Core/Src/can.c **** }
 120:Core/Src/can.c **** 
 121:Core/Src/can.c **** static HAL_StatusTypeDef CAN_Transmit(CAN_Message_t *message) {
 122:Core/Src/can.c ****     CAN_TxHeaderTypeDef txHeader;
 123:Core/Src/can.c ****     uint32_t txMailbox;
 124:Core/Src/can.c ****     HAL_StatusTypeDef status;
 125:Core/Src/can.c ****     uint8_t retryCount = 0;
 126:Core/Src/can.c **** 
 127:Core/Src/can.c ****     if (message == NULL) {
 128:Core/Src/can.c ****         return HAL_ERROR;
 129:Core/Src/can.c ****     }
 130:Core/Src/can.c **** 
 131:Core/Src/can.c ****     txHeader.ExtId = message->id;
 132:Core/Src/can.c ****     txHeader.StdId = 0;
 133:Core/Src/can.c ****     txHeader.RTR = CAN_RTR_DATA;
 134:Core/Src/can.c ****     txHeader.IDE = CAN_ID_EXT;
 135:Core/Src/can.c ****     txHeader.DLC = message->length;
 136:Core/Src/can.c ****     txHeader.TransmitGlobalTime = DISABLE;
 137:Core/Src/can.c **** 
 138:Core/Src/can.c ****     while (retryCount < CAN_MAX_RETRIES) {
 139:Core/Src/can.c ****         status = HAL_CAN_AddTxMessage(&hcan1, &txHeader, message->data, &txMailbox);
 140:Core/Src/can.c **** 
 141:Core/Src/can.c ****         if (status == HAL_OK) {
 142:Core/Src/can.c ****             canStats.tx_success_count++;
ARM GAS  C:\Users\adisa\AppData\Local\Temp\ccJAKY7c.s 			page 56


 143:Core/Src/can.c ****             return HAL_OK;
 144:Core/Src/can.c ****         }
 145:Core/Src/can.c **** 
 146:Core/Src/can.c ****         retryCount++;
 147:Core/Src/can.c **** 
 148:Core/Src/can.c ****         if (retryCount < CAN_MAX_RETRIES) {
 149:Core/Src/can.c ****             osDelay(1);
 150:Core/Src/can.c ****         }
 151:Core/Src/can.c ****     }
 152:Core/Src/can.c **** 
 153:Core/Src/can.c ****     canStats.bus_error_count++;
 154:Core/Src/can.c ****     return HAL_ERROR;
 155:Core/Src/can.c **** }
 156:Core/Src/can.c **** 
 157:Core/Src/can.c **** 
 158:Core/Src/can.c **** void HAL_CAN_RxFifo0MsgPendingCallback(CAN_HandleTypeDef *hcan) {
 159:Core/Src/can.c ****     CAN_RxHeaderTypeDef RxHeader;
 160:Core/Src/can.c ****     CAN_Message_t msg;
 161:Core/Src/can.c **** 
 162:Core/Src/can.c ****     if ((hcan == NULL) || (canRxQueueHandle == NULL)) {
 163:Core/Src/can.c ****         return;
 164:Core/Src/can.c ****     }
 165:Core/Src/can.c **** 
 166:Core/Src/can.c ****     if (HAL_CAN_GetRxMessage(hcan, CAN_RX_FIFO0, &RxHeader, msg.data) == HAL_OK) {
 167:Core/Src/can.c ****         msg.id = RxHeader.ExtId;
 168:Core/Src/can.c ****         msg.length = RxHeader.DLC;
 169:Core/Src/can.c ****         msg.priority = 0;
 170:Core/Src/can.c ****         msg.timestamp = osKernelGetTickCount();
 171:Core/Src/can.c **** 
 172:Core/Src/can.c ****         if (osMessageQueuePut(canRxQueueHandle, &msg, 0, 0) != osOK) {
 173:Core/Src/can.c ****             canStats.rx_queue_full_count++;
 174:Core/Src/can.c ****         }
 175:Core/Src/can.c ****     }
 176:Core/Src/can.c **** }
 177:Core/Src/can.c **** 
 178:Core/Src/can.c **** void CAN_Get_Stats(CAN_Stats_t *stats) {
 179:Core/Src/can.c ****     if (stats != NULL) {
 180:Core/Src/can.c ****         memcpy(stats, &canStats, sizeof(CAN_Stats_t));
 181:Core/Src/can.c ****     }
 182:Core/Src/can.c **** }
 183:Core/Src/can.c **** 
 184:Core/Src/can.c **** void CAN_Reset_Stats(CAN_Stats_t *stats) {
 185:Core/Src/can.c ****     if (stats != NULL) {
 186:Core/Src/can.c ****         memset(stats, 0, sizeof(CAN_Stats_t));
 187:Core/Src/can.c ****     }
 188:Core/Src/can.c **** }
 189:Core/Src/can.c **** 
 190:Core/Src/can.c **** uint32_t CAN_GetTXQueueCount(void) {
 191:Core/Src/can.c ****     if (canTxQueueHandle == NULL) {
 192:Core/Src/can.c ****         return 0;
 193:Core/Src/can.c ****     }
 194:Core/Src/can.c ****     return osMessageQueueGetCount(canTxQueueHandle);
 195:Core/Src/can.c **** }
 196:Core/Src/can.c **** 
 197:Core/Src/can.c **** uint32_t CAN_GetRXQueueCount(void) {
 198:Core/Src/can.c ****     if (canRxQueueHandle == NULL) {
 199:Core/Src/can.c ****         return 0;
ARM GAS  C:\Users\adisa\AppData\Local\Temp\ccJAKY7c.s 			page 57


 200:Core/Src/can.c ****     }
 201:Core/Src/can.c ****     return osMessageQueueGetCount(canRxQueueHandle);
 202:Core/Src/can.c **** }
 203:Core/Src/can.c **** 
 204:Core/Src/can.c **** uint32_t CAN_Flush_TX_Queue(void) {
 205:Core/Src/can.c ****     CAN_Message_t dummyMessage;
 206:Core/Src/can.c ****     uint32_t count = 0;
 207:Core/Src/can.c **** 
 208:Core/Src/can.c ****     if (canTxQueueHandle == NULL) {
 209:Core/Src/can.c ****         return 0;
 210:Core/Src/can.c ****     }
 211:Core/Src/can.c **** 
 212:Core/Src/can.c ****     while (osMessageQueueGet(canTxQueueHandle, &dummyMessage, NULL, 0) == osOK) {
 213:Core/Src/can.c ****         count++;
 214:Core/Src/can.c ****     }
 215:Core/Src/can.c **** 
 216:Core/Src/can.c ****     return count;
 217:Core/Src/can.c **** }
 218:Core/Src/can.c **** 
 219:Core/Src/can.c **** /*
 220:Core/Src/can.c **** HAL_StatusTypeDef CAN_SendHeartbeat(void) {
 221:Core/Src/can.c ****     uint8_t heartbeat_data[8] = {0};
 222:Core/Src/can.c **** 
 223:Core/Src/can.c ****     uint32_t tick = osKernelGetTickCount();
 224:Core/Src/can.c **** 
 225:Core/Src/can.c ****     heartbeat_data[0] = (uint8_t)(tick & 0xFF);
 226:Core/Src/can.c ****     heartbeat_data[1] = (uint8_t)((tick >> 8) & 0xFF);
 227:Core/Src/can.c ****     heartbeat_data[2] = (uint8_t)((tick >> 16) & 0xFF);
 228:Core/Src/can.c ****     heartbeat_data[3] = (uint8_t)((tick >> 24) & 0xFF);
 229:Core/Src/can.c **** 
 230:Core/Src/can.c ****     heartbeat_data[4] = (uint8_t)(canStats.rx_message_count & 0xFF);
 231:Core/Src/can.c ****     heartbeat_data[5] = (uint8_t)(canStats.tx_success_count & 0xFF);
 232:Core/Src/can.c ****     heartbeat_data[6] = (uint8_t)(CAN_GetTXQueueCount() & 0xFF);
 233:Core/Src/can.c ****     heartbeat_data[7] = (uint8_t)(CAN_GetRXQueueCount() & 0xFF);
 234:Core/Src/can.c **** 
 235:Core/Src/can.c ****     return CAN_Send_Message(CAN_MOBO_HEARTBEAT_ID, heartbeat_data, 8, CAN_PRIORITY_HIGH);
 236:Core/Src/can.c **** }
 237:Core/Src/can.c **** */
 238:Core/Src/can.c **** 
 239:Core/Src/can.c **** /*
 240:Core/Src/can.c **** HAL_StatusTypeDef CAN_SendStatistics(void) {
 241:Core/Src/can.c ****     uint8_t stats_data[8];
 242:Core/Src/can.c **** 
 243:Core/Src/can.c ****     stats_data[0] = (uint8_t)(canStats.rx_message_count & 0xFF);
 244:Core/Src/can.c ****     stats_data[1] = (uint8_t)((canStats.rx_message_count >> 8) & 0xFF);
 245:Core/Src/can.c **** 
 246:Core/Src/can.c ****     stats_data[2] = (uint8_t)(canStats.tx_success_count & 0xFF);
 247:Core/Src/can.c ****     stats_data[3] = (uint8_t)((canStats.tx_success_count >> 8) & 0xFF);
 248:Core/Src/can.c **** 
 249:Core/Src/can.c ****     stats_data[4] = (uint8_t)(canStats.tx_failure_count & 0xFF);
 250:Core/Src/can.c ****     stats_data[5] = (uint8_t)(canStats.tx_queue_full_count & 0xFF);
 251:Core/Src/can.c ****     stats_data[6] = (uint8_t)(canStats.rx_queue_full_count & 0xFF);
 252:Core/Src/can.c ****     stats_data[7] = (uint8_t)(canStats.bus_error_count & 0xFF);
 253:Core/Src/can.c **** 
 254:Core/Src/can.c ****     return CAN_Send_Message(CAN_MOBO_STATS_ID, stats_data, 8, CAN_PRIORITY_NORMAL);
 255:Core/Src/can.c **** }
 256:Core/Src/can.c **** 
ARM GAS  C:\Users\adisa\AppData\Local\Temp\ccJAKY7c.s 			page 58


 257:Core/Src/can.c **** */
 258:Core/Src/can.c **** 
 259:Core/Src/can.c **** static void CAN_Handle_RPI_Command(CAN_Message_t *message){
 103              		.loc 1 259 59 view -0
 104              		.cfi_startproc
 105              		@ args = 0, pretend = 0, frame = 0
 106              		@ frame_needed = 0, uses_anonymous_args = 0
 260:Core/Src/can.c ****     if (message == NULL) {
 107              		.loc 1 260 5 view .LVU16
 108              		.loc 1 260 8 is_stmt 0 view .LVU17
 109 0000 88B3     		cbz	r0, .L9
 259:Core/Src/can.c ****     if (message == NULL) {
 110              		.loc 1 259 59 view .LVU18
 111 0002 38B5     		push	{r3, r4, r5, lr}
 112              	.LCFI0:
 113              		.cfi_def_cfa_offset 16
 114              		.cfi_offset 3, -16
 115              		.cfi_offset 4, -12
 116              		.cfi_offset 5, -8
 117              		.cfi_offset 14, -4
 118 0004 0446     		mov	r4, r0
 261:Core/Src/can.c ****         return;
 262:Core/Src/can.c ****     }
 263:Core/Src/can.c ****     if ((message->data[0] & 0x01U) != 1U) {
 119              		.loc 1 263 5 is_stmt 1 view .LVU19
 120              		.loc 1 263 23 is_stmt 0 view .LVU20
 121 0006 0379     		ldrb	r3, [r0, #4]	@ zero_extendqisi2
 122              		.loc 1 263 8 view .LVU21
 123 0008 13F0010F 		tst	r3, #1
 124 000c 05D0     		beq	.L5
 264:Core/Src/can.c ****         return;
 265:Core/Src/can.c ****     }
 266:Core/Src/can.c **** 
 267:Core/Src/can.c ****     if (message -> length > 0 && message -> data[0] == 0x01U) {
 125              		.loc 1 267 5 is_stmt 1 view .LVU22
 126              		.loc 1 267 17 is_stmt 0 view .LVU23
 127 000e 027B     		ldrb	r2, [r0, #12]	@ zero_extendqisi2
 128              		.loc 1 267 8 view .LVU24
 129 0010 0AB1     		cbz	r2, .L7
 130              		.loc 1 267 31 discriminator 1 view .LVU25
 131 0012 012B     		cmp	r3, #1
 132 0014 02D0     		beq	.L12
 133              	.L7:
 268:Core/Src/can.c ****         RPI_Override = 1U;
 269:Core/Src/can.c **** 
 270:Core/Src/can.c ****     }
 271:Core/Src/can.c **** 
 272:Core/Src/can.c ****     if (message->length > 1U) {
 134              		.loc 1 272 5 is_stmt 1 view .LVU26
 135              		.loc 1 272 8 is_stmt 0 view .LVU27
 136 0016 012A     		cmp	r2, #1
 137 0018 04D8     		bhi	.L13
 138              	.LVL1:
 139              	.L5:
 273:Core/Src/can.c ****         HAL_GPIO_WritePin(PUMP_Ctrl_GPIO_Port, PUMP_Ctrl_Pin,
 274:Core/Src/can.c ****                           ((message->data[1] >> 0) & 0x01U) ? GPIO_PIN_SET : GPIO_PIN_RESET);
 275:Core/Src/can.c ****         HAL_GPIO_WritePin(DRS_Ctrl_GPIO_Port, DRS_Ctrl_Pin,
ARM GAS  C:\Users\adisa\AppData\Local\Temp\ccJAKY7c.s 			page 59


 276:Core/Src/can.c ****                           ((message->data[1] >> 1) & 0x01U) ? GPIO_PIN_SET : GPIO_PIN_RESET);
 277:Core/Src/can.c ****         HAL_GPIO_WritePin(FANS_Ctrl_GPIO_Port, FANS_Ctrl_Pin,
 278:Core/Src/can.c ****                           ((message->data[1] >> 2) & 0x01U) ? GPIO_PIN_SET : GPIO_PIN_RESET);
 279:Core/Src/can.c ****         HAL_GPIO_WritePin(RAD_Ctrl_GPIO_Port, RAD_Ctrl_Pin,
 280:Core/Src/can.c ****                           ((message->data[1] >> 3) & 0x01U) ? GPIO_PIN_SET : GPIO_PIN_RESET);
 281:Core/Src/can.c ****     }
 282:Core/Src/can.c **** }
 140              		.loc 1 282 1 view .LVU28
 141 001a 38BD     		pop	{r3, r4, r5, pc}
 142              	.LVL2:
 143              	.L12:
 268:Core/Src/can.c ****         RPI_Override = 1U;
 144              		.loc 1 268 9 is_stmt 1 view .LVU29
 268:Core/Src/can.c ****         RPI_Override = 1U;
 145              		.loc 1 268 22 is_stmt 0 view .LVU30
 146 001c 124B     		ldr	r3, .L14
 147 001e 0121     		movs	r1, #1
 148 0020 1970     		strb	r1, [r3]
 149 0022 F8E7     		b	.L7
 150              	.L13:
 273:Core/Src/can.c ****         HAL_GPIO_WritePin(PUMP_Ctrl_GPIO_Port, PUMP_Ctrl_Pin,
 151              		.loc 1 273 9 is_stmt 1 view .LVU31
 274:Core/Src/can.c ****         HAL_GPIO_WritePin(DRS_Ctrl_GPIO_Port, DRS_Ctrl_Pin,
 152              		.loc 1 274 42 is_stmt 0 view .LVU32
 153 0024 6279     		ldrb	r2, [r4, #5]	@ zero_extendqisi2
 273:Core/Src/can.c ****         HAL_GPIO_WritePin(PUMP_Ctrl_GPIO_Port, PUMP_Ctrl_Pin,
 154              		.loc 1 273 9 view .LVU33
 155 0026 114D     		ldr	r5, .L14+4
 156 0028 02F00102 		and	r2, r2, #1
 157 002c 1021     		movs	r1, #16
 158 002e 2846     		mov	r0, r5
 159              	.LVL3:
 273:Core/Src/can.c ****         HAL_GPIO_WritePin(PUMP_Ctrl_GPIO_Port, PUMP_Ctrl_Pin,
 160              		.loc 1 273 9 view .LVU34
 161 0030 FFF7FEFF 		bl	HAL_GPIO_WritePin
 162              	.LVL4:
 275:Core/Src/can.c ****                           ((message->data[1] >> 1) & 0x01U) ? GPIO_PIN_SET : GPIO_PIN_RESET);
 163              		.loc 1 275 9 is_stmt 1 view .LVU35
 276:Core/Src/can.c ****         HAL_GPIO_WritePin(FANS_Ctrl_GPIO_Port, FANS_Ctrl_Pin,
 164              		.loc 1 276 42 is_stmt 0 view .LVU36
 165 0034 6279     		ldrb	r2, [r4, #5]	@ zero_extendqisi2
 275:Core/Src/can.c ****                           ((message->data[1] >> 1) & 0x01U) ? GPIO_PIN_SET : GPIO_PIN_RESET);
 166              		.loc 1 275 9 view .LVU37
 167 0036 C2F34002 		ubfx	r2, r2, #1, #1
 168 003a 2021     		movs	r1, #32
 169 003c 2846     		mov	r0, r5
 170 003e FFF7FEFF 		bl	HAL_GPIO_WritePin
 171              	.LVL5:
 277:Core/Src/can.c ****                           ((message->data[1] >> 2) & 0x01U) ? GPIO_PIN_SET : GPIO_PIN_RESET);
 172              		.loc 1 277 9 is_stmt 1 view .LVU38
 278:Core/Src/can.c ****         HAL_GPIO_WritePin(RAD_Ctrl_GPIO_Port, RAD_Ctrl_Pin,
 173              		.loc 1 278 42 is_stmt 0 view .LVU39
 174 0042 6279     		ldrb	r2, [r4, #5]	@ zero_extendqisi2
 277:Core/Src/can.c ****                           ((message->data[1] >> 2) & 0x01U) ? GPIO_PIN_SET : GPIO_PIN_RESET);
 175              		.loc 1 277 9 view .LVU40
 176 0044 C2F38002 		ubfx	r2, r2, #2, #1
 177 0048 4FF48061 		mov	r1, #1024
ARM GAS  C:\Users\adisa\AppData\Local\Temp\ccJAKY7c.s 			page 60


 178 004c 4FF09040 		mov	r0, #1207959552
 179 0050 FFF7FEFF 		bl	HAL_GPIO_WritePin
 180              	.LVL6:
 279:Core/Src/can.c ****                           ((message->data[1] >> 3) & 0x01U) ? GPIO_PIN_SET : GPIO_PIN_RESET);
 181              		.loc 1 279 9 is_stmt 1 view .LVU41
 280:Core/Src/can.c ****     }
 182              		.loc 1 280 42 is_stmt 0 view .LVU42
 183 0054 6279     		ldrb	r2, [r4, #5]	@ zero_extendqisi2
 279:Core/Src/can.c ****                           ((message->data[1] >> 3) & 0x01U) ? GPIO_PIN_SET : GPIO_PIN_RESET);
 184              		.loc 1 279 9 view .LVU43
 185 0056 C2F3C002 		ubfx	r2, r2, #3, #1
 186 005a 8021     		movs	r1, #128
 187 005c 4FF09040 		mov	r0, #1207959552
 188 0060 FFF7FEFF 		bl	HAL_GPIO_WritePin
 189              	.LVL7:
 190 0064 D9E7     		b	.L5
 191              	.LVL8:
 192              	.L9:
 193              	.LCFI1:
 194              		.cfi_def_cfa_offset 0
 195              		.cfi_restore 3
 196              		.cfi_restore 4
 197              		.cfi_restore 5
 198              		.cfi_restore 14
 279:Core/Src/can.c ****                           ((message->data[1] >> 3) & 0x01U) ? GPIO_PIN_SET : GPIO_PIN_RESET);
 199              		.loc 1 279 9 view .LVU44
 200 0066 7047     		bx	lr
 201              	.L15:
 202              		.align	2
 203              	.L14:
 204 0068 00000000 		.word	RPI_Override
 205 006c 00040048 		.word	1207960576
 206              		.cfi_endproc
 207              	.LFE400:
 209              		.section	.text.CAN_Handle_VCU_Command,"ax",%progbits
 210              		.align	1
 211              		.syntax unified
 212              		.thumb
 213              		.thumb_func
 215              	CAN_Handle_VCU_Command:
 216              	.LVL9:
 217              	.LFB401:
 283:Core/Src/can.c **** 
 284:Core/Src/can.c **** static void CAN_Handle_VCU_Command(CAN_Message_t *message){
 218              		.loc 1 284 59 is_stmt 1 view -0
 219              		.cfi_startproc
 220              		@ args = 0, pretend = 0, frame = 0
 221              		@ frame_needed = 0, uses_anonymous_args = 0
 285:Core/Src/can.c ****     if ((message == NULL) || (message->length <= 1U)) {
 222              		.loc 1 285 5 view .LVU46
 223              		.loc 1 285 8 is_stmt 0 view .LVU47
 224 0000 50B3     		cbz	r0, .L19
 284:Core/Src/can.c ****     if ((message == NULL) || (message->length <= 1U)) {
 225              		.loc 1 284 59 view .LVU48
 226 0002 38B5     		push	{r3, r4, r5, lr}
 227              	.LCFI2:
 228              		.cfi_def_cfa_offset 16
ARM GAS  C:\Users\adisa\AppData\Local\Temp\ccJAKY7c.s 			page 61


 229              		.cfi_offset 3, -16
 230              		.cfi_offset 4, -12
 231              		.cfi_offset 5, -8
 232              		.cfi_offset 14, -4
 233 0004 0446     		mov	r4, r0
 234              		.loc 1 285 38 discriminator 1 view .LVU49
 235 0006 037B     		ldrb	r3, [r0, #12]	@ zero_extendqisi2
 236              		.loc 1 285 27 discriminator 1 view .LVU50
 237 0008 012B     		cmp	r3, #1
 238 000a 03D9     		bls	.L16
 286:Core/Src/can.c ****         return;
 287:Core/Src/can.c ****     }
 288:Core/Src/can.c ****     if ((message->data[0] & 0x01U) != 1U) {
 239              		.loc 1 288 5 is_stmt 1 view .LVU51
 240              		.loc 1 288 23 is_stmt 0 view .LVU52
 241 000c 0379     		ldrb	r3, [r0, #4]	@ zero_extendqisi2
 242              		.loc 1 288 8 view .LVU53
 243 000e 13F0010F 		tst	r3, #1
 244 0012 00D1     		bne	.L22
 245              	.LVL10:
 246              	.L16:
 289:Core/Src/can.c ****         return;
 290:Core/Src/can.c ****     }
 291:Core/Src/can.c **** 
 292:Core/Src/can.c ****     if (message->length > 1U) {
 293:Core/Src/can.c ****         HAL_GPIO_WritePin(PUMP_Ctrl_GPIO_Port, PUMP_Ctrl_Pin,
 294:Core/Src/can.c ****                           ((message->data[1] >> 0) & 0x01U) ? GPIO_PIN_SET : GPIO_PIN_RESET);
 295:Core/Src/can.c ****         HAL_GPIO_WritePin(DRS_Ctrl_GPIO_Port, DRS_Ctrl_Pin,
 296:Core/Src/can.c ****                           ((message->data[1] >> 1) & 0x01U) ? GPIO_PIN_SET : GPIO_PIN_RESET);
 297:Core/Src/can.c ****         HAL_GPIO_WritePin(FANS_Ctrl_GPIO_Port, FANS_Ctrl_Pin,
 298:Core/Src/can.c ****                           ((message->data[1] >> 2) & 0x01U) ? GPIO_PIN_SET : GPIO_PIN_RESET);
 299:Core/Src/can.c ****         HAL_GPIO_WritePin(RAD_Ctrl_GPIO_Port, RAD_Ctrl_Pin,
 300:Core/Src/can.c ****                           ((message->data[1] >> 3) & 0x01U) ? GPIO_PIN_SET : GPIO_PIN_RESET);
 301:Core/Src/can.c ****     }
 302:Core/Src/can.c **** 
 303:Core/Src/can.c **** }
 247              		.loc 1 303 1 view .LVU54
 248 0014 38BD     		pop	{r3, r4, r5, pc}
 249              	.LVL11:
 250              	.L22:
 292:Core/Src/can.c ****         HAL_GPIO_WritePin(PUMP_Ctrl_GPIO_Port, PUMP_Ctrl_Pin,
 251              		.loc 1 292 5 is_stmt 1 view .LVU55
 293:Core/Src/can.c ****                           ((message->data[1] >> 0) & 0x01U) ? GPIO_PIN_SET : GPIO_PIN_RESET);
 252              		.loc 1 293 9 view .LVU56
 294:Core/Src/can.c ****         HAL_GPIO_WritePin(DRS_Ctrl_GPIO_Port, DRS_Ctrl_Pin,
 253              		.loc 1 294 42 is_stmt 0 view .LVU57
 254 0016 4279     		ldrb	r2, [r0, #5]	@ zero_extendqisi2
 293:Core/Src/can.c ****                           ((message->data[1] >> 0) & 0x01U) ? GPIO_PIN_SET : GPIO_PIN_RESET);
 255              		.loc 1 293 9 view .LVU58
 256 0018 104D     		ldr	r5, .L23
 257 001a 02F00102 		and	r2, r2, #1
 258 001e 1021     		movs	r1, #16
 259 0020 2846     		mov	r0, r5
 260              	.LVL12:
 293:Core/Src/can.c ****                           ((message->data[1] >> 0) & 0x01U) ? GPIO_PIN_SET : GPIO_PIN_RESET);
 261              		.loc 1 293 9 view .LVU59
 262 0022 FFF7FEFF 		bl	HAL_GPIO_WritePin
ARM GAS  C:\Users\adisa\AppData\Local\Temp\ccJAKY7c.s 			page 62


 263              	.LVL13:
 295:Core/Src/can.c ****                           ((message->data[1] >> 1) & 0x01U) ? GPIO_PIN_SET : GPIO_PIN_RESET);
 264              		.loc 1 295 9 is_stmt 1 view .LVU60
 296:Core/Src/can.c ****         HAL_GPIO_WritePin(FANS_Ctrl_GPIO_Port, FANS_Ctrl_Pin,
 265              		.loc 1 296 42 is_stmt 0 view .LVU61
 266 0026 6279     		ldrb	r2, [r4, #5]	@ zero_extendqisi2
 295:Core/Src/can.c ****                           ((message->data[1] >> 1) & 0x01U) ? GPIO_PIN_SET : GPIO_PIN_RESET);
 267              		.loc 1 295 9 view .LVU62
 268 0028 C2F34002 		ubfx	r2, r2, #1, #1
 269 002c 2021     		movs	r1, #32
 270 002e 2846     		mov	r0, r5
 271 0030 FFF7FEFF 		bl	HAL_GPIO_WritePin
 272              	.LVL14:
 297:Core/Src/can.c ****                           ((message->data[1] >> 2) & 0x01U) ? GPIO_PIN_SET : GPIO_PIN_RESET);
 273              		.loc 1 297 9 is_stmt 1 view .LVU63
 298:Core/Src/can.c ****         HAL_GPIO_WritePin(RAD_Ctrl_GPIO_Port, RAD_Ctrl_Pin,
 274              		.loc 1 298 42 is_stmt 0 view .LVU64
 275 0034 6279     		ldrb	r2, [r4, #5]	@ zero_extendqisi2
 297:Core/Src/can.c ****                           ((message->data[1] >> 2) & 0x01U) ? GPIO_PIN_SET : GPIO_PIN_RESET);
 276              		.loc 1 297 9 view .LVU65
 277 0036 C2F38002 		ubfx	r2, r2, #2, #1
 278 003a 4FF48061 		mov	r1, #1024
 279 003e 4FF09040 		mov	r0, #1207959552
 280 0042 FFF7FEFF 		bl	HAL_GPIO_WritePin
 281              	.LVL15:
 299:Core/Src/can.c ****                           ((message->data[1] >> 3) & 0x01U) ? GPIO_PIN_SET : GPIO_PIN_RESET);
 282              		.loc 1 299 9 is_stmt 1 view .LVU66
 300:Core/Src/can.c ****     }
 283              		.loc 1 300 42 is_stmt 0 view .LVU67
 284 0046 6279     		ldrb	r2, [r4, #5]	@ zero_extendqisi2
 299:Core/Src/can.c ****                           ((message->data[1] >> 3) & 0x01U) ? GPIO_PIN_SET : GPIO_PIN_RESET);
 285              		.loc 1 299 9 view .LVU68
 286 0048 C2F3C002 		ubfx	r2, r2, #3, #1
 287 004c 8021     		movs	r1, #128
 288 004e 4FF09040 		mov	r0, #1207959552
 289 0052 FFF7FEFF 		bl	HAL_GPIO_WritePin
 290              	.LVL16:
 291 0056 DDE7     		b	.L16
 292              	.LVL17:
 293              	.L19:
 294              	.LCFI3:
 295              		.cfi_def_cfa_offset 0
 296              		.cfi_restore 3
 297              		.cfi_restore 4
 298              		.cfi_restore 5
 299              		.cfi_restore 14
 299:Core/Src/can.c ****                           ((message->data[1] >> 3) & 0x01U) ? GPIO_PIN_SET : GPIO_PIN_RESET);
 300              		.loc 1 299 9 view .LVU69
 301 0058 7047     		bx	lr
 302              	.L24:
 303 005a 00BF     		.align	2
 304              	.L23:
 305 005c 00040048 		.word	1207960576
 306              		.cfi_endproc
 307              	.LFE401:
 309              		.section	.text.CAN_ProcessRXQueue,"ax",%progbits
 310              		.align	1
ARM GAS  C:\Users\adisa\AppData\Local\Temp\ccJAKY7c.s 			page 63


 311              		.syntax unified
 312              		.thumb
 313              		.thumb_func
 315              	CAN_ProcessRXQueue:
 316              	.LVL18:
 317              	.LFB392:
  90:Core/Src/can.c ****     
 318              		.loc 1 90 56 is_stmt 1 view -0
 319              		.cfi_startproc
 320              		@ args = 0, pretend = 0, frame = 0
 321              		@ frame_needed = 0, uses_anonymous_args = 0
  90:Core/Src/can.c ****     
 322              		.loc 1 90 56 is_stmt 0 view .LVU71
 323 0000 08B5     		push	{r3, lr}
 324              	.LCFI4:
 325              		.cfi_def_cfa_offset 8
 326              		.cfi_offset 3, -8
 327              		.cfi_offset 14, -4
  93:Core/Src/can.c **** 
 328              		.loc 1 93 5 is_stmt 1 view .LVU72
  93:Core/Src/can.c **** 
 329              		.loc 1 93 13 is_stmt 0 view .LVU73
 330 0002 0D4A     		ldr	r2, .L33
 331 0004 D368     		ldr	r3, [r2, #12]
  93:Core/Src/can.c **** 
 332              		.loc 1 93 30 view .LVU74
 333 0006 0133     		adds	r3, r3, #1
 334 0008 D360     		str	r3, [r2, #12]
  96:Core/Src/can.c ****         NVIC_SystemReset();
 335              		.loc 1 96 5 is_stmt 1 view .LVU75
  96:Core/Src/can.c ****         NVIC_SystemReset();
 336              		.loc 1 96 16 is_stmt 0 view .LVU76
 337 000a 0368     		ldr	r3, [r0]
  96:Core/Src/can.c ****         NVIC_SystemReset();
 338              		.loc 1 96 8 view .LVU77
 339 000c 0B4A     		ldr	r2, .L33+4
 340 000e 9342     		cmp	r3, r2
 341 0010 06D0     		beq	.L30
 101:Core/Src/can.c ****         CAN_Handle_RPI_Command(message);
 342              		.loc 1 101 5 is_stmt 1 view .LVU78
 101:Core/Src/can.c ****         CAN_Handle_RPI_Command(message);
 343              		.loc 1 101 8 is_stmt 0 view .LVU79
 344 0012 0B4A     		ldr	r2, .L33+8
 345 0014 9342     		cmp	r3, r2
 346 0016 05D0     		beq	.L31
 107:Core/Src/can.c ****         CAN_Handle_VCU_Command(message);
 347              		.loc 1 107 5 is_stmt 1 view .LVU80
 107:Core/Src/can.c ****         CAN_Handle_VCU_Command(message);
 348              		.loc 1 107 8 is_stmt 0 view .LVU81
 349 0018 0A4A     		ldr	r2, .L33+12
 350 001a 9342     		cmp	r3, r2
 351 001c 05D0     		beq	.L32
 352              	.LVL19:
 353              	.L25:
 119:Core/Src/can.c **** 
 354              		.loc 1 119 1 view .LVU82
 355 001e 08BD     		pop	{r3, pc}
ARM GAS  C:\Users\adisa\AppData\Local\Temp\ccJAKY7c.s 			page 64


 356              	.LVL20:
 357              	.L30:
  97:Core/Src/can.c ****         return;
 358              		.loc 1 97 9 is_stmt 1 view .LVU83
 359 0020 FFF7FEFF 		bl	__NVIC_SystemReset
 360              	.LVL21:
 361              	.L31:
 102:Core/Src/can.c **** 
 362              		.loc 1 102 9 view .LVU84
 363 0024 FFF7FEFF 		bl	CAN_Handle_RPI_Command
 364              	.LVL22:
 104:Core/Src/can.c ****     }
 365              		.loc 1 104 9 view .LVU85
 366 0028 F9E7     		b	.L25
 367              	.LVL23:
 368              	.L32:
 107:Core/Src/can.c ****         CAN_Handle_VCU_Command(message);
 369              		.loc 1 107 63 is_stmt 0 discriminator 1 view .LVU86
 370 002a 074B     		ldr	r3, .L33+16
 371 002c 1B78     		ldrb	r3, [r3]	@ zero_extendqisi2
 107:Core/Src/can.c ****         CAN_Handle_VCU_Command(message);
 372              		.loc 1 107 46 discriminator 1 view .LVU87
 373 002e 002B     		cmp	r3, #0
 374 0030 F5D1     		bne	.L25
 108:Core/Src/can.c **** 
 375              		.loc 1 108 9 is_stmt 1 view .LVU88
 376 0032 FFF7FEFF 		bl	CAN_Handle_VCU_Command
 377              	.LVL24:
 110:Core/Src/can.c ****     }
 378              		.loc 1 110 9 view .LVU89
 379 0036 F2E7     		b	.L25
 380              	.L34:
 381              		.align	2
 382              	.L33:
 383 0038 00000000 		.word	canStats
 384 003c F7014000 		.word	4194807
 385 0040 C0025000 		.word	5243584
 386 0044 C0021000 		.word	1049280
 387 0048 00000000 		.word	RPI_Override
 388              		.cfi_endproc
 389              	.LFE392:
 391              		.section	.text.CAN_Transmit,"ax",%progbits
 392              		.align	1
 393              		.syntax unified
 394              		.thumb
 395              		.thumb_func
 397              	CAN_Transmit:
 398              	.LVL25:
 399              	.LFB393:
 121:Core/Src/can.c ****     CAN_TxHeaderTypeDef txHeader;
 400              		.loc 1 121 63 view -0
 401              		.cfi_startproc
 402              		@ args = 0, pretend = 0, frame = 32
 403              		@ frame_needed = 0, uses_anonymous_args = 0
 122:Core/Src/can.c ****     uint32_t txMailbox;
 404              		.loc 1 122 5 view .LVU91
 123:Core/Src/can.c ****     HAL_StatusTypeDef status;
ARM GAS  C:\Users\adisa\AppData\Local\Temp\ccJAKY7c.s 			page 65


 405              		.loc 1 123 5 view .LVU92
 124:Core/Src/can.c ****     uint8_t retryCount = 0;
 406              		.loc 1 124 5 view .LVU93
 125:Core/Src/can.c **** 
 407              		.loc 1 125 5 view .LVU94
 127:Core/Src/can.c ****         return HAL_ERROR;
 408              		.loc 1 127 5 view .LVU95
 127:Core/Src/can.c ****         return HAL_ERROR;
 409              		.loc 1 127 8 is_stmt 0 view .LVU96
 410 0000 60B3     		cbz	r0, .L41
 121:Core/Src/can.c ****     CAN_TxHeaderTypeDef txHeader;
 411              		.loc 1 121 63 view .LVU97
 412 0002 30B5     		push	{r4, r5, lr}
 413              	.LCFI5:
 414              		.cfi_def_cfa_offset 12
 415              		.cfi_offset 4, -12
 416              		.cfi_offset 5, -8
 417              		.cfi_offset 14, -4
 418 0004 89B0     		sub	sp, sp, #36
 419              	.LCFI6:
 420              		.cfi_def_cfa_offset 48
 421 0006 0546     		mov	r5, r0
 131:Core/Src/can.c ****     txHeader.StdId = 0;
 422              		.loc 1 131 5 is_stmt 1 view .LVU98
 131:Core/Src/can.c ****     txHeader.StdId = 0;
 423              		.loc 1 131 29 is_stmt 0 view .LVU99
 424 0008 0368     		ldr	r3, [r0]
 131:Core/Src/can.c ****     txHeader.StdId = 0;
 425              		.loc 1 131 20 view .LVU100
 426 000a 0393     		str	r3, [sp, #12]
 132:Core/Src/can.c ****     txHeader.RTR = CAN_RTR_DATA;
 427              		.loc 1 132 5 is_stmt 1 view .LVU101
 132:Core/Src/can.c ****     txHeader.RTR = CAN_RTR_DATA;
 428              		.loc 1 132 20 is_stmt 0 view .LVU102
 429 000c 0024     		movs	r4, #0
 430 000e 0294     		str	r4, [sp, #8]
 133:Core/Src/can.c ****     txHeader.IDE = CAN_ID_EXT;
 431              		.loc 1 133 5 is_stmt 1 view .LVU103
 133:Core/Src/can.c ****     txHeader.IDE = CAN_ID_EXT;
 432              		.loc 1 133 18 is_stmt 0 view .LVU104
 433 0010 0594     		str	r4, [sp, #20]
 134:Core/Src/can.c ****     txHeader.DLC = message->length;
 434              		.loc 1 134 5 is_stmt 1 view .LVU105
 134:Core/Src/can.c ****     txHeader.DLC = message->length;
 435              		.loc 1 134 18 is_stmt 0 view .LVU106
 436 0012 0423     		movs	r3, #4
 437 0014 0493     		str	r3, [sp, #16]
 135:Core/Src/can.c ****     txHeader.TransmitGlobalTime = DISABLE;
 438              		.loc 1 135 5 is_stmt 1 view .LVU107
 135:Core/Src/can.c ****     txHeader.TransmitGlobalTime = DISABLE;
 439              		.loc 1 135 27 is_stmt 0 view .LVU108
 440 0016 037B     		ldrb	r3, [r0, #12]	@ zero_extendqisi2
 135:Core/Src/can.c ****     txHeader.TransmitGlobalTime = DISABLE;
 441              		.loc 1 135 18 view .LVU109
 442 0018 0693     		str	r3, [sp, #24]
 136:Core/Src/can.c **** 
 443              		.loc 1 136 5 is_stmt 1 view .LVU110
ARM GAS  C:\Users\adisa\AppData\Local\Temp\ccJAKY7c.s 			page 66


 136:Core/Src/can.c **** 
 444              		.loc 1 136 33 is_stmt 0 view .LVU111
 445 001a 8DF81C40 		strb	r4, [sp, #28]
 138:Core/Src/can.c ****         status = HAL_CAN_AddTxMessage(&hcan1, &txHeader, message->data, &txMailbox);
 446              		.loc 1 138 5 is_stmt 1 view .LVU112
 447              	.LVL26:
 448              	.L37:
 138:Core/Src/can.c ****         status = HAL_CAN_AddTxMessage(&hcan1, &txHeader, message->data, &txMailbox);
 449              		.loc 1 138 23 view .LVU113
 450 001e 022C     		cmp	r4, #2
 451 0020 14D8     		bhi	.L39
 139:Core/Src/can.c **** 
 452              		.loc 1 139 9 view .LVU114
 139:Core/Src/can.c **** 
 453              		.loc 1 139 18 is_stmt 0 view .LVU115
 454 0022 01AB     		add	r3, sp, #4
 455 0024 2A1D     		adds	r2, r5, #4
 456 0026 02A9     		add	r1, sp, #8
 457 0028 0E48     		ldr	r0, .L47
 458 002a FFF7FEFF 		bl	HAL_CAN_AddTxMessage
 459              	.LVL27:
 141:Core/Src/can.c ****             canStats.tx_success_count++;
 460              		.loc 1 141 9 is_stmt 1 view .LVU116
 141:Core/Src/can.c ****             canStats.tx_success_count++;
 461              		.loc 1 141 12 is_stmt 0 view .LVU117
 462 002e 0346     		mov	r3, r0
 463 0030 38B1     		cbz	r0, .L46
 146:Core/Src/can.c **** 
 464              		.loc 1 146 9 is_stmt 1 view .LVU118
 146:Core/Src/can.c **** 
 465              		.loc 1 146 19 is_stmt 0 view .LVU119
 466 0032 0134     		adds	r4, r4, #1
 467              	.LVL28:
 146:Core/Src/can.c **** 
 468              		.loc 1 146 19 view .LVU120
 469 0034 E4B2     		uxtb	r4, r4
 470              	.LVL29:
 148:Core/Src/can.c ****             osDelay(1);
 471              		.loc 1 148 9 is_stmt 1 view .LVU121
 148:Core/Src/can.c ****             osDelay(1);
 472              		.loc 1 148 12 is_stmt 0 view .LVU122
 473 0036 022C     		cmp	r4, #2
 474 0038 08D8     		bhi	.L39
 149:Core/Src/can.c ****         }
 475              		.loc 1 149 13 is_stmt 1 view .LVU123
 476 003a 0120     		movs	r0, #1
 477              	.LVL30:
 149:Core/Src/can.c ****         }
 478              		.loc 1 149 13 is_stmt 0 view .LVU124
 479 003c FFF7FEFF 		bl	osDelay
 480              	.LVL31:
 149:Core/Src/can.c ****         }
 481              		.loc 1 149 13 view .LVU125
 482 0040 EDE7     		b	.L37
 483              	.LVL32:
 484              	.L46:
 142:Core/Src/can.c ****             return HAL_OK;
ARM GAS  C:\Users\adisa\AppData\Local\Temp\ccJAKY7c.s 			page 67


 485              		.loc 1 142 13 is_stmt 1 view .LVU126
 142:Core/Src/can.c ****             return HAL_OK;
 486              		.loc 1 142 21 is_stmt 0 view .LVU127
 487 0042 0949     		ldr	r1, .L47+4
 488 0044 0A68     		ldr	r2, [r1]
 142:Core/Src/can.c ****             return HAL_OK;
 489              		.loc 1 142 38 view .LVU128
 490 0046 0132     		adds	r2, r2, #1
 491 0048 0A60     		str	r2, [r1]
 143:Core/Src/can.c ****         }
 492              		.loc 1 143 13 is_stmt 1 view .LVU129
 143:Core/Src/can.c ****         }
 493              		.loc 1 143 20 is_stmt 0 view .LVU130
 494 004a 04E0     		b	.L36
 495              	.LVL33:
 496              	.L39:
 153:Core/Src/can.c ****     return HAL_ERROR;
 497              		.loc 1 153 5 is_stmt 1 view .LVU131
 153:Core/Src/can.c ****     return HAL_ERROR;
 498              		.loc 1 153 13 is_stmt 0 view .LVU132
 499 004c 064A     		ldr	r2, .L47+4
 500 004e 5369     		ldr	r3, [r2, #20]
 153:Core/Src/can.c ****     return HAL_ERROR;
 501              		.loc 1 153 29 view .LVU133
 502 0050 0133     		adds	r3, r3, #1
 503 0052 5361     		str	r3, [r2, #20]
 154:Core/Src/can.c **** }
 504              		.loc 1 154 5 is_stmt 1 view .LVU134
 154:Core/Src/can.c **** }
 505              		.loc 1 154 12 is_stmt 0 view .LVU135
 506 0054 0123     		movs	r3, #1
 507              	.L36:
 155:Core/Src/can.c **** 
 508              		.loc 1 155 1 view .LVU136
 509 0056 1846     		mov	r0, r3
 510 0058 09B0     		add	sp, sp, #36
 511              	.LCFI7:
 512              		.cfi_def_cfa_offset 12
 513              		@ sp needed
 514 005a 30BD     		pop	{r4, r5, pc}
 515              	.LVL34:
 516              	.L41:
 517              	.LCFI8:
 518              		.cfi_def_cfa_offset 0
 519              		.cfi_restore 4
 520              		.cfi_restore 5
 521              		.cfi_restore 14
 128:Core/Src/can.c ****     }
 522              		.loc 1 128 16 view .LVU137
 523 005c 0123     		movs	r3, #1
 155:Core/Src/can.c **** 
 524              		.loc 1 155 1 view .LVU138
 525 005e 1846     		mov	r0, r3
 526              	.LVL35:
 155:Core/Src/can.c **** 
 527              		.loc 1 155 1 view .LVU139
 528 0060 7047     		bx	lr
ARM GAS  C:\Users\adisa\AppData\Local\Temp\ccJAKY7c.s 			page 68


 529              	.L48:
 530 0062 00BF     		.align	2
 531              	.L47:
 532 0064 00000000 		.word	hcan1
 533 0068 00000000 		.word	canStats
 534              		.cfi_endproc
 535              	.LFE393:
 537              		.section	.text.CAN_ProcessTXQueue,"ax",%progbits
 538              		.align	1
 539              		.syntax unified
 540              		.thumb
 541              		.thumb_func
 543              	CAN_ProcessTXQueue:
 544              	.LFB391:
  78:Core/Src/can.c ****     CAN_Message_t message;
 545              		.loc 1 78 38 is_stmt 1 view -0
 546              		.cfi_startproc
 547              		@ args = 0, pretend = 0, frame = 24
 548              		@ frame_needed = 0, uses_anonymous_args = 0
 549 0000 00B5     		push	{lr}
 550              	.LCFI9:
 551              		.cfi_def_cfa_offset 4
 552              		.cfi_offset 14, -4
 553 0002 87B0     		sub	sp, sp, #28
 554              	.LCFI10:
 555              		.cfi_def_cfa_offset 32
  79:Core/Src/can.c **** 
 556              		.loc 1 79 5 view .LVU141
  81:Core/Src/can.c ****         if (CAN_Transmit(&message) != HAL_OK) {
 557              		.loc 1 81 5 view .LVU142
 558              	.L50:
  81:Core/Src/can.c ****         if (CAN_Transmit(&message) != HAL_OK) {
 559              		.loc 1 81 67 view .LVU143
  81:Core/Src/can.c ****         if (CAN_Transmit(&message) != HAL_OK) {
 560              		.loc 1 81 12 is_stmt 0 view .LVU144
 561 0004 0023     		movs	r3, #0
 562 0006 1A46     		mov	r2, r3
 563 0008 01A9     		add	r1, sp, #4
 564 000a 0848     		ldr	r0, .L54
 565 000c 0068     		ldr	r0, [r0]
 566 000e FFF7FEFF 		bl	osMessageQueueGet
 567              	.LVL36:
  81:Core/Src/can.c ****         if (CAN_Transmit(&message) != HAL_OK) {
 568              		.loc 1 81 67 discriminator 1 view .LVU145
 569 0012 40B9     		cbnz	r0, .L49
  82:Core/Src/can.c ****             canStats.tx_failure_count++;
 570              		.loc 1 82 9 is_stmt 1 view .LVU146
  82:Core/Src/can.c ****             canStats.tx_failure_count++;
 571              		.loc 1 82 13 is_stmt 0 view .LVU147
 572 0014 01A8     		add	r0, sp, #4
 573 0016 FFF7FEFF 		bl	CAN_Transmit
 574              	.LVL37:
  82:Core/Src/can.c ****             canStats.tx_failure_count++;
 575              		.loc 1 82 12 discriminator 1 view .LVU148
 576 001a 0028     		cmp	r0, #0
 577 001c F2D0     		beq	.L50
  83:Core/Src/can.c ****             break;
ARM GAS  C:\Users\adisa\AppData\Local\Temp\ccJAKY7c.s 			page 69


 578              		.loc 1 83 13 is_stmt 1 view .LVU149
  83:Core/Src/can.c ****             break;
 579              		.loc 1 83 21 is_stmt 0 view .LVU150
 580 001e 044A     		ldr	r2, .L54+4
 581 0020 5368     		ldr	r3, [r2, #4]
  83:Core/Src/can.c ****             break;
 582              		.loc 1 83 38 view .LVU151
 583 0022 0133     		adds	r3, r3, #1
 584 0024 5360     		str	r3, [r2, #4]
  84:Core/Src/can.c ****         }
 585              		.loc 1 84 13 is_stmt 1 view .LVU152
 586              	.L49:
  87:Core/Src/can.c **** 
 587              		.loc 1 87 1 is_stmt 0 view .LVU153
 588 0026 07B0     		add	sp, sp, #28
 589              	.LCFI11:
 590              		.cfi_def_cfa_offset 4
 591              		@ sp needed
 592 0028 5DF804FB 		ldr	pc, [sp], #4
 593              	.L55:
 594              		.align	2
 595              	.L54:
 596 002c 00000000 		.word	canTxQueueHandle
 597 0030 00000000 		.word	canStats
 598              		.cfi_endproc
 599              	.LFE391:
 601              		.section	.text.CAN_Send_Message,"ax",%progbits
 602              		.align	1
 603              		.global	CAN_Send_Message
 604              		.syntax unified
 605              		.thumb
 606              		.thumb_func
 608              	CAN_Send_Message:
 609              	.LVL38:
 610              	.LFB389:
  33:Core/Src/can.c ****     CAN_Message_t message;
 611              		.loc 1 33 98 is_stmt 1 view -0
 612              		.cfi_startproc
 613              		@ args = 0, pretend = 0, frame = 24
 614              		@ frame_needed = 0, uses_anonymous_args = 0
  34:Core/Src/can.c **** 
 615              		.loc 1 34 5 view .LVU155
  36:Core/Src/can.c ****         return HAL_ERROR;
 616              		.loc 1 36 5 view .LVU156
  36:Core/Src/can.c ****         return HAL_ERROR;
 617              		.loc 1 36 8 is_stmt 0 view .LVU157
 618 0000 082A     		cmp	r2, #8
 619 0002 2AD8     		bhi	.L59
  33:Core/Src/can.c ****     CAN_Message_t message;
 620              		.loc 1 33 98 view .LVU158
 621 0004 70B5     		push	{r4, r5, r6, lr}
 622              	.LCFI12:
 623              		.cfi_def_cfa_offset 16
 624              		.cfi_offset 4, -16
 625              		.cfi_offset 5, -12
 626              		.cfi_offset 6, -8
 627              		.cfi_offset 14, -4
ARM GAS  C:\Users\adisa\AppData\Local\Temp\ccJAKY7c.s 			page 70


 628 0006 86B0     		sub	sp, sp, #24
 629              	.LCFI13:
 630              		.cfi_def_cfa_offset 40
 631 0008 0E46     		mov	r6, r1
 632 000a 1446     		mov	r4, r2
 633 000c 1D46     		mov	r5, r3
  36:Core/Src/can.c ****         return HAL_ERROR;
 634              		.loc 1 36 20 discriminator 1 view .LVU159
 635 000e B0F1005F 		cmp	r0, #536870912
 636 0012 02D3     		bcc	.L66
  37:Core/Src/can.c ****     }
 637              		.loc 1 37 16 view .LVU160
 638 0014 0120     		movs	r0, #1
 639              	.LVL39:
 640              	.L57:
  55:Core/Src/can.c **** 
 641              		.loc 1 55 1 view .LVU161
 642 0016 06B0     		add	sp, sp, #24
 643              	.LCFI14:
 644              		.cfi_remember_state
 645              		.cfi_def_cfa_offset 16
 646              		@ sp needed
 647 0018 70BD     		pop	{r4, r5, r6, pc}
 648              	.LVL40:
 649              	.L66:
 650              	.LCFI15:
 651              		.cfi_restore_state
  40:Core/Src/can.c ****     message.length = length;
 652              		.loc 1 40 5 is_stmt 1 view .LVU162
  40:Core/Src/can.c ****     message.length = length;
 653              		.loc 1 40 16 is_stmt 0 view .LVU163
 654 001a 0190     		str	r0, [sp, #4]
  41:Core/Src/can.c ****     message.priority = priority;
 655              		.loc 1 41 5 is_stmt 1 view .LVU164
  41:Core/Src/can.c ****     message.priority = priority;
 656              		.loc 1 41 20 is_stmt 0 view .LVU165
 657 001c 8DF81020 		strb	r2, [sp, #16]
  42:Core/Src/can.c ****     message.timestamp = osKernelGetTickCount();
 658              		.loc 1 42 5 is_stmt 1 view .LVU166
  42:Core/Src/can.c ****     message.timestamp = osKernelGetTickCount();
 659              		.loc 1 42 22 is_stmt 0 view .LVU167
 660 0020 8DF81130 		strb	r3, [sp, #17]
  43:Core/Src/can.c **** 
 661              		.loc 1 43 5 is_stmt 1 view .LVU168
  43:Core/Src/can.c **** 
 662              		.loc 1 43 25 is_stmt 0 view .LVU169
 663 0024 FFF7FEFF 		bl	osKernelGetTickCount
 664              	.LVL41:
  43:Core/Src/can.c **** 
 665              		.loc 1 43 23 discriminator 1 view .LVU170
 666 0028 0590     		str	r0, [sp, #20]
  45:Core/Src/can.c ****         memcpy(message.data, data, length);
 667              		.loc 1 45 5 is_stmt 1 view .LVU171
  45:Core/Src/can.c ****         memcpy(message.data, data, length);
 668              		.loc 1 45 8 is_stmt 0 view .LVU172
 669 002a 06B1     		cbz	r6, .L58
  45:Core/Src/can.c ****         memcpy(message.data, data, length);
ARM GAS  C:\Users\adisa\AppData\Local\Temp\ccJAKY7c.s 			page 71


 670              		.loc 1 45 22 discriminator 1 view .LVU173
 671 002c 4CB9     		cbnz	r4, .L67
 672              	.L58:
  49:Core/Src/can.c ****         canStats.tx_queue_full_count++;
 673              		.loc 1 49 5 is_stmt 1 view .LVU174
  49:Core/Src/can.c ****         canStats.tx_queue_full_count++;
 674              		.loc 1 49 9 is_stmt 0 view .LVU175
 675 002e 6423     		movs	r3, #100
 676 0030 2A46     		mov	r2, r5
 677 0032 01A9     		add	r1, sp, #4
 678 0034 0A48     		ldr	r0, .L69
 679 0036 0068     		ldr	r0, [r0]
 680 0038 FFF7FEFF 		bl	osMessageQueuePut
 681              	.LVL42:
  49:Core/Src/can.c ****         canStats.tx_queue_full_count++;
 682              		.loc 1 49 8 discriminator 1 view .LVU176
 683 003c 38B9     		cbnz	r0, .L68
  54:Core/Src/can.c **** }
 684              		.loc 1 54 12 view .LVU177
 685 003e 0020     		movs	r0, #0
 686 0040 E9E7     		b	.L57
 687              	.L67:
  46:Core/Src/can.c ****     }
 688              		.loc 1 46 9 is_stmt 1 view .LVU178
 689 0042 2246     		mov	r2, r4
 690 0044 3146     		mov	r1, r6
 691 0046 02A8     		add	r0, sp, #8
 692 0048 FFF7FEFF 		bl	memcpy
 693              	.LVL43:
 694 004c EFE7     		b	.L58
 695              	.L68:
  50:Core/Src/can.c ****         return HAL_ERROR;
 696              		.loc 1 50 9 view .LVU179
  50:Core/Src/can.c ****         return HAL_ERROR;
 697              		.loc 1 50 17 is_stmt 0 view .LVU180
 698 004e 054A     		ldr	r2, .L69+4
 699 0050 9368     		ldr	r3, [r2, #8]
  50:Core/Src/can.c ****         return HAL_ERROR;
 700              		.loc 1 50 37 view .LVU181
 701 0052 0133     		adds	r3, r3, #1
 702 0054 9360     		str	r3, [r2, #8]
  51:Core/Src/can.c ****     }
 703              		.loc 1 51 9 is_stmt 1 view .LVU182
  51:Core/Src/can.c ****     }
 704              		.loc 1 51 16 is_stmt 0 view .LVU183
 705 0056 0120     		movs	r0, #1
 706 0058 DDE7     		b	.L57
 707              	.LVL44:
 708              	.L59:
 709              	.LCFI16:
 710              		.cfi_def_cfa_offset 0
 711              		.cfi_restore 4
 712              		.cfi_restore 5
 713              		.cfi_restore 6
 714              		.cfi_restore 14
  37:Core/Src/can.c ****     }
 715              		.loc 1 37 16 view .LVU184
ARM GAS  C:\Users\adisa\AppData\Local\Temp\ccJAKY7c.s 			page 72


 716 005a 0120     		movs	r0, #1
 717              	.LVL45:
  55:Core/Src/can.c **** 
 718              		.loc 1 55 1 view .LVU185
 719 005c 7047     		bx	lr
 720              	.L70:
 721 005e 00BF     		.align	2
 722              	.L69:
 723 0060 00000000 		.word	canTxQueueHandle
 724 0064 00000000 		.word	canStats
 725              		.cfi_endproc
 726              	.LFE389:
 728              		.section	.text.CAN_Task,"ax",%progbits
 729              		.align	1
 730              		.global	CAN_Task
 731              		.syntax unified
 732              		.thumb
 733              		.thumb_func
 735              	CAN_Task:
 736              	.LVL46:
 737              	.LFB390:
  57:Core/Src/can.c ****     CAN_Message_t rxMessage;
 738              		.loc 1 57 31 is_stmt 1 view -0
 739              		.cfi_startproc
 740              		@ Volatile: function does not return.
 741              		@ args = 0, pretend = 0, frame = 24
 742              		@ frame_needed = 0, uses_anonymous_args = 0
  57:Core/Src/can.c ****     CAN_Message_t rxMessage;
 743              		.loc 1 57 31 is_stmt 0 view .LVU187
 744 0000 00B5     		push	{lr}
 745              	.LCFI17:
 746              		.cfi_def_cfa_offset 4
 747              		.cfi_offset 14, -4
 748 0002 87B0     		sub	sp, sp, #28
 749              	.LCFI18:
 750              		.cfi_def_cfa_offset 32
  58:Core/Src/can.c ****     //uint8_t test_data[2] = {0x12, 0x34};
 751              		.loc 1 58 5 is_stmt 1 view .LVU188
  61:Core/Src/can.c **** 
 752              		.loc 1 61 5 view .LVU189
 753 0004 6420     		movs	r0, #100
 754              	.LVL47:
  61:Core/Src/can.c **** 
 755              		.loc 1 61 5 is_stmt 0 view .LVU190
 756 0006 FFF7FEFF 		bl	osDelay
 757              	.LVL48:
 758 000a 02E0     		b	.L72
 759              	.L73:
  67:Core/Src/can.c ****         }
 760              		.loc 1 67 13 is_stmt 1 view .LVU191
 761 000c 01A8     		add	r0, sp, #4
 762 000e FFF7FEFF 		bl	CAN_ProcessRXQueue
 763              	.LVL49:
 764              	.L72:
  66:Core/Src/can.c ****             CAN_ProcessRXQueue(&rxMessage);
 765              		.loc 1 66 73 view .LVU192
  66:Core/Src/can.c ****             CAN_ProcessRXQueue(&rxMessage);
ARM GAS  C:\Users\adisa\AppData\Local\Temp\ccJAKY7c.s 			page 73


 766              		.loc 1 66 16 is_stmt 0 view .LVU193
 767 0012 0023     		movs	r3, #0
 768 0014 1A46     		mov	r2, r3
 769 0016 01A9     		add	r1, sp, #4
 770 0018 0548     		ldr	r0, .L76
 771 001a 0068     		ldr	r0, [r0]
 772 001c FFF7FEFF 		bl	osMessageQueueGet
 773              	.LVL50:
  66:Core/Src/can.c ****             CAN_ProcessRXQueue(&rxMessage);
 774              		.loc 1 66 73 discriminator 1 view .LVU194
 775 0020 0028     		cmp	r0, #0
 776 0022 F3D0     		beq	.L73
  70:Core/Src/can.c **** 
 777              		.loc 1 70 9 is_stmt 1 view .LVU195
 778 0024 FFF7FEFF 		bl	CAN_ProcessTXQueue
 779              	.LVL51:
  74:Core/Src/can.c ****     }
 780              		.loc 1 74 9 view .LVU196
 781 0028 0A20     		movs	r0, #10
 782 002a FFF7FEFF 		bl	osDelay
 783              	.LVL52:
  65:Core/Src/can.c ****         while (osMessageQueueGet(canRxQueueHandle, &rxMessage, NULL, 0) == osOK) {
 784              		.loc 1 65 5 view .LVU197
  66:Core/Src/can.c ****             CAN_ProcessRXQueue(&rxMessage);
 785              		.loc 1 66 15 is_stmt 0 view .LVU198
 786 002e F0E7     		b	.L72
 787              	.L77:
 788              		.align	2
 789              	.L76:
 790 0030 00000000 		.word	canRxQueueHandle
 791              		.cfi_endproc
 792              	.LFE390:
 794              		.section	.text.HAL_CAN_RxFifo0MsgPendingCallback,"ax",%progbits
 795              		.align	1
 796              		.global	HAL_CAN_RxFifo0MsgPendingCallback
 797              		.syntax unified
 798              		.thumb
 799              		.thumb_func
 801              	HAL_CAN_RxFifo0MsgPendingCallback:
 802              	.LVL53:
 803              	.LFB394:
 158:Core/Src/can.c ****     CAN_RxHeaderTypeDef RxHeader;
 804              		.loc 1 158 65 is_stmt 1 view -0
 805              		.cfi_startproc
 806              		@ args = 0, pretend = 0, frame = 48
 807              		@ frame_needed = 0, uses_anonymous_args = 0
 159:Core/Src/can.c ****     CAN_Message_t msg;
 808              		.loc 1 159 5 view .LVU200
 160:Core/Src/can.c **** 
 809              		.loc 1 160 5 view .LVU201
 162:Core/Src/can.c ****         return;
 810              		.loc 1 162 5 view .LVU202
 162:Core/Src/can.c ****         return;
 811              		.loc 1 162 8 is_stmt 0 view .LVU203
 812 0000 28B3     		cbz	r0, .L84
 162:Core/Src/can.c ****         return;
 813              		.loc 1 162 45 discriminator 1 view .LVU204
ARM GAS  C:\Users\adisa\AppData\Local\Temp\ccJAKY7c.s 			page 74


 814 0002 134B     		ldr	r3, .L88
 815 0004 1B68     		ldr	r3, [r3]
 162:Core/Src/can.c ****         return;
 816              		.loc 1 162 24 discriminator 1 view .LVU205
 817 0006 13B3     		cbz	r3, .L84
 158:Core/Src/can.c ****     CAN_RxHeaderTypeDef RxHeader;
 818              		.loc 1 158 65 view .LVU206
 819 0008 10B5     		push	{r4, lr}
 820              	.LCFI19:
 821              		.cfi_def_cfa_offset 8
 822              		.cfi_offset 4, -8
 823              		.cfi_offset 14, -4
 824 000a 8CB0     		sub	sp, sp, #48
 825              	.LCFI20:
 826              		.cfi_def_cfa_offset 56
 166:Core/Src/can.c ****         msg.id = RxHeader.ExtId;
 827              		.loc 1 166 5 is_stmt 1 view .LVU207
 166:Core/Src/can.c ****         msg.id = RxHeader.ExtId;
 828              		.loc 1 166 9 is_stmt 0 view .LVU208
 829 000c 01AB     		add	r3, sp, #4
 830 000e 05AA     		add	r2, sp, #20
 831 0010 0021     		movs	r1, #0
 832 0012 FFF7FEFF 		bl	HAL_CAN_GetRxMessage
 833              	.LVL54:
 166:Core/Src/can.c ****         msg.id = RxHeader.ExtId;
 834              		.loc 1 166 8 discriminator 1 view .LVU209
 835 0016 08B1     		cbz	r0, .L87
 836              	.L78:
 176:Core/Src/can.c **** 
 837              		.loc 1 176 1 view .LVU210
 838 0018 0CB0     		add	sp, sp, #48
 839              	.LCFI21:
 840              		.cfi_remember_state
 841              		.cfi_def_cfa_offset 8
 842              		@ sp needed
 843 001a 10BD     		pop	{r4, pc}
 844              	.L87:
 845              	.LCFI22:
 846              		.cfi_restore_state
 167:Core/Src/can.c ****         msg.length = RxHeader.DLC;
 847              		.loc 1 167 9 is_stmt 1 view .LVU211
 167:Core/Src/can.c ****         msg.length = RxHeader.DLC;
 848              		.loc 1 167 26 is_stmt 0 view .LVU212
 849 001c 069B     		ldr	r3, [sp, #24]
 167:Core/Src/can.c ****         msg.length = RxHeader.DLC;
 850              		.loc 1 167 16 view .LVU213
 851 001e 0093     		str	r3, [sp]
 168:Core/Src/can.c ****         msg.priority = 0;
 852              		.loc 1 168 9 is_stmt 1 view .LVU214
 168:Core/Src/can.c ****         msg.priority = 0;
 853              		.loc 1 168 30 is_stmt 0 view .LVU215
 854 0020 099B     		ldr	r3, [sp, #36]
 168:Core/Src/can.c ****         msg.priority = 0;
 855              		.loc 1 168 20 view .LVU216
 856 0022 8DF80C30 		strb	r3, [sp, #12]
 169:Core/Src/can.c ****         msg.timestamp = osKernelGetTickCount();
 857              		.loc 1 169 9 is_stmt 1 view .LVU217
ARM GAS  C:\Users\adisa\AppData\Local\Temp\ccJAKY7c.s 			page 75


 169:Core/Src/can.c ****         msg.timestamp = osKernelGetTickCount();
 858              		.loc 1 169 22 is_stmt 0 view .LVU218
 859 0026 0024     		movs	r4, #0
 860 0028 8DF80D40 		strb	r4, [sp, #13]
 170:Core/Src/can.c **** 
 861              		.loc 1 170 9 is_stmt 1 view .LVU219
 170:Core/Src/can.c **** 
 862              		.loc 1 170 25 is_stmt 0 view .LVU220
 863 002c FFF7FEFF 		bl	osKernelGetTickCount
 864              	.LVL55:
 170:Core/Src/can.c **** 
 865              		.loc 1 170 23 discriminator 1 view .LVU221
 866 0030 0490     		str	r0, [sp, #16]
 172:Core/Src/can.c ****             canStats.rx_queue_full_count++;
 867              		.loc 1 172 9 is_stmt 1 view .LVU222
 172:Core/Src/can.c ****             canStats.rx_queue_full_count++;
 868              		.loc 1 172 13 is_stmt 0 view .LVU223
 869 0032 2346     		mov	r3, r4
 870 0034 2246     		mov	r2, r4
 871 0036 6946     		mov	r1, sp
 872 0038 0548     		ldr	r0, .L88
 873 003a 0068     		ldr	r0, [r0]
 874 003c FFF7FEFF 		bl	osMessageQueuePut
 875              	.LVL56:
 172:Core/Src/can.c ****             canStats.rx_queue_full_count++;
 876              		.loc 1 172 12 discriminator 1 view .LVU224
 877 0040 0028     		cmp	r0, #0
 878 0042 E9D0     		beq	.L78
 173:Core/Src/can.c ****         }
 879              		.loc 1 173 13 is_stmt 1 view .LVU225
 173:Core/Src/can.c ****         }
 880              		.loc 1 173 21 is_stmt 0 view .LVU226
 881 0044 034A     		ldr	r2, .L88+4
 882 0046 1369     		ldr	r3, [r2, #16]
 173:Core/Src/can.c ****         }
 883              		.loc 1 173 41 view .LVU227
 884 0048 0133     		adds	r3, r3, #1
 885 004a 1361     		str	r3, [r2, #16]
 886 004c E4E7     		b	.L78
 887              	.LVL57:
 888              	.L84:
 889              	.LCFI23:
 890              		.cfi_def_cfa_offset 0
 891              		.cfi_restore 4
 892              		.cfi_restore 14
 173:Core/Src/can.c ****         }
 893              		.loc 1 173 41 view .LVU228
 894 004e 7047     		bx	lr
 895              	.L89:
 896              		.align	2
 897              	.L88:
 898 0050 00000000 		.word	canRxQueueHandle
 899 0054 00000000 		.word	canStats
 900              		.cfi_endproc
 901              	.LFE394:
 903              		.section	.text.CAN_Get_Stats,"ax",%progbits
 904              		.align	1
ARM GAS  C:\Users\adisa\AppData\Local\Temp\ccJAKY7c.s 			page 76


 905              		.global	CAN_Get_Stats
 906              		.syntax unified
 907              		.thumb
 908              		.thumb_func
 910              	CAN_Get_Stats:
 911              	.LVL58:
 912              	.LFB395:
 178:Core/Src/can.c ****     if (stats != NULL) {
 913              		.loc 1 178 40 is_stmt 1 view -0
 914              		.cfi_startproc
 915              		@ args = 0, pretend = 0, frame = 0
 916              		@ frame_needed = 0, uses_anonymous_args = 0
 917              		@ link register save eliminated.
 179:Core/Src/can.c ****         memcpy(stats, &canStats, sizeof(CAN_Stats_t));
 918              		.loc 1 179 5 view .LVU230
 179:Core/Src/can.c ****         memcpy(stats, &canStats, sizeof(CAN_Stats_t));
 919              		.loc 1 179 8 is_stmt 0 view .LVU231
 920 0000 98B1     		cbz	r0, .L93
 178:Core/Src/can.c ****     if (stats != NULL) {
 921              		.loc 1 178 40 view .LVU232
 922 0002 10B4     		push	{r4}
 923              	.LCFI24:
 924              		.cfi_def_cfa_offset 4
 925              		.cfi_offset 4, -4
 926 0004 8446     		mov	ip, r0
 180:Core/Src/can.c ****     }
 927              		.loc 1 180 9 is_stmt 1 view .LVU233
 928 0006 094C     		ldr	r4, .L96
 929 0008 0FCC     		ldmia	r4!, {r0, r1, r2, r3}
 930              	.LVL59:
 180:Core/Src/can.c ****     }
 931              		.loc 1 180 9 is_stmt 0 view .LVU234
 932 000a CCF80000 		str	r0, [ip]	@ unaligned
 933 000e CCF80410 		str	r1, [ip, #4]	@ unaligned
 934 0012 CCF80820 		str	r2, [ip, #8]	@ unaligned
 935 0016 CCF80C30 		str	r3, [ip, #12]	@ unaligned
 936 001a 03CC     		ldmia	r4!, {r0, r1}
 937 001c CCF81000 		str	r0, [ip, #16]	@ unaligned
 938 0020 CCF81410 		str	r1, [ip, #20]	@ unaligned
 182:Core/Src/can.c **** 
 939              		.loc 1 182 1 view .LVU235
 940 0024 5DF8044B 		ldr	r4, [sp], #4
 941              	.LCFI25:
 942              		.cfi_restore 4
 943              		.cfi_def_cfa_offset 0
 944 0028 7047     		bx	lr
 945              	.LVL60:
 946              	.L93:
 182:Core/Src/can.c **** 
 947              		.loc 1 182 1 view .LVU236
 948 002a 7047     		bx	lr
 949              	.L97:
 950              		.align	2
 951              	.L96:
 952 002c 00000000 		.word	canStats
 953              		.cfi_endproc
 954              	.LFE395:
ARM GAS  C:\Users\adisa\AppData\Local\Temp\ccJAKY7c.s 			page 77


 956              		.section	.text.CAN_Reset_Stats,"ax",%progbits
 957              		.align	1
 958              		.global	CAN_Reset_Stats
 959              		.syntax unified
 960              		.thumb
 961              		.thumb_func
 963              	CAN_Reset_Stats:
 964              	.LVL61:
 965              	.LFB396:
 184:Core/Src/can.c ****     if (stats != NULL) {
 966              		.loc 1 184 42 is_stmt 1 view -0
 967              		.cfi_startproc
 968              		@ args = 0, pretend = 0, frame = 0
 969              		@ frame_needed = 0, uses_anonymous_args = 0
 970              		@ link register save eliminated.
 185:Core/Src/can.c ****         memset(stats, 0, sizeof(CAN_Stats_t));
 971              		.loc 1 185 5 view .LVU238
 185:Core/Src/can.c ****         memset(stats, 0, sizeof(CAN_Stats_t));
 972              		.loc 1 185 8 is_stmt 0 view .LVU239
 973 0000 30B1     		cbz	r0, .L98
 186:Core/Src/can.c ****     }
 974              		.loc 1 186 9 is_stmt 1 view .LVU240
 975 0002 0022     		movs	r2, #0
 976 0004 0260     		str	r2, [r0]	@ unaligned
 977 0006 4260     		str	r2, [r0, #4]	@ unaligned
 978 0008 8260     		str	r2, [r0, #8]	@ unaligned
 979 000a C260     		str	r2, [r0, #12]	@ unaligned
 980 000c 0261     		str	r2, [r0, #16]	@ unaligned
 981 000e 4261     		str	r2, [r0, #20]	@ unaligned
 982              	.L98:
 188:Core/Src/can.c **** 
 983              		.loc 1 188 1 is_stmt 0 view .LVU241
 984 0010 7047     		bx	lr
 985              		.cfi_endproc
 986              	.LFE396:
 988              		.section	.text.CAN_Init,"ax",%progbits
 989              		.align	1
 990              		.global	CAN_Init
 991              		.syntax unified
 992              		.thumb
 993              		.thumb_func
 995              	CAN_Init:
 996              	.LFB388:
  21:Core/Src/can.c ****     canTxQueueHandle = osMessageQueueNew(CAN_TX_QUEUE_SIZE, sizeof(CAN_Message_t), NULL);
 997              		.loc 1 21 34 is_stmt 1 view -0
 998              		.cfi_startproc
 999              		@ args = 0, pretend = 0, frame = 0
 1000              		@ frame_needed = 0, uses_anonymous_args = 0
 1001 0000 10B5     		push	{r4, lr}
 1002              	.LCFI26:
 1003              		.cfi_def_cfa_offset 8
 1004              		.cfi_offset 4, -8
 1005              		.cfi_offset 14, -4
  22:Core/Src/can.c ****     canRxQueueHandle = osMessageQueueNew(CAN_RX_QUEUE_SIZE, sizeof(CAN_Message_t), NULL);
 1006              		.loc 1 22 5 view .LVU243
  22:Core/Src/can.c ****     canRxQueueHandle = osMessageQueueNew(CAN_RX_QUEUE_SIZE, sizeof(CAN_Message_t), NULL);
 1007              		.loc 1 22 24 is_stmt 0 view .LVU244
ARM GAS  C:\Users\adisa\AppData\Local\Temp\ccJAKY7c.s 			page 78


 1008 0002 0022     		movs	r2, #0
 1009 0004 1421     		movs	r1, #20
 1010 0006 4020     		movs	r0, #64
 1011 0008 FFF7FEFF 		bl	osMessageQueueNew
 1012              	.LVL62:
  22:Core/Src/can.c ****     canRxQueueHandle = osMessageQueueNew(CAN_RX_QUEUE_SIZE, sizeof(CAN_Message_t), NULL);
 1013              		.loc 1 22 22 discriminator 1 view .LVU245
 1014 000c 0A4C     		ldr	r4, .L105
 1015 000e 2060     		str	r0, [r4]
  23:Core/Src/can.c **** 
 1016              		.loc 1 23 5 is_stmt 1 view .LVU246
  23:Core/Src/can.c **** 
 1017              		.loc 1 23 24 is_stmt 0 view .LVU247
 1018 0010 0022     		movs	r2, #0
 1019 0012 1421     		movs	r1, #20
 1020 0014 2020     		movs	r0, #32
 1021 0016 FFF7FEFF 		bl	osMessageQueueNew
 1022              	.LVL63:
  23:Core/Src/can.c **** 
 1023              		.loc 1 23 22 discriminator 1 view .LVU248
 1024 001a 084B     		ldr	r3, .L105+4
 1025 001c 1860     		str	r0, [r3]
  25:Core/Src/can.c ****         return HAL_ERROR;
 1026              		.loc 1 25 5 is_stmt 1 view .LVU249
  25:Core/Src/can.c ****         return HAL_ERROR;
 1027              		.loc 1 25 26 is_stmt 0 view .LVU250
 1028 001e 2368     		ldr	r3, [r4]
  25:Core/Src/can.c ****         return HAL_ERROR;
 1029              		.loc 1 25 8 view .LVU251
 1030 0020 2BB1     		cbz	r3, .L102
  25:Core/Src/can.c ****         return HAL_ERROR;
 1031              		.loc 1 25 34 discriminator 1 view .LVU252
 1032 0022 30B1     		cbz	r0, .L103
  29:Core/Src/can.c ****     return HAL_OK;
 1033              		.loc 1 29 5 is_stmt 1 view .LVU253
 1034 0024 0648     		ldr	r0, .L105+8
 1035 0026 FFF7FEFF 		bl	CAN_Reset_Stats
 1036              	.LVL64:
  30:Core/Src/can.c **** }
 1037              		.loc 1 30 5 view .LVU254
  30:Core/Src/can.c **** }
 1038              		.loc 1 30 12 is_stmt 0 view .LVU255
 1039 002a 0020     		movs	r0, #0
 1040              	.L101:
  31:Core/Src/can.c **** 
 1041              		.loc 1 31 1 view .LVU256
 1042 002c 10BD     		pop	{r4, pc}
 1043              	.L102:
  26:Core/Src/can.c ****     }
 1044              		.loc 1 26 16 view .LVU257
 1045 002e 0120     		movs	r0, #1
 1046 0030 FCE7     		b	.L101
 1047              	.L103:
 1048 0032 0120     		movs	r0, #1
 1049 0034 FAE7     		b	.L101
 1050              	.L106:
 1051 0036 00BF     		.align	2
ARM GAS  C:\Users\adisa\AppData\Local\Temp\ccJAKY7c.s 			page 79


 1052              	.L105:
 1053 0038 00000000 		.word	canTxQueueHandle
 1054 003c 00000000 		.word	canRxQueueHandle
 1055 0040 00000000 		.word	canStats
 1056              		.cfi_endproc
 1057              	.LFE388:
 1059              		.section	.text.CAN_GetTXQueueCount,"ax",%progbits
 1060              		.align	1
 1061              		.global	CAN_GetTXQueueCount
 1062              		.syntax unified
 1063              		.thumb
 1064              		.thumb_func
 1066              	CAN_GetTXQueueCount:
 1067              	.LFB397:
 190:Core/Src/can.c ****     if (canTxQueueHandle == NULL) {
 1068              		.loc 1 190 36 is_stmt 1 view -0
 1069              		.cfi_startproc
 1070              		@ args = 0, pretend = 0, frame = 0
 1071              		@ frame_needed = 0, uses_anonymous_args = 0
 1072 0000 08B5     		push	{r3, lr}
 1073              	.LCFI27:
 1074              		.cfi_def_cfa_offset 8
 1075              		.cfi_offset 3, -8
 1076              		.cfi_offset 14, -4
 191:Core/Src/can.c ****         return 0;
 1077              		.loc 1 191 5 view .LVU259
 191:Core/Src/can.c ****         return 0;
 1078              		.loc 1 191 26 is_stmt 0 view .LVU260
 1079 0002 044B     		ldr	r3, .L111
 1080 0004 1868     		ldr	r0, [r3]
 191:Core/Src/can.c ****         return 0;
 1081              		.loc 1 191 8 view .LVU261
 1082 0006 10B1     		cbz	r0, .L109
 194:Core/Src/can.c **** }
 1083              		.loc 1 194 5 is_stmt 1 view .LVU262
 194:Core/Src/can.c **** }
 1084              		.loc 1 194 12 is_stmt 0 view .LVU263
 1085 0008 FFF7FEFF 		bl	osMessageQueueGetCount
 1086              	.LVL65:
 1087              	.L107:
 195:Core/Src/can.c **** 
 1088              		.loc 1 195 1 view .LVU264
 1089 000c 08BD     		pop	{r3, pc}
 1090              	.L109:
 192:Core/Src/can.c ****     }
 1091              		.loc 1 192 16 view .LVU265
 1092 000e 0020     		movs	r0, #0
 1093 0010 FCE7     		b	.L107
 1094              	.L112:
 1095 0012 00BF     		.align	2
 1096              	.L111:
 1097 0014 00000000 		.word	canTxQueueHandle
 1098              		.cfi_endproc
 1099              	.LFE397:
 1101              		.section	.text.CAN_GetRXQueueCount,"ax",%progbits
 1102              		.align	1
 1103              		.global	CAN_GetRXQueueCount
ARM GAS  C:\Users\adisa\AppData\Local\Temp\ccJAKY7c.s 			page 80


 1104              		.syntax unified
 1105              		.thumb
 1106              		.thumb_func
 1108              	CAN_GetRXQueueCount:
 1109              	.LFB398:
 197:Core/Src/can.c ****     if (canRxQueueHandle == NULL) {
 1110              		.loc 1 197 36 is_stmt 1 view -0
 1111              		.cfi_startproc
 1112              		@ args = 0, pretend = 0, frame = 0
 1113              		@ frame_needed = 0, uses_anonymous_args = 0
 1114 0000 08B5     		push	{r3, lr}
 1115              	.LCFI28:
 1116              		.cfi_def_cfa_offset 8
 1117              		.cfi_offset 3, -8
 1118              		.cfi_offset 14, -4
 198:Core/Src/can.c ****         return 0;
 1119              		.loc 1 198 5 view .LVU267
 198:Core/Src/can.c ****         return 0;
 1120              		.loc 1 198 26 is_stmt 0 view .LVU268
 1121 0002 044B     		ldr	r3, .L117
 1122 0004 1868     		ldr	r0, [r3]
 198:Core/Src/can.c ****         return 0;
 1123              		.loc 1 198 8 view .LVU269
 1124 0006 10B1     		cbz	r0, .L115
 201:Core/Src/can.c **** }
 1125              		.loc 1 201 5 is_stmt 1 view .LVU270
 201:Core/Src/can.c **** }
 1126              		.loc 1 201 12 is_stmt 0 view .LVU271
 1127 0008 FFF7FEFF 		bl	osMessageQueueGetCount
 1128              	.LVL66:
 1129              	.L113:
 202:Core/Src/can.c **** 
 1130              		.loc 1 202 1 view .LVU272
 1131 000c 08BD     		pop	{r3, pc}
 1132              	.L115:
 199:Core/Src/can.c ****     }
 1133              		.loc 1 199 16 view .LVU273
 1134 000e 0020     		movs	r0, #0
 1135 0010 FCE7     		b	.L113
 1136              	.L118:
 1137 0012 00BF     		.align	2
 1138              	.L117:
 1139 0014 00000000 		.word	canRxQueueHandle
 1140              		.cfi_endproc
 1141              	.LFE398:
 1143              		.section	.text.CAN_Flush_TX_Queue,"ax",%progbits
 1144              		.align	1
 1145              		.global	CAN_Flush_TX_Queue
 1146              		.syntax unified
 1147              		.thumb
 1148              		.thumb_func
 1150              	CAN_Flush_TX_Queue:
 1151              	.LFB399:
 204:Core/Src/can.c ****     CAN_Message_t dummyMessage;
 1152              		.loc 1 204 35 is_stmt 1 view -0
 1153              		.cfi_startproc
 1154              		@ args = 0, pretend = 0, frame = 24
ARM GAS  C:\Users\adisa\AppData\Local\Temp\ccJAKY7c.s 			page 81


 1155              		@ frame_needed = 0, uses_anonymous_args = 0
 1156 0000 10B5     		push	{r4, lr}
 1157              	.LCFI29:
 1158              		.cfi_def_cfa_offset 8
 1159              		.cfi_offset 4, -8
 1160              		.cfi_offset 14, -4
 1161 0002 86B0     		sub	sp, sp, #24
 1162              	.LCFI30:
 1163              		.cfi_def_cfa_offset 32
 205:Core/Src/can.c ****     uint32_t count = 0;
 1164              		.loc 1 205 5 view .LVU275
 206:Core/Src/can.c **** 
 1165              		.loc 1 206 5 view .LVU276
 1166              	.LVL67:
 208:Core/Src/can.c ****         return 0;
 1167              		.loc 1 208 5 view .LVU277
 208:Core/Src/can.c ****         return 0;
 1168              		.loc 1 208 26 is_stmt 0 view .LVU278
 1169 0004 094B     		ldr	r3, .L125
 1170 0006 1B68     		ldr	r3, [r3]
 208:Core/Src/can.c ****         return 0;
 1171              		.loc 1 208 8 view .LVU279
 1172 0008 73B1     		cbz	r3, .L123
 206:Core/Src/can.c **** 
 1173              		.loc 1 206 14 view .LVU280
 1174 000a 0024     		movs	r4, #0
 1175 000c 00E0     		b	.L121
 1176              	.LVL68:
 1177              	.L122:
 213:Core/Src/can.c ****     }
 1178              		.loc 1 213 9 is_stmt 1 view .LVU281
 213:Core/Src/can.c ****     }
 1179              		.loc 1 213 14 is_stmt 0 view .LVU282
 1180 000e 0134     		adds	r4, r4, #1
 1181              	.LVL69:
 1182              	.L121:
 212:Core/Src/can.c ****         count++;
 1183              		.loc 1 212 72 is_stmt 1 view .LVU283
 212:Core/Src/can.c ****         count++;
 1184              		.loc 1 212 12 is_stmt 0 view .LVU284
 1185 0010 0023     		movs	r3, #0
 1186 0012 1A46     		mov	r2, r3
 1187 0014 01A9     		add	r1, sp, #4
 1188 0016 0548     		ldr	r0, .L125
 1189 0018 0068     		ldr	r0, [r0]
 1190 001a FFF7FEFF 		bl	osMessageQueueGet
 1191              	.LVL70:
 212:Core/Src/can.c ****         count++;
 1192              		.loc 1 212 72 discriminator 1 view .LVU285
 1193 001e 0028     		cmp	r0, #0
 1194 0020 F5D0     		beq	.L122
 1195              	.LVL71:
 1196              	.L119:
 217:Core/Src/can.c **** 
 1197              		.loc 1 217 1 view .LVU286
 1198 0022 2046     		mov	r0, r4
 1199 0024 06B0     		add	sp, sp, #24
ARM GAS  C:\Users\adisa\AppData\Local\Temp\ccJAKY7c.s 			page 82


 1200              	.LCFI31:
 1201              		.cfi_remember_state
 1202              		.cfi_def_cfa_offset 8
 1203              		@ sp needed
 1204 0026 10BD     		pop	{r4, pc}
 1205              	.LVL72:
 1206              	.L123:
 1207              	.LCFI32:
 1208              		.cfi_restore_state
 209:Core/Src/can.c ****     }
 1209              		.loc 1 209 16 view .LVU287
 1210 0028 0024     		movs	r4, #0
 1211 002a FAE7     		b	.L119
 1212              	.L126:
 1213              		.align	2
 1214              	.L125:
 1215 002c 00000000 		.word	canTxQueueHandle
 1216              		.cfi_endproc
 1217              	.LFE399:
 1219              		.section	.bss.RPI_Override,"aw",%nobits
 1222              	RPI_Override:
 1223 0000 00       		.space	1
 1224              		.section	.bss.canStats,"aw",%nobits
 1225              		.align	2
 1228              	canStats:
 1229 0000 00000000 		.space	24
 1229      00000000 
 1229      00000000 
 1229      00000000 
 1229      00000000 
 1230              		.global	canRxQueueHandle
 1231              		.section	.bss.canRxQueueHandle,"aw",%nobits
 1232              		.align	2
 1235              	canRxQueueHandle:
 1236 0000 00000000 		.space	4
 1237              		.global	canTxQueueHandle
 1238              		.section	.bss.canTxQueueHandle,"aw",%nobits
 1239              		.align	2
 1242              	canTxQueueHandle:
 1243 0000 00000000 		.space	4
 1244              		.text
 1245              	.Letext0:
 1246              		.file 4 "C:/Users/adisa/AppData/Roaming/Code/User/globalStorage/bmd.stm32-for-vscode/@xpack-dev-to
 1247              		.file 5 "C:/Users/adisa/AppData/Roaming/Code/User/globalStorage/bmd.stm32-for-vscode/@xpack-dev-to
 1248              		.file 6 "Middlewares/Third_Party/FreeRTOS/Source/CMSIS_RTOS_V2/cmsis_os2.h"
 1249              		.file 7 "Drivers/CMSIS/Device/ST/STM32L4xx/Include/stm32l432xx.h"
 1250              		.file 8 "Drivers/CMSIS/Device/ST/STM32L4xx/Include/stm32l4xx.h"
 1251              		.file 9 "Drivers/STM32L4xx_HAL_Driver/Inc/stm32l4xx_hal_def.h"
 1252              		.file 10 "Drivers/STM32L4xx_HAL_Driver/Inc/stm32l4xx_hal_gpio.h"
 1253              		.file 11 "Drivers/STM32L4xx_HAL_Driver/Inc/stm32l4xx_hal_can.h"
 1254              		.file 12 "Core/Inc/can.h"
 1255              		.file 13 "Drivers/STM32L4xx_HAL_Driver/Inc/stm32l4xx_ll_dma.h"
 1256              		.file 14 "C:/Users/adisa/AppData/Roaming/Code/User/globalStorage/bmd.stm32-for-vscode/@xpack-dev-t
 1257              		.file 15 "<built-in>"
ARM GAS  C:\Users\adisa\AppData\Local\Temp\ccJAKY7c.s 			page 83


DEFINED SYMBOLS
                            *ABS*:00000000 can.c
C:\Users\adisa\AppData\Local\Temp\ccJAKY7c.s:21     .text.__NVIC_SystemReset:00000000 $t
C:\Users\adisa\AppData\Local\Temp\ccJAKY7c.s:26     .text.__NVIC_SystemReset:00000000 __NVIC_SystemReset
C:\Users\adisa\AppData\Local\Temp\ccJAKY7c.s:89     .text.__NVIC_SystemReset:0000001c $d
C:\Users\adisa\AppData\Local\Temp\ccJAKY7c.s:95     .text.CAN_Handle_RPI_Command:00000000 $t
C:\Users\adisa\AppData\Local\Temp\ccJAKY7c.s:100    .text.CAN_Handle_RPI_Command:00000000 CAN_Handle_RPI_Command
C:\Users\adisa\AppData\Local\Temp\ccJAKY7c.s:204    .text.CAN_Handle_RPI_Command:00000068 $d
C:\Users\adisa\AppData\Local\Temp\ccJAKY7c.s:1222   .bss.RPI_Override:00000000 RPI_Override
C:\Users\adisa\AppData\Local\Temp\ccJAKY7c.s:210    .text.CAN_Handle_VCU_Command:00000000 $t
C:\Users\adisa\AppData\Local\Temp\ccJAKY7c.s:215    .text.CAN_Handle_VCU_Command:00000000 CAN_Handle_VCU_Command
C:\Users\adisa\AppData\Local\Temp\ccJAKY7c.s:305    .text.CAN_Handle_VCU_Command:0000005c $d
C:\Users\adisa\AppData\Local\Temp\ccJAKY7c.s:310    .text.CAN_ProcessRXQueue:00000000 $t
C:\Users\adisa\AppData\Local\Temp\ccJAKY7c.s:315    .text.CAN_ProcessRXQueue:00000000 CAN_ProcessRXQueue
C:\Users\adisa\AppData\Local\Temp\ccJAKY7c.s:383    .text.CAN_ProcessRXQueue:00000038 $d
C:\Users\adisa\AppData\Local\Temp\ccJAKY7c.s:1228   .bss.canStats:00000000 canStats
C:\Users\adisa\AppData\Local\Temp\ccJAKY7c.s:392    .text.CAN_Transmit:00000000 $t
C:\Users\adisa\AppData\Local\Temp\ccJAKY7c.s:397    .text.CAN_Transmit:00000000 CAN_Transmit
C:\Users\adisa\AppData\Local\Temp\ccJAKY7c.s:532    .text.CAN_Transmit:00000064 $d
C:\Users\adisa\AppData\Local\Temp\ccJAKY7c.s:538    .text.CAN_ProcessTXQueue:00000000 $t
C:\Users\adisa\AppData\Local\Temp\ccJAKY7c.s:543    .text.CAN_ProcessTXQueue:00000000 CAN_ProcessTXQueue
C:\Users\adisa\AppData\Local\Temp\ccJAKY7c.s:596    .text.CAN_ProcessTXQueue:0000002c $d
C:\Users\adisa\AppData\Local\Temp\ccJAKY7c.s:1242   .bss.canTxQueueHandle:00000000 canTxQueueHandle
C:\Users\adisa\AppData\Local\Temp\ccJAKY7c.s:602    .text.CAN_Send_Message:00000000 $t
C:\Users\adisa\AppData\Local\Temp\ccJAKY7c.s:608    .text.CAN_Send_Message:00000000 CAN_Send_Message
C:\Users\adisa\AppData\Local\Temp\ccJAKY7c.s:723    .text.CAN_Send_Message:00000060 $d
C:\Users\adisa\AppData\Local\Temp\ccJAKY7c.s:729    .text.CAN_Task:00000000 $t
C:\Users\adisa\AppData\Local\Temp\ccJAKY7c.s:735    .text.CAN_Task:00000000 CAN_Task
C:\Users\adisa\AppData\Local\Temp\ccJAKY7c.s:790    .text.CAN_Task:00000030 $d
C:\Users\adisa\AppData\Local\Temp\ccJAKY7c.s:1235   .bss.canRxQueueHandle:00000000 canRxQueueHandle
C:\Users\adisa\AppData\Local\Temp\ccJAKY7c.s:795    .text.HAL_CAN_RxFifo0MsgPendingCallback:00000000 $t
C:\Users\adisa\AppData\Local\Temp\ccJAKY7c.s:801    .text.HAL_CAN_RxFifo0MsgPendingCallback:00000000 HAL_CAN_RxFifo0MsgPendingCallback
C:\Users\adisa\AppData\Local\Temp\ccJAKY7c.s:898    .text.HAL_CAN_RxFifo0MsgPendingCallback:00000050 $d
C:\Users\adisa\AppData\Local\Temp\ccJAKY7c.s:904    .text.CAN_Get_Stats:00000000 $t
C:\Users\adisa\AppData\Local\Temp\ccJAKY7c.s:910    .text.CAN_Get_Stats:00000000 CAN_Get_Stats
C:\Users\adisa\AppData\Local\Temp\ccJAKY7c.s:952    .text.CAN_Get_Stats:0000002c $d
C:\Users\adisa\AppData\Local\Temp\ccJAKY7c.s:957    .text.CAN_Reset_Stats:00000000 $t
C:\Users\adisa\AppData\Local\Temp\ccJAKY7c.s:963    .text.CAN_Reset_Stats:00000000 CAN_Reset_Stats
C:\Users\adisa\AppData\Local\Temp\ccJAKY7c.s:989    .text.CAN_Init:00000000 $t
C:\Users\adisa\AppData\Local\Temp\ccJAKY7c.s:995    .text.CAN_Init:00000000 CAN_Init
C:\Users\adisa\AppData\Local\Temp\ccJAKY7c.s:1053   .text.CAN_Init:00000038 $d
C:\Users\adisa\AppData\Local\Temp\ccJAKY7c.s:1060   .text.CAN_GetTXQueueCount:00000000 $t
C:\Users\adisa\AppData\Local\Temp\ccJAKY7c.s:1066   .text.CAN_GetTXQueueCount:00000000 CAN_GetTXQueueCount
C:\Users\adisa\AppData\Local\Temp\ccJAKY7c.s:1097   .text.CAN_GetTXQueueCount:00000014 $d
C:\Users\adisa\AppData\Local\Temp\ccJAKY7c.s:1102   .text.CAN_GetRXQueueCount:00000000 $t
C:\Users\adisa\AppData\Local\Temp\ccJAKY7c.s:1108   .text.CAN_GetRXQueueCount:00000000 CAN_GetRXQueueCount
C:\Users\adisa\AppData\Local\Temp\ccJAKY7c.s:1139   .text.CAN_GetRXQueueCount:00000014 $d
C:\Users\adisa\AppData\Local\Temp\ccJAKY7c.s:1144   .text.CAN_Flush_TX_Queue:00000000 $t
C:\Users\adisa\AppData\Local\Temp\ccJAKY7c.s:1150   .text.CAN_Flush_TX_Queue:00000000 CAN_Flush_TX_Queue
C:\Users\adisa\AppData\Local\Temp\ccJAKY7c.s:1215   .text.CAN_Flush_TX_Queue:0000002c $d
C:\Users\adisa\AppData\Local\Temp\ccJAKY7c.s:1223   .bss.RPI_Override:00000000 $d
C:\Users\adisa\AppData\Local\Temp\ccJAKY7c.s:1225   .bss.canStats:00000000 $d
C:\Users\adisa\AppData\Local\Temp\ccJAKY7c.s:1232   .bss.canRxQueueHandle:00000000 $d
C:\Users\adisa\AppData\Local\Temp\ccJAKY7c.s:1239   .bss.canTxQueueHandle:00000000 $d

UNDEFINED SYMBOLS
HAL_GPIO_WritePin
ARM GAS  C:\Users\adisa\AppData\Local\Temp\ccJAKY7c.s 			page 84


HAL_CAN_AddTxMessage
osDelay
hcan1
osMessageQueueGet
osKernelGetTickCount
osMessageQueuePut
memcpy
HAL_CAN_GetRxMessage
osMessageQueueNew
osMessageQueueGetCount
